model,organelle,dataset,dataset_label,crop_id,coverage,voxel_nm,source_image,infer_s,dice,iou,precision,recall,f1,accuracy,specificity,tp,fp,fn,tn,gt_area,pred_area,eval_area,gt_frac,cldice,boundary_f1,status,inst_n_pred,inst_n_gt,inst_precision@0.5,inst_recall@0.5,inst_f1@0.5,inst_ap@0.5,inst_precision@0.75,inst_recall@0.75,inst_f1@0.75,inst_ap@0.75,inst_pq,inst_sq,inst_rq
deepcontact_mito,mito,deepcontact_tem,DeepContact-TEM,tem_00000,sparse,4.68,20180115_B1_1_10.jpg,11.311,0.507492,0.340027,0.400438,0.692675,0.507492,0.996296,0.997134,32021,47944,14207,16683044,46228,79965,1238472,0.037327,0.584722,0.189479,ok,,,,,,,,,,,,,
deepcontact_mito,mito,deepcontact_tem,DeepContact-TEM,tem_00001,sparse,4.68,20180115_B1_1_19.jpg,1.518,0.547689,0.377116,0.512893,0.587551,0.547689,0.996309,0.997869,37494,35609,26320,16677793,63814,73103,1270392,0.050232,0.563411,0.182154,ok,,,,,,,,,,,,,
deepcontact_mito,mito,deepcontact_tem,DeepContact-TEM,tem_00002,sparse,4.68,20180115_B1_1_20.jpg,1.595,0.590838,0.419283,0.489641,0.744762,0.590838,0.99855,0.998908,17560,18303,6018,16735335,23578,35863,530910,0.044411,0.601173,0.22851,ok,,,,,,,,,,,,,
deepcontact_mito,mito,deepcontact_tem,DeepContact-TEM,tem_00003,sparse,4.68,20180115_B1_1_28.jpg,1.853,0.608316,0.437107,0.689909,0.54398,0.608316,0.995978,0.998588,52400,23552,43927,16657337,96327,75952,896660,0.107429,0.647426,0.211208,ok,,,,,,,,,,,,,
deepcontact_mito,mito,deepcontact_tem,DeepContact-TEM,tem_00004,sparse,4.68,20180115_B1_1_30.jpg,1.904,0.694698,0.532212,0.709313,0.680673,0.694698,0.995455,0.997865,86749,35551,40697,16614219,127446,122300,1226745,0.10389,0.749285,0.290341,ok,,,,,,,,,,,,,
deepcontact_mito,mito,deepcontact_tem,DeepContact-TEM,tem_00005,sparse,4.68,20180115_B1_1_32.jpg,1.609,0.548364,0.377756,0.4643,0.669598,0.548364,0.996023,0.997204,40506,46735,19987,16669988,60493,87241,816384,0.074099,0.632348,0.180538,ok,,,,,,,,,,,,,
deepcontact_mito,mito,deepcontact_tem,DeepContact-TEM,tem_00006,sparse,4.68,20180115_B7_1_09.jpg,2.134,0.657618,0.489889,0.661121,0.654152,0.657618,0.995844,0.997942,66957,34321,35400,16640538,102357,101278,1282930,0.079784,0.684636,0.269344,ok,,,,,,,,,,,,,
deepcontact_mito,mito,deepcontact_tem,DeepContact-TEM,tem_00007,sparse,4.68,20180115_B7_1_10.jpg,1.837,0.504893,0.337696,0.38303,0.740478,0.504893,0.996052,0.996749,33771,54397,11836,16677212,45607,88168,1048092,0.043514,0.529728,0.191777,ok,,,,,,,,,,,,,
deepcontact_mito,mito,deepcontact_tem,DeepContact-TEM,tem_00008,sparse,4.68,20180115_B7_1_11.jpg,1.772,0.627929,0.45765,0.667,0.593181,0.627929,0.995667,0.998163,61348,30628,42074,16643166,103422,91976,1226880,0.084297,0.616659,0.240882,ok,,,,,,,,,,,,,
deepcontact_mito,mito,deepcontact_tem,DeepContact-TEM,tem_00009,sparse,4.68,20180115_B7_1_15.jpg,1.89,0.519228,0.350647,0.430775,0.653391,0.519228,0.996905,0.997786,28037,37048,14873,16697258,42910,65085,892314,0.048088,0.559179,0.254419,ok,,,,,,,,,,,,,
deepcontact_mito,mito,deepcontact_tem,DeepContact-TEM,tem_00010,sparse,4.68,20180115_B7_1_25.jpg,1.701,0.561139,0.389989,0.411688,0.880939,0.561139,0.997888,0.998067,22656,32376,3062,16719122,25718,55032,1014930,0.02534,0.549393,0.28446,ok,,,,,,,,,,,,,
deepcontact_mito,mito,deepcontact_tem,DeepContact-TEM,tem_00011,sparse,4.68,20180115_B7_1_30.jpg,1.442,0.444066,0.285402,0.292204,0.924582,0.444066,0.998695,0.998737,8741,21173,713,16746589,9454,29914,1268552,0.007453,0.404448,0.243143,ok,,,,,,,,,,,,,
deepcontact_mito,mito,deepcontact_tem,DeepContact-TEM,tem_00012,sparse,4.68,20180115_B7_1_31.jpg,1.809,0.659427,0.491899,0.647776,0.671505,0.659427,0.996949,0.998387,49549,26942,24239,16676486,73788,76491,879472,0.0839,0.678677,0.241381,ok,,,,,,,,,,,,,
deepcontact_mito,mito,deepcontact_tem,DeepContact-TEM,tem_00013,sparse,4.68,20180115_B7_1_40.jpg,1.52,0.669727,0.503451,0.627151,0.718504,0.669727,0.997753,0.998641,38223,22724,14975,16701294,53198,60947,1223712,0.043473,0.679545,0.290303,ok,,,,,,,,,,,,,
deepcontact_mito,mito,deepcontact_tem,DeepContact-TEM,tem_00014,sparse,4.68,20180115_B7_1_41.jpg,1.624,0.490813,0.325217,0.454374,0.533607,0.490813,0.995866,0.997598,33431,40145,29220,16674420,62651,73576,938616,0.066748,0.462324,0.185173,ok,,,,,,,,,,,,,
deepcontact_mito,mito,deepcontact_tem,DeepContact-TEM,tem_00015,sparse,4.68,20180115_B9_2_setted_01.jpg,1.718,0.319257,0.18995,0.553734,0.224284,0.319257,0.997269,0.999482,10743,8658,37156,16720659,47899,19401,844497,0.056719,0.362151,0.143903,ok,,,,,,,,,,,,,
deepcontact_mito,mito,deepcontact_tem,DeepContact-TEM,tem_00016,sparse,4.68,20180115_B9_2_setted_02.jpg,1.587,0.468054,0.305529,0.49857,0.441058,0.468054,0.997757,0.999005,16556,16651,20981,16723028,37537,33207,707350,0.053067,0.508397,0.132123,ok,,,,,,,,,,,,,
deepcontact_mito,mito,deepcontact_tem,DeepContact-TEM,tem_00017,sparse,4.68,20180115_B9_2_setted_03.jpg,1.571,0.581702,0.410141,0.520477,0.659251,0.581702,0.997152,0.99817,33221,30607,17171,16696217,50392,63828,1050594,0.047965,0.646672,0.297329,ok,,,,,,,,,,,,,
deepcontact_mito,mito,deepcontact_tem,DeepContact-TEM,tem_00018,sparse,4.68,20180115_B9_2_setted_04.jpg,1.487,0.382182,0.236233,0.371979,0.39296,0.382182,0.996921,0.998388,15975,26971,24678,16709592,40653,42946,827200,0.049145,0.430521,0.192497,ok,,,,,,,,,,,,,
deepcontact_mito,mito,deepcontact_tem,DeepContact-TEM,tem_00019,sparse,4.68,20180115_B9_2_setted_06.jpg,1.503,0.598481,0.427024,0.857301,0.459698,0.598481,0.99722,0.999654,34761,5786,40856,16695813,75617,40547,1303260,0.058021,0.6277,0.270703,ok,,,,,,,,,,,,,
deepcontact_mito,mito,deepcontact_tem,DeepContact-TEM,tem_00020,sparse,4.68,20180115_B9_2_setted_10.jpg,1.581,0.547469,0.376907,0.565288,0.530739,0.547469,0.996969,0.998585,30759,23654,27196,16695607,57955,54413,1239040,0.046774,0.573627,0.208477,ok,,,,,,,,,,,,,
deepcontact_mito,mito,deepcontact_tem,DeepContact-TEM,tem_00021,sparse,4.68,20180115_B9_2_setted_16.jpg,1.491,0.487564,0.32237,0.475974,0.499732,0.487564,0.996263,0.998036,29825,32836,29857,16684698,59682,62661,1141690,0.052275,0.511544,0.189982,ok,,,,,,,,,,,,,
deepcontact_mito,mito,deepcontact_tem,DeepContact-TEM,tem_00022,sparse,4.68,20180115_B9_2_setted_20.jpg,1.713,0.678765,0.513736,0.71803,0.643572,0.678765,0.997527,0.99897,43835,17214,24277,16691890,68112,61049,944025,0.072151,0.672665,0.264213,ok,,,,,,,,,,,,,
deepcontact_mito,mito,deepcontact_tem,DeepContact-TEM,tem_00023,sparse,4.68,20180115_B9_3_Setted_25.jpg,1.561,0.59617,0.424674,0.527911,0.684701,0.59617,0.996933,0.997969,37979,33963,17489,16687785,55468,71942,979080,0.056653,0.665468,0.237424,ok,,,,,,,,,,,,,
deepcontact_mito,mito,deepcontact_tem,DeepContact-TEM,tem_00024,sparse,4.68,20180115_B9_4_setted_01.jpg,1.446,0.0,0.0,0.0,0.0,0.0,0.997295,0.998031,0,33004,12380,16731832,12380,33004,769874,0.016081,0.0,0.0,ok,,,,,,,,,,,,,
deepcontact_mito,mito,deepcontact_tem,DeepContact-TEM,tem_00025,sparse,4.68,20180115_B9_4_setted_02.jpg,1.518,0.389239,0.241649,0.326178,0.482528,0.389239,0.998246,0.998844,9376,19369,10055,16738416,19431,28745,714868,0.027181,0.380961,0.249074,ok,,,,,,,,,,,,,
deepcontact_mito,mito,deepcontact_tem,DeepContact-TEM,tem_00026,sparse,4.68,20180115_B9_4_setted_03.jpg,1.491,0.664873,0.497985,0.775186,0.582044,0.664873,0.997483,0.999273,41881,12146,30074,16693115,71955,54027,1157013,0.06219,0.68823,0.307999,ok,,,,,,,,,,,,,
deepcontact_mito,mito,deepcontact_tem,DeepContact-TEM,tem_00027,sparse,4.68,20180115_B9_4_setted_04.jpg,1.428,0.340225,0.204983,0.646675,0.230835,0.340225,0.997639,0.999667,10211,5579,34024,16727402,44235,15790,976260,0.045311,0.379636,0.20458,ok,,,,,,,,,,,,,
deepcontact_mito,mito,deepcontact_tem,DeepContact-TEM,tem_00028,sparse,4.68,20180115_B9_4_setted_10.jpg,1.682,0.638534,0.469004,0.550977,0.759176,0.638534,0.996805,0.997692,47346,38585,15019,16676266,62365,85931,1182384,0.052745,0.620759,0.293674,ok,,,,,,,,,,,,,
deepcontact_mito,mito,deepcontact_tem,DeepContact-TEM,tem_00029,sparse,4.68,20180115_B9_4_setted_20.jpg,1.581,0.378059,0.233091,0.291209,0.538732,0.378059,0.995097,0.996363,25002,60854,21407,16669953,46409,85856,989109,0.04692,0.490976,0.217434,ok,,,,,,,,,,,,,
deepcontact_mito,mito,deepcontact_tem,DeepContact-TEM,tem_00030,sparse,4.68,20180115_B9_5_setted_01.jpg,1.437,0.662808,0.495672,0.857643,0.540109,0.662808,0.997593,0.999606,39684,6587,33790,16697155,73474,46271,1315275,0.055862,0.649175,0.253936,ok,,,,,,,,,,,,,
deepcontact_mito,mito,deepcontact_tem,DeepContact-TEM,tem_00031,sparse,4.68,20180115_B9_5_setted_02.jpg,1.577,0.61001,0.43886,0.468011,0.87571,0.61001,0.998367,0.998546,21426,24355,3041,16728394,24467,45781,586282,0.041732,0.667305,0.296689,ok,,,,,,,,,,,,,
deepcontact_mito,mito,deepcontact_tem,DeepContact-TEM,tem_00032,sparse,4.68,20180115_B9_5_setted_03.jpg,1.32,0.537354,0.367385,0.567492,0.510256,0.537354,0.998711,0.999429,12562,9574,12057,16743023,24619,22136,680184,0.036195,0.600508,0.205138,ok,,,,,,,,,,,,,
deepcontact_mito,mito,deepcontact_tem,DeepContact-TEM,tem_00033,sparse,4.68,20180115_B9_5_setted_04.jpg,1.496,0.280059,0.16283,0.222785,0.376971,0.280059,0.995443,0.996901,14870,51876,24576,16685894,39446,66746,959769,0.041099,0.252535,0.069526,ok,,,,,,,,,,,,,
deepcontact_mito,mito,deepcontact_tem,DeepContact-TEM,tem_00034,sparse,4.68,20180115_B9_5_setted_10.jpg,1.521,0.452648,0.29253,0.485719,0.423793,0.452648,0.994551,0.997601,37804,40027,51400,16647985,89204,77831,1304941,0.068359,0.427382,0.20196,ok,,,,,,,,,,,,,
deepcontact_mito,mito,deepcontact_tem,DeepContact-TEM,tem_00035,sparse,4.68,20180115_B9_5_setted_11.jpg,1.632,0.446852,0.287708,0.361574,0.584774,0.446852,0.992877,0.994895,48269,85228,34274,16609445,82543,133497,1149480,0.071809,0.477185,0.245918,ok,,,,,,,,,,,,,
deepcontact_mito,mito,deepcontact_tem,DeepContact-TEM,tem_00036,sparse,4.68,20180115_B9_5_setted_20.jpg,1.629,0.45741,0.296521,0.373165,0.590785,0.45741,0.997333,0.998108,18862,31684,13065,16713605,31927,50546,586332,0.054452,0.516664,0.248807,ok,,,,,,,,,,,,,
deepcontact_mito,mito,deepcontact_tem,DeepContact-TEM,tem_00037,sparse,4.68,20180115_B9_Setted_01.jpg,1.516,0.58785,0.416281,0.527878,0.663196,0.58785,0.996944,0.998044,36564,32702,18569,16689381,55133,69266,1002001,0.055023,0.617166,0.270009,ok,,,,,,,,,,,,,
deepcontact_mito,mito,deepcontact_tem,DeepContact-TEM,tem_00038,sparse,4.68,20180115_B9_Setted_02.jpg,1.322,0.408153,0.256402,0.370875,0.453762,0.408153,0.995815,0.997544,24210,41068,29144,16682794,53354,65278,1155456,0.046176,0.480268,0.153712,ok,,,,,,,,,,,,,
deepcontact_mito,mito,deepcontact_tem,DeepContact-TEM,tem_00039,sparse,4.68,20180115_B9_Setted_03.jpg,1.4,0.416629,0.263128,0.41289,0.420436,0.416629,0.998149,0.999059,11089,15768,15286,16735073,26375,26857,931512,0.028314,0.419621,0.103822,ok,,,,,,,,,,,,,
deepcontact_mito,mito,deepcontact_tem,DeepContact-TEM,tem_00040,sparse,4.68,20180115_B9_Setted_04.jpg,1.556,0.586949,0.415377,0.602499,0.572181,0.586949,0.99621,0.998215,45176,29805,33778,16668457,78954,74981,1288054,0.061297,0.655969,0.310813,ok,,,,,,,,,,,,,
deepcontact_mito,mito,deepcontact_tem,DeepContact-TEM,tem_00041,sparse,4.68,20180115_B9_Setted_10.jpg,1.465,0.431601,0.275186,0.358139,0.542976,0.431601,0.995233,0.996745,30367,54424,25560,16666865,55927,84791,1043866,0.053577,0.463142,0.178547,ok,,,,,,,,,,,,,
deepcontact_mito,mito,deepcontact_tem,DeepContact-TEM,tem_00042,sparse,4.68,20180115_B9_Setted_20.jpg,1.308,0.458017,0.297031,0.570739,0.382478,0.458017,0.997249,0.999123,19501,14667,31485,16711563,50986,34168,1280118,0.039829,0.484131,0.174175,ok,,,,,,,,,,,,,
deepcontact_mito,mito,deepcontact_tem,DeepContact-TEM,tem_00043,sparse,4.68,20180115_b10_1_05.jpg,1.493,0.427505,0.271864,0.405225,0.452378,0.427505,0.995172,0.997343,30246,44394,36614,16665962,66860,74640,1297474,0.051531,0.498677,0.16216,ok,,,,,,,,,,,,,
deepcontact_mito,mito,deepcontact_tem,DeepContact-TEM,tem_00044,sparse,4.68,20180115_b10_1_07.jpg,1.335,0.308931,0.182684,0.668687,0.200865,0.308931,0.995851,0.999538,15557,7708,61893,16692058,77450,23265,1232292,0.06285,0.225762,0.174278,ok,,,,,,,,,,,,,
deepcontact_mito,mito,deepcontact_tem,DeepContact-TEM,tem_00045,sparse,4.68,20180115_b10_1_10.jpg,1.479,0.387153,0.240044,0.47983,0.324481,0.387153,0.995342,0.998398,24682,26757,51384,16674393,76066,51439,1266900,0.060041,0.313848,0.162993,ok,,,,,,,,,,,,,
deepcontact_mito,mito,deepcontact_tem,DeepContact-TEM,tem_00046,sparse,4.68,20180115_b10_1_20.jpg,1.342,0.360787,0.220098,0.537936,0.271408,0.360787,0.997922,0.999495,9841,8453,26418,16732504,36259,18294,1181864,0.03068,0.399323,0.168317,ok,,,,,,,,,,,,,
deepcontact_mito,mito,deepcontact_tem,DeepContact-TEM,tem_00047,sparse,4.68,20180115_b10_1_22.jpg,1.406,0.275641,0.159851,0.288902,0.263544,0.275641,0.995044,0.997671,15820,38939,44208,16678249,60028,54759,1265505,0.047434,0.29009,0.104674,ok,,,,,,,,,,,,,
deepcontact_mito,mito,deepcontact_tem,DeepContact-TEM,tem_00048,sparse,4.68,20180115_b10_1_30.jpg,1.298,0.348048,0.210689,0.645401,0.238271,0.348048,0.996322,0.999458,16470,9049,52653,16699044,69123,25519,1297824,0.053261,0.26565,0.097874,ok,,,,,,,,,,,,,
deepcontact_mito,mito,deepcontact_tem,DeepContact-TEM,tem_00049,sparse,4.68,20180115_b10_2_04.jpg,1.488,0.594316,0.422795,0.693567,0.519916,0.594316,0.996945,0.999007,37540,16586,34664,16688426,72204,54126,1237250,0.058358,0.614949,0.258927,ok,,,,,,,,,,,,,
deepcontact_mito,mito,deepcontact_tem,DeepContact-TEM,tem_00050,sparse,4.68,20180115_b10_2_05.jpg,1.417,0.451241,0.291357,0.450755,0.451729,0.451241,0.995086,0.997527,33895,41301,41139,16660881,75034,75196,1322520,0.056736,0.473591,0.212831,ok,,,,,,,,,,,,,
deepcontact_mito,mito,deepcontact_tem,DeepContact-TEM,tem_00051,sparse,4.68,20180115_b10_2_09.jpg,1.72,0.523459,0.354517,0.469737,0.591057,0.523459,0.996612,0.997893,31222,35245,21602,16689147,52824,66467,1322685,0.039937,0.558961,0.245729,ok,,,,,,,,,,,,,
deepcontact_mito,mito,deepcontact_tem,DeepContact-TEM,tem_00052,sparse,4.68,20180115_b10_2_13.jpg,1.551,0.407603,0.255968,0.371232,0.451874,0.407603,0.995631,0.997445,25220,42716,30592,16678688,55812,67936,1175588,0.047476,0.403076,0.210135,ok,,,,,,,,,,,,,
deepcontact_mito,mito,deepcontact_tem,DeepContact-TEM,tem_00053,sparse,4.68,20180115_b10_2_18.jpg,1.491,0.513546,0.345484,0.492397,0.536594,0.513546,0.995235,0.997395,42194,43497,36439,16655086,78633,85691,1284204,0.061231,0.522544,0.269226,ok,,,,,,,,,,,,,
deepcontact_mito,mito,deepcontact_tem,DeepContact-TEM,tem_00054,sparse,4.68,20180115_b10_2_25.jpg,1.728,0.736138,0.582451,0.674916,0.809576,0.736138,0.998311,0.998862,39517,19034,9295,16709370,48812,58551,896301,0.054459,0.778638,0.387063,ok,,,,,,,,,,,,,
deepcontact_mito,mito,deepcontact_tem,DeepContact-TEM,tem_00055,sparse,4.68,20180115_b10_2_29.jpg,1.474,0.673091,0.507262,0.558725,0.846326,0.673091,0.998004,0.998373,34470,27224,6259,16709263,40729,61694,1322520,0.030797,0.755691,0.341482,ok,,,,,,,,,,,,,
deepcontact_mito,mito,deepcontact_tem,DeepContact-TEM,tem_00056,sparse,4.68,20180115_b10_2_30.jpg,1.453,0.50171,0.334855,0.531071,0.475425,0.50171,0.99683,0.998586,26775,23642,29543,16697256,56318,50417,1307490,0.043073,0.508181,0.318391,ok,,,,,,,,,,,,,
deepcontact_mito,mito,deepcontact_tem,DeepContact-TEM,tem_00057,sparse,4.68,20180115_b10_3_05.jpg,1.401,0.412602,0.259924,0.289109,0.720264,0.412602,0.996422,0.996904,21085,51846,8189,16696096,29274,72931,1127726,0.025958,0.447607,0.203217,ok,,,,,,,,,,,,,
deepcontact_mito,mito,deepcontact_tem,DeepContact-TEM,tem_00058,sparse,4.68,20180115_b10_3_09.jpg,1.337,0.709308,0.549557,0.808748,0.631644,0.709308,0.998041,0.999433,40105,9484,23388,16704239,63493,49589,1126692,0.056353,0.799584,0.254612,ok,,,,,,,,,,,,,
deepcontact_mito,mito,deepcontact_tem,DeepContact-TEM,tem_00059,sparse,4.68,20180115_b10_3_10.jpg,1.349,0.485962,0.320971,0.560636,0.428843,0.485962,0.998038,0.999272,15561,12195,20725,16728735,36286,27756,1073127,0.033813,0.521657,0.236236,ok,,,,,,,,,,,,,
deepcontact_mito,mito,deepcontact_tem,DeepContact-TEM,tem_00060,sparse,4.68,20180115_b10_3_11.jpg,1.526,0.417266,0.263636,0.309355,0.640792,0.417266,0.995812,0.996645,25153,56155,14100,16681808,39253,81308,1197684,0.032774,0.357128,0.167725,ok,,,,,,,,,,,,,
deepcontact_mito,mito,deepcontact_tem,DeepContact-TEM,tem_00061,sparse,4.68,20180115_b10_3_15.jpg,1.448,0.0,0.0,0.0,0.0,0.0,0.995975,0.996543,0,57963,9559,16709694,9559,57963,1108558,0.008623,0.0,0.0,ok,,,,,,,,,,,,,
deepcontact_mito,mito,deepcontact_tem,DeepContact-TEM,tem_00062,sparse,4.68,20180115_b10_3_20.jpg,1.272,0.367223,0.224907,0.577047,0.269301,0.367223,0.998598,0.999701,6823,5001,18513,16746879,25336,11824,368721,0.068713,0.343751,0.211401,ok,,,,,,,,,,,,,
deepcontact_mito,mito,deepcontact_tem,DeepContact-TEM,tem_00063,sparse,4.68,20180115_b10_3_25.jpg,1.388,0.569304,0.397921,0.507299,0.648577,0.569304,0.997822,0.998599,24153,23458,13087,16716518,37240,47611,1264428,0.029452,0.505093,0.288146,ok,,,,,,,,,,,,,
deepcontact_mito,mito,deepcontact_tem,DeepContact-TEM,tem_00064,sparse,4.68,20180115_b10_3_30.jpg,1.413,0.310853,0.18403,0.250258,0.410167,0.310853,0.997889,0.998572,7988,23931,11487,16733810,19475,31919,495144,0.039332,0.305276,0.075221,ok,,,,,,,,,,,,,
deepcontact_mito,mito,deepcontact_tem,DeepContact-TEM,tem_00065,sparse,4.68,20180115_b10_3_35.jpg,1.406,0.297142,0.174496,0.295415,0.298889,0.297142,0.996366,0.998163,12886,30734,30227,16703369,43113,43620,1032852,0.041742,0.288653,0.11775,ok,,,,,,,,,,,,,
deepcontact_mito,mito,deepcontact_tem,DeepContact-TEM,tem_00066,sparse,4.68,20180115_b10_3_39.jpg,1.349,0.435353,0.278244,0.368949,0.530909,0.435353,0.997416,0.998293,16713,28586,14767,16717150,31480,45299,1317170,0.0239,0.477082,0.173097,ok,,,,,,,,,,,,,
deepcontact_mito,mito,orgsegnet_plant,OrgSegNet-plant,te_00008,partial,24.68,image/A_001.tif,8.113,0.0,0.0,0.0,0.0,0.0,0.994552,0.996934,0,51320,40075,16685821,40075,51320,10710694,0.003742,0.0,0.0,ok,,,,,,,,,,,,,
deepcontact_mito,mito,orgsegnet_plant,OrgSegNet-plant,te_00009,partial,24.68,image/A_001.tif,7.769,0.0,0.0,0.0,0.0,0.0,0.995789,0.998174,0,30568,40075,16706573,40075,30568,8985870,0.00446,0.0,0.0,ok,,,,,,,,,,,,,
deepcontact_mito,mito,orgsegnet_plant,OrgSegNet-plant,te_00016,partial,7.41,image/A_005.tif,8.61,0.565186,0.393909,0.572532,0.558026,0.565186,0.984053,0.992116,173878,129822,137717,16335799,311595,303700,10025966,0.031079,0.474625,0.072675,ok,,,,,,,,,,,,,
deepcontact_mito,mito,orgsegnet_plant,OrgSegNet-plant,te_00017,partial,7.41,image/A_005.tif,8.215,0.668027,0.501532,0.653205,0.683537,0.668027,0.98323,0.990815,283086,150294,131063,16212773,414149,433380,12274542,0.03374,0.599611,0.068876,ok,,,,,,,,,,,,,
deepcontact_mito,mito,orgsegnet_plant,OrgSegNet-plant,te_00026,partial,7.41,image/A_017.tif,7.896,0.0,0.0,0.0,0.0,0.0,0.981048,0.999674,0,5360,312603,16459253,312603,5360,13221888,0.023643,0.0,0.0,ok,,,,,,,,,,,,,
deepcontact_mito,mito,orgsegnet_plant,OrgSegNet-plant,te_00027,partial,7.41,image/A_017.tif,7.627,0.415722,0.262405,0.999862,0.262415,0.415722,0.9903,1.0,57896,8,162732,16556580,220628,57904,13218660,0.016691,0.164332,0.023099,ok,,,,,,,,,,,,,
deepcontact_mito,mito,orgsegnet_plant,OrgSegNet-plant,te_00048,partial,6.17,image/A_033.tif,7.89,0.0,0.0,0.0,0.0,0.0,0.9842,0.999195,0,13308,251779,16512129,251779,13308,11939840,0.021087,0.0,0.0,ok,,,,,,,,,,,,,
deepcontact_mito,mito,orgsegnet_plant,OrgSegNet-plant,te_00049,partial,6.17,image/A_033.tif,7.66,0.0,0.0,0.0,0.0,0.0,0.984781,0.999753,0,4088,251247,16521881,251247,4088,11882634,0.021144,0.0,0.0,ok,,,,,,,,,,,,,
deepcontact_mito,mito,orgsegnet_plant,OrgSegNet-plant,te_00066,partial,5.29,image/A_046.tif,7.396,0.0,0.0,0.0,0.0,0.0,0.991358,0.998808,0,19844,125150,16632222,125150,19844,13225984,0.009462,0.0,0.0,ok,,,,,,,,,,,,,
deepcontact_mito,mito,orgsegnet_plant,OrgSegNet-plant,te_00067,partial,5.29,image/A_046.tif,7.716,0.0,0.0,0.0,0.0,0.0,0.987517,0.994939,0,84280,125150,16567786,125150,84280,11469408,0.010912,0.0,0.0,ok,,,,,,,,,,,,,
deepcontact_mito,mito,orgsegnet_plant,OrgSegNet-plant,te_00088,partial,6.17,image/A_104.tif,7.313,0.0,0.0,0.0,0.0,0.0,0.984001,0.999544,0,7524,260889,16508803,260889,7524,12641265,0.020638,0.0,0.0,ok,,,,,,,,,,,,,
deepcontact_mito,mito,orgsegnet_plant,OrgSegNet-plant,te_00089,partial,6.17,image/A_104.tif,7.322,0.0,0.0,0.0,0.0,0.0,0.982091,0.998975,0,16900,283557,16476759,283557,16900,13230080,0.021433,0.0,0.0,ok,,,,,,,,,,,,,
deepcontact_mito,mito,orgsegnet_plant,OrgSegNet-plant,te_00113,partial,12.34,image/A_116.tif,7.536,0.0,0.0,nan,0.0,0.0,0.998443,1.0,0,0,26129,16751087,26129,0,13226850,0.001975,0.0,0.0,ok,,,,,,,,,,,,,
deepcontact_mito,mito,orgsegnet_plant,OrgSegNet-plant,te_00150,partial,4.63,image/A_135.tif,7.698,0.875698,0.778881,0.846173,0.907358,0.875698,0.999128,0.99944,51537,9369,5262,16711048,56799,60906,6895834,0.008237,0.794326,0.177142,ok,,,,,,,,,,,,,
deepcontact_mito,mito,orgsegnet_plant,OrgSegNet-plant,te_00151,partial,4.63,image/A_135.tif,7.177,0.937407,0.882188,0.983843,0.895157,0.937407,0.999595,0.99995,50844,835,5955,16719582,56799,51679,7632996,0.007441,0.99435,0.287516,ok,,,,,,,,,,,,,
deepcontact_mito,mito,orgsegnet_plant,OrgSegNet-plant,te_00170,partial,18.51,image/A_145.tif,16.987,0.397044,0.247695,0.394665,0.399452,0.397044,0.98169,0.990612,101140,155128,152057,16368891,253197,256268,13230080,0.019138,0.373926,0.167504,ok,,,,,,,,,,,,,
deepcontact_mito,mito,orgsegnet_plant,OrgSegNet-plant,te_00171,partial,18.51,image/A_145.tif,18.146,0.388225,0.240868,0.50169,0.316617,0.388225,0.985114,0.995238,79243,78709,171037,16448227,250280,157952,13230080,0.018917,0.306074,0.161896,ok,,,,,,,,,,,,,
deepcontact_mito,mito,orgsegnet_plant,OrgSegNet-plant,te_00210,partial,7.41,image/A_165.tif,7.679,0.0,0.0,0.0,0.0,0.0,0.992776,0.999682,0,5300,115905,16656011,115905,5300,13223620,0.008765,0.0,0.0,ok,,,,,,,,,,,,,
deepcontact_mito,mito,orgsegnet_plant,OrgSegNet-plant,te_00211,partial,7.41,image/A_165.tif,8.207,0.0,0.0,nan,0.0,0.0,0.993092,1.0,0,0,115905,16661311,115905,0,13210700,0.008774,0.0,0.0,ok,,,,,,,,,,,,,
deepcontact_mito,mito,orgsegnet_plant,OrgSegNet-plant,te_00216,partial,7.41,image/A_168.tif,8.284,0.0,0.0,0.0,0.0,0.0,0.952586,0.999617,0,6124,789349,15981743,789349,6124,13225984,0.059682,0.0,0.0,ok,,,,,,,,,,,,,
deepcontact_mito,mito,orgsegnet_plant,OrgSegNet-plant,te_00217,partial,7.41,image/A_168.tif,8.962,0.0,0.0,0.0,0.0,0.0,0.966411,0.999975,0,404,563131,16213681,563131,404,13222755,0.042588,0.0,0.0,ok,,,,,,,,,,,,,
deepcontact_mito,mito,orgsegnet_plant,OrgSegNet-plant,te_00234,partial,6.17,image/A_177.tif,8.586,0.0,0.0,0.0,0.0,0.0,0.982935,0.999075,0,15268,271037,16490911,271037,15268,12248160,0.022129,0.0,0.0,ok,,,,,,,,,,,,,
deepcontact_mito,mito,orgsegnet_plant,OrgSegNet-plant,te_00235,partial,6.17,image/A_177.tif,8.048,0.0,0.0,0.0,0.0,0.0,0.997168,0.997216,0,46708,804,16729704,804,46708,13217160,6.1e-05,0.0,0.0,ok,,,,,,,,,,,,,
deepcontact_mito,mito,orgsegnet_plant,OrgSegNet-plant,te_00240,partial,5.29,image/A_180.tif,7.211,0.0,0.0,0.0,0.0,0.0,0.940853,0.996084,0,62056,930267,15784893,930267,62056,11833344,0.078614,0.0,0.0,ok,,,,,,,,,,,,,
deepcontact_mito,mito,orgsegnet_plant,OrgSegNet-plant,te_00241,partial,5.29,image/A_180.tif,7.823,0.0,0.0,0.0,0.0,0.0,0.950152,0.996537,0,55388,780924,15940904,780924,55388,10897308,0.071662,0.0,0.0,ok,,,,,,,,,,,,,
deepcontact_mito,mito,orgsegnet_plant,OrgSegNet-plant,te_00242,partial,7.41,image/A_181.tif,7.556,0.0,0.0,0.0,0.0,0.0,0.961922,0.998013,0,32136,606710,16138370,606710,32136,13217160,0.045903,0.0,0.0,ok,,,,,,,,,,,,,
deepcontact_mito,mito,orgsegnet_plant,OrgSegNet-plant,te_00243,partial,7.41,image/A_181.tif,7.182,0.0,0.0,0.0,0.0,0.0,0.962332,0.998438,0,25260,606710,16145246,606710,25260,13226850,0.04587,0.0,0.0,ok,,,,,,,,,,,,,
deepcontact_mito,mito,orgsegnet_plant,OrgSegNet-plant,te_00248,partial,3.09,image/A_184.tif,2.701,0.0,0.0,0.0,0.0,0.0,0.986396,0.993302,0,111598,116634,16548984,116634,111598,13217792,0.008824,0.0,0.0,ok,,,,,,,,,,,,,
deepcontact_mito,mito,orgsegnet_plant,OrgSegNet-plant,te_00249,partial,3.09,image/A_184.tif,2.48,0.0,0.0,0.0,0.0,0.0,0.987578,0.994491,0,91780,116634,16568802,116634,91780,13215432,0.008826,0.0,0.0,ok,,,,,,,,,,,,,
deepcontact_mito,mito,orgsegnet_plant,OrgSegNet-plant,te_00258,partial,5.29,image/A_189.tif,7.272,0.0,0.0,0.0,0.0,0.0,0.989084,0.99785,0,35756,147377,16594083,147377,35756,13225984,0.011143,0.0,0.0,ok,,,,,,,,,,,,,
deepcontact_mito,mito,orgsegnet_plant,OrgSegNet-plant,te_00259,partial,5.29,image/A_189.tif,7.579,0.0,0.0,0.0,0.0,0.0,0.992655,0.999634,0,6104,117133,16653979,117133,6104,12514320,0.00936,0.0,0.0,ok,,,,,,,,,,,,,
deepcontact_mito,mito,orgsegnet_plant,OrgSegNet-plant,te_00264,partial,12.34,image/A_192.tif,7.715,0.0,0.0,0.0,0.0,0.0,0.98875,0.990161,0,164844,23901,16588471,23901,164844,13226850,0.001807,0.0,0.0,ok,,,,,,,,,,,,,
deepcontact_mito,mito,orgsegnet_plant,OrgSegNet-plant,te_00265,partial,12.34,image/A_192.tif,8.028,0.0,0.0,0.0,0.0,0.0,0.991912,0.993327,0,111792,23901,16641523,23901,111792,13226850,0.001807,0.0,0.0,ok,,,,,,,,,,,,,
deepcontact_mito,mito,orgsegnet_plant,OrgSegNet-plant,te_00270,partial,24.68,image/A_195.tif,7.428,0.052948,0.027194,0.027248,0.932133,0.052948,0.975605,0.975637,11441,408443,833,16356499,12274,419884,13226850,0.000928,0.090077,0.026618,ok,,,,,,,,,,,,,
deepcontact_mito,mito,orgsegnet_plant,OrgSegNet-plant,te_00271,partial,24.68,image/A_195.tif,7.824,0.152676,0.082647,0.084036,0.833363,0.152676,0.98124,0.98154,28356,309072,5670,16434118,34026,337428,13223620,0.002573,0.186385,0.060989,ok,,,,,,,,,,,,,
deepcontact_mito,mito,orgsegnet_plant,OrgSegNet-plant,te_00274,partial,24.68,image/A_197.tif,7.589,0.006525,0.003273,0.00331,0.226354,0.006525,0.947965,0.94851,2867,863201,9799,15901349,12666,866068,12309530,0.001029,0.01236,0.012962,ok,,,,,,,,,,,,,
deepcontact_mito,mito,orgsegnet_plant,OrgSegNet-plant,te_00275,partial,24.68,image/A_197.tif,8.146,0.002934,0.001469,0.001473,0.345079,0.002934,0.95199,0.952114,1185,803223,2249,15970559,3434,804408,10035610,0.000342,0.003712,0.001225,ok,,,,,,,,,,,,,
deepcontact_mito,mito,orgsegnet_plant,OrgSegNet-plant,te_00280,partial,18.51,image/A_200.tif,7.786,0.0,0.0,0.0,0.0,0.0,0.967113,0.968354,0,530260,21486,16225470,21486,530260,10909214,0.00197,0.0,0.0,ok,,,,,,,,,,,,,
deepcontact_mito,mito,orgsegnet_plant,OrgSegNet-plant,te_00281,partial,18.51,image/A_200.tif,7.782,0.000567,0.000283,0.000296,0.006795,0.000567,0.969309,0.970543,146,493566,21340,16262164,21486,493712,13115392,0.001638,0.0,0.004646,ok,,,,,,,,,,,,,
deepcontact_mito,mito,orgsegnet_plant,OrgSegNet-plant,te_00308,partial,5.29,image/A_214.tif,7.607,0.0,0.0,0.0,0.0,0.0,0.990408,0.998194,0,30066,130856,16616294,130856,30066,12709888,0.010296,0.0,0.0,ok,,,,,,,,,,,,,
deepcontact_mito,mito,orgsegnet_plant,OrgSegNet-plant,te_00309,partial,5.29,image/A_214.tif,7.512,0.0,0.0,0.0,0.0,0.0,0.987835,0.999612,0,6432,197664,16573120,197664,6432,13223620,0.014948,0.0,0.0,ok,,,,,,,,,,,,,
deepcontact_mito,mito,orgsegnet_plant,OrgSegNet-plant,te_00326,partial,12.34,image/A_223.tif,8.623,0.0,0.0,0.0,0.0,0.0,0.98148,0.997893,0,34760,275954,16466502,275954,34760,13230080,0.020858,0.0,0.0,ok,,,,,,,,,,,,,
deepcontact_mito,mito,orgsegnet_plant,OrgSegNet-plant,te_00327,partial,12.34,image/A_223.tif,8.249,0.0,0.0,0.0,0.0,0.0,0.982728,0.999162,0,13828,275954,16487434,275954,13828,13226850,0.020863,0.0,0.0,ok,,,,,,,,,,,,,
deepcontact_mito,mito,orgsegnet_plant,OrgSegNet-plant,te_00346,partial,14.81,image/A_233.tif,9.432,0.0,0.0,0.0,0.0,0.0,0.986531,0.99667,0,55296,170677,16551243,170677,55296,13230080,0.012901,0.0,0.0,ok,,,,,,,,,,,,,
deepcontact_mito,mito,orgsegnet_plant,OrgSegNet-plant,te_00347,partial,14.81,image/A_233.tif,8.933,0.0,0.0,0.0,0.0,0.0,0.984478,0.994596,0,89736,170677,16516803,170677,89736,13230080,0.012901,0.0,0.0,ok,,,,,,,,,,,,,
deepcontact_mito,mito,orgsegnet_plant,OrgSegNet-plant,te_00356,partial,24.68,image/A_238.tif,9.21,0.0,0.0,0.0,0.0,0.0,0.987499,0.995486,0,75124,134608,16567484,134608,75124,13226850,0.010177,0.0,0.0,ok,,,,,,,,,,,,,
deepcontact_mito,mito,orgsegnet_plant,OrgSegNet-plant,te_00357,partial,24.68,image/A_238.tif,9.145,0.0,0.0,0.0,0.0,0.0,0.983327,0.993826,0,102496,177226,16497494,177226,102496,13230080,0.013396,0.0,0.0,ok,,,,,,,,,,,,,
deepcontact_mito,mito,orgsegnet_plant,OrgSegNet-plant,te_00360,partial,4.63,image/A_240.tif,8.891,0.0,0.0,0.0,0.0,0.0,0.980478,0.99474,0,86987,240532,16449697,240532,86987,13223620,0.01819,0.0,0.0,ok,,,,,,,,,,,,,
deepcontact_mito,mito,orgsegnet_plant,OrgSegNet-plant,te_00361,partial,4.63,image/A_240.tif,8.303,0.0,0.0,0.0,0.0,0.0,0.980826,0.995092,0,81154,240532,16455530,240532,81154,13223620,0.01819,0.0,0.0,ok,,,,,,,,,,,,,
deepcontact_mito,mito,orgsegnet_plant,OrgSegNet-plant,te_00374,partial,3.7,image/A_247.tif,5.417,0.0,0.0,0.0,0.0,0.0,0.99103,0.998195,0,30058,120436,16626722,120436,30058,13230080,0.009103,0.0,0.0,ok,,,,,,,,,,,,,
deepcontact_mito,mito,orgsegnet_plant,OrgSegNet-plant,te_00396,partial,4.63,image/A_258.tif,8.462,0.0,0.0,0.0,0.0,0.0,0.972646,0.999887,0,1844,457085,16318287,457085,1844,13230080,0.034549,0.0,0.0,ok,,,,,,,,,,,,,
deepcontact_mito,mito,orgsegnet_plant,OrgSegNet-plant,te_00442,partial,4.63,image/A_72.tif,8.554,0.0,0.0,0.0,0.0,0.0,0.964221,0.993582,0,104492,495784,16176940,495784,104492,13226850,0.037483,0.0,0.0,ok,,,,,,,,,,,,,
deepcontact_mito,mito,orgsegnet_plant,OrgSegNet-plant,te_00443,partial,4.63,image/A_72.tif,10.767,0.16586,0.090429,0.435595,0.102431,0.16586,0.963243,0.99509,61310,79440,537238,16099228,598548,140750,13226850,0.045252,0.349369,0.015735,ok,,,,,,,,,,,,,
deepcontact_mito,mito,orgsegnet_plant,OrgSegNet-plant,te_00444,partial,3.7,image/A_73.tif,12.979,0.282735,0.164643,0.930122,0.166705,0.282735,0.955096,0.999298,148481,11155,742202,15875378,890683,159636,13213696,0.067406,0.193344,0.01871,ok,,,,,,,,,,,,,
deepcontact_mito,mito,orgsegnet_plant,OrgSegNet-plant,te_00445,partial,3.7,image/A_73.tif,5.628,0.014592,0.007349,1.0,0.007349,0.014592,0.947301,1.0,6546,0,884137,15886533,890683,6546,13204018,0.067455,0.0,0.0,ok,,,,,,,,,,,,,
deepcontact_mito,mito,orgsegnet_plant,OrgSegNet-plant,te_00460,partial,9.26,image/A_84.tif,8.927,0.0,0.0,0.0,0.0,0.0,0.997055,0.999184,0,13664,35751,16727801,35751,13664,9726168,0.003676,0.0,0.0,ok,,,,,,,,,,,,,
deepcontact_mito,mito,orgsegnet_plant,OrgSegNet-plant,te_00461,partial,9.26,image/A_84.tif,10.216,0.0,0.0,0.0,0.0,0.0,0.996257,0.998384,0,27048,35751,16714417,35751,27048,11966250,0.002988,0.0,0.0,ok,,,,,,,,,,,,,
deepcontact_mito,mito,orgsegnet_plant,OrgSegNet-plant,te_00482,partial,3.09,image/A_96.tif,3.517,0.079233,0.041251,0.982177,0.041282,0.079233,0.948086,0.999957,37474,680,870287,15868775,907761,38154,9970767,0.091042,0.0,0.036923,ok,,,,,,,,,,,,,
deepcontact_mito,mito,orgsegnet_plant,OrgSegNet-plant,te_00483,partial,3.09,image/A_96.tif,2.921,0.130414,0.069755,0.999681,0.069757,0.130414,0.952629,0.999999,59596,19,794741,15922860,854337,59615,13226850,0.064591,0.312939,0.017359,ok,,,,,,,,,,,,,
deepcontact_mito,mito,orgsegnet_plant,OrgSegNet-plant,te_00500,partial,6.17,image/C017.tif,8.154,0.0,0.0,0.0,0.0,0.0,0.961602,0.999839,0,2596,641617,16133003,641617,2596,9380317,0.0684,0.0,0.0,ok,,,,,,,,,,,,,
deepcontact_mito,mito,orgsegnet_plant,OrgSegNet-plant,te_00501,partial,6.17,image/C017.tif,7.8,0.0,0.0,0.0,0.0,0.0,0.96675,0.999849,0,2456,555389,16219371,555389,2456,8423745,0.065931,0.0,0.0,ok,,,,,,,,,,,,,
deepcontact_mito,mito,orgsegnet_plant,OrgSegNet-plant,te_00504,partial,7.41,image/C019.tif,8.242,0.0,0.0,0.0,0.0,0.0,0.978865,0.989203,0,179248,175339,16422629,175339,179248,13152256,0.013331,0.0,0.0,ok,,,,,,,,,,,,,
deepcontact_mito,mito,orgsegnet_plant,OrgSegNet-plant,te_00505,partial,7.41,image/C019.tif,8.803,0.0,0.0,0.0,0.0,0.0,0.986465,0.99137,0,144064,83009,16550143,83009,144064,10704075,0.007755,0.0,0.0,ok,,,,,,,,,,,,,
deepcontact_mito,mito,orgsegnet_plant,OrgSegNet-plant,te_00526,partial,9.26,image/C046.tif,8.789,0.428826,0.272933,0.285084,0.864927,0.428826,0.99221,0.992642,49063,123037,7662,16597454,56725,172100,8721529,0.006504,0.296737,0.070201,ok,,,,,,,,,,,,,
deepcontact_mito,mito,orgsegnet_plant,OrgSegNet-plant,te_00527,partial,9.26,image/C046.tif,9.226,0.355863,0.216444,0.224583,0.856571,0.355863,0.989516,0.989967,48589,167763,8136,16552728,56725,216352,10878640,0.005214,0.199901,0.043535,ok,,,,,,,,,,,,,
deepcontact_mito,mito,orgsegnet_plant,OrgSegNet-plant,te_00530,partial,14.81,image/C051.tif,8.628,0.258999,0.148764,0.357276,0.203125,0.258999,0.993087,0.997814,20269,36463,79517,16640967,99786,56732,13230080,0.007542,0.218738,0.066792,ok,,,,,,,,,,,,,
deepcontact_mito,mito,orgsegnet_plant,OrgSegNet-plant,te_00531,partial,14.81,image/C051.tif,9.004,0.347456,0.210255,0.436589,0.288546,0.347456,0.992459,0.997391,33682,43466,83048,16617020,116730,77148,13226850,0.008825,0.33929,0.089141,ok,,,,,,,,,,,,,
deepcontact_mito,mito,orgsegnet_plant,OrgSegNet-plant,te_00532,partial,6.17,image/C052.tif,8.443,0.0,0.0,0.0,0.0,0.0,0.986917,0.997447,0,42384,177120,16557712,177120,42384,13223620,0.013394,0.0,0.0,ok,,,,,,,,,,,,,
deepcontact_mito,mito,orgsegnet_plant,OrgSegNet-plant,te_00533,partial,6.17,image/C052.tif,8.355,0.0,0.0,0.0,0.0,0.0,0.987795,0.998334,0,27648,177120,16572448,177120,27648,13223620,0.013394,0.0,0.0,ok,,,,,,,,,,,,,
deepcontact_mito,mito,orgsegnet_plant,OrgSegNet-plant,te_00542,partial,3.7,image/C057.tif,5.629,0.0,0.0,0.0,0.0,0.0,0.977098,0.999825,0,2867,381360,16392989,381360,2867,6892944,0.055326,0.0,0.0,ok,,,,,,,,,,,,,
deepcontact_mito,mito,orgsegnet_plant,OrgSegNet-plant,te_00543,partial,3.7,image/C057.tif,5.894,0.0,0.0,nan,0.0,0.0,0.95765,1.0,0,0,710508,16066708,710508,0,9250605,0.076807,0.0,0.0,ok,,,,,,,,,,,,,
deepcontact_mito,mito,orgsegnet_plant,OrgSegNet-plant,te_00564,partial,18.51,image/C076.tif,8.525,0.575149,0.403655,0.883021,0.42646,0.575149,0.975542,0.997718,277749,36795,373541,16089131,651290,314544,13230080,0.049228,0.595628,0.230353,ok,,,,,,,,,,,,,
deepcontact_mito,mito,orgsegnet_plant,OrgSegNet-plant,te_00565,partial,18.51,image/C076.tif,8.982,0.655542,0.487589,0.842543,0.536473,0.655542,0.980375,0.996384,313308,58552,270706,16134650,584014,371860,13230080,0.044143,0.680868,0.222528,ok,,,,,,,,,,,,,
deepcontact_mito,mito,orgsegnet_plant,OrgSegNet-plant,te_00576,partial,14.81,image/C088.tif,8.813,0.0,0.0,0.0,0.0,0.0,0.989131,0.99928,0,11960,170387,16594869,170387,11960,8928486,0.019084,0.0,0.0,ok,,,,,,,,,,,,,
deepcontact_mito,mito,orgsegnet_plant,OrgSegNet-plant,te_00577,partial,14.81,image/C088.tif,9.233,0.0,0.0,0.0,0.0,0.0,0.988883,0.999029,0,16126,170387,16590703,170387,16126,9119565,0.018684,0.0,0.0,ok,,,,,,,,,,,,,
deepcontact_mito,mito,orgsegnet_plant,OrgSegNet-plant,te_00610,partial,6.17,image/C119.tif,15.051,0.0,0.0,0.0,0.0,0.0,0.970469,0.993532,0,105996,389453,16281767,389453,105996,13230080,0.029437,0.0,0.0,ok,,,,,,,,,,,,,
deepcontact_mito,mito,orgsegnet_plant,OrgSegNet-plant,te_00611,partial,6.17,image/C119.tif,19.745,0.0,0.0,0.0,0.0,0.0,0.975191,0.998366,0,26776,389453,16360987,389453,26776,13226850,0.029444,0.0,0.0,ok,,,,,,,,,,,,,
deepcontact_mito,mito,orgsegnet_plant,OrgSegNet-plant,te_00630,partial,12.34,image/C171.tif,20.101,0.0,0.0,0.0,0.0,0.0,0.970663,0.990067,0,163384,328810,16285022,328810,163384,13225984,0.024861,0.0,0.0,ok,,,,,,,,,,,,,
deepcontact_mito,mito,orgsegnet_plant,OrgSegNet-plant,te_00631,partial,12.34,image/C171.tif,19.14,0.0,0.0,0.0,0.0,0.0,0.978759,0.994086,0,97684,258688,16420844,258688,97684,13226850,0.019558,0.0,0.0,ok,,,,,,,,,,,,,
deepcontact_mito,mito,orgsegnet_plant,OrgSegNet-plant,te_00646,partial,3.7,image/C179.tif,13.488,0.0,0.0,0.0,0.0,0.0,0.99341,0.996192,0,63713,46851,16666652,46851,63713,10821632,0.004329,0.0,0.0,ok,,,,,,,,,,,,,
deepcontact_mito,mito,orgsegnet_plant,OrgSegNet-plant,te_00686,partial,3.09,image/C199.tif,6.807,0.0,0.0,0.0,0.0,0.0,0.982222,0.989606,0,173087,125181,16478948,125181,173087,13223620,0.009466,0.0,0.0,ok,,,,,,,,,,,,,
deepcontact_mito,mito,orgsegnet_plant,OrgSegNet-plant,te_00687,partial,3.09,image/C199.tif,7.07,0.0,0.0,0.0,0.0,0.0,0.981972,0.989354,0,177275,125181,16474760,125181,177275,13223620,0.009466,0.0,0.0,ok,,,,,,,,,,,,,
deepcontact_mito,mito,orgsegnet_plant,OrgSegNet-plant,te_00690,partial,12.34,image/C201.tif,20.097,0.233512,0.13219,0.134438,0.887692,0.233512,0.996873,0.996932,7991,51449,1011,16716765,9002,59440,13230080,0.00068,0.158019,0.099208,ok,,,,,,,,,,,,,
deepcontact_mito,mito,orgsegnet_plant,OrgSegNet-plant,te_00691,partial,12.34,image/C201.tif,10.039,0.064061,0.03309,0.117581,0.044023,0.064061,0.988144,0.996927,6807,51085,147818,16571506,154625,57892,13226850,0.01169,0.08698,0.065466,ok,,,,,,,,,,,,,
deepcontact_mito,mito,orgsegnet_plant,OrgSegNet-plant,te_00696,partial,5.29,image/C204.tif,7.917,0.107134,0.056599,0.984178,0.056651,0.107134,0.964096,0.999964,36139,581,601789,16138707,637928,36720,13230080,0.048218,0.0,0.020456,ok,,,,,,,,,,,,,
deepcontact_mito,mito,orgsegnet_plant,OrgSegNet-plant,te_00697,partial,5.29,image/C204.tif,8.276,0.104443,0.055099,0.948327,0.055265,0.104443,0.963963,0.999881,35255,1921,602673,16137367,637928,37176,13223620,0.048242,0.0,0.020254,ok,,,,,,,,,,,,,
deepcontact_mito,mito,orgsegnet_plant,OrgSegNet-plant,te_00724,partial,6.17,image/C218.tif,9.112,0.0,0.0,0.0,0.0,0.0,0.995286,0.999723,0,4620,74465,16698131,74465,4620,13230080,0.005628,0.0,0.0,ok,,,,,,,,,,,,,
deepcontact_mito,mito,orgsegnet_plant,OrgSegNet-plant,te_00725,partial,6.17,image/C218.tif,8.453,0.0,0.0,0.0,0.0,0.0,0.999164,0.99972,0,4692,9341,16763183,9341,4692,13226850,0.000706,0.0,0.0,ok,,,,,,,,,,,,,
deepcontact_mito,mito,orgsegnet_plant,OrgSegNet-plant,te_00768,partial,5.29,image/C240.tif,8.892,0.0,0.0,0.0,0.0,0.0,0.992903,0.999956,0,736,118326,16658154,118326,736,11898351,0.009945,0.0,0.0,ok,,,,,,,,,,,,,
deepcontact_mito,mito,orgsegnet_plant,OrgSegNet-plant,te_00769,partial,5.29,image/C240.tif,8.437,0.0,0.0,0.0,0.0,0.0,0.992394,0.999443,0,9280,118326,16649610,118326,9280,11863467,0.009974,0.0,0.0,ok,,,,,,,,,,,,,
deepcontact_mito,mito,orgsegnet_plant,OrgSegNet-plant,te_00772,partial,18.51,image/C242.tif,8.85,0.070447,0.03651,0.053418,0.103416,0.070447,0.972972,0.98167,17183,304489,148971,16306573,166154,321672,13230080,0.012559,0.048705,0.016486,ok,,,,,,,,,,,,,
deepcontact_mito,mito,orgsegnet_plant,OrgSegNet-plant,te_00773,partial,18.51,image/C242.tif,9.662,0.077813,0.040482,0.062673,0.102599,0.077813,0.975921,0.984654,17044,254908,149078,16356186,166122,271952,13226850,0.012559,0.051371,0.016175,ok,,,,,,,,,,,,,
deepcontact_mito,mito,orgsegnet_plant,OrgSegNet-plant,te_00794,partial,4.63,image/C253.tif,9.213,0.0,0.0,0.0,0.0,0.0,0.958931,0.975662,0,401320,287704,16088192,287704,401320,13230080,0.021746,0.0,0.0,ok,,,,,,,,,,,,,
deepcontact_mito,mito,orgsegnet_plant,OrgSegNet-plant,te_00795,partial,4.63,image/C253.tif,8.525,0.0,0.0,0.0,0.0,0.0,0.96626,0.983119,0,278352,287704,16211160,287704,278352,12622840,0.022792,0.0,0.0,ok,,,,,,,,,,,,,
deepcontact_mito,mito,orgsegnet_plant,OrgSegNet-plant,te_00798,partial,5.29,image/C255.tif,8.682,0.0,0.0,0.0,0.0,0.0,0.978856,0.988756,0,186756,167974,16422486,167974,186756,13230080,0.012696,0.0,0.0,ok,,,,,,,,,,,,,
deepcontact_mito,mito,orgsegnet_plant,OrgSegNet-plant,te_00799,partial,5.29,image/C255.tif,8.871,0.0,0.0,0.0,0.0,0.0,0.970977,0.980797,0,318948,167974,16290294,167974,318948,13223620,0.012703,0.0,0.0,ok,,,,,,,,,,,,,
deepcontact_mito,mito,orgsegnet_plant,OrgSegNet-plant,te_00802,partial,6.17,image/C257.tif,8.611,0.0,0.0,0.0,0.0,0.0,0.977378,0.997089,0,47868,331673,16397675,331673,47868,12107776,0.027393,0.0,0.0,ok,,,,,,,,,,,,,
deepcontact_mito,mito,orgsegnet_plant,OrgSegNet-plant,te_00803,partial,6.17,image/C257.tif,8.752,0.0,0.0,0.0,0.0,0.0,0.986284,0.995605,0,73052,157060,16547104,157060,73052,12104820,0.012975,0.0,0.0,ok,,,,,,,,,,,,,
deepcontact_mito,mito,orgsegnet_plant,OrgSegNet-plant,te_00823,partial,4.63,image/C267.tif,9.618,0.0,0.0,nan,0.0,0.0,0.996613,1.0,0,0,56824,16720392,56824,0,10574802,0.005374,0.0,0.0,ok,,,,,,,,,,,,,
deepcontact_mito,mito,orgsegnet_plant,OrgSegNet-plant,te_00834,partial,,image/C606.tif,8.436,0.037494,0.019105,0.654303,0.0193,0.037494,0.97031,0.999685,9702,5126,492995,16269393,502697,14828,6726600,0.074733,0.0,0.031355,ok,,,,,,,,,,,,,
deepcontact_mito,mito,orgsegnet_plant,OrgSegNet-plant,te_00835,partial,,image/C606.tif,9.175,0.0,0.0,nan,0.0,0.0,0.971644,1.0,0,0,475727,16301489,475727,0,6457248,0.073673,0.0,0.0,ok,,,,,,,,,,,,,
deepcontact_mito,mito,orgsegnet_plant,OrgSegNet-plant,te_00846,partial,2.47,image/C_008.tif,1.667,0.0,0.0,0.0,0.0,0.0,0.859845,0.997134,0,41461,2309947,14425808,2309947,41461,11617942,0.198826,0.0,0.0,ok,,,,,,,,,,,,,
deepcontact_mito,mito,orgsegnet_plant,OrgSegNet-plant,te_00847,partial,2.47,image/C_008.tif,1.571,0.131505,0.07038,0.704967,0.072516,0.131505,0.868122,0.995154,167508,70103,2142439,14397166,2309947,237611,9347955,0.247107,0.115827,0.0,ok,,,,,,,,,,,,,
deepcontact_mito,mito,orgsegnet_plant,OrgSegNet-plant,te_00895,partial,6.17,image/L1_003.tif,7.893,0.277502,0.161105,0.865165,0.165254,0.277502,0.936291,0.997941,205269,31991,1036874,15503082,1242143,237260,9271190,0.133979,0.227252,0.053393,ok,,,,,,,,,,,,,
deepcontact_mito,mito,orgsegnet_plant,OrgSegNet-plant,te_00896,partial,6.17,image/L1_003.tif,8.833,0.265097,0.152802,0.924092,0.154744,0.265097,0.911797,0.998543,266900,21924,1457879,15030513,1724779,288824,11199110,0.15401,0.290809,0.074811,ok,,,,,,,,,,,,,
deepcontact_mito,mito,orgsegnet_plant,OrgSegNet-plant,te_00913,partial,4.63,image/L1_014.tif,8.752,0.0,0.0,0.0,0.0,0.0,0.926099,0.999823,0,2757,1237094,15537365,1237094,2757,5999753,0.206191,0.0,0.0,ok,,,,,,,,,,,,,
deepcontact_mito,mito,orgsegnet_plant,OrgSegNet-plant,te_00914,partial,4.63,image/L1_014.tif,9.571,0.0,0.0,nan,0.0,0.0,0.942762,1.0,0,0,960290,15816926,960290,0,4477352,0.214477,0.0,0.0,ok,,,,,,,,,,,,,
deepcontact_mito,mito,orgsegnet_plant,OrgSegNet-plant,te_00951,partial,3.7,image/L7_011.tif,5.614,0.0,0.0,0.0,0.0,0.0,0.947076,0.99822,0,28333,859582,15889301,859582,28333,4528587,0.189812,0.0,0.0,ok,,,,,,,,,,,,,
deepcontact_mito,mito,orgsegnet_plant,OrgSegNet-plant,te_00952,partial,3.7,image/L7_011.tif,5.715,0.0,0.0,0.0,0.0,0.0,0.947821,0.999006,0,15828,859582,15901806,859582,15828,5776260,0.148813,0.0,0.0,ok,,,,,,,,,,,,,
deepcontact_mito,mito,orgsegnet_plant,OrgSegNet-plant,te_00955,partial,3.7,image/L8_002.tif,5.921,0.0,0.0,0.0,0.0,0.0,0.92734,0.999791,0,3249,1215786,15558181,1215786,3249,9090270,0.133746,0.0,0.0,ok,,,,,,,,,,,,,
deepcontact_mito,mito,orgsegnet_plant,OrgSegNet-plant,te_00956,partial,3.7,image/L8_002.tif,5.891,0.0,0.0,0.0,0.0,0.0,0.939161,0.997341,0,42004,978708,15756504,978708,42004,7145118,0.136976,0.0,0.0,ok,,,,,,,,,,,,,
deepcontact_mito,mito,orgsegnet_plant,OrgSegNet-plant,te_00961,sparse,1.48,image/M4D-25000X-0006.tif,1.408,0.0,0.0,0.0,0.0,0.0,0.993782,0.997747,0,37650,66668,16672898,66668,37650,1695450,0.039322,0.0,0.0,ok,,,,,,,,,,,,,
deepcontact_mito,mito,orgsegnet_plant,OrgSegNet-plant,te_00989,partial,4.63,image/c10_003.tif,8.223,0.0,0.0,0.0,0.0,0.0,0.975509,0.999358,0,10506,400387,16366323,400387,10506,13206610,0.030317,0.0,0.0,ok,,,,,,,,,,,,,
deepcontact_mito,mito,orgsegnet_plant,OrgSegNet-plant,te_00990,partial,4.63,image/c10_003.tif,8.646,0.0,0.0,0.0,0.0,0.0,0.975979,0.99984,0,2618,400387,16374211,400387,2618,13222755,0.03028,0.0,0.0,ok,,,,,,,,,,,,,
deepcontact_mito,mito,orgsegnet_plant,OrgSegNet-plant,te_01002,partial,4.63,image/c13_002.tif,8.237,0.0,0.0,0.0,0.0,0.0,0.992865,0.997651,0,39225,80482,16657509,80482,39225,13222755,0.006087,0.0,0.0,ok,,,,,,,,,,,,,
deepcontact_mito,mito,orgsegnet_plant,OrgSegNet-plant,te_01011,partial,5.29,image/c6_003.tif,8.716,0.0,0.0,0.0,0.0,0.0,0.969869,0.999383,0,10044,495476,16271696,495476,10044,13230080,0.037451,0.0,0.0,ok,,,,,,,,,,,,,
deepcontact_mito,mito,orgsegnet_plant,OrgSegNet-plant,te_01012,partial,5.29,image/c6_003.tif,8.744,0.0,0.0,0.0,0.0,0.0,0.966635,0.999485,0,8356,551424,16217436,551424,8356,13226850,0.04169,0.0,0.0,ok,,,,,,,,,,,,,
deepcontact_mito,mito,orgsegnet_plant,OrgSegNet-plant,te_01013,partial,,image/cs10_001.tif,9.021,0.0,0.0,0.0,0.0,0.0,0.989025,0.98996,0,168288,15850,16593078,15850,168288,13040258,0.001215,0.0,0.0,ok,,,,,,,,,,,,,
deepcontact_mito,mito,orgsegnet_plant,OrgSegNet-plant,te_01014,partial,,image/cs10_001.tif,9.395,0.0,0.0,0.0,0.0,0.0,0.991837,0.992775,0,121100,15850,16640266,15850,121100,13201408,0.001201,0.0,0.0,ok,,,,,,,,,,,,,
deepcontact_mito,mito,orgsegnet_plant,OrgSegNet-plant,te_01015,partial,14.81,image/g-l_004.tif,8.587,0.0,0.0,0.0,0.0,0.0,0.993835,0.998003,0,33360,70065,16673791,70065,33360,13230080,0.005296,0.0,0.0,ok,,,,,,,,,,,,,
deepcontact_mito,mito,orgsegnet_plant,OrgSegNet-plant,te_01016,partial,14.81,image/g-l_004.tif,8.636,0.0,0.0,0.0,0.0,0.0,0.992561,0.996723,0,54748,70065,16652403,70065,54748,13226850,0.005297,0.0,0.0,ok,,,,,,,,,,,,,
deepcontact_mito,mito,orgsegnet_plant,OrgSegNet-plant,te_01029,partial,5.29,image/h3_007.tif,8.504,0.0,0.0,0.0,0.0,0.0,0.994199,0.99958,0,7012,90315,16679889,90315,7012,13230080,0.006826,0.0,0.0,ok,,,,,,,,,,,,,
deepcontact_mito,mito,orgsegnet_plant,OrgSegNet-plant,te_01030,partial,5.29,image/h3_007.tif,9.681,0.0,0.0,0.0,0.0,0.0,0.99655,0.999849,0,2520,55360,16719336,55360,2520,13230080,0.004184,0.0,0.0,ok,,,,,,,,,,,,,
deepcontact_mito,mito,orgsegnet_plant,OrgSegNet-plant,te_01033,partial,3.7,image/h4_004.tif,5.952,0.0,0.0,0.0,0.0,0.0,0.961849,0.998679,0,21353,618710,16137153,618710,21353,11821173,0.052339,0.0,0.0,ok,,,,,,,,,,,,,
deepcontact_mito,mito,orgsegnet_plant,OrgSegNet-plant,te_01034,partial,3.7,image/h4_004.tif,5.93,0.0,0.0,0.0,0.0,0.0,0.967125,0.992823,0,117300,434253,16225663,434253,117300,9694389,0.044794,0.0,0.0,ok,,,,,,,,,,,,,
deepcontact_mito,mito,orgsegnet_plant,OrgSegNet-plant,te_01055,partial,14.81,image/n-l_001.tif,8.806,0.0,0.0,0.0,0.0,0.0,0.963339,0.98618,0,226488,388575,16162153,388575,226488,13230080,0.029371,0.0,0.0,ok,,,,,,,,,,,,,
deepcontact_mito,mito,orgsegnet_plant,OrgSegNet-plant,te_01056,partial,14.81,image/n-l_001.tif,9.449,0.0,0.0,0.0,0.0,0.0,0.966994,0.994132,0,95768,457986,16223462,457986,95768,13217160,0.034651,0.0,0.0,ok,,,,,,,,,,,,,
deepcontact_mito,mito,orgsegnet_plant,OrgSegNet-plant,te_01073,partial,5.29,image/n-o_007.tif,9.186,0.0,0.0,nan,0.0,0.0,0.988273,1.0,0,0,196751,16580465,196751,0,8385024,0.023465,0.0,0.0,ok,,,,,,,,,,,,,
deepcontact_mito,mito,orgsegnet_plant,OrgSegNet-plant,te_01074,partial,5.29,image/n-o_007.tif,9.83,0.0,0.0,nan,0.0,0.0,0.988273,1.0,0,0,196751,16580465,196751,0,10194944,0.019299,0.0,0.0,ok,,,,,,,,,,,,,
deepcontact_mito,mito,orgsegnet_plant,OrgSegNet-plant,te_01081,partial,9.26,image/o1_004.tif,8.662,0.383601,0.237318,0.24281,0.912987,0.383601,0.994585,0.994736,28267,88149,2694,16658106,30961,116416,13221888,0.002342,0.210748,0.039443,ok,,,,,,,,,,,,,
deepcontact_mito,mito,orgsegnet_plant,OrgSegNet-plant,te_01082,partial,9.26,image/o1_004.tif,8.632,0.259669,0.149207,0.151234,0.917574,0.259669,0.990345,0.990479,28409,159439,2552,16586816,30961,187848,13230080,0.00234,0.164838,0.056235,ok,,,,,,,,,,,,,
deepcontact_mito,mito,orgsegnet_plant,OrgSegNet-plant,te_01085,partial,6.17,image/o1_009.tif,8.936,0.0,0.0,0.0,0.0,0.0,0.991086,0.998862,0,18948,130600,16627668,130600,18948,11309056,0.011548,0.0,0.0,ok,,,,,,,,,,,,,
deepcontact_mito,mito,orgsegnet_plant,OrgSegNet-plant,te_01086,partial,6.17,image/o1_009.tif,9.603,0.0,0.0,0.0,0.0,0.0,0.991242,0.998854,0,19076,127851,16630289,127851,19076,10914233,0.011714,0.0,0.0,ok,,,,,,,,,,,,,
deepcontact_mito,mito,orgsegnet_plant,OrgSegNet-plant,te_01087,partial,7.41,image/o3_004.tif,8.771,0.408246,0.256475,0.385194,0.434232,0.408246,0.992975,0.99611,40658,64894,52974,16618690,93632,105552,13230080,0.007077,0.279715,0.033435,ok,,,,,,,,,,,,,
deepcontact_mito,mito,orgsegnet_plant,OrgSegNet-plant,te_01088,partial,7.41,image/o3_004.tif,9.248,0.0,0.0,0.0,0.0,0.0,0.993879,0.999457,0,9064,93632,16674520,93632,9064,13226850,0.007079,0.0,0.0,ok,,,,,,,,,,,,,
deepcontact_mito,mito,orgsegnet_plant,OrgSegNet-plant,te_01091,partial,5.29,image/o3_010.tif,9.231,0.0,0.0,0.0,0.0,0.0,0.992687,0.996931,0,51264,71430,16654522,71430,51264,13230080,0.005399,0.0,0.0,ok,,,,,,,,,,,,,
deepcontact_mito,mito,orgsegnet_plant,OrgSegNet-plant,te_01092,partial,5.29,image/o3_010.tif,8.893,0.0,0.0,0.0,0.0,0.0,0.994062,0.998312,0,28192,71430,16677594,71430,28192,12366900,0.005776,0.0,0.0,ok,,,,,,,,,,,,,
deepcontact_mito,mito,orgsegnet_plant,OrgSegNet-plant,te_01093,partial,5.29,image/o4_002.tif,8.767,0.0,0.0,0.0,0.0,0.0,0.987286,0.991422,0,143320,69989,16563907,69989,143320,13230080,0.00529,0.0,0.0,ok,,,,,,,,,,,,,
deepcontact_mito,mito,orgsegnet_plant,OrgSegNet-plant,te_01094,partial,5.29,image/o4_002.tif,8.972,0.0,0.0,0.0,0.0,0.0,0.989717,0.993863,0,102532,69989,16604695,69989,102532,13230080,0.00529,0.0,0.0,ok,,,,,,,,,,,,,
deepcontact_mito,mito,orgsegnet_plant,OrgSegNet-plant,te_01099,partial,7.41,image/o4_008.tif,9.436,0.504774,0.33759,0.433307,0.604471,0.504774,0.991445,0.994257,73144,95660,47861,16560551,121005,168804,13230080,0.009146,0.297203,0.010429,ok,,,,,,,,,,,,,
deepcontact_mito,mito,orgsegnet_plant,OrgSegNet-plant,te_01100,partial,7.41,image/o4_008.tif,8.75,0.0,0.0,0.0,0.0,0.0,0.98424,0.99139,0,143404,121005,16512807,121005,143404,13230080,0.009146,0.0,0.0,ok,,,,,,,,,,,,,
deepcontact_mito,mito,orgsegnet_plant,OrgSegNet-plant,te_01115,partial,14.81,image/p5_008.tif,8.49,0.0,0.0,0.0,0.0,0.0,0.998595,0.999771,0,3840,19726,16753650,19726,3840,7205900,0.002737,0.0,0.0,ok,,,,,,,,,,,,,
deepcontact_mito,mito,orgsegnet_plant,OrgSegNet-plant,te_01116,partial,14.81,image/p5_008.tif,9.361,0.0,0.0,0.0,0.0,0.0,0.988992,0.990156,0,164958,19726,16592532,19726,164958,7205900,0.002737,0.0,0.0,ok,,,,,,,,,,,,,
deepcontact_mito,mito,orgsegnet_plant,OrgSegNet-plant,te_01119,partial,,image/wh5_007.tif,9.431,0.0,0.0,0.0,0.0,0.0,0.994965,0.998468,0,25608,58872,16692736,58872,25608,9121520,0.006454,0.0,0.0,ok,,,,,,,,,,,,,
deepcontact_mito,mito,orgsegnet_plant,OrgSegNet-plant,te_01120,partial,,image/wh5_007.tif,8.512,0.0,0.0,0.0,0.0,0.0,0.995711,0.999217,0,13092,58872,16705252,58872,13092,11379290,0.005174,0.0,0.0,ok,,,,,,,,,,,,,
deepcontact_mito,mito,orgsegnet_plant,OrgSegNet-plant,te_01121,partial,,image/xc0_001.tif,9.141,0.363154,0.221862,0.890432,0.228089,0.363154,0.99614,0.999864,18464,2272,62487,16693993,80951,20736,13225984,0.006121,0.276754,0.127002,ok,,,,,,,,,,,,,
deepcontact_mito,mito,orgsegnet_plant,OrgSegNet-plant,te_01122,partial,,image/xc0_001.tif,9.344,0.057727,0.029722,0.045146,0.08003,0.057727,0.991715,0.994615,4258,90058,48947,16633953,53205,94316,13205504,0.004029,0.078779,0.038952,ok,,,,,,,,,,,,,
deepcontact_mito,mito,orgsegnet_plant,OrgSegNet-plant,te_01133,partial,2.47,image/z002.tif,1.999,0.0,0.0,nan,0.0,0.0,0.968289,1.0,0,0,532017,16245199,532017,0,677144,0.785678,0.0,0.0,ok,,,,,,,,,,,,,
deepcontact_mito,mito,orgsegnet_plant,OrgSegNet-plant,te_01134,partial,2.47,image/z002.tif,1.824,0.049308,0.025277,1.0,0.025277,0.049308,0.969091,1.0,13448,0,518569,16245199,532017,13448,677144,0.785678,0.0,0.0,ok,,,,,,,,,,,,,
deepcontact_mito,mito,orgsegnet_plant,OrgSegNet-plant,te_01135,partial,3.09,image/z003.tif,4.839,0.0,0.0,0.0,0.0,0.0,0.890538,0.99884,0,17348,1819123,14940745,1819123,17348,5202589,0.349657,0.0,0.0,ok,,,,,,,,,,,,,
deepcontact_mito,mito,orgsegnet_plant,OrgSegNet-plant,te_01136,partial,3.09,image/z003.tif,4.846,0.0,0.0,0.0,0.0,0.0,0.899367,0.998924,0,16247,1672088,15088881,1672088,16247,4674373,0.357714,0.0,0.0,ok,,,,,,,,,,,,,
deepcontact_mito,mito,orgsegnet_plant,OrgSegNet-plant,te_01139,partial,3.09,image/z005.tif,5.178,0.547033,0.376494,0.762253,0.426588,0.547033,0.954357,0.99081,462394,144221,621542,15549059,1083936,606615,6810730,0.159151,0.529407,0.030061,ok,,,,,,,,,,,,,
deepcontact_mito,mito,orgsegnet_plant,OrgSegNet-plant,te_01140,partial,3.09,image/z005.tif,4.079,0.450215,0.290502,0.899132,0.300288,0.450215,0.952617,0.997673,325493,36515,758443,15656765,1083936,362008,6810730,0.159151,0.62179,0.035484,ok,,,,,,,,,,,,,
deepcontact_mito,mito,orgsegnet_plant,OrgSegNet-plant,te_01163,partial,14.81,image/z028.tif,12.137,0.526705,0.357501,0.536347,0.517403,0.526705,0.996107,0.998119,36345,31419,33900,16675552,70245,67764,5321472,0.0132,0.552782,0.063085,ok,,,,,,,,,,,,,
deepcontact_mito,mito,orgsegnet_plant,OrgSegNet-plant,te_01164,partial,14.81,image/z028.tif,10.416,0.0,0.0,0.0,0.0,0.0,0.991161,0.995328,0,78052,70245,16628919,70245,78052,6125184,0.011468,0.0,0.0,ok,,,,,,,,,,,,,
deepcontact_mito,mito,orgsegnet_plant,OrgSegNet-plant,te_01195,partial,14.81,image/z046.tif,9.347,0.342746,0.206816,0.236607,0.621576,0.342746,0.993599,0.9946,28002,90346,17048,16641820,45050,118348,13217792,0.003408,0.396031,0.176184,ok,,,,,,,,,,,,,
deepcontact_mito,mito,orgsegnet_plant,OrgSegNet-plant,te_01196,partial,14.81,image/z046.tif,9.214,0.104536,0.055151,0.069194,0.213674,0.104536,0.99017,0.992261,9626,129490,35424,16602676,45050,139116,13222755,0.003407,0.06558,0.051275,ok,,,,,,,,,,,,,
deepcontact_mito,mito,orgsegnet_plant,OrgSegNet-plant,te_01199,partial,18.51,image/z052.tif,8.612,0.0,0.0,nan,0.0,0.0,0.998853,1.0,0,0,19246,16757970,19246,0,13225984,0.001455,0.0,0.0,ok,,,,,,,,,,,,,
deepcontact_mito,mito,orgsegnet_plant,OrgSegNet-plant,te_01200,partial,18.51,image/z052.tif,8.705,0.0,0.0,nan,0.0,0.0,0.998853,1.0,0,0,19246,16757970,19246,0,13197312,0.001458,0.0,0.0,ok,,,,,,,,,,,,,
deepcontact_mito,mito,orgsegnet_plant,OrgSegNet-plant,te_01211,partial,4.63,image/z061.tif,8.823,0.0,0.0,nan,0.0,0.0,0.989656,1.0,0,0,173551,16603665,173551,0,9740288,0.017818,0.0,0.0,ok,,,,,,,,,,,,,
deepcontact_mito,mito,orgsegnet_plant,OrgSegNet-plant,te_01212,partial,4.63,image/z061.tif,8.579,0.0,0.0,0.0,0.0,0.0,0.988318,0.999612,0,6442,189543,16581231,189543,6442,9512000,0.019927,0.0,0.0,ok,,,,,,,,,,,,,
deepcontact_mito,mito,orgsegnet_plant,OrgSegNet-plant,te_01219,partial,5.29,image/z065.tif,8.526,0.0,0.0,0.0,0.0,0.0,0.989526,0.99853,0,24436,151287,16601493,151287,24436,11206656,0.0135,0.0,0.0,ok,,,,,,,,,,,,,
deepcontact_mito,mito,orgsegnet_plant,OrgSegNet-plant,te_01255,partial,18.51,image/z084.tif,8.449,0.0,0.0,0.0,0.0,0.0,0.993222,0.995317,0,78404,35317,16663495,35317,78404,11424322,0.003091,0.0,0.0,ok,,,,,,,,,,,,,
deepcontact_mito,mito,orgsegnet_plant,OrgSegNet-plant,te_01256,partial,18.51,image/z084.tif,8.449,0.0,0.0,0.0,0.0,0.0,0.995255,0.998072,0,32252,47358,16697606,47358,32252,11105874,0.004264,0.0,0.0,ok,,,,,,,,,,,,,
deepcontact_mito,mito,orgsegnet_plant,OrgSegNet-plant,te_01273,partial,5.29,image/z093.tif,8.5,0.0,0.0,nan,0.0,0.0,0.983744,1.0,0,0,272735,16504481,272735,0,13221888,0.020628,0.0,0.0,ok,,,,,,,,,,,,,
deepcontact_mito,mito,orgsegnet_plant,OrgSegNet-plant,te_01274,partial,5.29,image/z093.tif,8.337,0.0,0.0,nan,0.0,0.0,0.987229,1.0,0,0,214266,16562950,214266,0,13215432,0.016213,0.0,0.0,ok,,,,,,,,,,,,,
deepcontact_mito,mito,orgsegnet_plant,OrgSegNet-plant,te_01281,partial,5.29,image/z097.tif,8.392,0.0,0.0,nan,0.0,0.0,0.966504,1.0,0,0,561965,16215251,561965,0,13033472,0.043117,0.0,0.0,ok,,,,,,,,,,,,,
deepcontact_mito,mito,orgsegnet_plant,OrgSegNet-plant,te_01282,partial,5.29,image/z097.tif,8.245,0.0,0.0,nan,0.0,0.0,0.965929,1.0,0,0,571624,16205592,571624,0,13027108,0.04388,0.0,0.0,ok,,,,,,,,,,,,,
deepcontact_mito,mito,orgsegnet_plant,OrgSegNet-plant,te_01285,partial,14.81,image/z099.tif,8.597,0.0,0.0,0.0,0.0,0.0,0.991953,0.995283,0,78880,56120,16642216,56120,78880,10134465,0.005538,0.0,0.0,ok,,,,,,,,,,,,,
deepcontact_mito,mito,orgsegnet_plant,OrgSegNet-plant,te_01286,partial,14.81,image/z099.tif,8.345,0.565097,0.393823,0.49984,0.649953,0.565097,0.993986,0.996067,65551,65593,35304,16610768,100855,131144,10726320,0.009403,0.606034,0.169866,ok,,,,,,,,,,,,,
deepcontact_mito,mito,orgsegnet_plant,OrgSegNet-plant,te_01305,partial,5.29,image/z171.tif,8.315,0.0,0.0,0.0,0.0,0.0,0.976311,0.99917,0,13604,383833,16379779,383833,13604,13204884,0.029068,0.0,0.0,ok,,,,,,,,,,,,,
deepcontact_mito,mito,orgsegnet_plant,OrgSegNet-plant,te_01306,partial,5.29,image/z171.tif,8.49,0.0,0.0,0.0,0.0,0.0,0.976636,0.999503,0,8144,383833,16385239,383833,8144,13208111,0.02906,0.0,0.0,ok,,,,,,,,,,,,,
deepcontact_mito,mito,orgsegnet_plant,OrgSegNet-plant,te_01307,partial,5.29,image/z172.tif,8.687,0.0,0.0,nan,0.0,0.0,0.990144,1.0,0,0,165362,16611854,165362,0,10555640,0.015666,0.0,0.0,ok,,,,,,,,,,,,,
deepcontact_mito,mito,orgsegnet_plant,OrgSegNet-plant,te_01308,partial,5.29,image/z172.tif,8.747,0.0,0.0,0.0,0.0,0.0,0.9876,0.997431,0,42676,165362,16569178,165362,42676,13199056,0.012528,0.0,0.0,ok,,,,,,,,,,,,,
deepcontact_mito,mito,orgsegnet_plant,OrgSegNet-plant,te_01331,partial,14.81,image/z184.tif,10.795,0.0,0.0,0.0,0.0,0.0,0.987852,0.99301,0,116660,87150,16573406,87150,116660,13225984,0.006589,0.0,0.0,ok,,,,,,,,,,,,,
deepcontact_mito,mito,orgsegnet_plant,OrgSegNet-plant,te_01332,partial,14.81,image/z184.tif,8.386,0.064538,0.033345,0.051653,0.08599,0.064538,0.987051,0.991756,7494,137590,79656,16552476,87150,145084,13223620,0.00659,0.041535,0.034556,ok,,,,,,,,,,,,,
deepcontact_mito,mito,orgsegnet_plant,OrgSegNet-plant,te_01359,partial,14.81,image/z198.tif,8.453,0.012289,0.006182,0.037465,0.00735,0.012289,0.980789,0.996879,2005,51511,270796,16452904,272801,53516,12826330,0.021269,0.0,0.00935,ok,,,,,,,,,,,,,
deepcontact_mito,mito,orgsegnet_plant,OrgSegNet-plant,te_01360,partial,14.81,image/z198.tif,8.68,0.0,0.0,0.0,0.0,0.0,0.990501,0.998551,0,24108,135264,16617844,135264,24108,10519642,0.012858,0.0,0.0,ok,,,,,,,,,,,,,
deepcontact_mito,mito,orgsegnet_plant,OrgSegNet-plant,te_01367,partial,3.7,image/z202.tif,6.286,0.0,0.0,0.0,0.0,0.0,0.931612,0.99483,0,81219,1066142,15629855,1066142,81219,10526720,0.10128,0.0,0.0,ok,,,,,,,,,,,,,
deepcontact_mito,mito,orgsegnet_plant,OrgSegNet-plant,te_01368,partial,3.7,image/z202.tif,5.61,0.0,0.0,0.0,0.0,0.0,0.93455,0.997721,0,35819,1062258,15679139,1062258,35819,9963890,0.106611,0.0,0.0,ok,,,,,,,,,,,,,
deepcontact_mito,mito,orgsegnet_plant,OrgSegNet-plant,te_01391,partial,4.63,image/z214.tif,8.131,0.0,0.0,0.0,0.0,0.0,0.994042,0.999206,0,13248,86716,16677252,86716,13248,13230080,0.006554,0.0,0.0,ok,,,,,,,,,,,,,
deepcontact_mito,mito,orgsegnet_plant,OrgSegNet-plant,te_01392,partial,4.63,image/z214.tif,8.237,0.689753,0.526429,0.861577,0.575067,0.689753,0.995664,0.999219,80859,12991,59749,16623617,140608,93850,13192608,0.010658,0.690828,0.076239,ok,,,,,,,,,,,,,
deepcontact_mito,mito,orgsegnet_plant,OrgSegNet-plant,te_01393,partial,5.29,image/z215.tif,7.761,0.127757,0.068237,0.622926,0.071178,0.127757,0.982645,0.999217,21324,12908,278265,16464719,299589,34232,12077672,0.024805,0.054369,0.025458,ok,,,,,,,,,,,,,
deepcontact_mito,mito,orgsegnet_plant,OrgSegNet-plant,te_01394,partial,5.29,image/z215.tif,7.813,0.087251,0.045616,0.664576,0.046691,0.087251,0.982556,0.999572,13988,7060,285601,16470567,299589,21048,12703184,0.023584,0.0,0.020922,ok,,,,,,,,,,,,,
deepcontact_mito,mito,orgsegnet_plant,OrgSegNet-plant,te_01395,partial,14.81,image/z216.tif,8.131,0.0,0.0,0.0,0.0,0.0,0.985845,0.990102,0,165350,72131,16539735,72131,165350,13222755,0.005455,0.0,0.0,ok,,,,,,,,,,,,,
deepcontact_mito,mito,orgsegnet_plant,OrgSegNet-plant,te_01396,partial,14.81,image/z216.tif,7.845,0.03843,0.019592,0.027076,0.066185,0.03843,0.98576,0.989731,4774,171546,67357,16533539,72131,176320,13222755,0.005455,0.0,0.016893,ok,,,,,,,,,,,,,
deepcontact_mito,mito,orgsegnet_plant,OrgSegNet-plant,te_01431,partial,2.47,image/z234.tif,1.422,0.7625,0.616162,1.0,0.616162,0.7625,0.996487,1.0,94619,0,58943,16623654,153562,94619,13220390,0.011616,0.812968,0.164327,ok,,,,,,,,,,,,,
deepcontact_mito,mito,orgsegnet_plant,OrgSegNet-plant,te_01432,partial,2.47,image/z234.tif,1.434,0.762026,0.615543,1.0,0.615543,0.762026,0.996481,1.0,94524,0,59038,16623654,153562,94524,12829560,0.011969,0.819591,0.0,ok,,,,,,,,,,,,,
deepcontact_mito,mito,orgsegnet_plant,OrgSegNet-plant,te_01439,partial,6.17,image/z238.tif,7.871,0.0,0.0,0.0,0.0,0.0,0.976132,0.995369,0,76192,324254,16376770,324254,76192,13208111,0.02455,0.0,0.0,ok,,,,,,,,,,,,,
deepcontact_mito,mito,orgsegnet_plant,OrgSegNet-plant,te_01440,partial,6.17,image/z238.tif,7.909,0.0,0.0,0.0,0.0,0.0,0.982193,0.99744,0,42288,256464,16478464,256464,42288,13204884,0.019422,0.0,0.0,ok,,,,,,,,,,,,,
deepcontact_mito,mito,orgsegnet_plant,OrgSegNet-plant,te_01461,partial,4.63,image/z249.tif,8.059,0.0,0.0,nan,0.0,0.0,0.988051,1.0,0,0,200464,16576752,200464,0,9532597,0.021029,0.0,0.0,ok,,,,,,,,,,,,,
deepcontact_mito,mito,orgsegnet_plant,OrgSegNet-plant,te_01462,partial,4.63,image/z249.tif,7.936,0.428647,0.272788,0.649995,0.319757,0.428647,0.990257,0.998009,61316,33017,130442,16552441,191758,94333,9539584,0.020101,0.319257,0.022112,ok,,,,,,,,,,,,,
deepcontact_mito,mito,orgsegnet_plant,OrgSegNet-plant,te_01475,partial,4.63,image/z256.tif,7.776,0.134335,0.072004,0.367362,0.082196,0.134335,0.979046,0.997144,27277,46974,304577,16398388,331854,74251,13190250,0.025159,0.074664,0.006101,ok,,,,,,,,,,,,,
deepcontact_mito,mito,orgsegnet_plant,OrgSegNet-plant,te_01476,partial,4.63,image/z256.tif,7.86,0.183895,0.101258,0.611514,0.108219,0.183895,0.981001,0.998613,35913,22815,295941,16422547,331854,58728,13217792,0.025107,0.390072,0.0,ok,,,,,,,,,,,,,
deepcontact_mito,mito,orgsegnet_plant,OrgSegNet-plant,te_01503,partial,,image/z600.tif,8.487,0.187559,0.103484,0.481623,0.116455,0.187559,0.94634,0.992959,103917,111847,788418,15773034,892335,215764,13230080,0.067447,0.23358,0.050614,ok,,,,,,,,,,,,,
deepcontact_mito,mito,orgsegnet_plant,OrgSegNet-plant,te_01504,partial,,image/z600.tif,7.972,0.394838,0.24598,0.658697,0.281911,0.394838,0.962068,0.993294,207608,107572,528823,15933213,736431,315180,12748810,0.057765,0.337792,0.046591,ok,,,,,,,,,,,,,
deepcontact_mito,mito,orgsegnet_plant,OrgSegNet-plant,te_01519,partial,,image/z608.tif,7.945,0.0,0.0,nan,0.0,0.0,0.941666,1.0,0,0,978690,15798526,978690,0,8915595,0.109773,0.0,0.0,ok,,,,,,,,,,,,,
deepcontact_mito,mito,orgsegnet_plant,OrgSegNet-plant,te_01520,partial,,image/z608.tif,7.532,0.132808,0.071127,0.989637,0.07118,0.132808,0.953022,0.99996,60352,632,787525,15928707,847877,60984,9894105,0.085695,0.209985,0.068471,ok,,,,,,,,,,,,,
deepcontact_mito,mito,empiar_10982_mitonet_benchmark,MitoNet,c_el_00000,sparse,24.0,mito_benchmarks/c_elegans/c_elegans_em.tif,14.645,0.279194,0.162246,0.369558,0.224339,0.279194,0.999663,0.999889,1095,1868,3786,16770467,4881,2963,64770,0.075359,0.178673,0.255052,ok,11,26,0.363636,0.153846,0.216216,0.121212,0.181818,0.076923,0.108108,0.057143,0.157242,0.727244,0.216216
deepcontact_mito,mito,empiar_10982_mitonet_benchmark,MitoNet,c_el_00001,sparse,24.0,mito_benchmarks/c_elegans/c_elegans_em.tif,1.45,0.282482,0.164471,0.305729,0.26252,0.282482,0.999554,0.999801,1473,3345,4138,16768260,5611,4818,56925,0.098568,0.236552,0.29861,ok,20,31,0.2,0.129032,0.156863,0.085106,0.15,0.096774,0.117647,0.0625,0.128572,0.819647,0.156863
deepcontact_mito,mito,empiar_10982_mitonet_benchmark,MitoNet,c_el_00002,sparse,24.0,mito_benchmarks/c_elegans/c_elegans_em.tif,1.41,0.268132,0.154822,0.239633,0.304324,0.268132,0.999643,0.999792,1098,3484,2510,16770124,3608,4582,57088,0.063201,0.400715,0.303835,ok,16,22,0.125,0.090909,0.105263,0.055556,0.0625,0.045455,0.052632,0.027027,0.084968,0.807191,0.105263
deepcontact_mito,mito,empiar_10982_mitonet_benchmark,MitoNet,c_el_00003,sparse,24.0,mito_benchmarks/c_elegans/c_elegans_em.tif,1.241,0.06418,0.033154,0.267148,0.036471,0.06418,0.999743,0.999976,148,406,3910,16772752,4058,554,55296,0.073387,0.043636,0.067577,ok,3,18,0.333333,0.055556,0.095238,0.05,0.333333,0.055556,0.095238,0.05,0.081949,0.860465,0.095238
deepcontact_mito,mito,empiar_10982_mitonet_benchmark,MitoNet,c_el_00004,sparse,24.0,mito_benchmarks/c_elegans/c_elegans_em.tif,1.302,0.294103,0.172403,0.509735,0.206674,0.294103,0.999835,0.999967,576,554,2211,16773875,2787,1130,46420,0.060039,0.282905,0.265789,ok,5,12,0.2,0.083333,0.117647,0.0625,0.2,0.083333,0.117647,0.0625,0.104915,0.891775,0.117647
deepcontact_mito,mito,empiar_10982_mitonet_benchmark,MitoNet,c_el_00005,sparse,24.0,mito_benchmarks/c_elegans/c_elegans_em.tif,1.201,0.0,0.0,0.0,0.0,0.0,0.99986,0.999983,0,280,2075,16774861,2075,280,45198,0.045909,0.0,0.0,ok,1,10,0.0,0.0,0.0,0.0,0.0,0.0,0.0,0.0,0.0,0.0,0.0
deepcontact_mito,mito,empiar_10982_mitonet_benchmark,MitoNet,c_el_00006,sparse,24.0,mito_benchmarks/c_elegans/c_elegans_em.tif,1.176,0.235605,0.133533,0.693624,0.141903,0.235605,0.999828,0.999988,446,197,2697,16773876,3143,643,38208,0.08226,0.205128,0.208699,ok,3,17,0.666667,0.117647,0.2,0.111111,0.333333,0.058824,0.1,0.052632,0.158476,0.792381,0.2
deepcontact_mito,mito,empiar_10982_mitonet_benchmark,MitoNet,c_el_00007,sparse,24.0,mito_benchmarks/c_elegans/c_elegans_em.tif,1.204,0.322928,0.192555,0.678733,0.211864,0.322928,0.999888,0.999987,450,213,1674,16774879,2124,663,65536,0.03241,0.229088,0.292739,ok,3,15,0.666667,0.133333,0.222222,0.125,0.666667,0.133333,0.222222,0.125,0.194996,0.877484,0.222222
deepcontact_mito,mito,empiar_10982_mitonet_benchmark,MitoNet,c_el_00008,sparse,24.0,mito_benchmarks/c_elegans/c_elegans_em.tif,1.187,0.41353,0.26066,0.634841,0.306634,0.41353,0.999808,0.999961,1137,654,2571,16772854,3708,1791,62720,0.05912,0.339455,0.404407,ok,7,20,0.714286,0.25,0.37037,0.227273,0.571429,0.2,0.296296,0.173913,0.32526,0.878203,0.37037
deepcontact_mito,mito,empiar_10982_mitonet_benchmark,MitoNet,c_el_00009,sparse,24.0,mito_benchmarks/c_elegans/c_elegans_em.tif,1.29,0.568855,0.397482,0.616935,0.527726,0.568855,0.99982,0.999926,1989,1235,1780,16772212,3769,3224,59648,0.063187,0.446602,0.463868,ok,10,22,0.5,0.227273,0.3125,0.185185,0.5,0.227273,0.3125,0.185185,0.2712,0.86784,0.3125
deepcontact_mito,mito,empiar_10982_mitonet_benchmark,MitoNet,c_el_00010,sparse,24.0,mito_benchmarks/c_elegans/c_elegans_em.tif,1.222,0.479848,0.315658,0.608206,0.396226,0.479848,0.999805,0.999942,1512,974,2304,16772426,3816,2486,61952,0.061596,0.394444,0.451092,ok,12,25,0.583333,0.28,0.378378,0.233333,0.5,0.24,0.324324,0.193548,0.313197,0.827736,0.378378
deepcontact_mito,mito,empiar_10982_mitonet_benchmark,MitoNet,c_el_00011,sparse,24.0,mito_benchmarks/c_elegans/c_elegans_em.tif,1.356,0.569346,0.397962,0.551227,0.588697,0.569346,0.999662,0.999818,3750,3053,2620,16767793,6370,6803,65536,0.097198,0.542422,0.580597,ok,25,28,0.52,0.464286,0.490566,0.325,0.48,0.428571,0.45283,0.292683,0.423937,0.864178,0.490566
deepcontact_mito,mito,empiar_10982_mitonet_benchmark,MitoNet,c_el_00012,sparse,24.0,mito_benchmarks/c_elegans/c_elegans_em.tif,1.577,0.484951,0.320089,0.499195,0.471497,0.484951,0.999764,0.999889,1861,1867,2086,16771402,3947,3728,65536,0.060226,0.370677,0.439697,ok,9,18,0.555556,0.277778,0.37037,0.227273,0.555556,0.277778,0.37037,0.227273,0.322509,0.870773,0.37037
deepcontact_mito,mito,empiar_10982_mitonet_benchmark,MitoNet,c_el_00013,sparse,24.0,mito_benchmarks/c_elegans/c_elegans_em.tif,1.318,0.684536,0.520377,0.615887,0.77041,0.684536,0.999787,0.999856,3869,2413,1153,16769781,5022,6282,56576,0.088766,0.657472,0.708369,ok,20,20,0.55,0.55,0.55,0.37931,0.4,0.4,0.4,0.25,0.443677,0.806686,0.55
deepcontact_mito,mito,empiar_10982_mitonet_benchmark,MitoNet,c_el_00014,sparse,24.0,mito_benchmarks/c_elegans/c_elegans_em.tif,1.31,0.575657,0.404156,0.439288,0.834807,0.575657,0.999718,0.999756,3209,4096,635,16769276,3844,7305,44935,0.085546,0.616251,0.667852,ok,15,15,0.666667,0.666667,0.666667,0.5,0.666667,0.666667,0.666667,0.5,0.584239,0.876358,0.666667
deepcontact_mito,mito,empiar_10982_mitonet_benchmark,MitoNet,c_el_00015,sparse,24.0,mito_benchmarks/c_elegans/c_elegans_em.tif,1.335,0.59701,0.425527,0.577482,0.617905,0.59701,0.9997,0.999837,3734,2732,2309,16768441,6043,6466,50853,0.118833,0.558889,0.60356,ok,25,29,0.56,0.482759,0.518519,0.35,0.4,0.344828,0.37037,0.227273,0.418113,0.806361,0.518519
deepcontact_mito,mito,empiar_10982_mitonet_benchmark,MitoNet,fly__00016,sparse,12.0,mito_benchmarks/fly_brain/fly_brain_em.tif,1.183,0.781762,0.641715,0.72971,0.84181,0.781762,0.999865,0.99991,4055,1502,762,16770897,4817,5557,44178,0.109036,0.704209,0.490215,ok,7,5,0.428571,0.6,0.5,0.333333,0.142857,0.2,0.166667,0.090909,0.382861,0.765722,0.5
deepcontact_mito,mito,empiar_10982_mitonet_benchmark,MitoNet,fly__00017,sparse,12.0,mito_benchmarks/fly_brain/fly_brain_em.tif,1.208,0.605026,0.433718,0.47167,0.843514,0.605026,0.999635,0.999686,4695,5259,871,16766391,5566,9954,62985,0.08837,0.569903,0.410178,ok,13,9,0.307692,0.444444,0.363636,0.222222,0.230769,0.333333,0.272727,0.157895,0.287843,0.791569,0.363636
deepcontact_mito,mito,empiar_10982_mitonet_benchmark,MitoNet,fly__00018,sparse,12.0,mito_benchmarks/fly_brain/fly_brain_em.tif,1.284,0.779328,0.638442,0.679859,0.912893,0.779328,0.999831,0.99986,4999,2354,477,16769386,5476,7353,64005,0.085556,0.746014,0.548272,ok,14,10,0.285714,0.4,0.333333,0.2,0.071429,0.1,0.083333,0.043478,0.219419,0.658258,0.333333
deepcontact_mito,mito,empiar_10982_mitonet_benchmark,MitoNet,fly__00019,sparse,12.0,mito_benchmarks/fly_brain/fly_brain_em.tif,1.347,0.724397,0.567886,0.616722,0.877623,0.724397,0.999672,0.999732,7236,4497,1009,16764474,8245,11733,65025,0.126797,0.688998,0.511348,ok,14,12,0.214286,0.25,0.230769,0.130435,0.142857,0.166667,0.153846,0.083333,0.166021,0.719425,0.230769
deepcontact_mito,mito,empiar_10982_mitonet_benchmark,MitoNet,fly__00020,sparse,12.0,mito_benchmarks/fly_brain/fly_brain_em.tif,1.343,0.762221,0.615798,0.725384,0.803,0.762221,0.999761,0.999855,6424,2432,1576,16766784,8000,8856,62985,0.127014,0.745287,0.464046,ok,18,16,0.444444,0.5,0.470588,0.307692,0.111111,0.125,0.117647,0.0625,0.325028,0.690684,0.470588
deepcontact_mito,mito,empiar_10982_mitonet_benchmark,MitoNet,fly__00021,sparse,12.0,mito_benchmarks/fly_brain/fly_brain_em.tif,1.225,0.21286,0.119107,0.356546,0.151719,0.21286,0.999831,0.999959,384,693,2147,16773992,2531,1077,65025,0.038923,0.285296,0.127061,ok,3,11,0.0,0.0,0.0,0.0,0.0,0.0,0.0,0.0,0.0,0.0,0.0
deepcontact_mito,mito,empiar_10982_mitonet_benchmark,MitoNet,fly__00022,sparse,12.0,mito_benchmarks/fly_brain/fly_brain_em.tif,1.388,0.702349,0.541246,0.64325,0.773406,0.702349,0.99977,0.999849,4560,2529,1336,16768791,5896,7089,43475,0.135618,0.761026,0.412793,ok,16,10,0.25,0.4,0.307692,0.181818,0.125,0.2,0.153846,0.083333,0.206114,0.66987,0.307692
deepcontact_mito,mito,empiar_10982_mitonet_benchmark,MitoNet,fly__00023,sparse,12.0,mito_benchmarks/fly_brain/fly_brain_em.tif,1.353,0.718712,0.56093,0.615925,0.862679,0.718712,0.999652,0.999723,7457,4650,1187,16763922,8644,12107,65025,0.132933,0.7034,0.517939,ok,19,15,0.315789,0.4,0.352941,0.214286,0.210526,0.266667,0.235294,0.133333,0.282747,0.801117,0.352941
deepcontact_mito,mito,empiar_10982_mitonet_benchmark,MitoNet,glyc_00024,sparse,18.0,mito_benchmarks/glycolytic_muscle/glycolytic_muscle_em.tif,2.53,0.449624,0.290009,0.818805,0.309897,0.449624,0.999634,0.999967,2508,555,5585,16768568,8093,3063,259908,0.031138,0.415571,0.430887,ok,10,20,0.5,0.25,0.333333,0.2,0.5,0.25,0.333333,0.2,0.284402,0.853206,0.333333
deepcontact_mito,mito,empiar_10982_mitonet_benchmark,MitoNet,glyc_00025,sparse,18.0,mito_benchmarks/glycolytic_muscle/glycolytic_muscle_em.tif,2.53,0.455121,0.2946,0.792522,0.31922,0.455121,0.999631,0.99996,2586,677,5515,16768438,8101,3263,286484,0.028277,0.494545,0.468855,ok,12,19,0.583333,0.368421,0.451613,0.291667,0.5,0.315789,0.387097,0.24,0.363254,0.804348,0.451613
deepcontact_mito,mito,empiar_10982_mitonet_benchmark,MitoNet,glyc_00026,sparse,18.0,mito_benchmarks/glycolytic_muscle/glycolytic_muscle_em.tif,2.509,0.352601,0.214035,0.875336,0.220765,0.352601,0.999573,0.999983,1952,278,6890,16768096,8842,2230,292612,0.030217,0.346591,0.381573,ok,6,19,0.833333,0.263158,0.4,0.25,0.666667,0.210526,0.32,0.190476,0.318068,0.795169,0.4
deepcontact_mito,mito,empiar_10982_mitonet_benchmark,MitoNet,glyc_00027,sparse,18.0,mito_benchmarks/glycolytic_muscle/glycolytic_muscle_em.tif,2.532,0.433506,0.276737,0.719941,0.310122,0.433506,0.999694,0.999954,1964,764,4369,16770119,6333,2728,292229,0.021671,0.465151,0.439992,ok,10,18,0.5,0.277778,0.357143,0.217391,0.4,0.222222,0.285714,0.166667,0.281663,0.788657,0.357143
deepcontact_mito,mito,empiar_10982_mitonet_benchmark,MitoNet,glyc_00028,sparse,18.0,mito_benchmarks/glycolytic_muscle/glycolytic_muscle_em.tif,2.408,0.217248,0.121861,0.871018,0.124101,0.217248,0.999519,0.99999,1121,166,7912,16768017,9033,1287,248570,0.03634,0.189076,0.233705,ok,5,19,0.8,0.210526,0.333333,0.2,0.4,0.105263,0.166667,0.090909,0.258122,0.774367,0.333333
deepcontact_mito,mito,empiar_10982_mitonet_benchmark,MitoNet,glyc_00029,sparse,18.0,mito_benchmarks/glycolytic_muscle/glycolytic_muscle_em.tif,2.382,0.197387,0.1095,0.927184,0.11045,0.197387,0.999352,0.999994,1337,105,10768,16765006,12105,1442,272340,0.044448,0.233983,0.221359,ok,4,19,0.5,0.105263,0.173913,0.095238,0.25,0.052632,0.086957,0.045455,0.13304,0.764978,0.173913
deepcontact_mito,mito,empiar_10982_mitonet_benchmark,MitoNet,glyc_00030,sparse,18.0,mito_benchmarks/glycolytic_muscle/glycolytic_muscle_em.tif,2.439,0.304698,0.179731,0.906625,0.183121,0.304698,0.999527,0.999989,1738,179,7753,16767546,9491,1917,269730,0.035187,0.289855,0.310277,ok,6,16,0.5,0.1875,0.272727,0.157895,0.166667,0.0625,0.090909,0.047619,0.193396,0.709118,0.272727
deepcontact_mito,mito,empiar_10982_mitonet_benchmark,MitoNet,glyc_00031,sparse,18.0,mito_benchmarks/glycolytic_muscle/glycolytic_muscle_em.tif,2.375,0.461232,0.299741,0.861667,0.314894,0.461232,0.999742,0.999982,1850,297,4025,16771044,5875,2147,276736,0.02123,0.450369,0.400006,ok,7,15,0.428571,0.2,0.272727,0.157895,0.428571,0.2,0.272727,0.157895,0.235653,0.864062,0.272727
deepcontact_mito,mito,empiar_10982_mitonet_benchmark,MitoNet,glyc_00032,sparse,18.0,mito_benchmarks/glycolytic_muscle/glycolytic_muscle_em.tif,3.217,0.333824,0.200353,0.898417,0.204997,0.333824,0.999514,0.999986,2043,231,7923,16767019,9966,2274,275377,0.03619,0.289348,0.327762,ok,6,18,0.5,0.166667,0.25,0.142857,0.5,0.166667,0.25,0.142857,0.21491,0.859641,0.25
deepcontact_mito,mito,empiar_10982_mitonet_benchmark,MitoNet,glyc_00033,sparse,18.0,mito_benchmarks/glycolytic_muscle/glycolytic_muscle_em.tif,2.681,0.290955,0.170244,0.593787,0.192685,0.290955,0.999567,0.999939,1491,1020,6247,16768458,7738,2511,288405,0.02683,0.180449,0.277498,ok,6,17,0.333333,0.117647,0.173913,0.095238,0.333333,0.117647,0.173913,0.095238,0.156415,0.899384,0.173913
deepcontact_mito,mito,empiar_10982_mitonet_benchmark,MitoNet,glyc_00034,sparse,18.0,mito_benchmarks/glycolytic_muscle/glycolytic_muscle_em.tif,2.38,0.379371,0.234088,0.902116,0.240189,0.379371,0.999534,0.999985,2387,259,7551,16767019,9938,2646,278824,0.035643,0.3361,0.348042,ok,10,17,0.4,0.235294,0.296296,0.173913,0.2,0.117647,0.148148,0.08,0.237539,0.801694,0.296296
deepcontact_mito,mito,empiar_10982_mitonet_benchmark,MitoNet,glyc_00035,sparse,18.0,mito_benchmarks/glycolytic_muscle/glycolytic_muscle_em.tif,2.43,0.404019,0.253148,0.931725,0.257932,0.404019,0.999402,0.999985,3398,249,9776,16763793,13174,3647,285718,0.046108,0.383663,0.387317,ok,8,14,0.25,0.142857,0.181818,0.1,0.125,0.071429,0.090909,0.047619,0.12815,0.704825,0.181818
deepcontact_mito,mito,empiar_10982_mitonet_benchmark,MitoNet,glyc_00036,sparse,18.0,mito_benchmarks/glycolytic_muscle/glycolytic_muscle_em.tif,2.376,0.511798,0.343903,0.913512,0.355478,0.511798,0.999586,0.999979,3644,345,6607,16766620,10251,3989,257131,0.039867,0.448505,0.478877,ok,9,12,0.333333,0.25,0.285714,0.166667,0.333333,0.25,0.285714,0.166667,0.248886,0.8711,0.285714
deepcontact_mito,mito,empiar_10982_mitonet_benchmark,MitoNet,glyc_00037,sparse,18.0,mito_benchmarks/glycolytic_muscle/glycolytic_muscle_em.tif,2.52,0.265139,0.15283,0.858148,0.156791,0.265139,0.999476,0.999984,1585,262,8524,16766845,10109,1847,288405,0.035051,0.328202,0.270901,ok,7,18,0.571429,0.222222,0.32,0.190476,0.428571,0.166667,0.24,0.136364,0.259024,0.809449,0.32
deepcontact_mito,mito,empiar_10982_mitonet_benchmark,MitoNet,hela_00038,sparse,15.0,mito_benchmarks/hela_cell/hela_cell_em.tif,1.25,0.389983,0.242223,0.49071,0.323565,0.389983,0.999749,0.999917,1347,1398,2816,16771655,4163,2745,55460,0.075063,0.394584,0.301074,ok,6,11,0.333333,0.181818,0.235294,0.133333,0.166667,0.090909,0.117647,0.0625,0.17627,0.749146,0.235294
deepcontact_mito,mito,empiar_10982_mitonet_benchmark,MitoNet,hela_00039,sparse,15.0,mito_benchmarks/hela_cell/hela_cell_em.tif,1.367,0.67488,0.509298,0.80165,0.58273,0.67488,0.999704,0.999924,5149,1274,3687,16767106,8836,6423,60416,0.146253,0.700493,0.620484,ok,19,16,0.315789,0.375,0.342857,0.206897,0.210526,0.25,0.228571,0.129032,0.273167,0.796738,0.342857
deepcontact_mito,mito,empiar_10982_mitonet_benchmark,MitoNet,hela_00040,sparse,15.0,mito_benchmarks/hela_cell/hela_cell_em.tif,1.313,0.42911,0.273164,0.894824,0.282225,0.42911,0.999657,0.999985,2161,254,5496,16769305,7657,2415,65536,0.116837,0.419517,0.325779,ok,3,15,1.0,0.2,0.333333,0.2,0.666667,0.133333,0.222222,0.125,0.246842,0.740525,0.333333
deepcontact_mito,mito,empiar_10982_mitonet_benchmark,MitoNet,hela_00041,sparse,15.0,mito_benchmarks/hela_cell/hela_cell_em.tif,1.211,0.62971,0.459545,0.588387,0.677276,0.62971,0.999776,0.999867,3192,2233,1521,16770270,4713,5425,61952,0.076075,0.70761,0.508295,ok,10,9,0.1,0.111111,0.105263,0.055556,0.1,0.111111,0.105263,0.055556,0.096577,0.917481,0.105263
deepcontact_mito,mito,empiar_10982_mitonet_benchmark,MitoNet,hela_00042,sparse,15.0,mito_benchmarks/hela_cell/hela_cell_em.tif,1.595,0.658962,0.491382,0.701811,0.621044,0.658962,0.999907,0.999962,1511,642,922,16774141,2433,2153,40275,0.06041,0.749921,0.533637,ok,5,6,0.0,0.0,0.0,0.0,0.0,0.0,0.0,0.0,0.0,0.0,0.0
deepcontact_mito,mito,empiar_10982_mitonet_benchmark,MitoNet,hela_00043,sparse,15.0,mito_benchmarks/hela_cell/hela_cell_em.tif,1.224,0.264014,0.152083,0.342321,0.214864,0.264014,0.999903,0.999967,292,561,1067,16775296,1359,853,63232,0.021492,0.213166,0.256513,ok,3,6,0.333333,0.166667,0.222222,0.125,0.333333,0.166667,0.222222,0.125,0.199046,0.895706,0.222222
deepcontact_mito,mito,empiar_10982_mitonet_benchmark,MitoNet,hela_00044,sparse,15.0,mito_benchmarks/hela_cell/hela_cell_em.tif,1.284,0.690752,0.527594,0.918199,0.553616,0.690752,0.999893,0.999989,1998,178,1611,16773429,3609,2176,65536,0.055069,0.557522,0.574874,ok,4,13,1.0,0.307692,0.470588,0.307692,1.0,0.307692,0.470588,0.307692,0.400238,0.850506,0.470588
deepcontact_mito,mito,empiar_10982_mitonet_benchmark,MitoNet,hela_00045,sparse,15.0,mito_benchmarks/hela_cell/hela_cell_em.tif,1.189,0.703307,0.542386,0.924947,0.567355,0.703307,0.999891,0.99999,2169,176,1654,16773217,3823,2345,63744,0.059974,0.748538,0.63285,ok,4,14,1.0,0.285714,0.444444,0.285714,1.0,0.285714,0.444444,0.285714,0.386377,0.869349,0.444444
deepcontact_mito,mito,empiar_10982_mitonet_benchmark,MitoNet,hela_00046,sparse,15.0,mito_benchmarks/hela_cell/hela_cell_em.tif,1.163,0.474363,0.310928,0.523611,0.433583,0.474363,0.999801,0.999918,1508,1372,1970,16772366,3478,2880,65536,0.05307,0.518155,0.397154,ok,5,15,0.6,0.2,0.3,0.176471,0.2,0.066667,0.1,0.052632,0.222393,0.74131,0.3
deepcontact_mito,mito,empiar_10982_mitonet_benchmark,MitoNet,hela_00047,sparse,15.0,mito_benchmarks/hela_cell/hela_cell_em.tif,1.24,0.334501,0.200841,0.401384,0.286723,0.334501,0.999807,0.999928,812,1211,2020,16773173,2832,2023,60928,0.046481,0.248062,0.29884,ok,5,11,0.4,0.181818,0.25,0.142857,0.4,0.181818,0.25,0.142857,0.207103,0.828411,0.25
deepcontact_mito,mito,empiar_10982_mitonet_benchmark,MitoNet,sali_00051,sparse,15.0,mito_benchmarks/salivary_gland/salivary_gland_em.tif,5.11,0.0,0.0,nan,0.0,0.0,0.999965,1.0,0,0,581,16776635,581,0,5166,0.112466,0.0,0.0,ok,0,1,nan,0.0,0.0,0.0,nan,0.0,0.0,0.0,0.0,0.0,0.0
deepcontact_mito,mito,empiar_10982_mitonet_benchmark,MitoNet,sali_00052,sparse,15.0,mito_benchmarks/salivary_gland/salivary_gland_em.tif,4.926,0.171551,0.093823,0.192071,0.154992,0.171551,0.999676,0.999859,562,2364,3064,16771226,3626,2926,33440,0.108433,0.176402,0.156038,ok,4,2,0.0,0.0,0.0,0.0,0.0,0.0,0.0,0.0,0.0,0.0,0.0
deepcontact_mito,mito,empiar_10982_mitonet_benchmark,MitoNet,sali_00053,sparse,15.0,mito_benchmarks/salivary_gland/salivary_gland_em.tif,5.289,0.0,0.0,nan,0.0,0.0,0.999663,1.0,0,0,5656,16771560,5656,0,360126,0.015706,0.0,0.0,ok,0,4,nan,0.0,0.0,0.0,nan,0.0,0.0,0.0,0.0,0.0,0.0
deepcontact_mito,mito,empiar_10982_mitonet_benchmark,MitoNet,sali_00054,sparse,15.0,mito_benchmarks/salivary_gland/salivary_gland_em.tif,5.072,0.0,0.0,nan,0.0,0.0,0.999885,1.0,0,0,1934,16775282,1934,0,3348,0.577658,0.0,0.0,ok,0,1,nan,0.0,0.0,0.0,nan,0.0,0.0,0.0,0.0,0.0,0.0
deepcontact_mito,mito,empiar_10982_mitonet_benchmark,MitoNet,sali_00055,sparse,15.0,mito_benchmarks/salivary_gland/salivary_gland_em.tif,4.796,0.062053,0.03202,0.125604,0.041204,0.062053,0.999766,0.999946,130,905,3025,16773156,3155,1035,181608,0.017373,0.0,0.140468,ok,2,3,0.0,0.0,0.0,0.0,0.0,0.0,0.0,0.0,0.0,0.0,0.0
deepcontact_mito,mito,empiar_10982_mitonet_benchmark,MitoNet,sali_00056,sparse,15.0,mito_benchmarks/salivary_gland/salivary_gland_em.tif,5.146,0.366528,0.224386,0.310321,0.447598,0.366528,0.998395,0.998967,7790,17313,9614,16742499,17404,25103,628754,0.02768,0.349213,0.085288,ok,17,7,0.117647,0.285714,0.166667,0.090909,0.0,0.0,0.0,0.0,0.09343,0.560579,0.166667
deepcontact_mito,mito,empiar_10982_mitonet_benchmark,MitoNet,sali_00057,sparse,15.0,mito_benchmarks/salivary_gland/salivary_gland_em.tif,5.048,0.095399,0.050089,0.06938,0.152647,0.095399,0.998119,0.998669,1664,22320,9237,16743995,10901,23984,586840,0.018576,0.13776,0.075855,ok,19,7,0.0,0.0,0.0,0.0,0.0,0.0,0.0,0.0,0.0,0.0,0.0
deepcontact_mito,mito,empiar_10982_mitonet_benchmark,MitoNet,sali_00058,sparse,15.0,mito_benchmarks/salivary_gland/salivary_gland_em.tif,5.776,0.062547,0.032283,0.04833,0.088614,0.062547,0.997774,0.998536,1246,24535,12815,16738620,14061,25781,583289,0.024106,0.038645,0.088021,ok,17,10,0.058824,0.1,0.074074,0.038462,0.058824,0.1,0.074074,0.038462,0.062786,0.847612,0.074074
deepcontact_mito,mito,empiar_10982_mitonet_benchmark,MitoNet,sali_00059,sparse,15.0,mito_benchmarks/salivary_gland/salivary_gland_em.tif,5.56,0.148874,0.080423,0.138368,0.161106,0.148874,0.997752,0.998774,3298,20537,17173,16736208,20471,23835,539070,0.037975,0.155587,0.141785,ok,22,15,0.136364,0.2,0.162162,0.088235,0.136364,0.2,0.162162,0.088235,0.138272,0.85268,0.162162
deepcontact_mito,mito,empiar_10982_mitonet_benchmark,MitoNet,sali_00060,sparse,15.0,mito_benchmarks/salivary_gland/salivary_gland_em.tif,4.883,0.365492,0.22361,0.416672,0.32551,0.365492,0.998726,0.999486,6158,8621,12760,16749677,18918,14779,573475,0.032988,0.414504,0.207484,ok,14,18,0.142857,0.111111,0.125,0.066667,0.0,0.0,0.0,0.0,0.077536,0.620288,0.125
deepcontact_mito,mito,empiar_10982_mitonet_benchmark,MitoNet,sali_00061,sparse,15.0,mito_benchmarks/salivary_gland/salivary_gland_em.tif,5.025,0.149816,0.080973,0.149396,0.150237,0.149816,0.997816,0.998903,3228,18379,18258,16737351,21486,21607,572949,0.037501,0.16291,0.082378,ok,18,17,0.111111,0.117647,0.114286,0.060606,0.055556,0.058824,0.057143,0.029412,0.088151,0.771321,0.114286
deepcontact_mito,mito,empiar_10982_mitonet_benchmark,MitoNet,sali_00062,sparse,15.0,mito_benchmarks/salivary_gland/salivary_gland_em.tif,4.841,0.145325,0.078356,0.145511,0.145139,0.145325,0.998045,0.999023,2789,16378,16427,16741622,19216,19167,543564,0.035352,0.151801,0.091263,ok,18,15,0.055556,0.066667,0.060606,0.03125,0.0,0.0,0.0,0.0,0.039861,0.657703,0.060606
deepcontact_mito,mito,empiar_10982_mitonet_benchmark,MitoNet,sali_00063,sparse,15.0,mito_benchmarks/salivary_gland/salivary_gland_em.tif,5.393,0.065711,0.033972,0.069424,0.062375,0.065711,0.997258,0.998705,1618,21688,24322,16729588,25940,23306,606837,0.042746,0.121006,0.068833,ok,24,13,0.0,0.0,0.0,0.0,0.0,0.0,0.0,0.0,0.0,0.0,0.0
deepcontact_mito,mito,empiar_10982_mitonet_benchmark,MitoNet,sali_00064,sparse,15.0,mito_benchmarks/salivary_gland/salivary_gland_em.tif,5.067,0.0,0.0,0.0,0.0,0.0,0.996946,0.99846,0,25801,25430,16725985,25430,25801,612689,0.041506,0.0,0.0,ok,23,15,0.0,0.0,0.0,0.0,0.0,0.0,0.0,0.0,0.0,0.0,0.0
deepcontact_mito,mito,empiar_10982_mitonet_benchmark,MitoNet,sali_00065,sparse,15.0,mito_benchmarks/salivary_gland/salivary_gland_em.tif,4.972,0.122428,0.065206,0.113072,0.133473,0.122428,0.997333,0.998539,3121,24481,20262,16729352,23383,27602,640590,0.036502,0.110595,0.066755,ok,19,19,0.052632,0.052632,0.052632,0.027027,0.052632,0.052632,0.052632,0.027027,0.047425,0.901075,0.052632
deepcontact_mito,mito,empiar_10982_mitonet_benchmark,MitoNet,sali_00066,sparse,15.0,mito_benchmarks/salivary_gland/salivary_gland_em.tif,5.202,0.093236,0.048897,0.072768,0.129723,0.093236,0.996437,0.997663,3073,39157,20616,16714370,23689,42230,562320,0.042127,0.10834,0.09777,ok,35,18,0.028571,0.055556,0.037736,0.019231,0.0,0.0,0.0,0.0,0.022164,0.587335,0.037736
deepcontact_mito,mito,empiar_10982_mitonet_benchmark,MitoNet,sali_00067,sparse,15.0,mito_benchmarks/salivary_gland/salivary_gland_em.tif,4.992,0.178032,0.097714,0.152414,0.214003,0.178032,0.997297,0.99837,4912,27316,18041,16726947,22953,32228,537320,0.042718,0.246542,0.145291,ok,21,20,0.142857,0.15,0.146341,0.078947,0.095238,0.1,0.097561,0.051282,0.111055,0.758878,0.146341
deepcontact_mito,mito,empiar_10982_mitonet_benchmark,MitoNet,sali_00068,sparse,15.0,mito_benchmarks/salivary_gland/salivary_gland_em.tif,5.257,0.206002,0.114828,0.225544,0.189576,0.206002,0.997425,0.998851,5605,19246,23961,16728404,29566,24851,602616,0.049063,0.247841,0.143112,ok,21,23,0.142857,0.130435,0.136364,0.073171,0.095238,0.086957,0.090909,0.047619,0.10788,0.791119,0.136364
deepcontact_mito,mito,empiar_10982_mitonet_benchmark,MitoNet,sali_00069,sparse,15.0,mito_benchmarks/salivary_gland/salivary_gland_em.tif,5.423,0.06707,0.034699,0.058087,0.079341,0.06707,0.996392,0.997893,2176,35285,25250,16714505,27426,37461,605616,0.045286,0.073188,0.038146,ok,23,23,0.043478,0.043478,0.043478,0.022222,0.0,0.0,0.0,0.0,0.022949,0.527838,0.043478
deepcontact_mito,mito,empiar_10982_mitonet_benchmark,MitoNet,sali_00070,sparse,15.0,mito_benchmarks/salivary_gland/salivary_gland_em.tif,5.236,0.127835,0.068282,0.12635,0.129356,0.127835,0.997192,0.998575,3452,23869,23234,16726661,26686,27321,712701,0.037443,0.138708,0.113965,ok,17,20,0.058824,0.05,0.054054,0.027778,0.0,0.0,0.0,0.0,0.035848,0.663194,0.054054
deepcontact_mito,mito,empiar_10982_mitonet_benchmark,MitoNet,sali_00071,sparse,15.0,mito_benchmarks/salivary_gland/salivary_gland_em.tif,5.236,0.166869,0.09103,0.141876,0.202551,0.166869,0.997099,0.99824,4875,29486,19193,16723662,24068,34361,808146,0.029782,0.194118,0.119723,ok,19,17,0.052632,0.058824,0.055556,0.028571,0.052632,0.058824,0.055556,0.028571,0.047322,0.851799,0.055556
deepcontact_mito,mito,empiar_10982_mitonet_benchmark,MitoNet,sali_00072,sparse,15.0,mito_benchmarks/salivary_gland/salivary_gland_em.tif,5.446,0.134587,0.072149,0.123484,0.147884,0.134587,0.997619,0.998684,3106,22047,17897,16734166,21003,25153,840368,0.024993,0.165989,0.067004,ok,25,19,0.04,0.052632,0.045455,0.023256,0.0,0.0,0.0,0.0,0.026872,0.591176,0.045455
deepcontact_mito,mito,empiar_10982_mitonet_benchmark,MitoNet,sali_00073,sparse,15.0,mito_benchmarks/salivary_gland/salivary_gland_em.tif,5.682,0.076215,0.039617,0.072349,0.080517,0.076215,0.997786,0.998828,1532,19643,17495,16738546,19027,21175,783881,0.024273,0.068003,0.054418,ok,19,17,0.052632,0.058824,0.055556,0.028571,0.0,0.0,0.0,0.0,0.036841,0.663139,0.055556
deepcontact_mito,mito,empiar_10982_mitonet_benchmark,MitoNet,sali_00074,sparse,15.0,mito_benchmarks/salivary_gland/salivary_gland_em.tif,4.829,0.104307,0.055023,0.102426,0.106259,0.104307,0.997843,0.998898,2107,18464,17722,16738923,19829,20571,750882,0.026408,0.073196,0.082395,ok,15,15,0.066667,0.066667,0.066667,0.034483,0.066667,0.066667,0.066667,0.034483,0.060345,0.905169,0.066667
deepcontact_mito,mito,empiar_10982_mitonet_benchmark,MitoNet,sali_00075,sparse,15.0,mito_benchmarks/salivary_gland/salivary_gland_em.tif,4.898,0.001371,0.000686,0.001249,0.00152,0.001371,0.997656,0.998712,27,21591,17736,16737862,17763,21618,760971,0.023343,0.0,0.023166,ok,16,14,0.0,0.0,0.0,0.0,0.0,0.0,0.0,0.0,0.0,0.0,0.0
deepcontact_mito,mito,empiar_10982_mitonet_benchmark,MitoNet,sali_00076,sparse,15.0,mito_benchmarks/salivary_gland/salivary_gland_em.tif,4.984,0.0,0.0,0.0,0.0,0.0,0.998003,0.999315,0,11476,22023,16743717,22023,11476,757185,0.029085,0.0,0.0,ok,13,17,0.0,0.0,0.0,0.0,0.0,0.0,0.0,0.0,0.0,0.0,0.0
deepcontact_mito,mito,empiar_10982_mitonet_benchmark,MitoNet,sali_00077,sparse,15.0,mito_benchmarks/salivary_gland/salivary_gland_em.tif,5.131,0.122623,0.065316,0.102143,0.153376,0.122623,0.997687,0.998578,2712,23839,14970,16735695,17682,26551,687754,0.02571,0.123451,0.076265,ok,30,14,0.066667,0.142857,0.090909,0.047619,0.0,0.0,0.0,0.0,0.057153,0.628688,0.090909
deepcontact_mito,mito,empiar_10982_mitonet_benchmark,MitoNet,sali_00078,sparse,15.0,mito_benchmarks/salivary_gland/salivary_gland_em.tif,5.679,0.20797,0.116053,0.193892,0.224252,0.20797,0.997737,0.998763,4984,20721,17241,16734270,22225,25705,624682,0.035578,0.227945,0.101454,ok,33,15,0.060606,0.133333,0.083333,0.043478,0.0,0.0,0.0,0.0,0.052138,0.625657,0.083333
deepcontact_mito,mito,empiar_10982_mitonet_benchmark,MitoNet,sali_00079,sparse,15.0,mito_benchmarks/salivary_gland/salivary_gland_em.tif,5.637,0.114822,0.060908,0.095703,0.143488,0.114822,0.996596,0.997911,3704,34999,22110,16716403,25814,38703,594080,0.043452,0.142267,0.104346,ok,32,18,0.03125,0.055556,0.04,0.020408,0.0,0.0,0.0,0.0,0.025666,0.641658,0.04
deepcontact_mito,mito,empiar_10982_mitonet_benchmark,MitoNet,sali_00080,sparse,15.0,mito_benchmarks/salivary_gland/salivary_gland_em.tif,5.28,0.081998,0.042752,0.101089,0.068972,0.081998,0.997969,0.999192,1522,13534,20545,16741615,22067,15056,577424,0.038216,0.052863,0.054496,ok,14,20,0.071429,0.05,0.058824,0.030303,0.0,0.0,0.0,0.0,0.036633,0.622757,0.058824
deepcontact_mito,mito,empiar_10982_mitonet_benchmark,MitoNet,sali_00081,sparse,15.0,mito_benchmarks/salivary_gland/salivary_gland_em.tif,5.034,0.072732,0.037739,0.09146,0.060371,0.072732,0.99798,0.999212,1329,13202,20685,16742000,22014,14531,326748,0.067373,0.058446,0.090169,ok,9,17,0.0,0.0,0.0,0.0,0.0,0.0,0.0,0.0,0.0,0.0,0.0
deepcontact_mito,mito,empiar_10982_mitonet_benchmark,MitoNet,sali_00082,sparse,15.0,mito_benchmarks/salivary_gland/salivary_gland_em.tif,5.079,0.260012,0.149433,0.281434,0.24162,0.260012,0.998171,0.999178,5392,13767,16924,16741133,22316,19159,292248,0.07636,0.304732,0.156146,ok,10,14,0.2,0.142857,0.166667,0.090909,0.0,0.0,0.0,0.0,0.111795,0.670772,0.166667
deepcontact_mito,mito,empiar_10982_mitonet_benchmark,MitoNet,sali_00083,sparse,15.0,mito_benchmarks/salivary_gland/salivary_gland_em.tif,5.838,0.142039,0.076449,0.123194,0.167691,0.142039,0.99833,0.999015,2319,16505,11510,16746882,13829,18824,328185,0.042138,0.167768,0.064459,ok,15,9,0.066667,0.111111,0.083333,0.043478,0.0,0.0,0.0,0.0,0.043198,0.518374,0.083333
deepcontact_mito,mito,empiar_10982_mitonet_benchmark,MitoNet,sali_00084,sparse,15.0,mito_benchmarks/salivary_gland/salivary_gland_em.tif,6.283,0.0,0.0,0.0,0.0,0.0,0.998741,0.999283,0,12020,9105,16756091,9105,12020,318004,0.028632,0.0,0.0,ok,10,7,0.0,0.0,0.0,0.0,0.0,0.0,0.0,0.0,0.0,0.0,0.0
deepcontact_mito,mito,empiar_10982_mitonet_benchmark,MitoNet,sali_00085,sparse,15.0,mito_benchmarks/salivary_gland/salivary_gland_em.tif,5.496,0.0,0.0,0.0,0.0,0.0,0.999493,0.999846,0,2577,5922,16768717,5922,2577,204074,0.029019,0.0,0.0,ok,4,6,0.0,0.0,0.0,0.0,0.0,0.0,0.0,0.0,0.0,0.0,0.0
deepcontact_mito,mito,empiar_10982_mitonet_benchmark,MitoNet,sali_00086,sparse,15.0,mito_benchmarks/salivary_gland/salivary_gland_em.tif,5.466,0.011791,0.005931,0.009991,0.014383,0.011791,0.999301,0.999586,70,6936,4797,16765413,4867,7006,334880,0.014534,0.0,0.027553,ok,6,5,0.0,0.0,0.0,0.0,0.0,0.0,0.0,0.0,0.0,0.0,0.0
deepcontact_mito,mito,empiar_10982_mitonet_benchmark,MitoNet,sali_00087,sparse,15.0,mito_benchmarks/salivary_gland/salivary_gland_em.tif,5.408,0.00659,0.003306,0.004739,0.010811,0.00659,0.999856,0.9999,8,1680,732,16774796,740,1688,3762,0.196704,0.0,0.18864,ok,1,1,0.0,0.0,0.0,0.0,0.0,0.0,0.0,0.0,0.0,0.0,0.0
deepcontact_mito,mito,empiar_10982_mitonet_benchmark,MitoNet,sali_00088,sparse,15.0,mito_benchmarks/salivary_gland/salivary_gland_em.tif,5.72,0.004159,0.002084,0.002732,0.008712,0.004159,0.999458,0.999587,19,6936,2162,16768099,2181,6955,77682,0.028076,0.0,0.065511,ok,7,2,0.0,0.0,0.0,0.0,0.0,0.0,0.0,0.0,0.0,0.0,0.0
deepcontact_mito,mito,empiar_10982_mitonet_benchmark,MitoNet,sali_00089,sparse,15.0,mito_benchmarks/salivary_gland/salivary_gland_em.tif,5.609,0.298531,0.175455,0.264894,0.341955,0.298531,0.999582,0.999753,1494,4146,2875,16768701,4369,5640,82680,0.052842,0.329467,0.179049,ok,3,4,0.333333,0.25,0.285714,0.166667,0.0,0.0,0.0,0.0,0.198226,0.693791,0.285714
deepcontact_mito,mito,empiar_10982_mitonet_benchmark,MitoNet,sali_00090,sparse,15.0,mito_benchmarks/salivary_gland/salivary_gland_em.tif,5.619,0.0,0.0,0.0,0.0,0.0,0.99971,0.999968,0,531,4341,16772344,4341,531,77546,0.05598,0.0,0.0,ok,1,6,0.0,0.0,0.0,0.0,0.0,0.0,0.0,0.0,0.0,0.0,0.0
deepcontact_mito,mito,empiar_10982_mitonet_benchmark,MitoNet,sali_00091,sparse,15.0,mito_benchmarks/salivary_gland/salivary_gland_em.tif,5.464,0.104378,0.055062,0.134493,0.085282,0.104378,0.998877,0.999579,1098,7066,11777,16757275,12875,8164,57134,0.225347,0.088601,0.128788,ok,5,8,0.2,0.125,0.153846,0.083333,0.2,0.125,0.153846,0.083333,0.117952,0.76669,0.153846
deepcontact_mito,mito,empiar_10982_mitonet_benchmark,MitoNet,sali_00092,sparse,15.0,mito_benchmarks/salivary_gland/salivary_gland_em.tif,5.627,0.15508,0.084058,0.44564,0.093874,0.15508,0.998951,0.99988,1615,2009,15589,16758003,17204,3624,52974,0.324763,0.033276,0.087817,ok,3,7,0.333333,0.142857,0.2,0.111111,0.0,0.0,0.0,0.0,0.105172,0.525862,0.2
deepcontact_mito,mito,empiar_10982_mitonet_benchmark,MitoNet,sali_00093,sparse,15.0,mito_benchmarks/salivary_gland/salivary_gland_em.tif,5.417,0.653338,0.485153,0.704876,0.608822,0.653338,0.999286,0.999718,11290,4727,7254,16753945,18544,16017,81420,0.227757,0.714378,0.236619,ok,10,6,0.1,0.166667,0.125,0.066667,0.1,0.166667,0.125,0.066667,0.100196,0.801567,0.125
deepcontact_mito,mito,empiar_10982_mitonet_benchmark,MitoNet,sali_00094,sparse,15.0,mito_benchmarks/salivary_gland/salivary_gland_em.tif,5.383,0.405213,0.254086,0.558683,0.317889,0.405213,0.999611,0.999895,2223,1756,4770,16768467,6993,3979,29388,0.237954,0.40026,0.251307,ok,2,3,0.5,0.333333,0.4,0.25,0.0,0.0,0.0,0.0,0.201683,0.504207,0.4
deepcontact_mito,mito,empiar_10982_mitonet_benchmark,MitoNet,tem_00095,sparse,2.0,tem_benchmark/images/0s1JawDdbBymwtwOjgx8.tiff,6.24,0.0,0.0,nan,0.0,0.0,0.990027,1.0,0,0,167315,16609901,167315,0,803160,0.208321,0.0,0.0,ok,0,17,nan,0.0,0.0,0.0,nan,0.0,0.0,0.0,0.0,0.0,0.0
deepcontact_mito,mito,empiar_10982_mitonet_benchmark,MitoNet,tem_00096,sparse,2.0,tem_benchmark/images/17pOyGcUusCVRfzUZxTs.tiff,1.193,0.0,0.0,nan,0.0,0.0,0.994368,1.0,0,0,94494,16682722,94494,0,365120,0.258803,0.0,0.0,ok,0,8,nan,0.0,0.0,0.0,nan,0.0,0.0,0.0,0.0,0.0,0.0
deepcontact_mito,mito,empiar_10982_mitonet_benchmark,MitoNet,tem_00097,sparse,2.0,tem_benchmark/images/1U0jYrdPwdlRDsQzkUNc.tiff,1.317,0.0,0.0,0.0,0.0,0.0,0.991314,0.995302,0,78500,67221,16631495,67221,78500,1009664,0.066578,0.0,0.0,ok,2,43,0.0,0.0,0.0,0.0,0.0,0.0,0.0,0.0,0.0,0.0,0.0
deepcontact_mito,mito,empiar_10982_mitonet_benchmark,MitoNet,tem_00098,sparse,2.0,tem_benchmark/images/1unGsOC0dfeB02LCtQwi.tiff,1.228,0.0,0.0,nan,0.0,0.0,0.994655,1.0,0,0,89679,16687537,89679,0,894976,0.100203,0.0,0.0,ok,0,16,nan,0.0,0.0,0.0,nan,0.0,0.0,0.0,0.0,0.0,0.0
deepcontact_mito,mito,empiar_10982_mitonet_benchmark,MitoNet,tem_00099,sparse,2.0,tem_benchmark/images/1vNHcbV4bWuC1zywuBdP.tiff,1.262,0.069303,0.035895,0.524159,0.037105,0.069303,0.981036,0.999347,11846,10754,307414,16447202,319260,22600,814080,0.392173,0.05935,0.008181,ok,2,28,0.0,0.0,0.0,0.0,0.0,0.0,0.0,0.0,0.0,0.0,0.0
deepcontact_mito,mito,empiar_10982_mitonet_benchmark,MitoNet,tem_00100,sparse,2.0,tem_benchmark/images/2Tlqk9n8mmGv6G0EGxwl.tiff,1.466,0.011398,0.005732,0.970051,0.005733,0.011398,0.951105,0.999991,4729,146,820183,15952158,824912,4875,1048576,0.786697,0.008618,0.001118,ok,1,62,0.0,0.0,0.0,0.0,0.0,0.0,0.0,0.0,0.0,0.0,0.0
deepcontact_mito,mito,empiar_10982_mitonet_benchmark,MitoNet,tem_00101,sparse,2.0,tem_benchmark/images/3ib2iOCHNQIgrUaxnLwm.tiff,1.203,0.0,0.0,nan,0.0,0.0,0.998489,1.0,0,0,25357,16751859,25357,0,235470,0.107687,0.0,0.0,ok,0,86,nan,0.0,0.0,0.0,nan,0.0,0.0,0.0,0.0,0.0,0.0
deepcontact_mito,mito,empiar_10982_mitonet_benchmark,MitoNet,tem_00102,sparse,2.0,tem_benchmark/images/3pbuH37yaTFrTt52QdNO.tiff,1.232,0.727579,0.571807,0.785179,0.677853,0.727579,0.97811,0.991642,490422,134177,233071,15919546,723493,624599,1154560,0.62664,0.738894,0.171271,ok,8,23,0.375,0.130435,0.193548,0.107143,0.25,0.086957,0.129032,0.068966,0.140662,0.726754,0.193548
deepcontact_mito,mito,empiar_10982_mitonet_benchmark,MitoNet,tem_00103,sparse,2.0,tem_benchmark/images/5BzcbKwHruGS296dUugB.tiff,1.163,0.0,0.0,nan,0.0,0.0,0.998788,1.0,0,0,20328,16756888,20328,0,72756,0.2794,0.0,0.0,ok,0,79,nan,0.0,0.0,0.0,nan,0.0,0.0,0.0,0.0,0.0,0.0
deepcontact_mito,mito,empiar_10982_mitonet_benchmark,MitoNet,tem_00104,sparse,2.0,tem_benchmark/images/6plriVrEepvhHyOBmtUc.tiff,1.306,0.151558,0.081993,0.09903,0.322761,0.151558,0.991409,0.993003,12873,117118,27011,16620214,39884,129991,619719,0.064358,0.18696,0.049977,ok,7,33,0.0,0.0,0.0,0.0,0.0,0.0,0.0,0.0,0.0,0.0,0.0
deepcontact_mito,mito,empiar_10982_mitonet_benchmark,MitoNet,tem_00105,sparse,2.0,tem_benchmark/images/6uc2ydKjW1yJG033GPjj.tiff,1.201,0.0,0.0,nan,0.0,0.0,0.998191,1.0,0,0,30345,16746871,30345,0,381920,0.079454,0.0,0.0,ok,0,8,nan,0.0,0.0,0.0,nan,0.0,0.0,0.0,0.0,0.0,0.0
deepcontact_mito,mito,empiar_10982_mitonet_benchmark,MitoNet,tem_00106,sparse,2.0,tem_benchmark/images/7Z7jSCJZ23zSW2ZztTPJ.tiff,1.315,0.0,0.0,nan,0.0,0.0,0.990824,1.0,0,0,153954,16623262,153954,0,1048576,0.146822,0.0,0.0,ok,0,117,nan,0.0,0.0,0.0,nan,0.0,0.0,0.0,0.0,0.0,0.0
deepcontact_mito,mito,empiar_10982_mitonet_benchmark,MitoNet,tem_00107,sparse,2.0,tem_benchmark/images/9SNS8ZHu7wx8HstQg2Vo.tiff,1.336,0.0,0.0,nan,0.0,0.0,0.997256,1.0,0,0,46039,16731177,46039,0,1012736,0.04546,0.0,0.0,ok,0,43,nan,0.0,0.0,0.0,nan,0.0,0.0,0.0,0.0,0.0,0.0
deepcontact_mito,mito,empiar_10982_mitonet_benchmark,MitoNet,tem_00108,sparse,2.0,tem_benchmark/images/9jHLkwpVONtdgyvLyhds.tiff,1.204,0.0,0.0,nan,0.0,0.0,0.993519,1.0,0,0,108728,16668488,108728,0,967680,0.112359,0.0,0.0,ok,0,15,nan,0.0,0.0,0.0,nan,0.0,0.0,0.0,0.0,0.0,0.0
deepcontact_mito,mito,empiar_10982_mitonet_benchmark,MitoNet,tem_00109,sparse,2.0,tem_benchmark/images/AH9rwncuiyjonmnTpzc6.tiff,1.257,0.0,0.0,nan,0.0,0.0,0.992955,1.0,0,0,118191,16659025,118191,0,864032,0.13679,0.0,0.0,ok,0,17,nan,0.0,0.0,0.0,nan,0.0,0.0,0.0,0.0,0.0,0.0
deepcontact_mito,mito,empiar_10982_mitonet_benchmark,MitoNet,tem_00110,sparse,2.0,tem_benchmark/images/ALknkSgr7aoWr14RfrSV.tiff,1.327,0.365062,0.223288,0.786815,0.237667,0.365062,0.986538,0.998934,64928,17592,208261,16486435,273189,82520,1448502,0.188601,0.289019,0.109982,ok,2,7,1.0,0.285714,0.444444,0.285714,0.5,0.142857,0.222222,0.125,0.323819,0.728592,0.444444
deepcontact_mito,mito,empiar_10982_mitonet_benchmark,MitoNet,tem_00111,sparse,2.0,tem_benchmark/images/AOVAPBvPacOXcUoVM3uZ.tiff,1.281,0.0,0.0,nan,0.0,0.0,0.973376,1.0,0,0,446683,16330533,446683,0,829440,0.538536,0.0,0.0,ok,0,54,nan,0.0,0.0,0.0,nan,0.0,0.0,0.0,0.0,0.0,0.0
deepcontact_mito,mito,empiar_10982_mitonet_benchmark,MitoNet,tem_00112,sparse,2.0,tem_benchmark/images/AvUtncbaV60ITOmLlAkQ.tiff,1.362,0.161041,0.087572,0.28243,0.112631,0.161041,0.992204,0.998086,12554,31896,98907,16633859,111461,44450,801792,0.139015,0.116536,0.01376,ok,3,66,0.0,0.0,0.0,0.0,0.0,0.0,0.0,0.0,0.0,0.0,0.0
deepcontact_mito,mito,empiar_10982_mitonet_benchmark,MitoNet,tem_00113,sparse,2.0,tem_benchmark/images/DccMhwElHJmbuS2J8lrU.tiff,1.323,0.844295,0.730546,0.824751,0.864789,0.844295,0.998353,0.999046,74908,15917,11712,16674679,86620,90825,581632,0.148926,0.868926,0.242026,ok,6,6,0.333333,0.333333,0.333333,0.2,0.333333,0.333333,0.333333,0.2,0.276962,0.830886,0.333333
deepcontact_mito,mito,empiar_10982_mitonet_benchmark,MitoNet,tem_00114,sparse,2.0,tem_benchmark/images/DprwEW2YlVIuqe8iiBUM.tiff,1.305,0.0,0.0,nan,0.0,0.0,0.997313,1.0,0,0,45087,16732129,45087,0,794848,0.056724,0.0,0.0,ok,0,24,nan,0.0,0.0,0.0,nan,0.0,0.0,0.0,0.0,0.0,0.0
deepcontact_mito,mito,empiar_10982_mitonet_benchmark,MitoNet,tem_00115,sparse,2.0,tem_benchmark/images/E3DjzU1Hv0lKtRerU0dr.tiff,1.221,0.0,0.0,nan,0.0,0.0,0.99648,1.0,0,0,59051,16718165,59051,0,1048576,0.056315,0.0,0.0,ok,0,32,nan,0.0,0.0,0.0,nan,0.0,0.0,0.0,0.0,0.0,0.0
deepcontact_mito,mito,empiar_10982_mitonet_benchmark,MitoNet,tem_00116,sparse,2.0,tem_benchmark/images/FJkyZfNswUHYI8UXjInE.tiff,1.291,0.0,0.0,nan,0.0,0.0,0.995542,1.0,0,0,74794,16702422,74794,0,973685,0.076815,0.0,0.0,ok,0,20,nan,0.0,0.0,0.0,nan,0.0,0.0,0.0,0.0,0.0,0.0
deepcontact_mito,mito,empiar_10982_mitonet_benchmark,MitoNet,tem_00117,sparse,2.0,tem_benchmark/images/FSqfiQ5X7pl4pbbBV3og.tiff,1.243,0.0,0.0,0.0,0.0,0.0,0.992902,0.995346,0,77888,41189,16658139,41189,77888,444344,0.092696,0.0,0.0,ok,1,9,0.0,0.0,0.0,0.0,0.0,0.0,0.0,0.0,0.0,0.0,0.0
deepcontact_mito,mito,empiar_10982_mitonet_benchmark,MitoNet,tem_00118,sparse,2.0,tem_benchmark/images/FcQtYwd3CZhEoqWrZQ6a.tiff,1.498,0.0,0.0,nan,0.0,0.0,0.996254,1.0,0,0,62840,16714376,62840,0,821744,0.076472,0.0,0.0,ok,0,30,nan,0.0,0.0,0.0,nan,0.0,0.0,0.0,0.0,0.0,0.0
deepcontact_mito,mito,empiar_10982_mitonet_benchmark,MitoNet,tem_00119,sparse,2.0,tem_benchmark/images/GC18X3wh91fultTzXk0n.tiff,1.298,0.13122,0.070217,0.122811,0.140866,0.13122,0.993739,0.996611,7933,56662,48383,16664238,56316,64595,468765,0.120137,0.09465,0.099191,ok,3,8,0.333333,0.125,0.181818,0.1,0.333333,0.125,0.181818,0.1,0.154136,0.847746,0.181818
deepcontact_mito,mito,empiar_10982_mitonet_benchmark,MitoNet,tem_00120,sparse,2.0,tem_benchmark/images/Gp5MEeb8iAuYfrAcOb3T.tiff,1.262,0.0,0.0,0.0,0.0,0.0,0.992187,0.998128,0,31225,99853,16646138,99853,31225,1001472,0.099706,0.0,0.0,ok,2,38,0.0,0.0,0.0,0.0,0.0,0.0,0.0,0.0,0.0,0.0,0.0
deepcontact_mito,mito,empiar_10982_mitonet_benchmark,MitoNet,tem_00121,sparse,2.0,tem_benchmark/images/HIv1HOOLTWhvBGs2GLAW.tiff,1.434,0.0,0.0,nan,0.0,0.0,0.984392,1.0,0,0,261862,16515354,261862,0,1044480,0.25071,0.0,0.0,ok,0,50,nan,0.0,0.0,0.0,nan,0.0,0.0,0.0,0.0,0.0,0.0
deepcontact_mito,mito,empiar_10982_mitonet_benchmark,MitoNet,tem_00122,sparse,2.0,tem_benchmark/images/HWJC0I0n5pPosm91fPN9.tiff,1.321,0.121213,0.064517,0.705478,0.066303,0.121213,0.991218,0.999745,10161,4242,143091,16619722,153252,14403,932000,0.164433,0.094079,0.019617,ok,2,16,0.5,0.0625,0.111111,0.058824,0.5,0.0625,0.111111,0.058824,0.08966,0.806941,0.111111
deepcontact_mito,mito,empiar_10982_mitonet_benchmark,MitoNet,tem_00123,sparse,2.0,tem_benchmark/images/IsdoTn0CZN3NNBHw9eHs.tiff,1.253,0.060977,0.031447,0.042865,0.105594,0.060977,0.990852,0.993349,4983,111267,42207,16618759,47190,116250,1017856,0.046362,0.052213,0.024257,ok,2,73,0.0,0.0,0.0,0.0,0.0,0.0,0.0,0.0,0.0,0.0,0.0
deepcontact_mito,mito,empiar_10982_mitonet_benchmark,MitoNet,tem_00124,sparse,2.0,tem_benchmark/images/JbZdraW8jUWOkWYenUQW.tiff,1.682,0.336359,0.202183,0.783037,0.214181,0.336359,0.994723,0.999627,22434,6216,82309,16666257,104743,28650,282384,0.370924,0.368405,0.12059,ok,3,19,0.0,0.0,0.0,0.0,0.0,0.0,0.0,0.0,0.0,0.0,0.0
deepcontact_mito,mito,empiar_10982_mitonet_benchmark,MitoNet,tem_00125,sparse,2.0,tem_benchmark/images/KDdqT7pjt4RB6DP9YhBv.tiff,1.258,0.0,0.0,nan,0.0,0.0,0.998658,1.0,0,0,22517,16754699,22517,0,147076,0.153098,0.0,0.0,ok,0,8,nan,0.0,0.0,0.0,nan,0.0,0.0,0.0,0.0,0.0,0.0
deepcontact_mito,mito,empiar_10982_mitonet_benchmark,MitoNet,tem_00126,sparse,2.0,tem_benchmark/images/KYJvyQylQ6GoiyoABzCi.tiff,1.262,0.0,0.0,nan,0.0,0.0,0.997328,1.0,0,0,44822,16732394,44822,0,808588,0.055432,0.0,0.0,ok,0,47,nan,0.0,0.0,0.0,nan,0.0,0.0,0.0,0.0,0.0,0.0
deepcontact_mito,mito,empiar_10982_mitonet_benchmark,MitoNet,tem_00127,sparse,2.0,tem_benchmark/images/MTeOXdixYD6o3ysTjtlY.tiff,1.255,0.0,0.0,0.0,0.0,0.0,0.995887,0.999339,0,11050,57962,16708204,57962,11050,540155,0.107306,0.0,0.0,ok,1,14,0.0,0.0,0.0,0.0,0.0,0.0,0.0,0.0,0.0,0.0,0.0
deepcontact_mito,mito,empiar_10982_mitonet_benchmark,MitoNet,tem_00128,sparse,2.0,tem_benchmark/images/MWyu8XxfJUz0tPpjMG68.tiff,1.271,0.0,0.0,nan,0.0,0.0,0.997342,1.0,0,0,44590,16732626,44590,0,400334,0.111382,0.0,0.0,ok,0,23,nan,0.0,0.0,0.0,nan,0.0,0.0,0.0,0.0,0.0,0.0
deepcontact_mito,mito,empiar_10982_mitonet_benchmark,MitoNet,tem_00129,sparse,2.0,tem_benchmark/images/N9aIKs7lUVsYd6bT3LxC.tiff,1.221,0.253013,0.144828,0.869279,0.148053,0.253013,0.987273,0.999671,36162,5438,208089,16527527,244251,41600,1048576,0.232936,0.432059,0.064551,ok,4,18,0.5,0.111111,0.181818,0.1,0.25,0.055556,0.090909,0.047619,0.121319,0.667256,0.181818
deepcontact_mito,mito,empiar_10982_mitonet_benchmark,MitoNet,tem_00130,sparse,2.0,tem_benchmark/images/NFlQQXCuLN49baKGNHc8.tiff,1.316,0.268898,0.155333,0.311829,0.236357,0.268898,0.993964,0.997539,18624,41101,60172,16657319,78796,59725,928768,0.084839,0.197858,0.066124,ok,4,16,0.25,0.0625,0.1,0.052632,0.0,0.0,0.0,0.0,0.062755,0.627549,0.1
deepcontact_mito,mito,empiar_10982_mitonet_benchmark,MitoNet,tem_00131,sparse,2.0,tem_benchmark/images/NWNws2Vo4AQhIw579f4E.tiff,1.24,0.0,0.0,nan,0.0,0.0,0.976208,1.0,0,0,399156,16378060,399156,0,944424,0.422645,0.0,0.0,ok,0,39,nan,0.0,0.0,0.0,nan,0.0,0.0,0.0,0.0,0.0,0.0
deepcontact_mito,mito,empiar_10982_mitonet_benchmark,MitoNet,tem_00132,sparse,2.0,tem_benchmark/images/NpIsioJcraoQ7UM5w5KA.tiff,1.213,0.131276,0.070249,0.086637,0.270805,0.131276,0.994655,0.995736,6775,71425,18243,16680773,25018,78200,502200,0.049817,0.049199,0.033452,ok,1,42,0.0,0.0,0.0,0.0,0.0,0.0,0.0,0.0,0.0,0.0,0.0
deepcontact_mito,mito,empiar_10982_mitonet_benchmark,MitoNet,tem_00133,sparse,2.0,tem_benchmark/images/P4f6REHlY0j5oPr8hyFr.tiff,1.233,0.0,0.0,nan,0.0,0.0,0.999181,1.0,0,0,13747,16763469,13747,0,158330,0.086825,0.0,0.0,ok,0,77,nan,0.0,0.0,0.0,nan,0.0,0.0,0.0,0.0,0.0,0.0
deepcontact_mito,mito,empiar_10982_mitonet_benchmark,MitoNet,tem_00134,sparse,2.0,tem_benchmark/images/PRV36TemoPe3oPNL0RXZ.tiff,1.364,0.0,0.0,0.0,0.0,0.0,0.973056,0.989657,0,170615,281434,16325167,281434,170615,1052945,0.267283,0.0,0.0,ok,1,44,0.0,0.0,0.0,0.0,0.0,0.0,0.0,0.0,0.0,0.0,0.0
deepcontact_mito,mito,empiar_10982_mitonet_benchmark,MitoNet,tem_00135,sparse,2.0,tem_benchmark/images/QLwSiZlPfFaKn9UkVw5A.tiff,1.417,0.0,0.0,nan,0.0,0.0,0.993525,1.0,0,0,108640,16668576,108640,0,1048576,0.103607,0.0,0.0,ok,0,20,nan,0.0,0.0,0.0,nan,0.0,0.0,0.0,0.0,0.0,0.0
deepcontact_mito,mito,empiar_10982_mitonet_benchmark,MitoNet,tem_00136,sparse,2.0,tem_benchmark/images/QQZlSgIkiL7OdZ2a8oIm.tiff,1.333,0.0,0.0,0.0,0.0,0.0,0.992096,0.99728,0,45400,87211,16644605,87211,45400,847100,0.102952,0.0,0.0,ok,1,25,0.0,0.0,0.0,0.0,0.0,0.0,0.0,0.0,0.0,0.0,0.0
deepcontact_mito,mito,empiar_10982_mitonet_benchmark,MitoNet,tem_00137,sparse,2.0,tem_benchmark/images/QWlbQZ1v00zxmk2Fp3Le.tiff,1.679,0.0,0.0,nan,0.0,0.0,0.994352,1.0,0,0,94764,16682452,94764,0,398812,0.237616,0.0,0.0,ok,0,12,nan,0.0,0.0,0.0,nan,0.0,0.0,0.0,0.0,0.0,0.0
deepcontact_mito,mito,empiar_10982_mitonet_benchmark,MitoNet,tem_00138,sparse,2.0,tem_benchmark/images/QWqaLBDT0uuxxNX25kP9.tiff,1.389,0.0,0.0,0.0,0.0,0.0,0.995023,0.998,0,33450,50049,16693717,50049,33450,1048576,0.04773,0.0,0.0,ok,3,25,0.0,0.0,0.0,0.0,0.0,0.0,0.0,0.0,0.0,0.0,0.0
deepcontact_mito,mito,empiar_10982_mitonet_benchmark,MitoNet,tem_00139,sparse,2.0,tem_benchmark/images/QsP5DBmv2NYg8LUlw8b1.tiff,1.323,0.0,0.0,nan,0.0,0.0,0.998069,1.0,0,0,32392,16744824,32392,0,921496,0.035152,0.0,0.0,ok,0,41,nan,0.0,0.0,0.0,nan,0.0,0.0,0.0,0.0,0.0,0.0
deepcontact_mito,mito,empiar_10982_mitonet_benchmark,MitoNet,tem_00140,sparse,2.0,tem_benchmark/images/R6p8J6wCSmn3aStj4GHv.tiff,1.258,0.0,0.0,0.0,0.0,0.0,0.997034,0.999056,0,15800,33961,16727455,33961,15800,1029120,0.033,0.0,0.0,ok,1,17,0.0,0.0,0.0,0.0,0.0,0.0,0.0,0.0,0.0,0.0,0.0
deepcontact_mito,mito,empiar_10982_mitonet_benchmark,MitoNet,tem_00141,sparse,2.0,tem_benchmark/images/RoECvy0RbILoKiv8jYab.tiff,1.321,0.0,0.0,nan,0.0,0.0,0.999261,1.0,0,0,12403,16764813,12403,0,52455,0.23645,0.0,0.0,ok,0,6,nan,0.0,0.0,0.0,nan,0.0,0.0,0.0,0.0,0.0,0.0
deepcontact_mito,mito,empiar_10982_mitonet_benchmark,MitoNet,tem_00142,sparse,2.0,tem_benchmark/images/SXnwBMNzR18D8sKSjh8g.tiff,1.366,0.008812,0.004425,0.006674,0.012966,0.008812,0.993577,0.995741,479,71296,36464,16668977,36943,71775,1048576,0.035232,0.005928,0.021953,ok,3,15,0.0,0.0,0.0,0.0,0.0,0.0,0.0,0.0,0.0,0.0,0.0
deepcontact_mito,mito,empiar_10982_mitonet_benchmark,MitoNet,tem_00143,sparse,2.0,tem_benchmark/images/TCzgvIZVHqNFtdJEPaXf.tiff,1.3,0.29195,0.170926,0.656146,0.187743,0.29195,0.978242,0.997592,75260,39440,325607,16336909,400867,114700,808828,0.495615,0.257837,0.025361,ok,1,17,0.0,0.0,0.0,0.0,0.0,0.0,0.0,0.0,0.0,0.0,0.0
deepcontact_mito,mito,empiar_10982_mitonet_benchmark,MitoNet,tem_00144,sparse,2.0,tem_benchmark/images/TbVlEbkOaXvgqXuOC2y5.tiff,1.32,0.0,0.0,nan,0.0,0.0,0.988264,1.0,0,0,196896,16580320,196896,0,1040384,0.189253,0.0,0.0,ok,0,13,nan,0.0,0.0,0.0,nan,0.0,0.0,0.0,0.0,0.0,0.0
deepcontact_mito,mito,empiar_10982_mitonet_benchmark,MitoNet,tem_00145,sparse,2.0,tem_benchmark/images/UH2Xa2sqyug07qibeLI2.tiff,1.292,0.0,0.0,nan,0.0,0.0,0.990354,1.0,0,0,161829,16615387,161829,0,652036,0.24819,0.0,0.0,ok,0,21,nan,0.0,0.0,0.0,nan,0.0,0.0,0.0,0.0,0.0,0.0
deepcontact_mito,mito,empiar_10982_mitonet_benchmark,MitoNet,tem_00146,sparse,2.0,tem_benchmark/images/UTbbCmNhBbRwzOznV6eM.tiff,1.212,0.0,0.0,nan,0.0,0.0,0.99806,1.0,0,0,32541,16744675,32541,0,406636,0.080025,0.0,0.0,ok,0,4,nan,0.0,0.0,0.0,nan,0.0,0.0,0.0,0.0,0.0,0.0
deepcontact_mito,mito,empiar_10982_mitonet_benchmark,MitoNet,tem_00147,sparse,2.0,tem_benchmark/images/Ub2PGMk15slpiDOMy6gd.tiff,1.297,0.095826,0.050324,0.557467,0.052418,0.095826,0.995297,0.999801,4181,3319,75581,16694135,79762,7500,839474,0.095014,0.099206,0.00354,ok,1,20,0.0,0.0,0.0,0.0,0.0,0.0,0.0,0.0,0.0,0.0,0.0
deepcontact_mito,mito,empiar_10982_mitonet_benchmark,MitoNet,tem_00148,sparse,2.0,tem_benchmark/images/UuyHhnn7MjnSClcZPBAG.tiff,1.274,0.002699,0.001351,0.003862,0.002074,0.002699,0.9937,0.997793,143,36882,68816,16671375,68959,37025,533338,0.129297,0.0,0.009895,ok,4,46,0.0,0.0,0.0,0.0,0.0,0.0,0.0,0.0,0.0,0.0,0.0
deepcontact_mito,mito,empiar_10982_mitonet_benchmark,MitoNet,tem_00149,sparse,2.0,tem_benchmark/images/V52bj9CYW97AUqevB2Rv.tiff,1.371,0.0,0.0,nan,0.0,0.0,0.985196,1.0,0,0,248377,16528839,248377,0,858112,0.289446,0.0,0.0,ok,0,22,nan,0.0,0.0,0.0,nan,0.0,0.0,0.0,0.0,0.0,0.0
deepcontact_mito,mito,empiar_10982_mitonet_benchmark,MitoNet,tem_00150,sparse,2.0,tem_benchmark/images/VFu9kl8plvKxrBEwRfhL.tiff,1.339,0.0,0.0,0.0,0.0,0.0,0.997484,0.999576,0,7100,35115,16735001,35115,7100,761805,0.046094,0.0,0.0,ok,1,30,0.0,0.0,0.0,0.0,0.0,0.0,0.0,0.0,0.0,0.0,0.0
deepcontact_mito,mito,empiar_10982_mitonet_benchmark,MitoNet,tem_00151,sparse,2.0,tem_benchmark/images/VcJ1fV2RlrJrmLHIzdIv.tiff,1.352,0.0,0.0,nan,0.0,0.0,0.99746,1.0,0,0,42621,16734595,42621,0,858162,0.049665,0.0,0.0,ok,0,26,nan,0.0,0.0,0.0,nan,0.0,0.0,0.0,0.0,0.0,0.0
deepcontact_mito,mito,empiar_10982_mitonet_benchmark,MitoNet,tem_00152,sparse,2.0,tem_benchmark/images/WCqmS6R1MFjZfQXMEbov.tiff,1.233,0.0,0.0,nan,0.0,0.0,0.989898,1.0,0,0,169476,16607740,169476,0,416273,0.407127,0.0,0.0,ok,0,47,nan,0.0,0.0,0.0,nan,0.0,0.0,0.0,0.0,0.0,0.0
deepcontact_mito,mito,empiar_10982_mitonet_benchmark,MitoNet,tem_00153,sparse,2.0,tem_benchmark/images/X1DAYM5MVaMXPhpeeTBT.tiff,1.255,0.0,0.0,nan,0.0,0.0,0.998345,1.0,0,0,27766,16749450,27766,0,304914,0.091062,0.0,0.0,ok,0,10,nan,0.0,0.0,0.0,nan,0.0,0.0,0.0,0.0,0.0,0.0
deepcontact_mito,mito,empiar_10982_mitonet_benchmark,MitoNet,tem_00154,sparse,2.0,tem_benchmark/images/XsisEi7EmDiq7esbhl3k.tiff,1.294,0.0,0.0,nan,0.0,0.0,0.998677,1.0,0,0,22189,16755027,22189,0,1048576,0.021161,0.0,0.0,ok,0,19,nan,0.0,0.0,0.0,nan,0.0,0.0,0.0,0.0,0.0,0.0
deepcontact_mito,mito,empiar_10982_mitonet_benchmark,MitoNet,tem_00155,sparse,2.0,tem_benchmark/images/XzLxoE9qQ3O9Gq28iveF.tiff,1.229,0.030344,0.015405,0.604272,0.015562,0.030344,0.994072,0.999939,1556,1019,98428,16676213,99984,2575,1019904,0.098033,0.043154,0.005196,ok,2,21,0.0,0.0,0.0,0.0,0.0,0.0,0.0,0.0,0.0,0.0,0.0
deepcontact_mito,mito,empiar_10982_mitonet_benchmark,MitoNet,tem_00156,sparse,2.0,tem_benchmark/images/Y5Uy1ACZO4MkqTvSzJcS.tiff,1.28,0.125548,0.066978,0.927534,0.067331,0.125548,0.991413,0.999951,10342,808,143258,16622808,153600,11150,291000,0.527835,0.108579,0.019859,ok,1,9,0.0,0.0,0.0,0.0,0.0,0.0,0.0,0.0,0.0,0.0,0.0
deepcontact_mito,mito,empiar_10982_mitonet_benchmark,MitoNet,tem_00157,sparse,2.0,tem_benchmark/images/YnjZLcFb5mRSIQR7oTJ1.tiff,1.309,0.004915,0.002464,0.069189,0.002548,0.004915,0.993821,0.999793,256,3444,100216,16673300,100472,3700,715776,0.140368,0.001229,0.00274,ok,1,99,0.0,0.0,0.0,0.0,0.0,0.0,0.0,0.0,0.0,0.0,0.0
deepcontact_mito,mito,empiar_10982_mitonet_benchmark,MitoNet,tem_00158,sparse,2.0,tem_benchmark/images/aLriAAXSpMzI1tSLzl05.tiff,1.198,0.0,0.0,0.0,0.0,0.0,0.996218,0.998935,0,17825,45631,16713760,45631,17825,682520,0.066857,0.0,0.0,ok,1,19,0.0,0.0,0.0,0.0,0.0,0.0,0.0,0.0,0.0,0.0,0.0
deepcontact_mito,mito,empiar_10982_mitonet_benchmark,MitoNet,tem_00159,sparse,2.0,tem_benchmark/images/bUsTjDOJHiHMPCNIWkuT.tiff,1.316,0.0,0.0,nan,0.0,0.0,0.999226,1.0,0,0,12990,16764226,12990,0,258842,0.050185,0.0,0.0,ok,0,9,nan,0.0,0.0,0.0,nan,0.0,0.0,0.0,0.0,0.0,0.0
deepcontact_mito,mito,empiar_10982_mitonet_benchmark,MitoNet,tem_00160,sparse,2.0,tem_benchmark/images/ch1HZ72XmfK9rD5K40QW.tiff,1.247,0.0,0.0,0.0,0.0,0.0,0.990809,0.993704,0,105330,48867,16623019,48867,105330,859408,0.056861,0.0,0.0,ok,1,25,0.0,0.0,0.0,0.0,0.0,0.0,0.0,0.0,0.0,0.0,0.0
deepcontact_mito,mito,empiar_10982_mitonet_benchmark,MitoNet,tem_00161,sparse,2.0,tem_benchmark/images/cwpw4Zu4rqVzbTMPhql2.tiff,1.307,0.113027,0.059899,0.09795,0.133591,0.113027,0.991261,0.994851,9342,86033,60588,16621253,69930,95375,1037312,0.067415,0.110651,0.043038,ok,4,18,0.0,0.0,0.0,0.0,0.0,0.0,0.0,0.0,0.0,0.0,0.0
deepcontact_mito,mito,empiar_10982_mitonet_benchmark,MitoNet,tem_00162,sparse,2.0,tem_benchmark/images/d2Cvt7UfKPIAnaJGlKpw.tiff,1.719,0.0,0.0,0.0,0.0,0.0,0.995162,0.998757,0,20775,60392,16696049,60392,20775,826110,0.073104,0.0,0.0,ok,1,64,0.0,0.0,0.0,0.0,0.0,0.0,0.0,0.0,0.0,0.0,0.0
deepcontact_mito,mito,empiar_10982_mitonet_benchmark,MitoNet,tem_00163,sparse,2.0,tem_benchmark/images/d7McLI44TDhNmnd1QSpo.tiff,1.502,0.0,0.0,nan,0.0,0.0,0.994777,1.0,0,0,87633,16689583,87633,0,650960,0.134621,0.0,0.0,ok,0,16,nan,0.0,0.0,0.0,nan,0.0,0.0,0.0,0.0,0.0,0.0
deepcontact_mito,mito,empiar_10982_mitonet_benchmark,MitoNet,tem_00164,sparse,2.0,tem_benchmark/images/dYaOkBZPfpE3oHiplIst.tiff,1.302,0.0,0.0,0.0,0.0,0.0,0.997126,0.998947,0,17635,30581,16729000,30581,17635,576534,0.053043,0.0,0.0,ok,1,10,0.0,0.0,0.0,0.0,0.0,0.0,0.0,0.0,0.0,0.0,0.0
deepcontact_mito,mito,empiar_10982_mitonet_benchmark,MitoNet,tem_00165,sparse,2.0,tem_benchmark/images/e8mrOPbV0mqJZ5L7xY8c.tiff,1.256,0.073901,0.038368,0.100933,0.05829,0.073901,0.992327,0.997259,5136,45749,82975,16643356,88111,50885,731964,0.120376,0.06345,0.031928,ok,5,47,0.2,0.021277,0.038462,0.019608,0.0,0.0,0.0,0.0,0.023315,0.606187,0.038462
deepcontact_mito,mito,empiar_10982_mitonet_benchmark,MitoNet,tem_00166,sparse,2.0,tem_benchmark/images/eL79mWeRWlqFAqOO6w8o.tiff,1.419,0.0,0.0,nan,0.0,0.0,0.997422,1.0,0,0,43246,16733970,43246,0,571120,0.075721,0.0,0.0,ok,0,21,nan,0.0,0.0,0.0,nan,0.0,0.0,0.0,0.0,0.0,0.0
deepcontact_mito,mito,empiar_10982_mitonet_benchmark,MitoNet,tem_00167,sparse,2.0,tem_benchmark/images/ghAKYp44DzBUhlyn7Kec.tiff,1.259,0.0,0.0,0.0,0.0,0.0,0.986981,0.992792,0,120225,98204,16558787,98204,120225,1044480,0.094022,0.0,0.0,ok,2,25,0.0,0.0,0.0,0.0,0.0,0.0,0.0,0.0,0.0,0.0,0.0
deepcontact_mito,mito,empiar_10982_mitonet_benchmark,MitoNet,tem_00168,sparse,2.0,tem_benchmark/images/gxdh9YGZMJUB58YvyzgM.tiff,1.4,0.027758,0.014074,0.673242,0.014171,0.027758,0.984609,0.999892,3686,1789,256423,16515318,260109,5475,962560,0.270226,0.043659,0.004457,ok,1,42,0.0,0.0,0.0,0.0,0.0,0.0,0.0,0.0,0.0,0.0,0.0
deepcontact_mito,mito,empiar_10982_mitonet_benchmark,MitoNet,tem_00169,sparse,2.0,tem_benchmark/images/hR5EYnvM2Ysjfddi9ZTt.tiff,1.221,0.0,0.0,nan,0.0,0.0,0.98526,1.0,0,0,247293,16529923,247293,0,1048576,0.235837,0.0,0.0,ok,0,27,nan,0.0,0.0,0.0,nan,0.0,0.0,0.0,0.0,0.0,0.0
deepcontact_mito,mito,empiar_10982_mitonet_benchmark,MitoNet,tem_00170,sparse,2.0,tem_benchmark/images/iDXfFDvQLRHsB4XZHb3A.tiff,1.294,0.005337,0.002675,0.875,0.002676,0.005337,0.996112,0.999999,175,25,65211,16711805,65386,200,914432,0.071504,0.0,0.0,ok,2,6,0.0,0.0,0.0,0.0,0.0,0.0,0.0,0.0,0.0,0.0,0.0
deepcontact_mito,mito,empiar_10982_mitonet_benchmark,MitoNet,tem_00171,sparse,2.0,tem_benchmark/images/iidFXTWegya1bm1hl5to.tiff,1.238,0.0,0.0,nan,0.0,0.0,0.985007,1.0,0,0,251536,16525680,251536,0,1382400,0.181956,0.0,0.0,ok,0,129,nan,0.0,0.0,0.0,nan,0.0,0.0,0.0,0.0,0.0,0.0
deepcontact_mito,mito,empiar_10982_mitonet_benchmark,MitoNet,tem_00172,sparse,2.0,tem_benchmark/images/j1k88xV7tmKNMLM4bj1h.tiff,1.343,0.000402,0.000201,0.000474,0.000349,0.000402,0.989631,0.995574,35,73815,100143,16603223,100178,73850,790251,0.126767,0.0,0.005271,ok,3,21,0.0,0.0,0.0,0.0,0.0,0.0,0.0,0.0,0.0,0.0,0.0
deepcontact_mito,mito,empiar_10982_mitonet_benchmark,MitoNet,tem_00173,sparse,2.0,tem_benchmark/images/k0Ij8iyjBDimmOPwtFHL.tiff,1.302,0.593144,0.42161,0.433858,0.937245,0.593144,0.9933,0.993594,81934,106916,5486,16582880,87420,188850,288351,0.303172,0.715761,0.039911,ok,1,18,0.0,0.0,0.0,0.0,0.0,0.0,0.0,0.0,0.0,0.0,0.0
deepcontact_mito,mito,empiar_10982_mitonet_benchmark,MitoNet,tem_00174,sparse,2.0,tem_benchmark/images/k4Uw1csHJKTrviecgXyz.tiff,1.316,0.012356,0.006216,0.118652,0.006517,0.012356,0.992453,0.999647,792,5883,120734,16649807,121526,6675,956416,0.127064,0.0,0.004319,ok,1,19,0.0,0.0,0.0,0.0,0.0,0.0,0.0,0.0,0.0,0.0,0.0
deepcontact_mito,mito,empiar_10982_mitonet_benchmark,MitoNet,tem_00175,sparse,2.0,tem_benchmark/images/kBnMAlFJtapfTpTu5iHL.tiff,1.291,0.0,0.0,nan,0.0,0.0,0.999671,1.0,0,0,5516,16771700,5516,0,76310,0.072284,0.0,0.0,ok,0,2,nan,0.0,0.0,0.0,nan,0.0,0.0,0.0,0.0,0.0,0.0
deepcontact_mito,mito,empiar_10982_mitonet_benchmark,MitoNet,tem_00176,sparse,2.0,tem_benchmark/images/kF3EaTAoYeTRf12uLsIX.tiff,1.472,0.590882,0.419328,0.720986,0.500556,0.590882,0.981232,0.994609,227381,87994,226876,16234965,454257,315375,1740000,0.261067,0.578542,0.257488,ok,22,41,0.681818,0.365854,0.47619,0.3125,0.636364,0.341463,0.444444,0.285714,0.386327,0.811286,0.47619
deepcontact_mito,mito,empiar_10982_mitonet_benchmark,MitoNet,tem_00177,sparse,2.0,tem_benchmark/images/lCH8UM6Mv2AG7zDPrqHA.tiff,1.785,0.0,0.0,nan,0.0,0.0,0.99759,1.0,0,0,40427,16736789,40427,0,824776,0.049016,0.0,0.0,ok,0,36,nan,0.0,0.0,0.0,nan,0.0,0.0,0.0,0.0,0.0,0.0
deepcontact_mito,mito,empiar_10982_mitonet_benchmark,MitoNet,tem_00178,sparse,2.0,tem_benchmark/images/lw3ENjwOInSmgeNNY0Qk.tiff,1.308,0.0,0.0,0.0,0.0,0.0,0.995874,0.997746,0,37745,31472,16707999,31472,37745,551040,0.057114,0.0,0.0,ok,1,17,0.0,0.0,0.0,0.0,0.0,0.0,0.0,0.0,0.0,0.0,0.0
deepcontact_mito,mito,empiar_10982_mitonet_benchmark,MitoNet,tem_00179,sparse,2.0,tem_benchmark/images/ngygM944aKxBq6rf72Zl.tiff,1.259,0.0,0.0,0.0,0.0,0.0,0.994852,0.995804,0,70325,16051,16690840,16051,70325,838656,0.019139,0.0,0.0,ok,1,5,0.0,0.0,0.0,0.0,0.0,0.0,0.0,0.0,0.0,0.0,0.0
deepcontact_mito,mito,empiar_10982_mitonet_benchmark,MitoNet,tem_00180,sparse,2.0,tem_benchmark/images/pLeNHL0RTZwYh5EwN7up.tiff,1.585,0.0,0.0,nan,0.0,0.0,0.998441,1.0,0,0,26149,16751067,26149,0,69888,0.374156,0.0,0.0,ok,0,24,nan,0.0,0.0,0.0,nan,0.0,0.0,0.0,0.0,0.0,0.0
deepcontact_mito,mito,empiar_10982_mitonet_benchmark,MitoNet,tem_00181,sparse,2.0,tem_benchmark/images/pu4kmugMyXvbFtAgLogm.tiff,1.273,0.0,0.0,nan,0.0,0.0,0.996644,1.0,0,0,56306,16720910,56306,0,1020928,0.055152,0.0,0.0,ok,0,9,nan,0.0,0.0,0.0,nan,0.0,0.0,0.0,0.0,0.0,0.0
deepcontact_mito,mito,empiar_10982_mitonet_benchmark,MitoNet,tem_00182,sparse,2.0,tem_benchmark/images/qOA9ml35XYXQjtWmFvvg.tiff,1.326,0.0,0.0,nan,0.0,0.0,0.995096,1.0,0,0,82273,16694943,82273,0,683220,0.120419,0.0,0.0,ok,0,17,nan,0.0,0.0,0.0,nan,0.0,0.0,0.0,0.0,0.0,0.0
deepcontact_mito,mito,empiar_10982_mitonet_benchmark,MitoNet,tem_00183,sparse,2.0,tem_benchmark/images/qqRmOpdujNXIqEuWrFLk.tiff,1.215,0.283465,0.165138,0.33218,0.24721,0.283465,0.982128,0.99279,59309,119236,180604,16418067,239913,178545,1116250,0.214928,0.317972,0.064509,ok,4,76,0.0,0.0,0.0,0.0,0.0,0.0,0.0,0.0,0.0,0.0,0.0
deepcontact_mito,mito,empiar_10982_mitonet_benchmark,MitoNet,tem_00184,sparse,2.0,tem_benchmark/images/qs9OOX5WsQhRE3Kg2rpU.tiff,1.263,0.0,0.0,0.0,0.0,0.0,0.999459,0.999859,0,2370,6714,16768132,6714,2370,147804,0.045425,0.0,0.0,ok,1,2,0.0,0.0,0.0,0.0,0.0,0.0,0.0,0.0,0.0,0.0,0.0
deepcontact_mito,mito,empiar_10982_mitonet_benchmark,MitoNet,tem_00185,sparse,2.0,tem_benchmark/images/sN90grldkJUpRIAJ64Bz.tiff,1.273,0.0,0.0,0.0,0.0,0.0,0.998271,0.999978,0,375,28627,16748214,28627,375,526959,0.054325,0.0,0.0,ok,1,10,0.0,0.0,0.0,0.0,0.0,0.0,0.0,0.0,0.0,0.0,0.0
deepcontact_mito,mito,empiar_10982_mitonet_benchmark,MitoNet,tem_00186,sparse,2.0,tem_benchmark/images/sXnNKReR54pzKRZ5rpfP.tiff,1.25,0.0,0.0,nan,0.0,0.0,0.994547,1.0,0,0,91481,16685735,91481,0,626628,0.145989,0.0,0.0,ok,0,11,nan,0.0,0.0,0.0,nan,0.0,0.0,0.0,0.0,0.0,0.0
deepcontact_mito,mito,empiar_10982_mitonet_benchmark,MitoNet,tem_00187,sparse,2.0,tem_benchmark/images/snDIBSvwQMaqGKBbGF6V.tiff,1.725,0.083234,0.043424,0.095412,0.073813,0.083234,0.993392,0.997144,5033,47717,63153,16661313,68186,52750,1013968,0.067247,0.088282,0.04539,ok,3,17,0.333333,0.058824,0.1,0.052632,0.333333,0.058824,0.1,0.052632,0.083466,0.83466,0.1
deepcontact_mito,mito,empiar_10982_mitonet_benchmark,MitoNet,tem_00188,sparse,2.0,tem_benchmark/images/uBBsOocNXDq5poteflbh.tiff,1.288,0.598176,0.426712,0.465017,0.838195,0.598176,0.993724,0.994596,78367,90158,15128,16593563,93495,168525,281074,0.332635,0.685554,0.040284,ok,1,14,0.0,0.0,0.0,0.0,0.0,0.0,0.0,0.0,0.0,0.0,0.0
deepcontact_mito,mito,empiar_10982_mitonet_benchmark,MitoNet,tem_00189,sparse,2.0,tem_benchmark/images/v64IdYxtp9vzYzojtxir.tiff,1.588,0.0,0.0,0.0,0.0,0.0,0.99311,0.999157,0,14065,101536,16661615,101536,14065,568340,0.178654,0.0,0.0,ok,1,14,0.0,0.0,0.0,0.0,0.0,0.0,0.0,0.0,0.0,0.0,0.0
deepcontact_mito,mito,empiar_10982_mitonet_benchmark,MitoNet,tem_00190,sparse,2.0,tem_benchmark/images/vziaz0e1YZ9BJHIY7tJV.tiff,1.368,0.0,0.0,0.0,0.0,0.0,0.996105,0.999229,0,12900,52447,16711869,52447,12900,961536,0.054545,0.0,0.0,ok,2,14,0.0,0.0,0.0,0.0,0.0,0.0,0.0,0.0,0.0,0.0,0.0
deepcontact_mito,mito,empiar_10982_mitonet_benchmark,MitoNet,tem_00191,sparse,2.0,tem_benchmark/images/xHSMEPuKIY4T3X4UURT5.tiff,1.476,0.0,0.0,nan,0.0,0.0,0.99269,1.0,0,0,122647,16654569,122647,0,724104,0.169378,0.0,0.0,ok,0,16,nan,0.0,0.0,0.0,nan,0.0,0.0,0.0,0.0,0.0,0.0
deepcontact_mito,mito,empiar_10982_mitonet_benchmark,MitoNet,tem_00192,sparse,2.0,tem_benchmark/images/yayA9ov0gTMPe5oUDmCY.tiff,1.259,0.0,0.0,nan,0.0,0.0,0.997379,1.0,0,0,43981,16733235,43981,0,248050,0.177307,0.0,0.0,ok,0,32,nan,0.0,0.0,0.0,nan,0.0,0.0,0.0,0.0,0.0,0.0
deepcontact_mito,mito,empiar_10982_mitonet_benchmark,MitoNet,tem_00193,sparse,2.0,tem_benchmark/images/yn4W2WociugOlXWN83Ps.tiff,1.306,0.0,0.0,0.0,0.0,0.0,0.991932,0.999518,0,8025,127338,16641853,127338,8025,1048576,0.121439,0.0,0.0,ok,1,65,0.0,0.0,0.0,0.0,0.0,0.0,0.0,0.0,0.0,0.0,0.0
deepcontact_mito,mito,empiar_10982_mitonet_benchmark,MitoNet,tem_00194,sparse,2.0,tem_benchmark/images/zRf1ZWOS08TxjOvROo86.tiff,1.263,0.0,0.0,0.0,0.0,0.0,0.997668,0.999958,0,710,38416,16738090,38416,710,523887,0.073329,0.0,0.0,ok,1,13,0.0,0.0,0.0,0.0,0.0,0.0,0.0,0.0,0.0,0.0,0.0
deepcontact_mito,mito,zenodo_mitoem2,ME2-Mossy,ME2-Mossy_00163,sparse,8.0,Dataset004_ME2-Mossy/me2-mossy_train01,5.974,0.931873,0.872437,0.909303,0.955593,0.931873,0.999901,0.999933,11319,1129,526,16764242,11845,12448,33631,0.352205,0.980892,0.693293,ok,5,5,1.0,1.0,1.0,1.0,1.0,1.0,1.0,1.0,0.866537,0.866537,1.0
deepcontact_mito,mito,zenodo_mitoem2,ME2-Mossy,ME2-Mossy_00164,sparse,8.0,Dataset004_ME2-Mossy/me2-mossy_train01,3.223,0.811384,0.682629,0.720575,0.928383,0.811384,0.999465,0.999553,19315,7490,1490,16748921,20805,26805,89500,0.232458,0.861818,0.595715,ok,10,7,0.6,0.857143,0.705882,0.545455,0.5,0.714286,0.588235,0.416667,0.579593,0.82109,0.705882
deepcontact_mito,mito,zenodo_mitoem2,ME2-Mossy,ME2-Mossy_00165,sparse,8.0,Dataset004_ME2-Mossy/me2-mossy_train01,3.826,0.208696,0.116505,0.117717,0.918826,0.208696,0.991169,0.991261,19537,146429,1726,16609524,21263,165966,1332168,0.015961,0.2058,0.186089,ok,65,10,0.107692,0.7,0.186667,0.102941,0.092308,0.6,0.16,0.086957,0.152076,0.814694,0.186667
deepcontact_mito,mito,zenodo_mitoem2,ME2-Mossy,ME2-Mossy_00166,sparse,8.0,Dataset004_ME2-Mossy/me2-mossy_train01,5.004,0.245304,0.139799,0.14404,0.826031,0.245304,0.993383,0.993601,18043,107221,3800,16648152,21843,125264,1004544,0.021744,0.265537,0.181289,ok,65,13,0.107692,0.538462,0.179487,0.098592,0.107692,0.538462,0.179487,0.098592,0.153043,0.85267,0.179487
deepcontact_mito,mito,zenodo_mitoem2,ME2-Mossy,ME2-Mossy_00167,sparse,8.0,Dataset004_ME2-Mossy/me2-mossy_train01,4.314,0.478936,0.314869,0.33833,0.819519,0.478936,0.993704,0.994321,48545,94939,10691,16623041,59236,143484,884540,0.066968,0.477538,0.355712,ok,55,20,0.290909,0.8,0.426667,0.271186,0.290909,0.8,0.426667,0.271186,0.379287,0.888953,0.426667
deepcontact_mito,mito,zenodo_mitoem2,ME2-Mossy,ME2-Mossy_00168,sparse,8.0,Dataset004_ME2-Mossy/me2-mossy_train01,4.217,0.487309,0.322147,0.371526,0.707931,0.487309,0.992909,0.994272,56541,95645,23327,16601703,79868,152186,862416,0.09261,0.478988,0.306902,ok,57,34,0.333333,0.558824,0.417582,0.263889,0.263158,0.441176,0.32967,0.197368,0.33607,0.8048,0.417582
deepcontact_mito,mito,zenodo_mitoem2,ME2-Mossy,ME2-Mossy_00169,sparse,8.0,Dataset004_ME2-Mossy/me2-mossy_train01,4.993,0.660321,0.492895,0.512466,0.928089,0.660321,0.995031,0.995382,81024,77082,6278,16612832,87302,158106,605682,0.144138,0.643174,0.430958,ok,57,28,0.438596,0.892857,0.588235,0.416667,0.403509,0.821429,0.541176,0.370968,0.499507,0.849162,0.588235
deepcontact_mito,mito,zenodo_mitoem2,ME2-Mossy,ME2-Mossy_00170,sparse,8.0,Dataset004_ME2-Mossy/me2-mossy_train01,5.356,0.696884,0.534782,0.553926,0.9393,0.696884,0.995776,0.99607,81457,65597,5264,16624898,86721,147054,676296,0.128229,0.682378,0.415716,ok,60,36,0.516667,0.861111,0.645833,0.476923,0.483333,0.805556,0.604167,0.432836,0.553029,0.856302,0.645833
deepcontact_mito,mito,zenodo_mitoem2,ME2-Mossy,ME2-Mossy_00171,sparse,8.0,Dataset004_ME2-Mossy/me2-mossy_train01,5.061,0.687766,0.524118,0.573653,0.858551,0.687766,0.996178,0.996856,70615,52482,11634,16642485,82249,123097,660970,0.124437,0.66621,0.454329,ok,57,32,0.403509,0.71875,0.516854,0.348485,0.368421,0.65625,0.47191,0.308824,0.452368,0.875235,0.516854
deepcontact_mito,mito,zenodo_mitoem2,ME2-Mossy,ME2-Mossy_00172,sparse,8.0,Dataset004_ME2-Mossy/me2-mossy_train01,4.087,0.823235,0.699574,0.733792,0.937508,0.823235,0.99857,0.998788,55868,20268,3724,16697356,59592,76136,273920,0.217553,0.795328,0.555856,ok,27,21,0.666667,0.857143,0.75,0.6,0.666667,0.857143,0.75,0.6,0.668124,0.890832,0.75
deepcontact_mito,mito,zenodo_mitoem2,ME2-Mossy,ME2-Mossy_00173,sparse,8.0,Dataset004_ME2-Mossy/me2-mossy_train01,4.091,0.756537,0.608411,0.670966,0.867126,0.756537,0.997158,0.997824,74082,36329,11352,16655453,85434,110411,458337,0.1864,0.781406,0.48165,ok,39,25,0.564103,0.88,0.6875,0.52381,0.512821,0.8,0.625,0.454545,0.568539,0.826965,0.6875
deepcontact_mito,mito,zenodo_mitoem2,ME2-Mossy,ME2-Mossy_00174,sparse,8.0,Dataset004_ME2-Mossy/me2-mossy_train01,3.683,0.584385,0.412814,0.516028,0.673617,0.584385,0.997174,0.998131,33338,31267,16153,16696458,49491,64605,326469,0.151595,0.603286,0.391828,ok,30,22,0.433333,0.590909,0.5,0.333333,0.4,0.545455,0.461538,0.3,0.429682,0.859363,0.5
deepcontact_mito,mito,zenodo_mitoem2,ME2-Mossy,ME2-Mossy_00175,sparse,8.0,Dataset004_ME2-Mossy/me2-mossy_train01,3.958,0.590668,0.419112,0.468078,0.800253,0.590668,0.997442,0.997897,30969,35193,7730,16703324,38699,66162,234624,0.164941,0.633949,0.369728,ok,24,15,0.458333,0.733333,0.564103,0.392857,0.416667,0.666667,0.512821,0.344828,0.484931,0.85965,0.564103
deepcontact_mito,mito,zenodo_mitoem2,ME2-Mossy,ME2-Mossy_00176,sparse,8.0,Dataset004_ME2-Mossy/me2-mossy_train01,2.599,0.695196,0.532797,0.628374,0.77792,0.695196,0.998955,0.999294,19998,11827,5709,16739682,25707,31825,134900,0.190563,0.646861,0.496441,ok,12,9,0.5,0.666667,0.571429,0.4,0.5,0.666667,0.571429,0.4,0.51513,0.901478,0.571429
deepcontact_mito,mito,zenodo_mitoem2,ME2-Mossy,ME2-Mossy_00177,sparse,8.0,Dataset004_ME2-Mossy/me2-mossy_train01,2.91,0.556697,0.38571,0.453816,0.719899,0.556697,0.999077,0.999302,9728,11708,3785,16751995,13513,21436,97240,0.138965,0.506501,0.366899,ok,13,5,0.230769,0.6,0.333333,0.2,0.153846,0.4,0.222222,0.125,0.265709,0.797126,0.333333
deepcontact_mito,mito,zenodo_mitoem2,ME2-Mossy,ME2-Mossy_00178,sparse,8.0,Dataset004_ME2-Mossy/me2-mossy_train01,2.248,0.873126,0.774821,0.815733,0.939206,0.873126,0.99975,0.999806,14414,3256,933,16758613,15347,17670,28392,0.54054,0.858438,0.570167,ok,7,6,0.714286,0.833333,0.769231,0.625,0.571429,0.666667,0.615385,0.444444,0.602858,0.783715,0.769231
deepcontact_mito,mito,zenodo_mitoem2,ME2-Mossy,ME2-Mossy_00179,sparse,8.0,Dataset004_ME2-Mossy/me2-mossy_train01,1.851,0.857914,0.751182,0.896744,0.822308,0.857914,0.999755,0.999915,12393,1427,2678,16760718,15071,13820,38480,0.391658,0.770847,0.605147,ok,7,7,0.428571,0.428571,0.428571,0.272727,0.285714,0.285714,0.285714,0.166667,0.338318,0.789408,0.428571
deepcontact_mito,mito,zenodo_mitoem2,ME2-Mossy,ME2-Mossy_00180,sparse,8.0,Dataset004_ME2-Mossy/me2-mossy_train01,1.618,0.0,0.0,nan,0.0,0.0,0.999964,1.0,0,0,605,16776611,605,0,9072,0.066689,0.0,0.0,ok,0,2,nan,0.0,0.0,0.0,nan,0.0,0.0,0.0,0.0,0.0,0.0
deepcontact_mito,mito,zenodo_mitoem2,ME2-Mossy,ME2-Mossy_00181,sparse,8.0,Dataset004_ME2-Mossy/me2-mossy_train02,18.631,0.650426,0.481949,0.932436,0.499389,0.650426,0.999738,0.999982,4085,296,4095,16768740,8180,4381,15616,0.523822,0.809917,0.244666,ok,2,3,0.5,0.333333,0.4,0.25,0.0,0.0,0.0,0.0,0.211289,0.528222,0.4
deepcontact_mito,mito,zenodo_mitoem2,ME2-Mossy,ME2-Mossy_00182,sparse,8.0,Dataset004_ME2-Mossy/me2-mossy_train02,20.183,0.766954,0.622,0.860841,0.691533,0.766954,0.999545,0.999879,12570,2032,5607,16757007,18177,14602,39184,0.463888,0.798673,0.484337,ok,13,4,0.153846,0.5,0.235294,0.133333,0.153846,0.5,0.235294,0.133333,0.210151,0.893144,0.235294
deepcontact_mito,mito,zenodo_mitoem2,ME2-Mossy,ME2-Mossy_00183,sparse,8.0,Dataset004_ME2-Mossy/me2-mossy_train02,16.6,0.267851,0.154635,0.190265,0.452282,0.267851,0.996822,0.997523,9753,41507,11811,16714145,21564,51260,266600,0.080885,0.310457,0.140464,ok,64,8,0.046875,0.375,0.083333,0.043478,0.046875,0.375,0.083333,0.043478,0.06868,0.82416,0.083333
deepcontact_mito,mito,zenodo_mitoem2,ME2-Mossy,ME2-Mossy_00184,sparse,8.0,Dataset004_ME2-Mossy/me2-mossy_train02,18.462,0.491993,0.326253,0.359417,0.779532,0.491993,0.995211,0.995854,38908,69345,11004,16657959,49912,108253,412848,0.120897,0.552459,0.23717,ok,135,14,0.051852,0.5,0.09396,0.049296,0.044444,0.428571,0.080537,0.041958,0.075745,0.806139,0.09396
deepcontact_mito,mito,zenodo_mitoem2,ME2-Mossy,ME2-Mossy_00185,sparse,8.0,Dataset004_ME2-Mossy/me2-mossy_train02,14.247,0.490975,0.325359,0.495763,0.486279,0.490975,0.997795,0.998916,17844,18149,18851,16722372,36695,35993,221480,0.165681,0.585356,0.256629,ok,43,14,0.093023,0.285714,0.140351,0.075472,0.093023,0.285714,0.140351,0.075472,0.125286,0.892665,0.140351
deepcontact_mito,mito,zenodo_mitoem2,ME2-Mossy,ME2-Mossy_00186,sparse,8.0,Dataset004_ME2-Mossy/me2-mossy_train02,17.746,0.472209,0.30908,0.331569,0.820045,0.472209,0.996445,0.996788,26681,53788,5855,16690892,32536,80469,271982,0.119626,0.537936,0.313285,ok,98,14,0.081633,0.571429,0.142857,0.076923,0.071429,0.5,0.125,0.066667,0.121061,0.847425,0.142857
deepcontact_mito,mito,zenodo_mitoem2,ME2-Mossy,ME2-Mossy_00187,sparse,8.0,Dataset004_ME2-Mossy/me2-mossy_train02,14.493,0.231792,0.131089,0.142827,0.614648,0.231792,0.992696,0.993375,18488,110955,11591,16636182,30079,129443,732320,0.041074,0.235924,0.186675,ok,170,17,0.052941,0.529412,0.096257,0.050562,0.029412,0.294118,0.053476,0.027473,0.069102,0.717894,0.096257
deepcontact_mito,mito,zenodo_mitoem2,ME2-Mossy,ME2-Mossy_00188,sparse,8.0,Dataset004_ME2-Mossy/me2-mossy_train02,17.822,0.184886,0.101859,0.110807,0.557792,0.184886,0.987768,0.98884,23275,186775,18452,16548714,41727,210050,1045476,0.039912,0.218246,0.178894,ok,217,24,0.032258,0.291667,0.058091,0.029915,0.032258,0.291667,0.058091,0.029915,0.051559,0.887555,0.058091
deepcontact_mito,mito,zenodo_mitoem2,ME2-Mossy,ME2-Mossy_00189,sparse,8.0,Dataset004_ME2-Mossy/me2-mossy_train02,15.564,0.359361,0.219037,0.244862,0.674991,0.359361,0.991321,0.992466,40839,125945,19664,16590768,60503,166784,888572,0.06809,0.447052,0.34708,ok,182,29,0.087912,0.551724,0.151659,0.082051,0.065934,0.413793,0.113744,0.060302,0.120259,0.792958,0.151659
deepcontact_mito,mito,zenodo_mitoem2,ME2-Mossy,ME2-Mossy_00190,sparse,8.0,Dataset004_ME2-Mossy/me2-mossy_train02,16.895,0.440955,0.282836,0.307869,0.776713,0.440955,0.991917,0.992804,53479,120228,15374,16588135,68853,173707,1140984,0.060345,0.516527,0.441222,ok,222,31,0.076577,0.548387,0.134387,0.072034,0.067568,0.483871,0.118577,0.063025,0.109788,0.816955,0.134387
deepcontact_mito,mito,zenodo_mitoem2,ME2-Mossy,ME2-Mossy_00191,sparse,8.0,Dataset004_ME2-Mossy/me2-mossy_train02,15.697,0.39951,0.249617,0.295333,0.617234,0.39951,0.989835,0.991888,56730,135358,35180,16549948,91910,192088,976320,0.094139,0.472963,0.38401,ok,208,41,0.120192,0.609756,0.200803,0.111607,0.081731,0.414634,0.136546,0.073276,0.155333,0.773557,0.200803
deepcontact_mito,mito,zenodo_mitoem2,ME2-Mossy,ME2-Mossy_00192,sparse,8.0,Dataset004_ME2-Mossy/me2-mossy_train02,19.702,0.516271,0.347955,0.395744,0.742366,0.516271,0.991181,0.992768,78958,120560,27402,16550296,106360,199518,992680,0.107144,0.61949,0.519128,ok,249,48,0.11245,0.583333,0.188552,0.104089,0.076305,0.395833,0.127946,0.068345,0.148481,0.787479,0.188552
deepcontact_mito,mito,zenodo_mitoem2,ME2-Mossy,ME2-Mossy_00193,sparse,8.0,Dataset004_ME2-Mossy/me2-mossy_train02,13.072,0.485156,0.320268,0.410585,0.592826,0.485156,0.989733,0.992998,81162,116512,55745,16523797,136907,197674,1198770,0.114206,0.562298,0.419097,ok,187,65,0.165775,0.476923,0.246032,0.140271,0.117647,0.338462,0.174603,0.095652,0.191268,0.77741,0.246032
deepcontact_mito,mito,zenodo_mitoem2,ME2-Mossy,ME2-Mossy_00194,sparse,8.0,Dataset004_ME2-Mossy/me2-mossy_train02,14.751,0.581577,0.410016,0.442412,0.848472,0.581577,0.992523,0.99341,87183,109880,15570,16564583,102753,197063,913230,0.112516,0.657619,0.494423,ok,201,39,0.129353,0.666667,0.216667,0.121495,0.084577,0.435897,0.141667,0.076233,0.166556,0.768719,0.216667
deepcontact_mito,mito,zenodo_mitoem2,ME2-Mossy,ME2-Mossy_00195,sparse,8.0,Dataset004_ME2-Mossy/me2-mossy_train02,14.011,0.344544,0.208126,0.229635,0.689635,0.344544,0.991291,0.992295,38403,128832,17283,16592698,55686,167235,937687,0.059387,0.433839,0.308497,ok,181,27,0.060773,0.407407,0.105769,0.055838,0.044199,0.296296,0.076923,0.04,0.083027,0.784981,0.105769
deepcontact_mito,mito,zenodo_mitoem2,ME2-Mossy,ME2-Mossy_00196,sparse,8.0,Dataset004_ME2-Mossy/me2-mossy_train02,15.578,0.484508,0.319704,0.436062,0.545065,0.484508,0.997711,0.998606,18046,23338,15062,16720770,33108,41384,194208,0.170477,0.508662,0.257582,ok,56,20,0.196429,0.55,0.289474,0.169231,0.125,0.35,0.184211,0.101449,0.221613,0.765574,0.289474
deepcontact_mito,mito,zenodo_mitoem2,ME2-Mossy,ME2-Mossy_00197,sparse,8.0,Dataset004_ME2-Mossy/me2-mossy_train02,12.704,0.228703,0.129116,0.130447,0.926753,0.228703,0.993108,0.993181,17144,114281,1355,16644436,18499,131425,743728,0.024873,0.294324,0.120527,ok,124,9,0.056452,0.777778,0.105263,0.055556,0.048387,0.666667,0.090226,0.047244,0.08474,0.805026,0.105263
deepcontact_mito,mito,zenodo_mitoem2,ME2-Mossy,ME2-Mossy_00198,sparse,8.0,Dataset004_ME2-Mossy/me2-mossy_train02,12.554,0.0,0.0,0.0,0.0,0.0,0.999351,0.999641,0,6028,4866,16766322,4866,6028,51936,0.093692,0.0,0.0,ok,16,2,0.0,0.0,0.0,0.0,0.0,0.0,0.0,0.0,0.0,0.0,0.0
deepcontact_mito,mito,zenodo_mitoem2,ME2-Mossy,ME2-Mossy_00199,sparse,8.0,Dataset004_ME2-Mossy/me2-mossy_train02,10.391,0.930311,0.869703,0.869703,1.0,0.930311,0.999988,0.999988,1375,206,0,16775635,1375,1581,1806,0.761351,1.0,0.784955,ok,4,1,0.25,1.0,0.4,0.25,0.25,1.0,0.4,0.25,0.358115,0.895288,0.4
deepcontact_mito,mito,zenodo_mitoem2,ME2-Mossy,ME2-Mossy_00200,sparse,8.0,Dataset004_ME2-Mossy/me2-mossy_train03,8.102,0.470954,0.308005,0.390632,0.592856,0.470954,0.998893,0.999231,8265,12893,5676,16750382,13941,21158,79632,0.175068,0.474929,0.283704,ok,16,2,0.0,0.0,0.0,0.0,0.0,0.0,0.0,0.0,0.0,0.0,0.0
deepcontact_mito,mito,zenodo_mitoem2,ME2-Mossy,ME2-Mossy_00201,sparse,8.0,Dataset004_ME2-Mossy/me2-mossy_train03,9.64,0.456394,0.295667,0.328805,0.74579,0.456394,0.996969,0.997398,21346,43574,7276,16705020,28622,64920,355113,0.0806,0.534731,0.275714,ok,42,6,0.095238,0.666667,0.166667,0.090909,0.047619,0.333333,0.083333,0.043478,0.123122,0.738731,0.166667
deepcontact_mito,mito,zenodo_mitoem2,ME2-Mossy,ME2-Mossy_00202,sparse,8.0,Dataset004_ME2-Mossy/me2-mossy_train03,8.994,0.510753,0.34296,0.410854,0.674841,0.510753,0.997813,0.99836,19154,27466,9229,16721367,28383,46620,310717,0.091347,0.510269,0.311398,ok,38,11,0.157895,0.545455,0.244898,0.139535,0.105263,0.363636,0.163265,0.088889,0.182555,0.745431,0.244898
deepcontact_mito,mito,zenodo_mitoem2,ME2-Mossy,ME2-Mossy_00203,sparse,8.0,Dataset004_ME2-Mossy/me2-mossy_train03,9.29,0.655354,0.48738,0.594883,0.729509,0.655354,0.998879,0.999273,17881,12177,6630,16740528,24511,30058,138355,0.17716,0.660487,0.493903,ok,24,12,0.375,0.75,0.5,0.333333,0.291667,0.583333,0.388889,0.241379,0.400091,0.800182,0.5
deepcontact_mito,mito,zenodo_mitoem2,ME2-Mossy,ME2-Mossy_00204,sparse,8.0,Dataset004_ME2-Mossy/me2-mossy_train03,11.021,0.282719,0.164632,0.187617,0.573345,0.282719,0.994001,0.99487,19836,85890,14761,16656729,34597,105726,517760,0.066821,0.272751,0.206774,ok,78,12,0.076923,0.5,0.133333,0.071429,0.064103,0.416667,0.111111,0.058824,0.112659,0.844941,0.133333
deepcontact_mito,mito,zenodo_mitoem2,ME2-Mossy,ME2-Mossy_00205,sparse,8.0,Dataset004_ME2-Mossy/me2-mossy_train03,9.276,0.302107,0.177931,0.212059,0.525074,0.302107,0.9921,0.993625,28689,106599,25949,16615979,54638,135288,922960,0.059199,0.407005,0.258341,ok,94,18,0.074468,0.388889,0.125,0.066667,0.074468,0.388889,0.125,0.066667,0.110867,0.886935,0.125
deepcontact_mito,mito,zenodo_mitoem2,ME2-Mossy,ME2-Mossy_00206,sparse,8.0,Dataset004_ME2-Mossy/me2-mossy_train03,7.523,0.340111,0.2049,0.243944,0.561441,0.340111,0.991417,0.993118,37109,115012,28987,16596108,66096,152121,927243,0.071282,0.34667,0.312137,ok,95,25,0.115789,0.44,0.183333,0.100917,0.105263,0.4,0.166667,0.090909,0.152389,0.831211,0.183333
deepcontact_mito,mito,zenodo_mitoem2,ME2-Mossy,ME2-Mossy_00207,sparse,8.0,Dataset004_ME2-Mossy/me2-mossy_train03,10.19,0.481383,0.316988,0.370871,0.68571,0.481383,0.99475,0.995852,40880,69347,18737,16648252,59617,110227,566304,0.105274,0.461406,0.292199,ok,78,24,0.166667,0.541667,0.254902,0.146067,0.166667,0.541667,0.254902,0.146067,0.220042,0.863242,0.254902
deepcontact_mito,mito,zenodo_mitoem2,ME2-Mossy,ME2-Mossy_00208,sparse,8.0,Dataset004_ME2-Mossy/me2-mossy_train03,9.966,0.487841,0.322612,0.437553,0.551189,0.487841,0.997078,0.998206,23350,30015,19013,16704838,42363,53365,315372,0.134327,0.549635,0.305604,ok,36,22,0.222222,0.363636,0.275862,0.16,0.194444,0.318182,0.241379,0.137255,0.231176,0.838013,0.275862
deepcontact_mito,mito,zenodo_mitoem2,ME2-Mossy,ME2-Mossy_00209,sparse,8.0,Dataset004_ME2-Mossy/me2-mossy_train03,10.177,0.647052,0.478253,0.501359,0.912106,0.647052,0.996268,0.996585,57387,57076,5530,16657223,62917,114463,475800,0.132234,0.667915,0.354834,ok,87,25,0.195402,0.68,0.303571,0.178947,0.137931,0.48,0.214286,0.12,0.248714,0.819295,0.303571
deepcontact_mito,mito,zenodo_mitoem2,ME2-Mossy,ME2-Mossy_00210,sparse,8.0,Dataset004_ME2-Mossy/me2-mossy_train03,10.819,0.598106,0.426642,0.463693,0.842256,0.598106,0.994177,0.994962,72701,84086,13616,16606813,86317,156787,812844,0.106191,0.557751,0.37897,ok,123,36,0.203252,0.694444,0.314465,0.186567,0.186992,0.638889,0.289308,0.169118,0.267254,0.849868,0.314465
deepcontact_mito,mito,zenodo_mitoem2,ME2-Mossy,ME2-Mossy_00211,sparse,8.0,Dataset004_ME2-Mossy/me2-mossy_train03,10.126,0.457072,0.296237,0.338151,0.705012,0.457072,0.993431,0.994566,46394,90805,19412,16620605,65806,137199,699344,0.094097,0.500725,0.320603,ok,92,27,0.163043,0.555556,0.252101,0.144231,0.130435,0.444444,0.201681,0.11215,0.209205,0.829848,0.252101
deepcontact_mito,mito,zenodo_mitoem2,ME2-Mossy,ME2-Mossy_00212,sparse,8.0,Dataset004_ME2-Mossy/me2-mossy_train03,9.882,0.53166,0.362082,0.396165,0.808012,0.53166,0.994126,0.994897,55933,85253,13290,16622740,69223,141186,607590,0.11393,0.565704,0.336731,ok,103,30,0.203883,0.7,0.315789,0.1875,0.174757,0.6,0.270677,0.156522,0.264725,0.838295,0.315789
deepcontact_mito,mito,zenodo_mitoem2,ME2-Mossy,ME2-Mossy_00213,sparse,8.0,Dataset004_ME2-Mossy/me2-mossy_train03,6.812,0.209739,0.117155,0.168786,0.27693,0.209739,0.993824,0.995952,13749,67709,35899,16659859,49648,81458,631120,0.078666,0.24692,0.147913,ok,57,19,0.105263,0.315789,0.157895,0.085714,0.087719,0.263158,0.131579,0.070423,0.131893,0.835321,0.157895
deepcontact_mito,mito,zenodo_mitoem2,ME2-Mossy,ME2-Mossy_00214,sparse,8.0,Dataset004_ME2-Mossy/me2-mossy_train03,9.486,0.242093,0.137716,0.150741,0.614476,0.242093,0.992412,0.993159,20333,114554,12757,16629572,33090,134887,647634,0.051094,0.24472,0.145758,ok,88,14,0.079545,0.5,0.137255,0.073684,0.079545,0.5,0.137255,0.073684,0.115907,0.844464,0.137255
deepcontact_mito,mito,zenodo_mitoem2,ME2-Mossy,ME2-Mossy_00215,sparse,8.0,Dataset004_ME2-Mossy/me2-mossy_train03,9.893,0.288321,0.168444,0.171517,0.903835,0.288321,0.993412,0.993545,22388,108141,2382,16644305,24770,130529,581543,0.042594,0.356746,0.172252,ok,85,9,0.082353,0.777778,0.148936,0.08046,0.070588,0.666667,0.12766,0.068182,0.118257,0.794013,0.148936
deepcontact_mito,mito,zenodo_mitoem2,ME2-Mossy,ME2-Mossy_00216,sparse,8.0,Dataset004_ME2-Mossy/me2-mossy_train03,10.021,0.305842,0.180528,0.180974,0.986529,0.305842,0.997285,0.997292,10033,45406,137,16721640,10170,55439,301693,0.03371,0.361503,0.175813,ok,48,5,0.083333,0.8,0.150943,0.081633,0.083333,0.8,0.150943,0.081633,0.133268,0.882902,0.150943
deepcontact_mito,mito,zenodo_mitoem2,ME2-Mossy,ME2-Mossy_00217,sparse,8.0,Dataset004_ME2-Mossy/me2-mossy_train03,6.49,0.920852,0.853315,0.855124,0.997527,0.920852,0.999988,0.999988,1210,205,3,16775798,1213,1415,1620,0.748765,1.0,0.710204,ok,2,1,0.5,1.0,0.666667,0.5,0.5,1.0,0.666667,0.5,0.575382,0.863074,0.666667
deepcontact_mito,mito,deeppi_em_skeletal_muscle,DeepPI,te_00021,partial,5.0,test/input/x_0.tif,89.777,0.05991,0.03088,0.84233,0.031059,0.05991,0.839345,0.998853,85884,16076,2679276,13995980,2765160,101960,6553600,0.42193,0.075124,0.043583,ok,,,,,,,,,,,,,
deepcontact_mito,mito,deeppi_em_skeletal_muscle,DeepPI,te_00022,partial,5.0,test/input/x_1.tif,5.475,0.100358,0.05283,0.94026,0.053008,0.100358,0.853739,0.999387,136868,8696,2445164,14186488,2582032,145564,6553600,0.393987,0.160766,0.101942,ok,,,,,,,,,,,,,
deepcontact_mito,mito,deeppi_em_skeletal_muscle,DeepPI,te_00023,partial,5.0,test/input/x_2.tif,5.291,0.168367,0.091922,0.923017,0.092632,0.168367,0.904465,0.999099,162248,13532,1589284,15012152,1751532,175780,6553600,0.267263,0.215492,0.143117,ok,,,,,,,,,,,,,
deepcontact_mito,mito,deeppi_em_skeletal_muscle,DeepPI,te_00024,partial,5.0,test/input/x_3.tif,5.933,0.349306,0.211612,0.883908,0.217661,0.349306,0.81804,0.99173,819400,107620,2945166,12905030,3764566,927020,6553600,0.574427,0.380679,0.142379,ok,,,,,,,,,,,,,
deepcontact_mito,mito,deeppi_em_skeletal_muscle,DeepPI,te_00025,partial,5.0,test/input/x_4.tif,4.576,0.000321,0.000161,0.329268,0.000161,0.000321,0.799622,0.999918,540,1100,3360691,13414885,3361231,1640,6553600,0.512883,0.0,0.006495,ok,,,,,,,,,,,,,
deepcontact_mito,mito,deeppi_em_skeletal_muscle,DeepPI,te_00026,partial,5.0,test/input/x_5.tif,5.023,0.177619,0.097465,0.91353,0.098373,0.177619,0.892521,0.998754,194728,18432,1784764,14779292,1979492,213160,6553600,0.302047,0.242321,0.232667,ok,,,,,,,,,,,,,
