model,organelle,dataset,dataset_label,crop_id,coverage,voxel_nm,source_image,infer_s,dice,iou,precision,recall,f1,accuracy,specificity,tp,fp,fn,tn,gt_area,pred_area,eval_area,gt_frac,cldice,boundary_f1,status
incasem,mito,deepcontact_tem,DeepContact-TEM,tem_00000,sparse,4.68,20180115_B1_1_10.jpg,25.07,0.312168,0.184952,0.199393,0.718612,0.312168,0.991274,0.992028,33220,133386,13008,16597602,46228,166606,1238472,0.037327,0.169208,0.164005,ok
incasem,mito,deepcontact_tem,DeepContact-TEM,tem_00001,sparse,4.68,20180115_B1_1_19.jpg,26.009,0.288782,0.168758,0.190619,0.595387,0.288782,0.988845,0.990348,37994,161325,25820,16552077,63814,199319,1270392,0.050232,0.25243,0.210729,ok
incasem,mito,deepcontact_tem,DeepContact-TEM,tem_00002,sparse,4.68,20180115_B1_1_20.jpg,13.27,0.304091,0.179309,0.20429,0.594537,0.304091,0.996176,0.996741,14018,54600,9560,16699038,23578,68618,530910,0.044411,0.152817,0.13203,ok
incasem,mito,deepcontact_tem,DeepContact-TEM,tem_00003,sparse,4.68,20180115_B1_1_28.jpg,20.738,0.423695,0.26879,0.338553,0.566051,0.423695,0.991159,0.993614,54526,106530,41801,16574359,96327,161056,896660,0.107429,0.29471,0.291946,ok
incasem,mito,deepcontact_tem,DeepContact-TEM,tem_00004,sparse,4.68,20180115_B1_1_30.jpg,25.903,0.594421,0.422901,0.551868,0.644085,0.594421,0.993323,0.995997,82086,66656,45360,16583114,127446,148742,1226745,0.10389,0.472965,0.413906,ok
incasem,mito,deepcontact_tem,DeepContact-TEM,tem_00005,sparse,4.68,20180115_B1_1_32.jpg,18.975,0.251666,0.143946,0.194109,0.357744,0.251666,0.992329,0.994625,21641,89848,38852,16626875,60493,111489,816384,0.074099,0.187772,0.167394,ok
incasem,mito,deepcontact_tem,DeepContact-TEM,tem_00006,sparse,4.68,20180115_B7_1_09.jpg,25.645,0.527627,0.358351,0.431184,0.679641,0.527627,0.992576,0.994496,69566,91771,32791,16583088,102357,161337,1282930,0.079784,0.379454,0.337071,ok
incasem,mito,deepcontact_tem,DeepContact-TEM,tem_00007,sparse,4.68,20180115_B7_1_10.jpg,22.978,0.342838,0.206883,0.225078,0.719034,0.342838,0.992507,0.993252,32793,112903,12814,16618706,45607,145696,1048092,0.043514,0.243772,0.180115,ok
incasem,mito,deepcontact_tem,DeepContact-TEM,tem_00008,sparse,4.68,20180115_B7_1_11.jpg,25.785,0.472791,0.309578,0.375214,0.638955,0.472791,0.991216,0.993401,66082,110036,37340,16563758,103422,176118,1226880,0.084297,0.322649,0.273988,ok
incasem,mito,deepcontact_tem,DeepContact-TEM,tem_00009,sparse,4.68,20180115_B7_1_15.jpg,20.737,0.354866,0.215706,0.237935,0.697786,0.354866,0.993511,0.994269,29942,95899,12968,16638407,42910,125841,892314,0.048088,0.246466,0.216937,ok
incasem,mito,deepcontact_tem,DeepContact-TEM,tem_00010,sparse,4.68,20180115_B7_1_25.jpg,23.396,0.21392,0.119771,0.128946,0.627304,0.21392,0.992933,0.993494,16133,108981,9585,16642517,25718,125114,1014930,0.02534,0.146218,0.11882,ok
incasem,mito,deepcontact_tem,DeepContact-TEM,tem_00011,sparse,4.68,20180115_B7_1_30.jpg,25.589,0.117782,0.062576,0.063166,0.870214,0.117782,0.992654,0.992723,8227,122018,1227,16645744,9454,130245,1268552,0.007453,0.029381,0.051028,ok
incasem,mito,deepcontact_tem,DeepContact-TEM,tem_00012,sparse,4.68,20180115_B7_1_31.jpg,20.982,0.447398,0.28816,0.397873,0.511004,0.447398,0.994448,0.996584,37706,57063,36082,16646365,73788,94769,879472,0.0839,0.339357,0.266009,ok
incasem,mito,deepcontact_tem,DeepContact-TEM,tem_00013,sparse,4.68,20180115_B7_1_40.jpg,25.651,0.401363,0.251066,0.315207,0.552333,0.401363,0.994776,0.996183,29383,63835,23815,16660183,53198,93218,1223712,0.043473,0.215312,0.212069,ok
incasem,mito,deepcontact_tem,DeepContact-TEM,tem_00014,sparse,4.68,20180115_B7_1_41.jpg,21.106,0.369148,0.226352,0.28284,0.53126,0.369148,0.993219,0.994951,33284,84394,29367,16630171,62651,117678,938616,0.066748,0.312209,0.207476,ok
incasem,mito,deepcontact_tem,DeepContact-TEM,tem_00015,sparse,4.68,20180115_B9_2_setted_01.jpg,18.62,0.233651,0.132279,0.166717,0.390384,0.233651,0.992689,0.994413,18699,93461,29200,16635856,47899,112160,844497,0.056719,0.17555,0.142551,ok
incasem,mito,deepcontact_tem,DeepContact-TEM,tem_00016,sparse,4.68,20180115_B9_2_setted_02.jpg,18.585,0.19495,0.108003,0.138333,0.330021,0.19495,0.993902,0.99539,12388,77164,25149,16662515,37537,89552,707350,0.053067,0.097742,0.158626,ok
incasem,mito,deepcontact_tem,DeepContact-TEM,tem_00017,sparse,4.68,20180115_B9_2_setted_03.jpg,23.607,0.354314,0.215299,0.262265,0.54592,0.354314,0.994024,0.995374,27510,77384,22882,16649440,50392,104894,1050594,0.047965,0.275526,0.227338,ok
incasem,mito,deepcontact_tem,DeepContact-TEM,tem_00018,sparse,4.68,20180115_B9_2_setted_04.jpg,18.423,0.265953,0.153371,0.199598,0.398396,0.265953,0.994671,0.996119,16196,64947,24457,16671616,40653,81143,827200,0.049145,0.189955,0.116766,ok
incasem,mito,deepcontact_tem,DeepContact-TEM,tem_00019,sparse,4.68,20180115_B9_2_setted_06.jpg,25.776,0.541043,0.370842,0.499636,0.589933,0.541043,0.995489,0.997325,44609,44674,31008,16656925,75617,89283,1303260,0.058021,0.434817,0.379159,ok
incasem,mito,deepcontact_tem,DeepContact-TEM,tem_00020,sparse,4.68,20180115_B9_2_setted_10.jpg,25.97,0.354128,0.215161,0.272774,0.504633,0.354128,0.993641,0.995336,29246,77971,28709,16641290,57955,107217,1239040,0.046774,0.332696,0.253482,ok
incasem,mito,deepcontact_tem,DeepContact-TEM,tem_00021,sparse,4.68,20180115_B9_2_setted_16.jpg,23.578,0.297156,0.174506,0.241155,0.387035,0.297156,0.993487,0.995652,23099,72686,36583,16644848,59682,95785,1141690,0.052275,0.237125,0.189812,ok
incasem,mito,deepcontact_tem,DeepContact-TEM,tem_00022,sparse,4.68,20180115_B9_2_setted_20.jpg,21.002,0.416751,0.263225,0.391001,0.446133,0.416751,0.99493,0.997167,30387,47329,37725,16661775,68112,77716,944025,0.072151,0.326975,0.274511,ok
incasem,mito,deepcontact_tem,DeepContact-TEM,tem_00023,sparse,4.68,20180115_B9_3_Setted_25.jpg,23.117,0.470994,0.308039,0.366619,0.658452,0.470994,0.99511,0.996227,36523,63098,18945,16658650,55468,99621,979080,0.056653,0.305309,0.172461,ok
incasem,mito,deepcontact_tem,DeepContact-TEM,tem_00024,sparse,4.68,20180115_B9_4_setted_01.jpg,19.416,0.120413,0.064064,0.068806,0.481745,0.120413,0.994807,0.995185,5964,80715,6416,16684121,12380,86679,769874,0.016081,0.046702,0.049561,ok
incasem,mito,deepcontact_tem,DeepContact-TEM,tem_00025,sparse,4.68,20180115_B9_4_setted_02.jpg,16.855,0.313815,0.18611,0.197673,0.760846,0.313815,0.996146,0.996419,14784,60006,4647,16697779,19431,74790,714868,0.027181,0.186139,0.108418,ok
incasem,mito,deepcontact_tem,DeepContact-TEM,tem_00026,sparse,4.68,20180115_B9_4_setted_03.jpg,25.429,0.508671,0.341085,0.421961,0.640233,0.508671,0.994695,0.996222,46068,63108,25887,16642153,71955,109176,1157013,0.06219,0.368594,0.367272,ok
incasem,mito,deepcontact_tem,DeepContact-TEM,tem_00027,sparse,4.68,20180115_B9_4_setted_04.jpg,20.754,0.357952,0.217991,0.236642,0.734464,0.357952,0.993053,0.993737,32489,104803,11746,16628178,44235,137292,976260,0.045311,0.217214,0.227764,ok
incasem,mito,deepcontact_tem,DeepContact-TEM,tem_00028,sparse,4.68,20180115_B9_4_setted_10.jpg,25.992,0.471688,0.308633,0.32244,0.878169,0.471688,0.992688,0.993115,54767,115085,7598,16599766,62365,169852,1182384,0.052745,0.248016,0.274213,ok
incasem,mito,deepcontact_tem,DeepContact-TEM,tem_00029,sparse,4.68,20180115_B9_4_setted_20.jpg,21.409,0.390776,0.242835,0.275694,0.670775,0.390776,0.994215,0.995112,31130,81785,15279,16649022,46409,112915,989109,0.04692,0.279554,0.247399,ok
incasem,mito,deepcontact_tem,DeepContact-TEM,tem_00030,sparse,4.68,20180115_B9_5_setted_01.jpg,25.414,0.547088,0.376545,0.436298,0.733293,0.547088,0.994683,0.995833,53878,69611,19596,16634131,73474,123489,1315275,0.055862,0.371821,0.355201,ok
incasem,mito,deepcontact_tem,DeepContact-TEM,tem_00031,sparse,4.68,20180115_B9_5_setted_02.jpg,15.343,0.445473,0.286565,0.289665,0.963992,0.445473,0.9965,0.996547,23586,57839,881,16694910,24467,81425,586282,0.041732,0.258052,0.175627,ok
incasem,mito,deepcontact_tem,DeepContact-TEM,tem_00032,sparse,4.68,20180115_B9_5_setted_03.jpg,15.099,0.245529,0.139945,0.15645,0.570169,0.245529,0.994858,0.995482,14037,75685,10582,16676912,24619,89722,680184,0.036195,0.155879,0.156586,ok
incasem,mito,deepcontact_tem,DeepContact-TEM,tem_00033,sparse,4.68,20180115_B9_5_setted_04.jpg,19.313,0.279797,0.162654,0.185777,0.566496,0.279797,0.993143,0.994149,22346,97938,17100,16639832,39446,120284,959769,0.041099,0.209452,0.194636,ok
incasem,mito,deepcontact_tem,DeepContact-TEM,tem_00034,sparse,4.68,20180115_B9_5_setted_10.jpg,25.487,0.386351,0.239427,0.278153,0.632315,0.386351,0.98932,0.991228,56405,146379,32799,16541633,89204,202784,1304941,0.068359,0.282895,0.242251,ok
incasem,mito,deepcontact_tem,DeepContact-TEM,tem_00035,sparse,4.68,20180115_B9_5_setted_11.jpg,23.031,0.409635,0.257573,0.315635,0.583369,0.409635,0.991727,0.993746,48153,104406,34390,16590267,82543,152559,1149480,0.071809,0.323025,0.284012,ok
incasem,mito,deepcontact_tem,DeepContact-TEM,tem_00036,sparse,4.68,20180115_B9_5_setted_20.jpg,14.003,0.343207,0.207151,0.239047,0.608231,0.343207,0.99557,0.996308,19419,61816,12508,16683473,31927,81235,586332,0.054452,0.280237,0.184184,ok
incasem,mito,deepcontact_tem,DeepContact-TEM,tem_00037,sparse,4.68,20180115_B9_Setted_01.jpg,23.853,0.387309,0.240164,0.2774,0.641467,0.387309,0.993331,0.994491,35366,92125,19767,16629958,55133,127491,1002001,0.055023,0.30173,0.167999,ok
incasem,mito,deepcontact_tem,DeepContact-TEM,tem_00038,sparse,4.68,20180115_B9_Setted_02.jpg,25.982,0.240448,0.136653,0.17638,0.37761,0.240448,0.992413,0.994375,20147,94078,33207,16629784,53354,114225,1155456,0.046176,0.209057,0.154538,ok
incasem,mito,deepcontact_tem,DeepContact-TEM,tem_00039,sparse,4.68,20180115_B9_Setted_03.jpg,20.688,0.192707,0.106628,0.126032,0.409175,0.192707,0.994611,0.995532,10792,74837,15583,16676004,26375,85629,931512,0.028314,0.104624,0.100545,ok
incasem,mito,deepcontact_tem,DeepContact-TEM,tem_00040,sparse,4.68,20180115_B9_Setted_04.jpg,25.691,0.338526,0.20375,0.256549,0.497492,0.338526,0.990851,0.993183,39279,113826,39675,16584436,78954,153105,1288054,0.061297,0.2584,0.216315,ok
incasem,mito,deepcontact_tem,DeepContact-TEM,tem_00041,sparse,4.68,20180115_B9_Setted_10.jpg,21.667,0.271879,0.157326,0.196672,0.440217,0.271879,0.99214,0.993986,24620,100563,31307,16620726,55927,125183,1043866,0.053577,0.260318,0.209226,ok
incasem,mito,deepcontact_tem,DeepContact-TEM,tem_00042,sparse,4.68,20180115_B9_Setted_20.jpg,25.98,0.221114,0.124299,0.146361,0.451948,0.221114,0.990324,0.991965,23043,134397,27943,16591833,50986,157440,1280118,0.039829,0.161163,0.141212,ok
incasem,mito,deepcontact_tem,DeepContact-TEM,tem_00043,sparse,4.68,20180115_b10_1_05.jpg,26.267,0.324081,0.193375,0.231301,0.541146,0.324081,0.991004,0.992804,36181,120243,30679,16590113,66860,156424,1297474,0.051531,0.220355,0.199282,ok
incasem,mito,deepcontact_tem,DeepContact-TEM,tem_00044,sparse,4.68,20180115_b10_1_07.jpg,25.91,0.400272,0.250213,0.322485,0.527515,0.400272,0.992703,0.99486,40856,85835,36594,16613931,77450,126691,1232292,0.06285,0.288454,0.26093,ok
incasem,mito,deepcontact_tem,DeepContact-TEM,tem_00045,sparse,4.68,20180115_b10_1_10.jpg,25.351,0.512497,0.344535,0.396012,0.726067,0.512497,0.993737,0.994956,55229,84234,20837,16616916,76066,139463,1266900,0.060041,0.382501,0.307998,ok
incasem,mito,deepcontact_tem,DeepContact-TEM,tem_00046,sparse,4.68,20180115_b10_1_20.jpg,23.456,0.292161,0.171071,0.180615,0.764003,0.292161,0.991999,0.992493,27702,125674,8557,16615283,36259,153376,1181864,0.03068,0.180312,0.166633,ok
incasem,mito,deepcontact_tem,DeepContact-TEM,tem_00047,sparse,4.68,20180115_b10_1_22.jpg,25.833,0.45698,0.29616,0.329688,0.744386,0.45698,0.99367,0.994565,44684,90850,15344,16626338,60028,135534,1265505,0.047434,0.33447,0.324732,ok
incasem,mito,deepcontact_tem,DeepContact-TEM,tem_00048,sparse,4.68,20180115_b10_1_30.jpg,25.929,0.323289,0.192812,0.235137,0.51718,0.323289,0.99108,0.99304,35749,116286,33374,16591807,69123,152035,1297824,0.053261,0.235766,0.177327,ok
incasem,mito,deepcontact_tem,DeepContact-TEM,tem_00049,sparse,4.68,20180115_b10_2_04.jpg,26.047,0.516081,0.347783,0.36534,0.878594,0.516081,0.992909,0.993403,63438,110203,8766,16594809,72204,173641,1237250,0.058358,0.371434,0.354033,ok
incasem,mito,deepcontact_tem,DeepContact-TEM,tem_00050,sparse,4.68,20180115_b10_2_05.jpg,25.923,0.527279,0.358031,0.397475,0.782978,0.527279,0.993721,0.994668,58750,89058,16284,16613124,75034,147808,1322520,0.056736,0.40553,0.373384,ok
incasem,mito,deepcontact_tem,DeepContact-TEM,tem_00051,sparse,4.68,20180115_b10_2_09.jpg,25.149,0.442913,0.28445,0.331268,0.668068,0.442913,0.994709,0.99574,35290,71240,17534,16653152,52824,106530,1322685,0.039937,0.313261,0.305789,ok
incasem,mito,deepcontact_tem,DeepContact-TEM,tem_00052,sparse,4.68,20180115_b10_2_13.jpg,25.928,0.45922,0.298044,0.345432,0.684799,0.45922,0.994635,0.995669,38220,72424,17592,16648980,55812,110644,1175588,0.047476,0.39431,0.322286,ok
incasem,mito,deepcontact_tem,DeepContact-TEM,tem_00053,sparse,4.68,20180115_b10_2_18.jpg,25.737,0.491537,0.325853,0.373092,0.720168,0.491537,0.993017,0.994302,56629,95154,22004,16603429,78633,151783,1284204,0.061231,0.390312,0.332346,ok
incasem,mito,deepcontact_tem,DeepContact-TEM,tem_00054,sparse,4.68,20180115_b10_2_25.jpg,19.127,0.352824,0.214199,0.223428,0.838339,0.352824,0.991052,0.991498,40921,142230,7891,16586174,48812,183151,896301,0.054459,0.179031,0.213734,ok
incasem,mito,deepcontact_tem,DeepContact-TEM,tem_00055,sparse,4.68,20180115_b10_2_29.jpg,25.774,0.517778,0.349326,0.369948,0.862383,0.517778,0.9961,0.996426,35124,59819,5605,16676668,40729,94943,1322520,0.030797,0.308512,0.295092,ok
incasem,mito,deepcontact_tem,DeepContact-TEM,tem_00056,sparse,4.68,20180115_b10_2_30.jpg,25.436,0.464759,0.302727,0.326526,0.805959,0.464759,0.993769,0.994401,45390,93619,10928,16627279,56318,139009,1307490,0.043073,0.293527,0.248325,ok
incasem,mito,deepcontact_tem,DeepContact-TEM,tem_00057,sparse,4.68,20180115_b10_3_05.jpg,25.779,0.124296,0.066267,0.073692,0.396734,0.124296,0.990246,0.991283,11614,145988,17660,16601954,29274,157602,1127726,0.025958,0.107104,0.075808,ok
incasem,mito,deepcontact_tem,DeepContact-TEM,tem_00058,sparse,4.68,20180115_b10_3_09.jpg,23.892,0.281791,0.164003,0.198814,0.483644,0.281791,0.99067,0.992596,30708,123748,32785,16589975,63493,154456,1126692,0.056353,0.205284,0.121406,ok
incasem,mito,deepcontact_tem,DeepContact-TEM,tem_00059,sparse,4.68,20180115_b10_3_10.jpg,23.531,0.326168,0.194863,0.210144,0.728242,0.326168,0.993492,0.994067,26425,99322,9861,16641608,36286,125747,1073127,0.033813,0.196693,0.190811,ok
incasem,mito,deepcontact_tem,DeepContact-TEM,tem_00060,sparse,4.68,20180115_b10_3_11.jpg,26.003,0.290268,0.169774,0.184227,0.683948,0.290268,0.992175,0.992898,26847,118881,12406,16619082,39253,145728,1197684,0.032774,0.161519,0.132977,ok
incasem,mito,deepcontact_tem,DeepContact-TEM,tem_00061,sparse,4.68,20180115_b10_3_15.jpg,22.798,0.105064,0.055444,0.055673,0.930955,0.105064,0.990964,0.990998,8899,150944,660,16616713,9559,159843,1108558,0.008623,0.067131,0.057984,ok
incasem,mito,deepcontact_tem,DeepContact-TEM,tem_00062,sparse,4.68,20180115_b10_3_20.jpg,9.999,0.44441,0.285686,0.307699,0.799732,0.44441,0.99698,0.997279,20262,45588,5074,16706292,25336,65850,368721,0.068713,0.318704,0.167872,ok
incasem,mito,deepcontact_tem,DeepContact-TEM,tem_00063,sparse,4.68,20180115_b10_3_25.jpg,25.662,0.37283,0.229128,0.256947,0.679108,0.37283,0.994929,0.995631,25290,73135,11950,16666841,37240,98425,1264428,0.029452,0.232405,0.175028,ok
incasem,mito,deepcontact_tem,DeepContact-TEM,tem_00064,sparse,4.68,20180115_b10_3_30.jpg,13.898,0.173339,0.094894,0.111502,0.389166,0.173339,0.995691,0.996396,7579,60393,11896,16697348,19475,67972,495144,0.039332,0.133851,0.134756,ok
incasem,mito,deepcontact_tem,DeepContact-TEM,tem_00065,sparse,4.68,20180115_b10_3_35.jpg,23.667,0.311589,0.184546,0.209153,0.610674,0.311589,0.993066,0.994051,26328,99551,16785,16634552,43113,125879,1032852,0.041742,0.236957,0.202961,ok
incasem,mito,deepcontact_tem,DeepContact-TEM,tem_00066,sparse,4.68,20180115_b10_3_39.jpg,26.117,0.329509,0.197252,0.203886,0.858418,0.329509,0.993445,0.993699,27023,105517,4457,16640219,31480,132540,1317170,0.0239,0.167281,0.18741,ok
incasem,mito,deeppi_em_skeletal_muscle,DeepPI,te_00021,partial,,test/input/x_0.tif,40.27,0.108207,0.057198,0.446565,0.061562,0.108207,0.832755,0.984944,170228,210966,2594932,13801090,2765160,381194,6553600,0.42193,0.105978,0.122379,ok
incasem,mito,deeppi_em_skeletal_muscle,DeepPI,te_00022,partial,,test/input/x_1.tif,40.163,0.111763,0.059189,0.346333,0.066633,0.111763,0.836999,0.977124,172048,324722,2409984,13870462,2582032,496770,6553600,0.393987,0.145279,0.103019,ok
incasem,mito,deeppi_em_skeletal_muscle,DeepPI,te_00023,partial,,test/input/x_2.tif,40.337,0.248161,0.141657,0.77248,0.147825,0.248161,0.906488,0.994925,258920,76260,1492612,14949424,1751532,335180,6553600,0.267263,0.222314,0.246612,ok
incasem,mito,deeppi_em_skeletal_muscle,DeepPI,te_00024,partial,,test/input/x_3.tif,40.232,0.055931,0.02877,0.424124,0.02994,0.055931,0.773211,0.988239,112710,153038,3651856,12859612,3764566,265748,6553600,0.574427,0.087601,0.145426,ok
incasem,mito,deeppi_em_skeletal_muscle,DeepPI,te_00025,partial,,test/input/x_4.tif,40.397,0.036658,0.018671,0.550003,0.018961,0.036658,0.800346,0.996113,63731,52143,3297500,13363842,3361231,115874,6553600,0.512883,0.055087,0.096302,ok
incasem,mito,deeppi_em_skeletal_muscle,DeepPI,te_00026,partial,,test/input/x_5.tif,40.657,0.315921,0.187593,0.740078,0.200824,0.315921,0.897386,0.990565,397530,139616,1581962,14658108,1979492,537146,6553600,0.302047,0.29717,0.270298,ok
incasem,mito,empiar_10982_mitonet_benchmark,EMPIAR-10982,c_el_00000,sparse,24.0,mito_benchmarks/c_elegans/c_elegans_em.tif,33.18,0.431964,0.275481,0.396004,0.475108,0.431964,0.999636,0.999789,2319,3537,2562,16768798,4881,5856,64770,0.075359,0.353634,0.374611,ok
incasem,mito,empiar_10982_mitonet_benchmark,EMPIAR-10982,c_el_00001,sparse,24.0,mito_benchmarks/c_elegans/c_elegans_em.tif,33.636,0.505186,0.337959,0.463219,0.555516,0.505186,0.999636,0.999785,3117,3612,2494,16767993,5611,6729,56925,0.098568,0.457862,0.442627,ok
incasem,mito,empiar_10982_mitonet_benchmark,EMPIAR-10982,c_el_00002,sparse,24.0,mito_benchmarks/c_elegans/c_elegans_em.tif,33.283,0.45,0.290323,0.378983,0.553769,0.45,0.999709,0.999805,1998,3274,1610,16770334,3608,5272,57088,0.063201,0.421938,0.448743,ok
incasem,mito,empiar_10982_mitonet_benchmark,EMPIAR-10982,c_el_00003,sparse,24.0,mito_benchmarks/c_elegans/c_elegans_em.tif,33.429,0.373868,0.229913,0.349475,0.401922,0.373868,0.999674,0.999819,1631,3036,2427,16770122,4058,4667,55296,0.073387,0.339895,0.339662,ok
incasem,mito,empiar_10982_mitonet_benchmark,EMPIAR-10982,c_el_00004,sparse,24.0,mito_benchmarks/c_elegans/c_elegans_em.tif,33.252,0.341547,0.205943,0.283184,0.430212,0.341547,0.999724,0.999819,1199,3035,1588,16771394,2787,4234,46420,0.060039,0.307704,0.320357,ok
incasem,mito,empiar_10982_mitonet_benchmark,EMPIAR-10982,c_el_00005,sparse,24.0,mito_benchmarks/c_elegans/c_elegans_em.tif,33.419,0.311627,0.184572,0.249855,0.413976,0.311627,0.999774,0.999846,859,2579,1216,16772562,2075,3438,45198,0.045909,0.243175,0.249927,ok
incasem,mito,empiar_10982_mitonet_benchmark,EMPIAR-10982,c_el_00006,sparse,24.0,mito_benchmarks/c_elegans/c_elegans_em.tif,33.269,0.402685,0.252101,0.425985,0.381801,0.402685,0.999788,0.999904,1200,1617,1943,16772456,3143,2817,38208,0.08226,0.35752,0.369906,ok
incasem,mito,empiar_10982_mitonet_benchmark,EMPIAR-10982,c_el_00007,sparse,24.0,mito_benchmarks/c_elegans/c_elegans_em.tif,33.147,0.305944,0.180598,0.211716,0.551318,0.305944,0.999683,0.99974,1171,4360,953,16770732,2124,5531,65536,0.03241,0.248314,0.267943,ok
incasem,mito,empiar_10982_mitonet_benchmark,EMPIAR-10982,c_el_00008,sparse,24.0,mito_benchmarks/c_elegans/c_elegans_em.tif,33.915,0.443725,0.28512,0.388495,0.51726,0.443725,0.999713,0.99982,1918,3019,1790,16770489,3708,4937,62720,0.05912,0.376038,0.363081,ok
incasem,mito,empiar_10982_mitonet_benchmark,EMPIAR-10982,c_el_00009,sparse,24.0,mito_benchmarks/c_elegans/c_elegans_em.tif,33.697,0.37892,0.233745,0.32133,0.461661,0.37892,0.99966,0.999781,1740,3675,2029,16769772,3769,5415,59648,0.063187,0.384358,0.33819,ok
incasem,mito,empiar_10982_mitonet_benchmark,EMPIAR-10982,c_el_00010,sparse,24.0,mito_benchmarks/c_elegans/c_elegans_em.tif,33.58,0.266283,0.153591,0.245521,0.290881,0.266283,0.999635,0.999797,1110,3411,2706,16769989,3816,4521,61952,0.061596,0.216875,0.208439,ok
incasem,mito,empiar_10982_mitonet_benchmark,EMPIAR-10982,c_el_00011,sparse,24.0,mito_benchmarks/c_elegans/c_elegans_em.tif,33.208,0.29547,0.173344,0.331898,0.266248,0.29547,0.999518,0.999796,1696,3414,4674,16767432,6370,5110,65536,0.097198,0.235293,0.289676,ok
incasem,mito,empiar_10982_mitonet_benchmark,EMPIAR-10982,c_el_00012,sparse,24.0,mito_benchmarks/c_elegans/c_elegans_em.tif,33.251,0.253119,0.144898,0.191636,0.372688,0.253119,0.999483,0.99963,1471,6205,2476,16767064,3947,7676,65536,0.060226,0.243674,0.197292,ok
incasem,mito,empiar_10982_mitonet_benchmark,EMPIAR-10982,c_el_00013,sparse,24.0,mito_benchmarks/c_elegans/c_elegans_em.tif,33.644,0.37081,0.227604,0.326225,0.42951,0.37081,0.999564,0.999734,2157,4455,2865,16767739,5022,6612,56576,0.088766,0.350027,0.311007,ok
incasem,mito,empiar_10982_mitonet_benchmark,EMPIAR-10982,c_el_00014,sparse,24.0,mito_benchmarks/c_elegans/c_elegans_em.tif,33.476,0.34088,0.205458,0.340968,0.340791,0.34088,0.999698,0.999849,1310,2532,2534,16770840,3844,3842,44935,0.085546,0.313043,0.252197,ok
incasem,mito,empiar_10982_mitonet_benchmark,EMPIAR-10982,c_el_00015,sparse,24.0,mito_benchmarks/c_elegans/c_elegans_em.tif,33.667,0.284096,0.165566,0.323604,0.253186,0.284096,0.99954,0.999809,1530,3198,4513,16767975,6043,4728,50853,0.118833,0.293203,0.24076,ok
incasem,mito,empiar_10982_mitonet_benchmark,EMPIAR-10982,fly__00016,sparse,12.0,mito_benchmarks/fly_brain/fly_brain_em.tif,8.1,0.282021,0.164159,0.19243,0.527714,0.282021,0.999229,0.999364,2542,10668,2275,16761731,4817,13210,44178,0.109036,0.271615,0.182021,ok
incasem,mito,empiar_10982_mitonet_benchmark,EMPIAR-10982,fly__00017,sparse,12.0,mito_benchmarks/fly_brain/fly_brain_em.tif,8.756,0.238246,0.135232,0.160782,0.459756,0.238246,0.999025,0.999204,2559,13357,3007,16758293,5566,15916,62985,0.08837,0.227937,0.156373,ok
incasem,mito,empiar_10982_mitonet_benchmark,EMPIAR-10982,fly__00018,sparse,12.0,mito_benchmarks/fly_brain/fly_brain_em.tif,8.332,0.310522,0.183797,0.202174,0.669102,0.310522,0.99903,0.999138,3664,14459,1812,16757281,5476,18123,64005,0.085556,0.236962,0.201026,ok
incasem,mito,empiar_10982_mitonet_benchmark,EMPIAR-10982,fly__00019,sparse,12.0,mito_benchmarks/fly_brain/fly_brain_em.tif,8.178,0.279717,0.1626,0.19777,0.477623,0.279717,0.998791,0.999047,3938,15974,4307,16752997,8245,19912,65025,0.126797,0.22757,0.191191,ok
incasem,mito,empiar_10982_mitonet_benchmark,EMPIAR-10982,fly__00020,sparse,12.0,mito_benchmarks/fly_brain/fly_brain_em.tif,8.726,0.35958,0.2192,0.256101,0.603375,0.35958,0.998975,0.999164,4827,14021,3173,16755195,8000,18848,62985,0.127014,0.284455,0.223784,ok
incasem,mito,empiar_10982_mitonet_benchmark,EMPIAR-10982,fly__00021,sparse,12.0,mito_benchmarks/fly_brain/fly_brain_em.tif,8.384,0.096714,0.050814,0.054196,0.448834,0.096714,0.998735,0.998818,1136,19825,1395,16754860,2531,20961,65025,0.038923,0.063682,0.079839,ok
incasem,mito,empiar_10982_mitonet_benchmark,EMPIAR-10982,fly__00022,sparse,12.0,mito_benchmarks/fly_brain/fly_brain_em.tif,8.179,0.450431,0.290681,0.330997,0.704715,0.450431,0.999396,0.999499,4155,8398,1741,16762922,5896,12553,43475,0.135618,0.345871,0.298375,ok
incasem,mito,empiar_10982_mitonet_benchmark,EMPIAR-10982,fly__00023,sparse,12.0,mito_benchmarks/fly_brain/fly_brain_em.tif,8.151,0.409135,0.257177,0.291112,0.688107,0.409135,0.998976,0.999136,5948,14484,2696,16754088,8644,20432,65025,0.132933,0.3171,0.264701,ok
incasem,mito,empiar_10982_mitonet_benchmark,EMPIAR-10982,glyc_00024,sparse,18.0,mito_benchmarks/glycolytic_muscle/glycolytic_muscle_em.tif,21.619,0.414799,0.261669,0.297713,0.683677,0.414799,0.999069,0.999222,5533,13052,2560,16756071,8093,18585,259908,0.031138,0.219363,0.267924,ok
incasem,mito,empiar_10982_mitonet_benchmark,EMPIAR-10982,glyc_00025,sparse,18.0,mito_benchmarks/glycolytic_muscle/glycolytic_muscle_em.tif,21.562,0.22807,0.128713,0.143978,0.548327,0.22807,0.998208,0.998425,4442,26410,3659,16742705,8101,30852,286484,0.028277,0.162397,0.172989,ok
incasem,mito,empiar_10982_mitonet_benchmark,EMPIAR-10982,glyc_00026,sparse,18.0,mito_benchmarks/glycolytic_muscle/glycolytic_muscle_em.tif,21.191,0.361104,0.220334,0.243219,0.700746,0.361104,0.998693,0.99885,6196,19279,2646,16749095,8842,25475,292612,0.030217,0.203129,0.227641,ok
incasem,mito,empiar_10982_mitonet_benchmark,EMPIAR-10982,glyc_00027,sparse,18.0,mito_benchmarks/glycolytic_muscle/glycolytic_muscle_em.tif,20.974,0.139679,0.075084,0.081265,0.496763,0.139679,0.99769,0.997879,3146,35567,3187,16735316,6333,38713,292229,0.021671,0.109633,0.114612,ok
incasem,mito,empiar_10982_mitonet_benchmark,EMPIAR-10982,glyc_00028,sparse,18.0,mito_benchmarks/glycolytic_muscle/glycolytic_muscle_em.tif,21.31,0.410966,0.258626,0.28277,0.751799,0.410966,0.99884,0.998973,6791,17225,2242,16750958,9033,24016,248570,0.03634,0.293455,0.315042,ok
incasem,mito,empiar_10982_mitonet_benchmark,EMPIAR-10982,glyc_00029,sparse,18.0,mito_benchmarks/glycolytic_muscle/glycolytic_muscle_em.tif,21.622,0.314076,0.186293,0.219555,0.551508,0.314076,0.998262,0.998585,6676,23731,5429,16741380,12105,30407,272340,0.044448,0.249179,0.215109,ok
incasem,mito,empiar_10982_mitonet_benchmark,EMPIAR-10982,glyc_00030,sparse,18.0,mito_benchmarks/glycolytic_muscle/glycolytic_muscle_em.tif,20.793,0.303626,0.178985,0.208983,0.554947,0.303626,0.99856,0.998811,5267,19936,4224,16747789,9491,25203,269730,0.035187,0.21054,0.212899,ok
incasem,mito,empiar_10982_mitonet_benchmark,EMPIAR-10982,glyc_00031,sparse,18.0,mito_benchmarks/glycolytic_muscle/glycolytic_muscle_em.tif,21.665,0.232166,0.131328,0.139519,0.691064,0.232166,0.998399,0.998507,4060,25040,1815,16746301,5875,29100,276736,0.02123,0.130676,0.138676,ok
incasem,mito,empiar_10982_mitonet_benchmark,EMPIAR-10982,glyc_00032,sparse,18.0,mito_benchmarks/glycolytic_muscle/glycolytic_muscle_em.tif,21.617,0.313216,0.185689,0.20942,0.621011,0.313216,0.998382,0.998607,6189,23364,3777,16743886,9966,29553,275377,0.03619,0.218961,0.219197,ok
incasem,mito,empiar_10982_mitonet_benchmark,EMPIAR-10982,glyc_00033,sparse,18.0,mito_benchmarks/glycolytic_muscle/glycolytic_muscle_em.tif,20.793,0.295248,0.173191,0.1908,0.652365,0.295248,0.998564,0.998723,5048,21409,2690,16748069,7738,26457,288405,0.02683,0.193349,0.185815,ok
incasem,mito,empiar_10982_mitonet_benchmark,EMPIAR-10982,glyc_00034,sparse,18.0,mito_benchmarks/glycolytic_muscle/glycolytic_muscle_em.tif,21.542,0.272482,0.15773,0.175124,0.613604,0.272482,0.998059,0.998287,6098,28723,3840,16738555,9938,34821,278824,0.035643,0.171937,0.191387,ok
incasem,mito,empiar_10982_mitonet_benchmark,EMPIAR-10982,glyc_00035,sparse,18.0,mito_benchmarks/glycolytic_muscle/glycolytic_muscle_em.tif,21.208,0.452913,0.292752,0.339363,0.680659,0.452913,0.998709,0.998959,8967,17456,4207,16746586,13174,26423,285718,0.046108,0.341412,0.303646,ok
incasem,mito,empiar_10982_mitonet_benchmark,EMPIAR-10982,glyc_00036,sparse,18.0,mito_benchmarks/glycolytic_muscle/glycolytic_muscle_em.tif,21.794,0.418817,0.264876,0.299832,0.694371,0.418817,0.998823,0.999009,7118,16622,3133,16750343,10251,23740,257131,0.039867,0.242499,0.275422,ok
incasem,mito,empiar_10982_mitonet_benchmark,EMPIAR-10982,glyc_00037,sparse,18.0,mito_benchmarks/glycolytic_muscle/glycolytic_muscle_em.tif,20.656,0.365713,0.223775,0.263595,0.596993,0.365713,0.998752,0.998994,6035,16860,4074,16750247,10109,22895,288405,0.035051,0.252411,0.258989,ok
incasem,mito,empiar_10982_mitonet_benchmark,EMPIAR-10982,hela_00038,sparse,15.0,mito_benchmarks/hela_cell/hela_cell_em.tif,11.788,0.493338,0.327438,0.512151,0.475859,0.493338,0.999757,0.999887,1981,1887,2182,16771166,4163,3868,55460,0.075063,0.36538,0.315978,ok
incasem,mito,empiar_10982_mitonet_benchmark,EMPIAR-10982,hela_00039,sparse,15.0,mito_benchmarks/hela_cell/hela_cell_em.tif,11.246,0.549562,0.378893,0.800087,0.418515,0.549562,0.999639,0.999945,3698,924,5138,16767456,8836,4622,60416,0.146253,0.522174,0.459687,ok
incasem,mito,empiar_10982_mitonet_benchmark,EMPIAR-10982,hela_00040,sparse,15.0,mito_benchmarks/hela_cell/hela_cell_em.tif,11.793,0.331157,0.198435,0.496606,0.2484,0.331157,0.999542,0.999885,1902,1928,5755,16767631,7657,3830,65536,0.116837,0.234952,0.302542,ok
incasem,mito,empiar_10982_mitonet_benchmark,EMPIAR-10982,hela_00041,sparse,15.0,mito_benchmarks/hela_cell/hela_cell_em.tif,11.381,0.428094,0.27234,0.468924,0.393804,0.428094,0.999704,0.999875,1856,2102,2857,16770401,4713,3958,61952,0.076075,0.314287,0.31768,ok
incasem,mito,empiar_10982_mitonet_benchmark,EMPIAR-10982,hela_00042,sparse,15.0,mito_benchmarks/hela_cell/hela_cell_em.tif,11.101,0.4,0.25,0.425591,0.377312,0.4,0.999836,0.999926,918,1239,1515,16773544,2433,2157,40275,0.06041,0.31737,0.255762,ok
incasem,mito,empiar_10982_mitonet_benchmark,EMPIAR-10982,hela_00043,sparse,15.0,mito_benchmarks/hela_cell/hela_cell_em.tif,11.613,0.319048,0.189802,0.235832,0.49301,0.319048,0.99983,0.999871,670,2171,689,16773686,1359,2841,63232,0.021492,0.195495,0.222492,ok
incasem,mito,empiar_10982_mitonet_benchmark,EMPIAR-10982,hela_00044,sparse,15.0,mito_benchmarks/hela_cell/hela_cell_em.tif,11.1,0.451451,0.291532,0.520246,0.398725,0.451451,0.999792,0.999921,1439,1327,2170,16772280,3609,2766,65536,0.055069,0.314234,0.341744,ok
incasem,mito,empiar_10982_mitonet_benchmark,EMPIAR-10982,hela_00045,sparse,15.0,mito_benchmarks/hela_cell/hela_cell_em.tif,11.662,0.531503,0.361937,0.5938,0.481036,0.531503,0.999807,0.999925,1839,1258,1984,16772135,3823,3097,63744,0.059974,0.429126,0.390307,ok
incasem,mito,empiar_10982_mitonet_benchmark,EMPIAR-10982,hela_00046,sparse,15.0,mito_benchmarks/hela_cell/hela_cell_em.tif,11.141,0.409878,0.257765,0.357863,0.479586,0.409878,0.999714,0.999822,1668,2993,1810,16770745,3478,4661,65536,0.05307,0.319506,0.317428,ok
incasem,mito,empiar_10982_mitonet_benchmark,EMPIAR-10982,hela_00047,sparse,15.0,mito_benchmarks/hela_cell/hela_cell_em.tif,11.126,0.440213,0.282226,0.405349,0.481638,0.440213,0.999793,0.999881,1364,2001,1468,16772383,2832,3365,60928,0.046481,0.273309,0.291128,ok
incasem,mito,empiar_10982_mitonet_benchmark,EMPIAR-10982,sali_00051,sparse,15.0,mito_benchmarks/salivary_gland/salivary_gland_em.tif,8.528,0.092385,0.048429,0.168182,0.063683,0.092385,0.999957,0.999989,37,183,544,16776452,581,220,5166,0.112466,0.0,0.217582,ok
incasem,mito,empiar_10982_mitonet_benchmark,EMPIAR-10982,sali_00052,sparse,15.0,mito_benchmarks/salivary_gland/salivary_gland_em.tif,18.469,0.178459,0.097971,0.373791,0.117209,0.178459,0.999767,0.999958,425,712,3201,16772878,3626,1137,33440,0.108433,0.106808,0.120138,ok
incasem,mito,empiar_10982_mitonet_benchmark,EMPIAR-10982,sali_00053,sparse,15.0,mito_benchmarks/salivary_gland/salivary_gland_em.tif,30.013,0.044001,0.022496,0.06252,0.033946,0.044001,0.999503,0.999828,192,2879,5464,16768681,5656,3071,360126,0.015706,0.084554,0.08919,ok
incasem,mito,empiar_10982_mitonet_benchmark,EMPIAR-10982,sali_00054,sparse,15.0,mito_benchmarks/salivary_gland/salivary_gland_em.tif,6.681,0.002064,0.001033,0.5,0.001034,0.002064,0.999885,1.0,2,2,1932,16775280,1934,4,3348,0.577658,0.0,0.04878,ok
incasem,mito,empiar_10982_mitonet_benchmark,EMPIAR-10982,sali_00055,sparse,15.0,mito_benchmarks/salivary_gland/salivary_gland_em.tif,30.023,0.305799,0.180497,0.287347,0.326783,0.305799,0.999721,0.999848,1031,2557,2124,16771504,3155,3588,181608,0.017373,0.21534,0.222096,ok
incasem,mito,empiar_10982_mitonet_benchmark,EMPIAR-10982,sali_00056,sparse,15.0,mito_benchmarks/salivary_gland/salivary_gland_em.tif,33.11,0.182074,0.100155,0.150405,0.230637,0.182074,0.99785,0.998647,4014,22674,13390,16737138,17404,26688,628754,0.02768,0.140559,0.079021,ok
incasem,mito,empiar_10982_mitonet_benchmark,EMPIAR-10982,sali_00057,sparse,15.0,mito_benchmarks/salivary_gland/salivary_gland_em.tif,33.732,0.191198,0.105704,0.146379,0.275571,0.191198,0.998485,0.998955,3004,17518,7897,16748797,10901,20522,586840,0.018576,0.151041,0.09117,ok
incasem,mito,empiar_10982_mitonet_benchmark,EMPIAR-10982,sali_00058,sparse,15.0,mito_benchmarks/salivary_gland/salivary_gland_em.tif,36.053,0.299778,0.176317,0.229334,0.432686,0.299778,0.998306,0.99878,6084,20445,7977,16742710,14061,26529,583289,0.024106,0.228717,0.146018,ok
incasem,mito,empiar_10982_mitonet_benchmark,EMPIAR-10982,sali_00059,sparse,15.0,mito_benchmarks/salivary_gland/salivary_gland_em.tif,39.097,0.314775,0.186785,0.237888,0.465097,0.314775,0.997529,0.99818,9521,30502,10950,16726243,20471,40023,539070,0.037975,0.230619,0.175814,ok
incasem,mito,empiar_10982_mitonet_benchmark,EMPIAR-10982,sali_00060,sparse,15.0,mito_benchmarks/salivary_gland/salivary_gland_em.tif,36.291,0.259672,0.149209,0.196992,0.380854,0.259672,0.997551,0.998247,7205,29370,11713,16728928,18918,36575,573475,0.032988,0.249242,0.137645,ok
incasem,mito,empiar_10982_mitonet_benchmark,EMPIAR-10982,sali_00061,sparse,15.0,mito_benchmarks/salivary_gland/salivary_gland_em.tif,38.935,0.307929,0.181984,0.235069,0.446244,0.307929,0.997431,0.998138,9588,31200,11898,16724530,21486,40788,572949,0.037501,0.280059,0.155139,ok
incasem,mito,empiar_10982_mitonet_benchmark,EMPIAR-10982,sali_00062,sparse,15.0,mito_benchmarks/salivary_gland/salivary_gland_em.tif,39.91,0.191461,0.105865,0.132491,0.345025,0.191461,0.996662,0.99741,6630,43411,12586,16714589,19216,50041,543564,0.035352,0.158738,0.101666,ok
incasem,mito,empiar_10982_mitonet_benchmark,EMPIAR-10982,sali_00063,sparse,15.0,mito_benchmarks/salivary_gland/salivary_gland_em.tif,38.979,0.223612,0.12588,0.17708,0.303315,0.223612,0.996743,0.997817,7868,36564,18072,16714712,25940,44432,606837,0.042746,0.192518,0.10979,ok
incasem,mito,empiar_10982_mitonet_benchmark,EMPIAR-10982,sali_00064,sparse,15.0,mito_benchmarks/salivary_gland/salivary_gland_em.tif,39.366,0.18667,0.102943,0.137373,0.291152,0.18667,0.996154,0.997225,7404,46493,18026,16705293,25430,53897,612689,0.041506,0.196411,0.102768,ok
incasem,mito,empiar_10982_mitonet_benchmark,EMPIAR-10982,sali_00065,sparse,15.0,mito_benchmarks/salivary_gland/salivary_gland_em.tif,35.713,0.165034,0.089938,0.11616,0.284908,0.165034,0.995982,0.996974,6662,50690,16721,16703143,23383,57352,640590,0.036502,0.128095,0.082482,ok
incasem,mito,empiar_10982_mitonet_benchmark,EMPIAR-10982,sali_00066,sparse,15.0,mito_benchmarks/salivary_gland/salivary_gland_em.tif,33.517,0.132125,0.070736,0.097688,0.204061,0.132125,0.996215,0.997335,4834,44650,18855,16708877,23689,49484,562320,0.042127,0.125741,0.083007,ok
incasem,mito,empiar_10982_mitonet_benchmark,EMPIAR-10982,sali_00067,sparse,15.0,mito_benchmarks/salivary_gland/salivary_gland_em.tif,36.49,0.185942,0.102501,0.126529,0.350542,0.185942,0.995801,0.996685,8046,55544,14907,16698719,22953,63590,537320,0.042718,0.166812,0.104153,ok
incasem,mito,empiar_10982_mitonet_benchmark,EMPIAR-10982,sali_00068,sparse,15.0,mito_benchmarks/salivary_gland/salivary_gland_em.tif,36.159,0.201209,0.111858,0.154218,0.289386,0.201209,0.995951,0.997198,8556,46924,21010,16700726,29566,55480,602616,0.049063,0.189428,0.117126,ok
incasem,mito,empiar_10982_mitonet_benchmark,EMPIAR-10982,sali_00069,sparse,15.0,mito_benchmarks/salivary_gland/salivary_gland_em.tif,32.826,0.153138,0.082918,0.119028,0.21465,0.153138,0.996119,0.997399,5887,43572,21539,16706218,27426,49459,605616,0.045286,0.138965,0.116675,ok
incasem,mito,empiar_10982_mitonet_benchmark,EMPIAR-10982,sali_00070,sparse,15.0,mito_benchmarks/salivary_gland/salivary_gland_em.tif,33.061,0.13861,0.074466,0.10117,0.22004,0.13861,0.99565,0.996886,5872,52169,20814,16698361,26686,58041,712701,0.037443,0.13391,0.090705,ok
incasem,mito,empiar_10982_mitonet_benchmark,EMPIAR-10982,sali_00071,sparse,15.0,mito_benchmarks/salivary_gland/salivary_gland_em.tif,35.846,0.09872,0.051923,0.071216,0.160836,0.09872,0.995787,0.996987,3871,50485,20197,16702663,24068,54356,808146,0.029782,0.107233,0.067714,ok
incasem,mito,empiar_10982_mitonet_benchmark,EMPIAR-10982,sali_00072,sparse,15.0,mito_benchmarks/salivary_gland/salivary_gland_em.tif,36.041,0.151001,0.081666,0.098532,0.323001,0.151001,0.995453,0.996296,6784,62067,14219,16694146,21003,68851,840368,0.024993,0.124462,0.074861,ok
incasem,mito,empiar_10982_mitonet_benchmark,EMPIAR-10982,sali_00073,sparse,15.0,mito_benchmarks/salivary_gland/salivary_gland_em.tif,32.871,0.209363,0.116921,0.136105,0.453408,0.209363,0.996116,0.996732,8627,54758,10400,16703431,19027,63385,783881,0.024273,0.168808,0.072567,ok
incasem,mito,empiar_10982_mitonet_benchmark,EMPIAR-10982,sali_00074,sparse,15.0,mito_benchmarks/salivary_gland/salivary_gland_em.tif,30.377,0.215416,0.120709,0.151918,0.370114,0.215416,0.996814,0.997555,7339,40970,12490,16716417,19829,48309,750882,0.026408,0.20186,0.100174,ok
incasem,mito,empiar_10982_mitonet_benchmark,EMPIAR-10982,sali_00075,sparse,15.0,mito_benchmarks/salivary_gland/salivary_gland_em.tif,29.962,0.144185,0.077694,0.098147,0.271576,0.144185,0.996587,0.997355,4824,44327,12939,16715126,17763,49151,760971,0.023343,0.13449,0.125657,ok
incasem,mito,empiar_10982_mitonet_benchmark,EMPIAR-10982,sali_00076,sparse,15.0,mito_benchmarks/salivary_gland/salivary_gland_em.tif,29.752,0.139198,0.074806,0.096017,0.252963,0.139198,0.995893,0.99687,5571,52450,16452,16702743,22023,58021,757185,0.029085,0.141399,0.128103,ok
incasem,mito,empiar_10982_mitonet_benchmark,EMPIAR-10982,sali_00077,sparse,15.0,mito_benchmarks/salivary_gland/salivary_gland_em.tif,30.086,0.219263,0.12313,0.148079,0.422237,0.219263,0.996831,0.997437,7466,42953,10216,16716581,17682,50419,687754,0.02571,0.212464,0.115816,ok
incasem,mito,empiar_10982_mitonet_benchmark,EMPIAR-10982,sali_00078,sparse,15.0,mito_benchmarks/salivary_gland/salivary_gland_em.tif,27.445,0.245669,0.140036,0.192799,0.338493,0.245669,0.997246,0.99812,7523,31497,14702,16723494,22225,39020,624682,0.035578,0.210749,0.116765,ok
incasem,mito,empiar_10982_mitonet_benchmark,EMPIAR-10982,sali_00079,sparse,15.0,mito_benchmarks/salivary_gland/salivary_gland_em.tif,30.472,0.270863,0.156647,0.253565,0.290695,0.270863,0.997592,0.998681,7504,22090,18310,16729312,25814,29594,594080,0.043452,0.240848,0.173733,ok
incasem,mito,empiar_10982_mitonet_benchmark,EMPIAR-10982,sali_00080,sparse,15.0,mito_benchmarks/salivary_gland/salivary_gland_em.tif,27.454,0.210118,0.117392,0.189522,0.235737,0.210118,0.997669,0.998672,5202,22246,16865,16732903,22067,27448,577424,0.038216,0.174501,0.137474,ok
incasem,mito,empiar_10982_mitonet_benchmark,EMPIAR-10982,sali_00081,sparse,15.0,mito_benchmarks/salivary_gland/salivary_gland_em.tif,26.746,0.253598,0.145212,0.299062,0.220133,0.253598,0.9983,0.999322,4846,11358,17168,16743844,22014,16204,326748,0.067373,0.244479,0.152081,ok
incasem,mito,empiar_10982_mitonet_benchmark,EMPIAR-10982,sali_00082,sparse,15.0,mito_benchmarks/salivary_gland/salivary_gland_em.tif,24.566,0.27268,0.157863,0.303175,0.247759,0.27268,0.998242,0.999242,5529,12708,16787,16742192,22316,18237,292248,0.07636,0.285041,0.158192,ok
incasem,mito,empiar_10982_mitonet_benchmark,EMPIAR-10982,sali_00083,sparse,15.0,mito_benchmarks/salivary_gland/salivary_gland_em.tif,23.823,0.055635,0.028613,0.056103,0.055174,0.055635,0.998456,0.999234,763,12837,13066,16750550,13829,13600,328185,0.042138,0.077461,0.046752,ok
incasem,mito,empiar_10982_mitonet_benchmark,EMPIAR-10982,sali_00084,sparse,15.0,mito_benchmarks/salivary_gland/salivary_gland_em.tif,26.975,0.153451,0.083101,0.123276,0.203185,0.153451,0.998783,0.999215,1850,13157,7255,16754954,9105,15007,318004,0.028632,0.117182,0.072962,ok
incasem,mito,empiar_10982_mitonet_benchmark,EMPIAR-10982,sali_00085,sparse,15.0,mito_benchmarks/salivary_gland/salivary_gland_em.tif,23.799,0.290882,0.170194,0.320716,0.266126,0.290882,0.999542,0.999801,1576,3338,4346,16767956,5922,4914,204074,0.029019,0.284281,0.213732,ok
incasem,mito,empiar_10982_mitonet_benchmark,EMPIAR-10982,sali_00086,sparse,15.0,mito_benchmarks/salivary_gland/salivary_gland_em.tif,27.241,0.172514,0.0944,0.124691,0.279844,0.172514,0.999221,0.99943,1362,9561,3505,16762788,4867,10923,334880,0.014534,0.148321,0.100876,ok
incasem,mito,empiar_10982_mitonet_benchmark,EMPIAR-10982,sali_00087,sparse,15.0,mito_benchmarks/salivary_gland/salivary_gland_em.tif,8.467,0.055843,0.028723,0.118943,0.036486,0.055843,0.999946,0.999988,27,200,713,16776276,740,227,3762,0.196704,0.078281,0.072392,ok
incasem,mito,empiar_10982_mitonet_benchmark,EMPIAR-10982,sali_00088,sparse,15.0,mito_benchmarks/salivary_gland/salivary_gland_em.tif,26.651,0.0,0.0,0.0,0.0,0.0,0.999648,0.999778,0,3722,2181,16771313,2181,3722,77682,0.028076,0.0,0.0,ok
incasem,mito,empiar_10982_mitonet_benchmark,EMPIAR-10982,sali_00089,sparse,15.0,mito_benchmarks/salivary_gland/salivary_gland_em.tif,27.393,0.091798,0.048107,0.092276,0.091325,0.091798,0.999529,0.999766,399,3925,3970,16768922,4369,4324,82680,0.052842,0.082816,0.046749,ok
incasem,mito,empiar_10982_mitonet_benchmark,EMPIAR-10982,sali_00090,sparse,15.0,mito_benchmarks/salivary_gland/salivary_gland_em.tif,27.425,0.149623,0.080861,0.195539,0.12117,0.149623,0.999644,0.999871,526,2164,3815,16770711,4341,2690,77546,0.05598,0.151284,0.161299,ok
incasem,mito,empiar_10982_mitonet_benchmark,EMPIAR-10982,sali_00091,sparse,15.0,mito_benchmarks/salivary_gland/salivary_gland_em.tif,24.369,0.174641,0.095675,0.665638,0.100505,0.174641,0.999271,0.999961,1294,650,11581,16763691,12875,1944,57134,0.225347,0.233175,0.165963,ok
incasem,mito,empiar_10982_mitonet_benchmark,EMPIAR-10982,sali_00092,sparse,15.0,mito_benchmarks/salivary_gland/salivary_gland_em.tif,24.325,0.029217,0.014825,0.358413,0.015229,0.029217,0.998962,0.999972,262,469,16942,16759543,17204,731,52974,0.324763,0.027529,0.05608,ok
incasem,mito,empiar_10982_mitonet_benchmark,EMPIAR-10982,sali_00093,sparse,15.0,mito_benchmarks/salivary_gland/salivary_gland_em.tif,30.433,0.087951,0.045998,0.419429,0.049126,0.087951,0.998874,0.999925,911,1261,17633,16757411,18544,2172,81420,0.227757,0.135669,0.087413,ok
incasem,mito,empiar_10982_mitonet_benchmark,EMPIAR-10982,sali_00094,sparse,15.0,mito_benchmarks/salivary_gland/salivary_gland_em.tif,15.992,0.121992,0.064958,0.673851,0.067067,0.121992,0.999598,0.999986,469,227,6524,16769996,6993,696,29388,0.237954,0.103764,0.136699,ok
incasem,mito,empiar_10982_mitonet_benchmark,EMPIAR-10982,tem_00095,sparse,2.0,tem_benchmark/images/0s1JawDdbBymwtwOjgx8.tiff,4.089,0.03771,0.019217,0.202834,0.020787,0.03771,0.98942,0.999177,3478,13669,163837,16596232,167315,17147,803160,0.208321,0.031442,0.033702,ok
incasem,mito,empiar_10982_mitonet_benchmark,EMPIAR-10982,tem_00096,sparse,2.0,tem_benchmark/images/17pOyGcUusCVRfzUZxTs.tiff,2.308,0.738986,0.586026,0.830136,0.665873,0.738986,0.997351,0.999228,62921,12875,31573,16669847,94494,75796,365120,0.258803,0.815575,0.144336,ok
incasem,mito,empiar_10982_mitonet_benchmark,EMPIAR-10982,tem_00097,sparse,2.0,tem_benchmark/images/1U0jYrdPwdlRDsQzkUNc.tiff,3.967,0.00106,0.00053,0.001064,0.001056,0.00106,0.992023,0.996009,71,66685,67150,16643310,67221,66756,1009664,0.066578,0.0,0.004173,ok
incasem,mito,empiar_10982_mitonet_benchmark,EMPIAR-10982,tem_00098,sparse,2.0,tem_benchmark/images/1unGsOC0dfeB02LCtQwi.tiff,3.71,0.645496,0.476556,0.566149,0.750711,0.645496,0.995592,0.996908,67323,51591,22356,16635946,89679,118914,894976,0.100203,0.482329,0.128459,ok
incasem,mito,empiar_10982_mitonet_benchmark,EMPIAR-10982,tem_00099,sparse,2.0,tem_benchmark/images/1vNHcbV4bWuC1zywuBdP.tiff,3.912,0.70856,0.548658,0.788917,0.643059,0.70856,0.989933,0.996662,205303,54931,113957,16403025,319260,260234,814080,0.392173,0.677346,0.101315,ok
incasem,mito,empiar_10982_mitonet_benchmark,EMPIAR-10982,tem_00100,sparse,2.0,tem_benchmark/images/2Tlqk9n8mmGv6G0EGxwl.tiff,3.718,0.618276,0.447467,0.864003,0.481371,0.618276,0.970774,0.996082,397089,62503,427823,15889801,824912,459592,1048576,0.786697,0.578068,0.142375,ok
incasem,mito,empiar_10982_mitonet_benchmark,EMPIAR-10982,tem_00101,sparse,2.0,tem_benchmark/images/3ib2iOCHNQIgrUaxnLwm.tiff,0.93,0.0,0.0,nan,0.0,0.0,0.998489,1.0,0,0,25357,16751859,25357,0,235470,0.107687,0.0,0.0,ok
incasem,mito,empiar_10982_mitonet_benchmark,EMPIAR-10982,tem_00102,sparse,2.0,tem_benchmark/images/3pbuH37yaTFrTt52QdNO.tiff,4.617,0.873633,0.775621,0.897624,0.850891,0.873633,0.989385,0.995626,615614,70212,107879,15983511,723493,685826,1154560,0.62664,0.85644,0.499111,ok
incasem,mito,empiar_10982_mitonet_benchmark,EMPIAR-10982,tem_00103,sparse,2.0,tem_benchmark/images/5BzcbKwHruGS296dUugB.tiff,0.925,0.0,0.0,nan,0.0,0.0,0.998788,1.0,0,0,20328,16756888,20328,0,72756,0.2794,0.0,0.0,ok
incasem,mito,empiar_10982_mitonet_benchmark,EMPIAR-10982,tem_00104,sparse,2.0,tem_benchmark/images/6plriVrEepvhHyOBmtUc.tiff,3.338,0.14612,0.078819,0.123069,0.179796,0.14612,0.995005,0.996947,7171,51097,32713,16686235,39884,58268,619719,0.064358,0.121006,0.066434,ok
incasem,mito,empiar_10982_mitonet_benchmark,EMPIAR-10982,tem_00105,sparse,2.0,tem_benchmark/images/6uc2ydKjW1yJG033GPjj.tiff,1.865,0.357606,0.217735,0.360098,0.355149,0.357606,0.997692,0.998856,10777,19151,19568,16727720,30345,29928,381920,0.079454,0.31663,0.093469,ok
incasem,mito,empiar_10982_mitonet_benchmark,EMPIAR-10982,tem_00106,sparse,2.0,tem_benchmark/images/7Z7jSCJZ23zSW2ZztTPJ.tiff,3.835,0.107311,0.056698,0.087805,0.137957,0.107311,0.978938,0.986727,21239,220648,132715,16402614,153954,241887,1048576,0.146822,0.110664,0.064001,ok
incasem,mito,empiar_10982_mitonet_benchmark,EMPIAR-10982,tem_00107,sparse,2.0,tem_benchmark/images/9SNS8ZHu7wx8HstQg2Vo.tiff,3.781,0.113039,0.059905,0.067809,0.339473,0.113039,0.985381,0.987158,15629,214857,30410,16516320,46039,230486,1012736,0.04546,0.10994,0.059167,ok
incasem,mito,empiar_10982_mitonet_benchmark,EMPIAR-10982,tem_00108,sparse,2.0,tem_benchmark/images/9jHLkwpVONtdgyvLyhds.tiff,3.693,0.581755,0.410193,0.428052,0.907678,0.581755,0.991542,0.992089,98690,131866,10038,16536622,108728,230556,967680,0.112359,0.535713,0.071668,ok
incasem,mito,empiar_10982_mitonet_benchmark,EMPIAR-10982,tem_00109,sparse,2.0,tem_benchmark/images/AH9rwncuiyjonmnTpzc6.tiff,3.726,0.121709,0.064798,0.152163,0.101412,0.121709,0.989689,0.995991,11986,66785,106205,16592240,118191,78771,864032,0.13679,0.087632,0.044319,ok
incasem,mito,empiar_10982_mitonet_benchmark,EMPIAR-10982,tem_00110,sparse,2.0,tem_benchmark/images/ALknkSgr7aoWr14RfrSV.tiff,5.776,0.783834,0.644512,0.735766,0.838621,0.783834,0.992468,0.995015,229102,82277,44087,16421750,273189,311379,1448502,0.188601,0.761357,0.12811,ok
incasem,mito,empiar_10982_mitonet_benchmark,EMPIAR-10982,tem_00111,sparse,2.0,tem_benchmark/images/AOVAPBvPacOXcUoVM3uZ.tiff,4.136,0.658169,0.490501,0.767185,0.576281,0.658169,0.984063,0.995217,257415,78117,189268,16252416,446683,335532,829440,0.538536,0.60567,0.123562,ok
incasem,mito,empiar_10982_mitonet_benchmark,EMPIAR-10982,tem_00112,sparse,2.0,tem_benchmark/images/AvUtncbaV60ITOmLlAkQ.tiff,3.838,0.379565,0.234237,0.377241,0.381918,0.379565,0.991705,0.995783,42569,70274,68892,16595481,111461,112843,801792,0.139015,0.280522,0.063243,ok
incasem,mito,empiar_10982_mitonet_benchmark,EMPIAR-10982,tem_00113,sparse,2.0,tem_benchmark/images/DccMhwElHJmbuS2J8lrU.tiff,2.798,0.837023,0.719724,0.820648,0.854064,0.837023,0.998283,0.999031,73979,16168,12641,16674428,86620,90147,581632,0.148926,0.776537,0.142006,ok
incasem,mito,empiar_10982_mitonet_benchmark,EMPIAR-10982,tem_00114,sparse,2.0,tem_benchmark/images/DprwEW2YlVIuqe8iiBUM.tiff,3.828,0.108064,0.057118,0.206053,0.073236,0.108064,0.996751,0.99924,3302,12723,41785,16719406,45087,16025,794848,0.056724,0.035057,0.024508,ok
incasem,mito,empiar_10982_mitonet_benchmark,EMPIAR-10982,tem_00115,sparse,2.0,tem_benchmark/images/E3DjzU1Hv0lKtRerU0dr.tiff,3.714,0.249646,0.142626,0.303994,0.211783,0.249646,0.995519,0.998287,12506,28633,46545,16689532,59051,41139,1048576,0.056315,0.262359,0.059348,ok
incasem,mito,empiar_10982_mitonet_benchmark,EMPIAR-10982,tem_00116,sparse,2.0,tem_benchmark/images/FJkyZfNswUHYI8UXjInE.tiff,3.681,0.676589,0.511246,0.70649,0.649116,0.676589,0.997234,0.998792,48550,20170,26244,16682252,74794,68720,973685,0.076815,0.657432,0.105403,ok
incasem,mito,empiar_10982_mitonet_benchmark,EMPIAR-10982,tem_00117,sparse,2.0,tem_benchmark/images/FSqfiQ5X7pl4pbbBV3og.tiff,2.768,0.63789,0.46831,0.69899,0.586613,0.63789,0.998365,0.999378,24162,10405,17027,16725622,41189,34567,444344,0.092696,0.523461,0.078964,ok
incasem,mito,empiar_10982_mitonet_benchmark,EMPIAR-10982,tem_00118,sparse,2.0,tem_benchmark/images/FcQtYwd3CZhEoqWrZQ6a.tiff,4.184,0.29704,0.174425,0.345497,0.260503,0.29704,0.995382,0.998145,16370,31011,46470,16683365,62840,47381,821744,0.076472,0.282036,0.099899,ok
incasem,mito,empiar_10982_mitonet_benchmark,EMPIAR-10982,tem_00119,sparse,2.0,tem_benchmark/images/GC18X3wh91fultTzXk0n.tiff,2.77,0.675844,0.510396,0.682245,0.669561,0.675844,0.997844,0.99895,37707,17562,18609,16703338,56316,55269,468765,0.120137,0.56876,0.101365,ok
incasem,mito,empiar_10982_mitonet_benchmark,EMPIAR-10982,tem_00120,sparse,2.0,tem_benchmark/images/Gp5MEeb8iAuYfrAcOb3T.tiff,3.697,0.159803,0.08684,0.154501,0.165483,0.159803,0.989643,0.994578,16524,90427,83329,16586936,99853,106951,1001472,0.099706,0.181641,0.061344,ok
incasem,mito,empiar_10982_mitonet_benchmark,EMPIAR-10982,tem_00121,sparse,2.0,tem_benchmark/images/HIv1HOOLTWhvBGs2GLAW.tiff,3.833,0.629012,0.458802,0.668043,0.59429,0.629012,0.989058,0.995318,155622,77330,106240,16438024,261862,232952,1044480,0.25071,0.612684,0.129953,ok
incasem,mito,empiar_10982_mitonet_benchmark,EMPIAR-10982,tem_00122,sparse,2.0,tem_benchmark/images/HWJC0I0n5pPosm91fPN9.tiff,3.697,0.511811,0.343916,0.781166,0.380582,0.511811,0.993368,0.999017,58325,16339,94927,16607625,153252,74664,932000,0.164433,0.59484,0.093378,ok
incasem,mito,empiar_10982_mitonet_benchmark,EMPIAR-10982,tem_00123,sparse,2.0,tem_benchmark/images/IsdoTn0CZN3NNBHw9eHs.tiff,3.725,0.017942,0.009052,0.012511,0.031702,0.017942,0.990239,0.992942,1496,118075,45694,16611951,47190,119571,1017856,0.046362,0.02082,0.003536,ok
incasem,mito,empiar_10982_mitonet_benchmark,EMPIAR-10982,tem_00124,sparse,2.0,tem_benchmark/images/JbZdraW8jUWOkWYenUQW.tiff,1.369,0.778811,0.637748,0.698974,0.879238,0.778811,0.996882,0.997621,92094,39662,12649,16632811,104743,131756,282384,0.370924,0.789565,0.083595,ok
incasem,mito,empiar_10982_mitonet_benchmark,EMPIAR-10982,tem_00125,sparse,2.0,tem_benchmark/images/KDdqT7pjt4RB6DP9YhBv.tiff,1.385,0.328101,0.196245,0.357592,0.303104,0.328101,0.998334,0.999268,6825,12261,15692,16742438,22517,19086,147076,0.153098,0.277315,0.093373,ok
incasem,mito,empiar_10982_mitonet_benchmark,EMPIAR-10982,tem_00126,sparse,2.0,tem_benchmark/images/KYJvyQylQ6GoiyoABzCi.tiff,5.107,0.018606,0.00939,0.03499,0.012672,0.018606,0.996429,0.999064,568,15665,44254,16716729,44822,16233,808588,0.055432,0.051862,0.033621,ok
incasem,mito,empiar_10982_mitonet_benchmark,EMPIAR-10982,tem_00127,sparse,2.0,tem_benchmark/images/MTeOXdixYD6o3ysTjtlY.tiff,2.794,0.392916,0.24449,0.637356,0.283996,0.392916,0.996968,0.99944,16461,9366,41501,16709888,57962,25827,540155,0.107306,0.315118,0.080148,ok
incasem,mito,empiar_10982_mitonet_benchmark,EMPIAR-10982,tem_00128,sparse,2.0,tem_benchmark/images/MWyu8XxfJUz0tPpjMG68.tiff,2.072,0.000716,0.000358,0.134454,0.000359,0.000716,0.997337,0.999994,16,103,44574,16732523,44590,119,400334,0.111382,0.0,0.0,ok
incasem,mito,empiar_10982_mitonet_benchmark,EMPIAR-10982,tem_00129,sparse,2.0,tem_benchmark/images/N9aIKs7lUVsYd6bT3LxC.tiff,3.724,0.839926,0.724027,0.815406,0.865966,0.839926,0.995195,0.997104,211513,47883,32738,16485082,244251,259396,1048576,0.232936,0.873863,0.150833,ok
incasem,mito,empiar_10982_mitonet_benchmark,EMPIAR-10982,tem_00130,sparse,2.0,tem_benchmark/images/NFlQQXCuLN49baKGNHc8.tiff,3.744,0.390738,0.242805,0.364764,0.420694,0.390738,0.993838,0.996543,33149,57729,45647,16640691,78796,90878,928768,0.084839,0.320257,0.105651,ok
incasem,mito,empiar_10982_mitonet_benchmark,EMPIAR-10982,tem_00131,sparse,2.0,tem_benchmark/images/NWNws2Vo4AQhIw579f4E.tiff,3.731,0.465633,0.303469,0.482427,0.449969,0.465633,0.975429,0.988235,179608,192693,219548,16185367,399156,372301,944424,0.422645,0.461046,0.088831,ok
incasem,mito,empiar_10982_mitonet_benchmark,EMPIAR-10982,tem_00132,sparse,2.0,tem_benchmark/images/NpIsioJcraoQ7UM5w5KA.tiff,2.746,0.017932,0.009047,0.017427,0.018467,0.017932,0.996984,0.998445,462,26048,24556,16726150,25018,26510,502200,0.049817,0.013086,0.003176,ok
incasem,mito,empiar_10982_mitonet_benchmark,EMPIAR-10982,tem_00133,sparse,2.0,tem_benchmark/images/P4f6REHlY0j5oPr8hyFr.tiff,0.924,0.001233,0.000617,0.010551,0.000655,0.001233,0.999131,0.99995,9,844,13738,16762625,13747,853,158330,0.086825,0.0,0.007772,ok
incasem,mito,empiar_10982_mitonet_benchmark,EMPIAR-10982,tem_00134,sparse,2.0,tem_benchmark/images/PRV36TemoPe3oPNL0RXZ.tiff,5.252,0.344574,0.208148,0.415647,0.294257,0.344574,0.981222,0.992942,82814,116427,198620,16379355,281434,199241,1052945,0.267283,0.282787,0.197031,ok
incasem,mito,empiar_10982_mitonet_benchmark,EMPIAR-10982,tem_00135,sparse,2.0,tem_benchmark/images/QLwSiZlPfFaKn9UkVw5A.tiff,3.87,0.257841,0.148001,0.559342,0.167535,0.257841,0.993755,0.99914,18201,14339,90439,16654237,108640,32540,1048576,0.103607,0.223689,0.056266,ok
incasem,mito,empiar_10982_mitonet_benchmark,EMPIAR-10982,tem_00136,sparse,2.0,tem_benchmark/images/QQZlSgIkiL7OdZ2a8oIm.tiff,3.699,0.120167,0.063924,0.07928,0.248134,0.120167,0.981112,0.984942,21640,251315,65571,16438690,87211,272955,847100,0.102952,0.148662,0.062268,ok
incasem,mito,empiar_10982_mitonet_benchmark,EMPIAR-10982,tem_00137,sparse,2.0,tem_benchmark/images/QWlbQZ1v00zxmk2Fp3Le.tiff,2.07,0.112924,0.059841,0.182685,0.081719,0.112924,0.992748,0.997923,7744,34646,87020,16647806,94764,42390,398812,0.237616,0.095345,0.082124,ok
incasem,mito,empiar_10982_mitonet_benchmark,EMPIAR-10982,tem_00138,sparse,2.0,tem_benchmark/images/QWqaLBDT0uuxxNX25kP9.tiff,3.689,0.269365,0.155645,0.256554,0.283522,0.269365,0.995412,0.997542,14190,41120,35859,16686047,50049,55310,1048576,0.04773,0.289249,0.077729,ok
incasem,mito,empiar_10982_mitonet_benchmark,EMPIAR-10982,tem_00139,sparse,2.0,tem_benchmark/images/QsP5DBmv2NYg8LUlw8b1.tiff,3.703,0.013573,0.006833,0.011388,0.016794,0.013573,0.995287,0.99718,544,47224,31848,16697600,32392,47768,921496,0.035152,0.003226,0.009044,ok
incasem,mito,empiar_10982_mitonet_benchmark,EMPIAR-10982,tem_00140,sparse,2.0,tem_benchmark/images/R6p8J6wCSmn3aStj4GHv.tiff,3.662,0.000381,0.00019,0.000354,0.000412,0.000381,0.995618,0.997636,14,39579,33947,16703676,33961,39593,1029120,0.033,0.0,0.003473,ok
incasem,mito,empiar_10982_mitonet_benchmark,EMPIAR-10982,tem_00141,sparse,2.0,tem_benchmark/images/RoECvy0RbILoKiv8jYab.tiff,0.91,0.466715,0.304389,0.772541,0.334355,0.466715,0.999435,0.999927,4147,1221,8256,16763592,12403,5368,52455,0.23645,0.548725,0.0789,ok
incasem,mito,empiar_10982_mitonet_benchmark,EMPIAR-10982,tem_00142,sparse,2.0,tem_benchmark/images/SXnwBMNzR18D8sKSjh8g.tiff,4.389,0.073669,0.038243,0.045664,0.19051,0.073669,0.98945,0.991213,7038,147089,29905,16593184,36943,154127,1048576,0.035232,0.143622,0.044851,ok
incasem,mito,empiar_10982_mitonet_benchmark,EMPIAR-10982,tem_00143,sparse,2.0,tem_benchmark/images/TCzgvIZVHqNFtdJEPaXf.tiff,3.876,0.254829,0.14602,0.47633,0.173943,0.254829,0.975693,0.995319,69728,76658,331139,16299691,400867,146386,808828,0.495615,0.294193,0.115347,ok
incasem,mito,empiar_10982_mitonet_benchmark,EMPIAR-10982,tem_00144,sparse,2.0,tem_benchmark/images/TbVlEbkOaXvgqXuOC2y5.tiff,3.674,0.386987,0.239916,0.389124,0.384873,0.386987,0.98569,0.992825,75780,118965,121116,16461355,196896,194745,1040384,0.189253,0.334322,0.068343,ok
incasem,mito,empiar_10982_mitonet_benchmark,EMPIAR-10982,tem_00145,sparse,2.0,tem_benchmark/images/UH2Xa2sqyug07qibeLI2.tiff,3.853,0.550767,0.38004,0.459679,0.686873,0.550767,0.989192,0.992136,111156,130656,50673,16484731,161829,241812,652036,0.24819,0.528348,0.072266,ok
incasem,mito,empiar_10982_mitonet_benchmark,EMPIAR-10982,tem_00146,sparse,2.0,tem_benchmark/images/UTbbCmNhBbRwzOznV6eM.tiff,2.058,0.555447,0.384511,0.48282,0.653791,0.555447,0.99797,0.998639,21275,22789,11266,16721886,32541,44064,406636,0.080025,0.503537,0.108125,ok
incasem,mito,empiar_10982_mitonet_benchmark,EMPIAR-10982,tem_00147,sparse,2.0,tem_benchmark/images/Ub2PGMk15slpiDOMy6gd.tiff,3.681,0.259639,0.149187,0.288894,0.235764,0.259639,0.993608,0.997228,18805,46288,60957,16651166,79762,65093,839474,0.095014,0.257339,0.087208,ok
incasem,mito,empiar_10982_mitonet_benchmark,EMPIAR-10982,tem_00148,sparse,2.0,tem_benchmark/images/UuyHhnn7MjnSClcZPBAG.tiff,2.729,0.210032,0.117339,0.581169,0.128178,0.210032,0.996037,0.999619,8839,6370,60120,16701887,68959,15209,533338,0.129297,0.111657,0.052653,ok
incasem,mito,empiar_10982_mitonet_benchmark,EMPIAR-10982,tem_00149,sparse,2.0,tem_benchmark/images/V52bj9CYW97AUqevB2Rv.tiff,4.267,0.448539,0.289107,0.576177,0.367196,0.448539,0.986633,0.995941,91203,67087,157174,16461752,248377,158290,858112,0.289446,0.41477,0.080385,ok
incasem,mito,empiar_10982_mitonet_benchmark,EMPIAR-10982,tem_00150,sparse,2.0,tem_benchmark/images/VFu9kl8plvKxrBEwRfhL.tiff,3.806,0.0,0.0,0.0,0.0,0.0,0.995776,0.997864,0,35758,35115,16706343,35115,35758,761805,0.046094,0.0,0.000442,ok
incasem,mito,empiar_10982_mitonet_benchmark,EMPIAR-10982,tem_00151,sparse,2.0,tem_benchmark/images/VcJ1fV2RlrJrmLHIzdIv.tiff,3.726,0.010886,0.005473,0.010018,0.011919,0.010886,0.994498,0.997,508,50203,42113,16684392,42621,50711,858162,0.049665,0.0,0.010461,ok
incasem,mito,empiar_10982_mitonet_benchmark,EMPIAR-10982,tem_00152,sparse,2.0,tem_benchmark/images/WCqmS6R1MFjZfQXMEbov.tiff,1.855,0.673602,0.507843,0.719894,0.632904,0.673602,0.993804,0.997487,107262,41735,62214,16566005,169476,148997,416273,0.407127,0.64883,0.124228,ok
incasem,mito,empiar_10982_mitonet_benchmark,EMPIAR-10982,tem_00153,sparse,2.0,tem_benchmark/images/X1DAYM5MVaMXPhpeeTBT.tiff,2.279,0.168125,0.091777,0.148268,0.194122,0.168125,0.996821,0.998151,5390,30963,22376,16718487,27766,36353,304914,0.091062,0.122724,0.075099,ok
incasem,mito,empiar_10982_mitonet_benchmark,EMPIAR-10982,tem_00154,sparse,2.0,tem_benchmark/images/XsisEi7EmDiq7esbhl3k.tiff,3.689,0.085358,0.044582,0.072288,0.104196,0.085358,0.997047,0.998229,2312,29671,19877,16725356,22189,31983,1048576,0.021161,0.038918,0.042199,ok
incasem,mito,empiar_10982_mitonet_benchmark,EMPIAR-10982,tem_00155,sparse,2.0,tem_benchmark/images/XzLxoE9qQ3O9Gq28iveF.tiff,3.727,0.399063,0.249269,0.307227,0.569211,0.399063,0.989784,0.992305,56912,128332,43072,16548900,99984,185244,1019904,0.098033,0.417654,0.060422,ok
incasem,mito,empiar_10982_mitonet_benchmark,EMPIAR-10982,tem_00156,sparse,2.0,tem_benchmark/images/Y5Uy1ACZO4MkqTvSzJcS.tiff,1.381,0.865269,0.762532,0.864653,0.865885,0.865269,0.997531,0.998748,133000,20819,20600,16602797,153600,153819,291000,0.527835,0.833041,0.112711,ok
incasem,mito,empiar_10982_mitonet_benchmark,EMPIAR-10982,tem_00157,sparse,2.0,tem_benchmark/images/YnjZLcFb5mRSIQR7oTJ1.tiff,2.801,0.010377,0.005215,0.010218,0.01054,0.010377,0.98796,0.993849,1059,102582,99413,16574162,100472,103641,715776,0.140368,0.008247,0.016898,ok
incasem,mito,empiar_10982_mitonet_benchmark,EMPIAR-10982,tem_00158,sparse,2.0,tem_benchmark/images/aLriAAXSpMzI1tSLzl05.tiff,3.903,0.284256,0.165675,0.262454,0.310009,0.284256,0.995754,0.997624,14146,39753,31485,16691832,45631,53899,682520,0.066857,0.300361,0.042259,ok
incasem,mito,empiar_10982_mitonet_benchmark,EMPIAR-10982,tem_00159,sparse,2.0,tem_benchmark/images/bUsTjDOJHiHMPCNIWkuT.tiff,1.847,0.086247,0.045067,0.053024,0.230947,0.086247,0.996211,0.996804,3000,53578,9990,16710648,12990,56578,258842,0.050185,0.127562,0.040446,ok
incasem,mito,empiar_10982_mitonet_benchmark,EMPIAR-10982,tem_00160,sparse,2.0,tem_benchmark/images/ch1HZ72XmfK9rD5K40QW.tiff,3.672,0.000115,5.7e-05,9.5e-05,0.000143,0.000115,0.992715,0.995615,7,73359,48860,16654990,48867,73366,859408,0.056861,0.0,0.00696,ok
incasem,mito,empiar_10982_mitonet_benchmark,EMPIAR-10982,tem_00161,sparse,2.0,tem_benchmark/images/cwpw4Zu4rqVzbTMPhql2.tiff,3.875,0.701267,0.539962,0.735837,0.669798,0.701267,0.997621,0.998994,46839,16815,23091,16690471,69930,63654,1037312,0.067415,0.660755,0.103875,ok
incasem,mito,empiar_10982_mitonet_benchmark,EMPIAR-10982,tem_00162,sparse,2.0,tem_benchmark/images/d2Cvt7UfKPIAnaJGlKpw.tiff,2.787,0.117797,0.062584,0.21882,0.08059,0.117797,0.995655,0.998961,4867,17375,55525,16699449,60392,22242,826110,0.073104,0.131819,0.010814,ok
incasem,mito,empiar_10982_mitonet_benchmark,EMPIAR-10982,tem_00163,sparse,2.0,tem_benchmark/images/d7McLI44TDhNmnd1QSpo.tiff,3.714,0.443958,0.285312,0.787744,0.309073,0.443958,0.995956,0.999563,27085,7298,60548,16682285,87633,34383,650960,0.134621,0.424654,0.109583,ok
incasem,mito,empiar_10982_mitonet_benchmark,EMPIAR-10982,tem_00164,sparse,2.0,tem_benchmark/images/dYaOkBZPfpE3oHiplIst.tiff,3.665,0.341855,0.206167,0.228223,0.680848,0.341855,0.995221,0.995796,20821,70410,9760,16676225,30581,91231,576534,0.053043,0.251243,0.066371,ok
incasem,mito,empiar_10982_mitonet_benchmark,EMPIAR-10982,tem_00165,sparse,2.0,tem_benchmark/images/e8mrOPbV0mqJZ5L7xY8c.tiff,3.127,0.401565,0.251224,0.370285,0.438617,0.401565,0.993134,0.996062,38647,65724,49464,16623381,88111,104371,731964,0.120376,0.310349,0.055673,ok
incasem,mito,empiar_10982_mitonet_benchmark,EMPIAR-10982,tem_00166,sparse,2.0,tem_benchmark/images/eL79mWeRWlqFAqOO6w8o.tiff,3.064,0.095123,0.049936,0.26439,0.057994,0.095123,0.997156,0.999583,2508,6978,40738,16726992,43246,9486,571120,0.075721,0.059695,0.05578,ok
incasem,mito,empiar_10982_mitonet_benchmark,EMPIAR-10982,tem_00167,sparse,2.0,tem_benchmark/images/ghAKYp44DzBUhlyn7Kec.tiff,3.857,0.198928,0.11045,0.186237,0.213474,0.198928,0.989936,0.994508,20964,91602,77240,16587410,98204,112566,1044480,0.094022,0.160575,0.053255,ok
incasem,mito,empiar_10982_mitonet_benchmark,EMPIAR-10982,tem_00168,sparse,2.0,tem_benchmark/images/gxdh9YGZMJUB58YvyzgM.tiff,3.707,0.165636,0.090296,0.3187,0.111895,0.165636,0.982523,0.996233,29105,62219,231004,16454888,260109,91324,962560,0.270226,0.233504,0.064846,ok
incasem,mito,empiar_10982_mitonet_benchmark,EMPIAR-10982,tem_00169,sparse,2.0,tem_benchmark/images/hR5EYnvM2Ysjfddi9ZTt.tiff,3.836,0.691063,0.527958,0.845178,0.584485,0.691063,0.992297,0.998398,144539,26477,102754,16503446,247293,171016,1048576,0.235837,0.637959,0.158168,ok
incasem,mito,empiar_10982_mitonet_benchmark,EMPIAR-10982,tem_00170,sparse,2.0,tem_benchmark/images/iDXfFDvQLRHsB4XZHb3A.tiff,3.716,0.101333,0.053371,0.098801,0.103998,0.101333,0.992811,0.996289,6800,62025,58586,16649805,65386,68825,914432,0.071504,0.034009,0.046803,ok
incasem,mito,empiar_10982_mitonet_benchmark,EMPIAR-10982,tem_00171,sparse,2.0,tem_benchmark/images/iidFXTWegya1bm1hl5to.tiff,4.679,0.309546,0.183114,0.597885,0.208833,0.309546,0.986032,0.997862,52529,35329,199007,16490351,251536,87858,1382400,0.181956,0.306893,0.21397,ok
incasem,mito,empiar_10982_mitonet_benchmark,EMPIAR-10982,tem_00172,sparse,2.0,tem_benchmark/images/j1k88xV7tmKNMLM4bj1h.tiff,4.261,0.341053,0.205584,0.318753,0.366707,0.341053,0.991539,0.995292,36736,78513,63442,16598525,100178,115249,790251,0.126767,0.318745,0.088292,ok
incasem,mito,empiar_10982_mitonet_benchmark,EMPIAR-10982,tem_00173,sparse,2.0,tem_benchmark/images/k0Ij8iyjBDimmOPwtFHL.tiff,2.291,0.572741,0.401287,0.56114,0.584832,0.572741,0.995453,0.997604,51126,39985,36294,16649811,87420,91111,288351,0.303172,0.56951,0.1091,ok
incasem,mito,empiar_10982_mitonet_benchmark,EMPIAR-10982,tem_00174,sparse,2.0,tem_benchmark/images/k4Uw1csHJKTrviecgXyz.tiff,3.845,0.607086,0.435839,0.593134,0.621711,0.607086,0.994171,0.996888,75554,51827,45972,16603863,121526,127381,956416,0.127064,0.582744,0.107601,ok
incasem,mito,empiar_10982_mitonet_benchmark,EMPIAR-10982,tem_00175,sparse,2.0,tem_benchmark/images/kBnMAlFJtapfTpTu5iHL.tiff,0.7,0.0,0.0,0.0,0.0,0.0,0.999526,0.999855,0,2436,5516,16769264,5516,2436,76310,0.072284,0.0,0.0,ok
incasem,mito,empiar_10982_mitonet_benchmark,EMPIAR-10982,tem_00176,sparse,2.0,tem_benchmark/images/kF3EaTAoYeTRf12uLsIX.tiff,6.976,0.77451,0.632,0.696521,0.872165,0.77451,0.98625,0.989425,396187,172621,58070,16150338,454257,568808,1740000,0.261067,0.794927,0.233398,ok
incasem,mito,empiar_10982_mitonet_benchmark,EMPIAR-10982,tem_00177,sparse,2.0,tem_benchmark/images/lCH8UM6Mv2AG7zDPrqHA.tiff,2.825,0.008001,0.004017,0.006238,0.011156,0.008001,0.993335,0.995707,451,71851,39976,16664938,40427,72302,824776,0.049016,0.012726,0.02441,ok
incasem,mito,empiar_10982_mitonet_benchmark,EMPIAR-10982,tem_00178,sparse,2.0,tem_benchmark/images/lw3ENjwOInSmgeNNY0Qk.tiff,2.764,0.31728,0.188552,0.38714,0.268779,0.31728,0.99783,0.9992,8459,13391,23013,16732353,31472,21850,551040,0.057114,0.241709,0.066408,ok
incasem,mito,empiar_10982_mitonet_benchmark,EMPIAR-10982,tem_00179,sparse,2.0,tem_benchmark/images/ngygM944aKxBq6rf72Zl.tiff,3.733,0.297582,0.1748,0.195709,0.620647,0.297582,0.997197,0.997557,9962,40940,6089,16720225,16051,50902,838656,0.019139,0.215479,0.072321,ok
incasem,mito,empiar_10982_mitonet_benchmark,EMPIAR-10982,tem_00180,sparse,2.0,tem_benchmark/images/pLeNHL0RTZwYh5EwN7up.tiff,0.455,0.289999,0.16959,0.545887,0.197445,0.289999,0.998493,0.999744,5163,4295,20986,16746772,26149,9458,69888,0.374156,0.28174,0.094969,ok
incasem,mito,empiar_10982_mitonet_benchmark,EMPIAR-10982,tem_00181,sparse,2.0,tem_benchmark/images/pu4kmugMyXvbFtAgLogm.tiff,4.354,0.586331,0.414758,0.533985,0.650055,0.586331,0.996922,0.99809,36602,31943,19704,16688967,56306,68545,1020928,0.055152,0.485411,0.129943,ok
incasem,mito,empiar_10982_mitonet_benchmark,EMPIAR-10982,tem_00182,sparse,2.0,tem_benchmark/images/qOA9ml35XYXQjtWmFvvg.tiff,2.908,0.391847,0.243663,0.561713,0.300864,0.391847,0.99542,0.998843,24753,19314,57520,16675629,82273,44067,683220,0.120419,0.37608,0.136208,ok
incasem,mito,empiar_10982_mitonet_benchmark,EMPIAR-10982,tem_00183,sparse,2.0,tem_benchmark/images/qqRmOpdujNXIqEuWrFLk.tiff,4.647,0.360093,0.219581,0.428801,0.310363,0.360093,0.984226,0.994002,74460,99187,165453,16438116,239913,173647,1116250,0.214928,0.440299,0.205511,ok
incasem,mito,empiar_10982_mitonet_benchmark,EMPIAR-10982,tem_00184,sparse,2.0,tem_benchmark/images/qs9OOX5WsQhRE3Kg2rpU.tiff,1.409,0.1397,0.075096,0.080891,0.511766,0.1397,0.997478,0.997672,3436,39041,3278,16731461,6714,42477,147804,0.045425,0.189715,0.037709,ok
incasem,mito,empiar_10982_mitonet_benchmark,EMPIAR-10982,tem_00185,sparse,2.0,tem_benchmark/images/sN90grldkJUpRIAJ64Bz.tiff,2.809,0.023298,0.011786,0.032476,0.018165,0.023298,0.997401,0.999075,520,15492,28107,16733097,28627,16012,526959,0.054325,0.033979,0.015837,ok
incasem,mito,empiar_10982_mitonet_benchmark,EMPIAR-10982,tem_00186,sparse,2.0,tem_benchmark/images/sXnNKReR54pzKRZ5rpfP.tiff,2.77,0.505003,0.337795,0.551209,0.465944,0.505003,0.995019,0.99792,42625,34705,48856,16651030,91481,77330,626628,0.145989,0.440159,0.078075,ok
incasem,mito,empiar_10982_mitonet_benchmark,EMPIAR-10982,tem_00187,sparse,2.0,tem_benchmark/images/snDIBSvwQMaqGKBbGF6V.tiff,3.779,0.500804,0.334048,0.434263,0.591426,0.500804,0.995208,0.996856,40327,52536,27859,16656494,68186,92863,1013968,0.067247,0.441343,0.082038,ok
incasem,mito,empiar_10982_mitonet_benchmark,EMPIAR-10982,tem_00188,sparse,2.0,tem_benchmark/images/uBBsOocNXDq5poteflbh.tiff,1.391,0.056228,0.028927,0.124651,0.036301,0.056228,0.993209,0.998571,3394,23834,90101,16659887,93495,27228,281074,0.332635,0.054826,0.03764,ok
incasem,mito,empiar_10982_mitonet_benchmark,EMPIAR-10982,tem_00189,sparse,2.0,tem_benchmark/images/v64IdYxtp9vzYzojtxir.tiff,4.25,0.660047,0.492589,0.522174,0.896844,0.660047,0.994409,0.995003,91062,83328,10474,16592352,101536,174390,568340,0.178654,0.55472,0.068259,ok
incasem,mito,empiar_10982_mitonet_benchmark,EMPIAR-10982,tem_00190,sparse,2.0,tem_benchmark/images/vziaz0e1YZ9BJHIY7tJV.tiff,3.783,0.303704,0.17904,0.212337,0.533091,0.303704,0.992359,0.993799,27959,103714,24488,16621055,52447,131673,961536,0.054545,0.324638,0.100568,ok
incasem,mito,empiar_10982_mitonet_benchmark,EMPIAR-10982,tem_00191,sparse,2.0,tem_benchmark/images/xHSMEPuKIY4T3X4UURT5.tiff,3.707,0.085069,0.044424,0.190536,0.054759,0.085069,0.991389,0.998287,6716,28532,115931,16626037,122647,35248,724104,0.169378,0.019614,0.020104,ok
incasem,mito,empiar_10982_mitonet_benchmark,EMPIAR-10982,tem_00192,sparse,2.0,tem_benchmark/images/yayA9ov0gTMPe5oUDmCY.tiff,2.057,0.0,0.0,0.0,0.0,0.0,0.997358,0.999979,0,345,43981,16732890,43981,345,248050,0.177307,0.0,0.0,ok
incasem,mito,empiar_10982_mitonet_benchmark,EMPIAR-10982,tem_00193,sparse,2.0,tem_benchmark/images/yn4W2WociugOlXWN83Ps.tiff,3.892,0.289269,0.169091,0.319867,0.264014,0.289269,0.990153,0.995707,33619,71484,93719,16578394,127338,105103,1048576,0.121439,0.283727,0.074919,ok
incasem,mito,empiar_10982_mitonet_benchmark,EMPIAR-10982,tem_00194,sparse,2.0,tem_benchmark/images/zRf1ZWOS08TxjOvROo86.tiff,2.073,0.576765,0.40525,0.559443,0.595195,0.576765,0.998,0.998924,22865,18006,15551,16720794,38416,40871,523887,0.073329,0.468509,0.127811,ok
incasem,mito,orgsegnet_plant,OrgSegNet-plant,te_00008,partial,24.68,image/A_001.tif,32.664,0.055862,0.028734,0.028947,0.796182,0.055862,0.935715,0.936049,31907,1070363,8168,15666778,40075,1102270,10710694,0.003742,0.04969,0.036871,ok
incasem,mito,orgsegnet_plant,OrgSegNet-plant,te_00009,partial,24.68,image/A_001.tif,37.809,0.085045,0.044411,0.044569,0.925989,0.085045,0.952407,0.95247,37109,795510,2966,15941631,40075,832619,8985870,0.00446,0.056749,0.054564,ok
incasem,mito,orgsegnet_plant,OrgSegNet-plant,te_00016,partial,7.41,image/A_005.tif,41.602,0.174015,0.0953,0.138033,0.235373,0.174015,0.958501,0.972185,73341,457989,238254,16007632,311595,531330,10025966,0.031079,0.136072,0.072638,ok
incasem,mito,orgsegnet_plant,OrgSegNet-plant,te_00017,partial,7.41,image/A_005.tif,35.936,0.307548,0.181718,0.218789,0.517485,0.307548,0.942477,0.953234,214316,765241,199833,15597826,414149,979557,12274542,0.03374,0.265969,0.086925,ok
incasem,mito,orgsegnet_plant,OrgSegNet-plant,te_00026,partial,7.41,image/A_017.tif,35.553,0.13463,0.072173,0.097216,0.218856,0.13463,0.947577,0.961413,68415,635325,244188,15829288,312603,703740,13221888,0.023643,0.068576,0.046481,ok
incasem,mito,orgsegnet_plant,OrgSegNet-plant,te_00027,partial,7.41,image/A_017.tif,35.515,0.246523,0.140591,0.180251,0.389864,0.246523,0.96866,0.976373,86015,391182,134613,16165406,220628,477197,13218660,0.016691,0.216488,0.088577,ok
incasem,mito,orgsegnet_plant,OrgSegNet-plant,te_00048,partial,6.17,image/A_033.tif,32.854,0.01412,0.00711,0.010334,0.022285,0.01412,0.953297,0.967482,5611,537379,246168,15988058,251779,542990,11939840,0.021087,0.0,0.009247,ok
incasem,mito,orgsegnet_plant,OrgSegNet-plant,te_00049,partial,6.17,image/A_033.tif,33.05,0.03452,0.017563,0.024918,0.05616,0.03452,0.952955,0.966589,14110,552148,237137,15973821,251247,566258,11882634,0.021144,0.0,0.009037,ok
incasem,mito,orgsegnet_plant,OrgSegNet-plant,te_00066,partial,5.29,image/A_046.tif,36.156,0.006828,0.003426,0.004015,0.022797,0.006828,0.950532,0.957504,2853,707645,122297,15944421,125150,710498,13225984,0.009462,0.0,0.000621,ok
incasem,mito,orgsegnet_plant,OrgSegNet-plant,te_00067,partial,5.29,image/A_046.tif,38.416,0.002035,0.001019,0.001194,0.006896,0.002035,0.949548,0.956633,863,722154,124287,15929912,125150,723017,11469408,0.010912,0.0,0.0,ok
incasem,mito,orgsegnet_plant,OrgSegNet-plant,te_00088,partial,6.17,image/A_104.tif,31.706,0.039497,0.020146,0.035538,0.044448,0.039497,0.966383,0.980946,11596,314701,249293,16201626,260889,326297,12641265,0.020638,0.009714,0.011774,ok
incasem,mito,orgsegnet_plant,OrgSegNet-plant,te_00089,partial,6.17,image/A_104.tif,34.955,0.053953,0.027725,0.049258,0.059639,0.053953,0.964651,0.98021,16911,326407,266646,16167252,283557,343318,13230080,0.021433,0.0,0.022781,ok
incasem,mito,orgsegnet_plant,OrgSegNet-plant,te_00113,partial,12.34,image/A_116.tif,35.539,0.00965,0.004849,0.005121,0.083432,0.00965,0.973331,0.974719,2180,423489,23949,16327598,26129,425669,13226850,0.001975,0.0,0.004368,ok
incasem,mito,orgsegnet_plant,OrgSegNet-plant,te_00150,partial,4.63,image/A_135.tif,28.745,0.00105,0.000525,0.000577,0.005775,0.00105,0.962784,0.966034,328,567918,56471,16152499,56799,568246,6895834,0.008237,0.0,0.001376,ok
incasem,mito,orgsegnet_plant,OrgSegNet-plant,te_00151,partial,4.63,image/A_135.tif,25.535,0.001345,0.000673,0.000729,0.008609,0.001345,0.956707,0.959928,489,670028,56310,16050389,56799,670517,7632996,0.007441,0.0,0.001555,ok
incasem,mito,orgsegnet_plant,OrgSegNet-plant,te_00170,partial,18.51,image/A_145.tif,35.891,0.070313,0.036438,0.040324,0.274348,0.070313,0.890511,0.899953,69464,1653180,183733,14870839,253197,1722644,13230080,0.019138,0.071064,0.046226,ok
incasem,mito,orgsegnet_plant,OrgSegNet-plant,te_00171,partial,18.51,image/A_145.tif,35.746,0.084267,0.043987,0.04795,0.347355,0.084267,0.887378,0.895556,86936,1726135,163344,14800801,250280,1813071,13230080,0.018917,0.077951,0.060385,ok
incasem,mito,orgsegnet_plant,OrgSegNet-plant,te_00210,partial,7.41,image/A_165.tif,35.597,0.033978,0.017282,0.020344,0.103024,0.033978,0.959529,0.965487,11941,575026,103964,16086285,115905,586967,13223620,0.008765,0.0,0.006451,ok
incasem,mito,orgsegnet_plant,OrgSegNet-plant,te_00211,partial,7.41,image/A_165.tif,35.339,0.001179,0.00059,0.000696,0.003857,0.001179,0.954849,0.961465,447,642051,115458,16019260,115905,642498,13210700,0.008774,0.0,0.002873,ok
incasem,mito,orgsegnet_plant,OrgSegNet-plant,te_00216,partial,7.41,image/A_168.tif,36.074,0.001868,0.000935,0.001958,0.001785,0.001868,0.910232,0.955083,1409,718123,787940,15269744,789349,719532,13225984,0.059682,0.0,0.01783,ok
incasem,mito,orgsegnet_plant,OrgSegNet-plant,te_00217,partial,7.41,image/A_168.tif,35.176,0.001579,0.00079,0.00127,0.002085,0.001579,0.911486,0.94307,1174,923066,561957,15291019,563131,924240,13222755,0.042588,0.0,0.013899,ok
incasem,mito,orgsegnet_plant,OrgSegNet-plant,te_00234,partial,6.17,image/A_177.tif,35.308,0.000269,0.000135,0.000169,0.000657,0.000269,0.921194,0.936309,178,1051290,270859,15454889,271037,1051468,12248160,0.022129,0.0,0.000125,ok
incasem,mito,orgsegnet_plant,OrgSegNet-plant,te_00235,partial,6.17,image/A_177.tif,36.077,0.0,0.0,0.0,0.0,0.0,0.917859,0.917903,0,1377285,804,15399127,804,1377285,13217160,6.1e-05,0.0,0.0,ok
incasem,mito,orgsegnet_plant,OrgSegNet-plant,te_00240,partial,5.29,image/A_180.tif,32.568,0.044637,0.022828,0.047912,0.04178,0.044637,0.900833,0.951262,38867,772343,891400,15074606,930267,811210,11833344,0.078614,0.0,0.029682,ok
incasem,mito,orgsegnet_plant,OrgSegNet-plant,te_00241,partial,5.29,image/A_180.tif,32.278,0.021424,0.010828,0.023751,0.019513,0.021424,0.917028,0.960844,15238,626347,765686,15369945,780924,641585,10897308,0.071662,0.0,0.015561,ok
incasem,mito,orgsegnet_plant,OrgSegNet-plant,te_00242,partial,7.41,image/A_181.tif,35.553,0.02731,0.013844,0.022741,0.034174,0.02731,0.911966,0.9449,20734,890997,585976,15279509,606710,911731,13217160,0.045903,0.0,0.034627,ok
incasem,mito,orgsegnet_plant,OrgSegNet-plant,te_00243,partial,7.41,image/A_181.tif,35.273,0.024582,0.012444,0.020001,0.031885,0.024582,0.908495,0.941385,19345,947834,587365,15222672,606710,967179,13226850,0.04587,0.0,0.031681,ok
incasem,mito,orgsegnet_plant,OrgSegNet-plant,te_00248,partial,3.09,image/A_184.tif,35.526,0.007915,0.003973,0.00443,0.037082,0.007915,0.935378,0.941666,4325,971871,112309,15688711,116634,976196,13217792,0.008824,0.010481,0.004767,ok
incasem,mito,orgsegnet_plant,OrgSegNet-plant,te_00249,partial,3.09,image/A_184.tif,35.353,0.010059,0.005055,0.005614,0.048305,0.010059,0.933902,0.940102,5634,997942,111000,15662640,116634,1003576,13215432,0.008826,0.016436,0.00778,ok
incasem,mito,orgsegnet_plant,OrgSegNet-plant,te_00258,partial,5.29,image/A_189.tif,36.242,0.019343,0.009766,0.010875,0.087415,0.019343,0.92214,0.929537,12883,1171784,134494,15458055,147377,1184667,13225984,0.011143,0.03855,0.005871,ok
incasem,mito,orgsegnet_plant,OrgSegNet-plant,te_00259,partial,5.29,image/A_189.tif,32.0,0.008508,0.004272,0.004657,0.049141,0.008508,0.920037,0.92616,5756,1230173,111377,15429910,117133,1235929,12514320,0.00936,0.0,0.013691,ok
incasem,mito,orgsegnet_plant,OrgSegNet-plant,te_00264,partial,12.34,image/A_192.tif,35.753,0.038465,0.01961,0.019679,0.847914,0.038465,0.939609,0.93974,20266,1009559,3635,15743756,23901,1029825,13226850,0.001807,0.0142,0.008118,ok
incasem,mito,orgsegnet_plant,OrgSegNet-plant,te_00265,partial,12.34,image/A_192.tif,35.643,0.028874,0.014648,0.01473,0.725242,0.028874,0.930501,0.930793,17334,1159439,6567,15593876,23901,1176773,13226850,0.001807,0.017986,0.005273,ok
incasem,mito,orgsegnet_plant,OrgSegNet-plant,te_00270,partial,24.68,image/A_195.tif,36.03,0.016191,0.008161,0.0082,0.632475,0.016191,0.943768,0.943996,7763,938901,4511,15826041,12274,946664,13226850,0.000928,0.0,0.008143,ok
incasem,mito,orgsegnet_plant,OrgSegNet-plant,te_00271,partial,24.68,image/A_195.tif,35.655,0.037766,0.019246,0.019519,0.579057,0.037766,0.940155,0.940889,19703,989708,14323,15753482,34026,1009411,13223620,0.002573,0.034175,0.031453,ok
incasem,mito,orgsegnet_plant,OrgSegNet-plant,te_00274,partial,24.68,image/A_197.tif,36.174,0.015343,0.007731,0.007901,0.26433,0.015343,0.974386,0.974922,3348,420416,9318,16344134,12666,423764,12309530,0.001029,0.010986,0.002909,ok
incasem,mito,orgsegnet_plant,OrgSegNet-plant,te_00275,partial,24.68,image/A_197.tif,41.154,8.1e-05,4.1e-05,4.1e-05,0.004659,8.1e-05,0.97651,0.976709,16,390685,3418,16383097,3434,390701,10035610,0.000342,0.0,0.000354,ok
incasem,mito,orgsegnet_plant,OrgSegNet-plant,te_00280,partial,18.51,image/A_200.tif,38.342,0.033487,0.017028,0.017038,0.968584,0.033487,0.928396,0.928344,20811,1200649,675,15555081,21486,1221460,10909214,0.00197,0.022796,0.011949,ok
incasem,mito,orgsegnet_plant,OrgSegNet-plant,te_00281,partial,18.51,image/A_200.tif,35.273,0.015057,0.007585,0.007615,0.661733,0.015057,0.889125,0.889417,14218,1852900,7268,14902830,21486,1867118,13115392,0.001638,0.01316,0.011549,ok
incasem,mito,orgsegnet_plant,OrgSegNet-plant,te_00308,partial,5.29,image/A_214.tif,31.992,0.006199,0.003109,0.003624,0.02142,0.006199,0.946433,0.953705,2803,770645,128053,15875715,130856,773448,12709888,0.010296,0.018878,0.00633,ok
incasem,mito,orgsegnet_plant,OrgSegNet-plant,te_00309,partial,5.29,image/A_214.tif,35.424,0.007578,0.003803,0.004641,0.020626,0.007578,0.936347,0.947264,4077,874333,193587,15705219,197664,878410,13223620,0.014948,0.013769,0.005091,ok
incasem,mito,orgsegnet_plant,OrgSegNet-plant,te_00326,partial,12.34,image/A_223.tif,35.907,0.159769,0.08682,0.093251,0.557303,0.159769,0.903585,0.909376,153790,1495413,122164,15005849,275954,1649203,13230080,0.020858,0.112197,0.060272,ok
incasem,mito,orgsegnet_plant,OrgSegNet-plant,te_00327,partial,12.34,image/A_223.tif,35.285,0.167695,0.091521,0.102259,0.46569,0.167695,0.923966,0.93163,128509,1128192,147445,15373070,275954,1256701,13226850,0.020863,0.122872,0.06322,ok
incasem,mito,orgsegnet_plant,OrgSegNet-plant,te_00346,partial,14.81,image/A_233.tif,35.946,0.112054,0.059352,0.063299,0.487711,0.112054,0.921367,0.925824,83241,1231809,87436,15374730,170677,1315050,13230080,0.012901,0.07786,0.045315,ok
incasem,mito,orgsegnet_plant,OrgSegNet-plant,te_00347,partial,14.81,image/A_233.tif,35.522,0.104193,0.05496,0.058224,0.495005,0.104193,0.913409,0.917709,84486,1366564,86191,15239975,170677,1451050,13230080,0.012901,0.076008,0.045069,ok
incasem,mito,orgsegnet_plant,OrgSegNet-plant,te_00356,partial,24.68,image/A_238.tif,35.427,0.05181,0.026594,0.028957,0.245765,0.05181,0.927825,0.933342,33082,1109365,101526,15533243,134608,1142447,13226850,0.010177,0.037862,0.021851,ok
incasem,mito,orgsegnet_plant,OrgSegNet-plant,te_00357,partial,24.68,image/A_238.tif,35.91,0.048102,0.024644,0.027419,0.195801,0.048102,0.918139,0.925851,34701,1230877,142525,15369113,177226,1265578,13230080,0.013396,0.03731,0.026102,ok
incasem,mito,orgsegnet_plant,OrgSegNet-plant,te_00360,partial,4.63,image/A_240.tif,35.942,0.044066,0.022529,0.027319,0.11386,0.044066,0.929175,0.941034,27387,975094,213145,15561590,240532,1002481,13223620,0.01819,0.0,0.017332,ok
incasem,mito,orgsegnet_plant,OrgSegNet-plant,te_00361,partial,4.63,image/A_240.tif,35.801,0.027149,0.013761,0.016527,0.075986,0.027149,0.921925,0.934229,18277,1087628,222255,15449056,240532,1105905,13223620,0.01819,0.037894,0.006702,ok
incasem,mito,orgsegnet_plant,OrgSegNet-plant,te_00374,partial,3.7,image/A_247.tif,35.916,0.014768,0.007439,0.007986,0.097903,0.014768,0.906225,0.912069,11791,1464640,108645,15192140,120436,1476431,13230080,0.009103,0.035528,0.001227,ok
incasem,mito,orgsegnet_plant,OrgSegNet-plant,te_00396,partial,4.63,image/A_258.tif,35.659,0.032123,0.016323,0.023548,0.050516,0.032123,0.917064,0.941333,23090,957446,433995,15362685,457085,980536,13230080,0.034549,0.0,0.015815,ok
incasem,mito,orgsegnet_plant,OrgSegNet-plant,te_00442,partial,4.63,image/A_72.tif,35.72,0.048406,0.024803,0.033919,0.084496,0.048406,0.901827,0.926715,41892,1193185,453892,15088247,495784,1235077,13226850,0.037483,0.0,0.016656,ok
incasem,mito,orgsegnet_plant,OrgSegNet-plant,te_00443,partial,4.63,image/A_72.tif,35.78,0.091822,0.04812,0.070183,0.132751,0.091822,0.906314,0.934933,79458,1052694,519090,15125974,598548,1132152,13226850,0.045252,0.121276,0.033768,ok
incasem,mito,orgsegnet_plant,OrgSegNet-plant,te_00444,partial,3.7,image/A_73.tif,35.985,0.045376,0.023215,0.054034,0.039109,0.045376,0.912638,0.961613,34834,609835,855849,15276698,890683,644669,13213696,0.067406,0.0,0.014571,ok
incasem,mito,orgsegnet_plant,OrgSegNet-plant,te_00445,partial,3.7,image/A_73.tif,36.276,0.052,0.026694,0.061958,0.044799,0.052,0.913281,0.961973,39902,604117,850781,15282416,890683,644019,13204018,0.067455,0.004635,0.01696,ok
incasem,mito,orgsegnet_plant,OrgSegNet-plant,te_00460,partial,9.26,image/A_84.tif,40.713,0.004462,0.002236,0.002325,0.055075,0.004462,0.947628,0.949534,1969,844874,33782,15896591,35751,846843,9726168,0.003676,0.0,0.004858,ok
incasem,mito,orgsegnet_plant,OrgSegNet-plant,te_00461,partial,9.26,image/A_84.tif,35.463,5e-06,2e-06,2e-06,8.4e-05,5e-06,0.922469,0.924439,3,1265003,35748,15476462,35751,1265006,11966250,0.002988,0.0,0.0,ok
incasem,mito,orgsegnet_plant,OrgSegNet-plant,te_00482,partial,3.09,image/A_96.tif,32.704,0.125462,0.066929,0.280983,0.080761,0.125462,0.939081,0.988178,73312,187601,834449,15681854,907761,260913,9970767,0.091042,0.006004,0.0711,ok
incasem,mito,orgsegnet_plant,OrgSegNet-plant,te_00483,partial,3.09,image/A_96.tif,35.675,0.141327,0.076037,0.286279,0.093822,0.141327,0.941944,0.98745,80156,199837,774181,15723042,854337,279993,13226850,0.064591,0.076603,0.063594,ok
incasem,mito,orgsegnet_plant,OrgSegNet-plant,te_00500,partial,6.17,image/C017.tif,31.813,0.024052,0.012172,0.077656,0.01423,0.024052,0.955837,0.993279,9130,108440,632487,16027159,641617,117570,9380317,0.0684,0.0,0.019747,ok
incasem,mito,orgsegnet_plant,OrgSegNet-plant,te_00501,partial,6.17,image/C017.tif,38.417,0.047023,0.024077,0.160196,0.027555,0.047023,0.963026,0.995054,15304,80229,540085,16141598,555389,95533,8423745,0.065931,0.0,0.023854,ok
incasem,mito,orgsegnet_plant,OrgSegNet-plant,te_00504,partial,7.41,image/C019.tif,35.466,0.202796,0.112839,0.124194,0.55241,0.202796,0.95461,0.958858,96859,683040,78480,15918837,175339,779899,13152256,0.013331,0.105704,0.046473,ok
incasem,mito,orgsegnet_plant,OrgSegNet-plant,te_00505,partial,7.41,image/C019.tif,38.735,0.163652,0.089118,0.097109,0.519932,0.163652,0.973707,0.975963,43159,401279,39850,16292928,83009,444438,10704075,0.007755,0.097472,0.037031,ok
incasem,mito,orgsegnet_plant,OrgSegNet-plant,te_00526,partial,9.26,image/C046.tif,35.113,0.167183,0.091216,0.093599,0.78186,0.167183,0.973663,0.974313,44351,429492,12374,16290999,56725,473843,8721529,0.006504,0.103523,0.052029,ok
incasem,mito,orgsegnet_plant,OrgSegNet-plant,te_00527,partial,9.26,image/C046.tif,38.302,0.140858,0.075765,0.076986,0.826902,0.140858,0.965895,0.966366,46906,562372,9819,16158119,56725,609278,10878640,0.005214,0.065422,0.043541,ok
incasem,mito,orgsegnet_plant,OrgSegNet-plant,te_00530,partial,14.81,image/C051.tif,35.761,0.035099,0.017863,0.019075,0.21943,0.035099,0.928244,0.932485,21896,1125978,77890,15551452,99786,1147874,13230080,0.007542,0.042205,0.019609,ok
incasem,mito,orgsegnet_plant,OrgSegNet-plant,te_00531,partial,14.81,image/C051.tif,35.612,0.055957,0.028784,0.030509,0.337283,0.055957,0.920818,0.924907,39371,1251087,77359,15409399,116730,1290458,13226850,0.008825,0.092174,0.043634,ok
incasem,mito,orgsegnet_plant,OrgSegNet-plant,te_00532,partial,6.17,image/C052.tif,40.193,0.080539,0.041959,0.047979,0.250604,0.080539,0.939592,0.946943,44387,880745,132733,15719351,177120,925132,13223620,0.013394,0.087827,0.021595,ok
incasem,mito,orgsegnet_plant,OrgSegNet-plant,te_00533,partial,6.17,image/C052.tif,35.839,0.092368,0.04842,0.056406,0.254839,0.092368,0.947127,0.954514,45137,755073,131983,15845023,177120,800210,13223620,0.013394,0.051819,0.021562,ok
incasem,mito,orgsegnet_plant,OrgSegNet-plant,te_00542,partial,3.7,image/C057.tif,30.409,0.000419,0.00021,0.000334,0.000564,0.000419,0.938873,0.960697,215,644399,381145,15751457,381360,644614,6892944,0.055326,0.0,0.007724,ok
incasem,mito,orgsegnet_plant,OrgSegNet-plant,te_00543,partial,3.7,image/C057.tif,26.073,0.051827,0.026603,0.048772,0.05529,0.051827,0.914324,0.952313,39284,766180,671224,15300528,710508,805464,9250605,0.076807,0.053885,0.045755,ok
incasem,mito,orgsegnet_plant,OrgSegNet-plant,te_00564,partial,18.51,image/C076.tif,44.113,0.317308,0.188572,0.208016,0.668587,0.317308,0.888317,0.897192,435444,1657879,215846,14468047,651290,2093323,13230080,0.049228,0.232823,0.126994,ok
incasem,mito,orgsegnet_plant,OrgSegNet-plant,te_00565,partial,18.51,image/C076.tif,45.522,0.352785,0.21417,0.237223,0.687881,0.352785,0.912141,0.920229,401732,1291746,182282,14901456,584014,1693478,13230080,0.044143,0.237169,0.152601,ok
incasem,mito,orgsegnet_plant,OrgSegNet-plant,te_00576,partial,14.81,image/C088.tif,35.202,0.020234,0.010221,0.013955,0.036787,0.020234,0.96382,0.973331,6268,442886,164119,16163943,170387,449154,8928486,0.019084,0.008293,0.026953,ok
incasem,mito,orgsegnet_plant,OrgSegNet-plant,te_00577,partial,14.81,image/C088.tif,31.744,0.061873,0.031924,0.042579,0.113142,0.061873,0.965156,0.973897,19278,433484,151109,16173345,170387,452762,9119565,0.018684,0.079859,0.048299,ok
incasem,mito,orgsegnet_plant,OrgSegNet-plant,te_00610,partial,6.17,image/C119.tif,43.175,0.007024,0.003524,0.005023,0.011675,0.007024,0.923374,0.94504,4547,900670,384906,15487093,389453,905217,13230080,0.029437,0.013699,0.004703,ok
incasem,mito,orgsegnet_plant,OrgSegNet-plant,te_00611,partial,6.17,image/C119.tif,42.795,0.008287,0.004161,0.005777,0.014651,0.008287,0.918599,0.940081,5706,981935,383747,15405828,389453,987641,13226850,0.029444,0.016838,0.001175,ok
incasem,mito,orgsegnet_plant,OrgSegNet-plant,te_00630,partial,12.34,image/C171.tif,42.044,0.119162,0.063356,0.073256,0.319169,0.119162,0.907523,0.919284,104946,1327643,223864,15120763,328810,1432589,13225984,0.024861,0.126396,0.043718,ok
incasem,mito,orgsegnet_plant,OrgSegNet-plant,te_00631,partial,12.34,image/C171.tif,41.122,0.101319,0.053363,0.060052,0.323884,0.101319,0.911409,0.92061,83785,1311412,174903,15207116,258688,1395197,13226850,0.019558,0.096108,0.035251,ok
incasem,mito,orgsegnet_plant,OrgSegNet-plant,te_00646,partial,3.7,image/C179.tif,34.583,0.005623,0.002819,0.002894,0.099016,0.005623,0.902202,0.904451,4639,1598571,42212,15131794,46851,1603210,10821632,0.004329,0.0,0.006788,ok
incasem,mito,orgsegnet_plant,OrgSegNet-plant,te_00686,partial,3.09,image/C199.tif,41.884,0.011266,0.005665,0.006831,0.032121,0.011266,0.957933,0.964893,4021,584607,121160,16067428,125181,588628,13223620,0.009466,0.018611,0.000808,ok
incasem,mito,orgsegnet_plant,OrgSegNet-plant,te_00687,partial,3.09,image/C199.tif,42.695,0.009138,0.00459,0.005717,0.022759,0.009138,0.963175,0.970245,2849,495487,122332,16156548,125181,498336,13223620,0.009466,0.0,0.00135,ok
incasem,mito,orgsegnet_plant,OrgSegNet-plant,te_00690,partial,12.34,image/C201.tif,45.213,0.013921,0.007009,0.00701,0.999445,0.013921,0.924031,0.923991,8997,1274543,5,15493671,9002,1283540,13230080,0.00068,0.008286,0.002644,ok
incasem,mito,orgsegnet_plant,OrgSegNet-plant,te_00691,partial,12.34,image/C201.tif,41.938,0.044422,0.022716,0.024687,0.221484,0.044422,0.91218,0.918604,34247,1353005,120378,15269586,154625,1387252,13226850,0.01169,0.040012,0.021315,ok
incasem,mito,orgsegnet_plant,OrgSegNet-plant,te_00696,partial,5.29,image/C204.tif,44.584,0.034404,0.017503,0.026253,0.049897,0.034404,0.893501,0.926846,31831,1180652,606097,14958636,637928,1212483,13230080,0.048218,0.0,0.021579,ok
incasem,mito,orgsegnet_plant,OrgSegNet-plant,te_00697,partial,5.29,image/C204.tif,40.562,0.058133,0.029937,0.045325,0.081031,0.058133,0.900161,0.932538,51692,1088788,586236,15050500,637928,1140480,13223620,0.048242,0.00629,0.029162,ok
incasem,mito,orgsegnet_plant,OrgSegNet-plant,te_00724,partial,6.17,image/C218.tif,38.497,3.4e-05,1.7e-05,1.9e-05,0.000175,3.4e-05,0.95409,0.958343,13,695792,74452,16006959,74465,695805,13230080,0.005628,0.0,0.000202,ok
incasem,mito,orgsegnet_plant,OrgSegNet-plant,te_00725,partial,6.17,image/C218.tif,38.315,0.0,0.0,0.0,0.0,0.0,0.966569,0.967107,0,551545,9341,16216330,9341,551545,13226850,0.000706,0.0,0.0,ok
incasem,mito,orgsegnet_plant,OrgSegNet-plant,te_00768,partial,5.29,image/C240.tif,34.935,0.006554,0.003288,0.003816,0.023182,0.006554,0.950433,0.957019,2743,716009,115583,15942881,118326,718752,11898351,0.009945,0.0,0.000362,ok
incasem,mito,orgsegnet_plant,OrgSegNet-plant,te_00769,partial,5.29,image/C240.tif,34.782,0.004626,0.002318,0.002576,0.022658,0.004626,0.931225,0.937678,2681,1038216,115645,15620674,118326,1040897,11863467,0.009974,0.0,0.0,ok
incasem,mito,orgsegnet_plant,OrgSegNet-plant,te_00772,partial,18.51,image/C242.tif,37.737,0.055665,0.028629,0.029784,0.424702,0.055665,0.857291,0.861618,70566,2298672,95588,14312390,166154,2369238,13230080,0.012559,0.045714,0.037243,ok
incasem,mito,orgsegnet_plant,OrgSegNet-plant,te_00773,partial,18.51,image/C242.tif,37.707,0.058559,0.030162,0.031467,0.421142,0.058559,0.865919,0.870367,69961,2153348,96161,14457746,166122,2223309,13226850,0.012559,0.049684,0.039361,ok
incasem,mito,orgsegnet_plant,OrgSegNet-plant,te_00794,partial,4.63,image/C253.tif,36.659,0.016219,0.008176,0.010732,0.03318,0.016219,0.930974,0.946639,9546,879903,278158,15609609,287704,889449,13230080,0.021746,0.021636,0.0072,ok
incasem,mito,orgsegnet_plant,OrgSegNet-plant,te_00795,partial,4.63,image/C253.tif,35.76,0.020868,0.010544,0.013884,0.041991,0.020868,0.932427,0.947963,12081,858057,275623,15631455,287704,870138,12622840,0.022792,0.019791,0.006402,ok
incasem,mito,orgsegnet_plant,OrgSegNet-plant,te_00798,partial,5.29,image/C255.tif,36.272,0.012301,0.006188,0.006855,0.059843,0.012301,0.903781,0.912316,10052,1456361,157922,15152881,167974,1466413,13230080,0.012696,0.0,0.005262,ok
incasem,mito,orgsegnet_plant,OrgSegNet-plant,te_00799,partial,5.29,image/C255.tif,37.312,0.020858,0.010539,0.011764,0.091883,0.020858,0.913629,0.92194,15434,1296523,152540,15312719,167974,1311957,13223620,0.012703,0.0,0.008382,ok
incasem,mito,orgsegnet_plant,OrgSegNet-plant,te_00802,partial,6.17,image/C257.tif,33.175,0.027654,0.014021,0.018642,0.053529,0.027654,0.925582,0.94317,17754,934604,313919,15510939,331673,952358,12107776,0.027393,0.024022,0.010006,ok
incasem,mito,orgsegnet_plant,OrgSegNet-plant,te_00803,partial,6.17,image/C257.tif,31.99,0.016855,0.008499,0.009952,0.055011,0.016855,0.939923,0.948285,8640,859504,148420,15760652,157060,868144,12104820,0.012975,0.013073,0.003598,ok
incasem,mito,orgsegnet_plant,OrgSegNet-plant,te_00823,partial,4.63,image/C267.tif,29.553,0.002394,0.001199,0.001254,0.026661,0.002394,0.924757,0.927809,1515,1207067,55309,15513325,56824,1208582,10574802,0.005374,0.00658,0.002255,ok
incasem,mito,orgsegnet_plant,OrgSegNet-plant,te_00834,partial,,image/C606.tif,25.457,0.027082,0.013727,0.035869,0.021753,0.027082,0.953169,0.981939,10935,293926,491762,15980593,502697,304861,6726600,0.074733,0.026641,0.022736,ok
incasem,mito,orgsegnet_plant,OrgSegNet-plant,te_00835,partial,,image/C606.tif,33.476,0.022648,0.011454,0.030526,0.018002,0.022648,0.955944,0.983316,8564,271981,467163,16029508,475727,280545,6457248,0.073673,0.04787,0.038222,ok
incasem,mito,orgsegnet_plant,OrgSegNet-plant,te_00846,partial,2.47,image/C_008.tif,46.756,0.023739,0.012012,0.315218,0.012334,0.023739,0.860325,0.995722,28491,61894,2281456,14405375,2309947,90385,11617942,0.198826,0.0,0.014496,ok
incasem,mito,orgsegnet_plant,OrgSegNet-plant,te_00847,partial,2.47,image/C_008.tif,49.288,0.013146,0.006617,0.378763,0.006689,0.013146,0.861727,0.998248,15452,25344,2294495,14441925,2309947,40796,9347955,0.247107,0.006101,0.008331,ok
incasem,mito,orgsegnet_plant,OrgSegNet-plant,te_00895,partial,6.17,image/L1_003.tif,41.275,0.536682,0.366757,0.701561,0.434555,0.536682,0.94445,0.985219,539779,229618,702364,15305455,1242143,769397,9271190,0.133979,0.375166,0.338459,ok
incasem,mito,orgsegnet_plant,OrgSegNet-plant,te_00896,partial,6.17,image/L1_003.tif,39.094,0.673821,0.508092,0.794817,0.584796,0.673821,0.941795,0.982702,1008644,260382,716135,14792055,1724779,1269026,11199110,0.15401,0.548717,0.463226,ok
incasem,mito,orgsegnet_plant,OrgSegNet-plant,te_00913,partial,4.63,image/L1_014.tif,35.969,0.054343,0.02793,0.319395,0.029698,0.054343,0.923787,0.994962,36739,78288,1200355,15461834,1237094,115027,5999753,0.206191,0.095611,0.074375,ok
incasem,mito,orgsegnet_plant,OrgSegNet-plant,te_00914,partial,4.63,image/L1_014.tif,39.031,0.023961,0.012126,0.170514,0.012886,0.023961,0.939912,0.996194,12374,60195,947916,15756731,960290,72569,4477352,0.214477,0.032713,0.026508,ok
incasem,mito,orgsegnet_plant,OrgSegNet-plant,te_00951,partial,3.7,image/L7_011.tif,39.695,0.01181,0.00594,0.101362,0.00627,0.01181,0.946238,0.996998,5390,47786,854192,15869848,859582,53176,4528587,0.189812,0.007567,0.008657,ok
incasem,mito,orgsegnet_plant,OrgSegNet-plant,te_00952,partial,3.7,image/L7_011.tif,50.063,0.010955,0.005507,0.101771,0.005789,0.010955,0.946444,0.997241,4976,43918,854606,15873716,859582,48894,5776260,0.148813,0.009627,0.004033,ok
incasem,mito,orgsegnet_plant,OrgSegNet-plant,te_00955,partial,3.7,image/L8_002.tif,44.238,0.061951,0.031966,0.303944,0.03449,0.061951,0.924309,0.993829,41933,96030,1173853,15465400,1215786,137963,9090270,0.133746,0.0,0.054896,ok
incasem,mito,orgsegnet_plant,OrgSegNet-plant,te_00956,partial,3.7,image/L8_002.tif,45.024,0.031077,0.015784,0.151492,0.017315,0.031077,0.937017,0.993992,16946,94915,961762,15703593,978708,111861,7145118,0.136976,0.0,0.041199,ok
incasem,mito,orgsegnet_plant,OrgSegNet-plant,te_00961,sparse,1.48,image/M4D-25000X-0006.tif,4.534,0.344676,0.208222,0.256896,0.52358,0.344676,0.992089,0.993958,34906,100970,31762,16609578,66668,135876,1695450,0.039322,0.292558,0.079297,ok
incasem,mito,orgsegnet_plant,OrgSegNet-plant,te_00989,partial,4.63,image/c10_003.tif,43.442,0.056988,0.02933,0.038163,0.112464,0.056988,0.911175,0.930702,45029,1134885,355358,15241944,400387,1179914,13206610,0.030317,0.0,0.021666,ok
incasem,mito,orgsegnet_plant,OrgSegNet-plant,te_00990,partial,4.63,image/c10_003.tif,44.199,0.07072,0.036656,0.048286,0.132092,0.07072,0.917154,0.936348,52888,1042426,347499,15334403,400387,1095314,13222755,0.03028,0.005434,0.031337,ok
incasem,mito,orgsegnet_plant,OrgSegNet-plant,te_01002,partial,4.63,image/c13_002.tif,46.301,0.0,0.0,0.0,0.0,0.0,0.946872,0.951436,0,810864,80482,15885870,80482,810864,13222755,0.006087,0.0,0.0,ok
incasem,mito,orgsegnet_plant,OrgSegNet-plant,te_01011,partial,5.29,image/c6_003.tif,45.465,0.052852,0.027143,0.035769,0.101175,0.052852,0.892907,0.917,50130,1351377,445346,14930363,495476,1401507,13230080,0.037451,0.0,0.02239,ok
incasem,mito,orgsegnet_plant,OrgSegNet-plant,te_01012,partial,5.29,image/c6_003.tif,46.231,0.050787,0.026055,0.036183,0.085158,0.050787,0.895375,0.92291,46958,1250846,504466,14974946,551424,1297804,13226850,0.04169,0.036157,0.03885,ok
incasem,mito,orgsegnet_plant,OrgSegNet-plant,te_01013,partial,,image/cs10_001.tif,36.271,0.035798,0.018225,0.018406,0.649716,0.035798,0.966935,0.967235,10298,549188,5552,16212178,15850,559486,13040258,0.001215,0.014311,0.003961,ok
incasem,mito,orgsegnet_plant,OrgSegNet-plant,te_01014,partial,,image/cs10_001.tif,35.779,0.032968,0.01676,0.016913,0.649716,0.032968,0.963991,0.964288,10298,598581,5552,16162785,15850,608879,13201408,0.001201,0.015163,0.003285,ok
incasem,mito,orgsegnet_plant,OrgSegNet-plant,te_01015,partial,14.81,image/g-l_004.tif,35.22,0.0,0.0,0.0,0.0,0.0,0.945321,0.949285,0,847298,70065,15859853,70065,847298,13230080,0.005296,0.0,0.002369,ok
incasem,mito,orgsegnet_plant,OrgSegNet-plant,te_01016,partial,14.81,image/g-l_004.tif,35.413,0.0,0.0,0.0,0.0,0.0,0.946302,0.950271,0,830836,70065,15876315,70065,830836,13226850,0.005297,0.0,0.0,ok
incasem,mito,orgsegnet_plant,OrgSegNet-plant,te_01029,partial,5.29,image/h3_007.tif,35.53,0.011694,0.005882,0.006067,0.161025,0.011694,0.853486,0.857234,14543,2382327,75772,14304574,90315,2396870,13230080,0.006826,0.018991,0.000242,ok
incasem,mito,orgsegnet_plant,OrgSegNet-plant,te_01030,partial,5.29,image/h3_007.tif,35.194,0.011715,0.005892,0.006001,0.245412,0.011715,0.863377,0.865423,13586,2250383,41774,14471473,55360,2263969,13230080,0.004184,0.021278,0.009046,ok
incasem,mito,orgsegnet_plant,OrgSegNet-plant,te_01033,partial,3.7,image/h4_004.tif,32.052,0.035398,0.018018,0.025929,0.055763,0.035398,0.887924,0.919788,34501,1296112,584209,14862394,618710,1330613,11821173,0.052339,0.0,0.025393,ok
incasem,mito,orgsegnet_plant,OrgSegNet-plant,te_01034,partial,3.7,image/h4_004.tif,37.823,0.027926,0.014161,0.02074,0.042733,0.027926,0.922998,0.946387,18557,876191,415696,15466772,434253,894748,9694389,0.044794,0.0,0.027826,ok
incasem,mito,orgsegnet_plant,OrgSegNet-plant,te_01055,partial,14.81,image/n-l_001.tif,35.314,0.034456,0.01753,0.028579,0.043376,0.034456,0.943695,0.965042,16855,572919,371720,15815722,388575,589774,13230080,0.029371,0.014469,0.020613,ok
incasem,mito,orgsegnet_plant,OrgSegNet-plant,te_01056,partial,14.81,image/n-l_001.tif,35.546,0.062032,0.032009,0.054586,0.071832,0.062032,0.940701,0.965085,32898,569788,425088,15749442,457986,602686,13217160,0.034651,0.049474,0.039611,ok
incasem,mito,orgsegnet_plant,OrgSegNet-plant,te_01073,partial,5.29,image/n-o_007.tif,31.777,0.006587,0.003304,0.005588,0.00802,0.006587,0.971629,0.983063,1578,280818,195173,16299647,196751,282396,8385024,0.023465,0.0,0.0,ok
incasem,mito,orgsegnet_plant,OrgSegNet-plant,te_01074,partial,5.29,image/n-o_007.tif,26.274,0.003579,0.001793,0.002756,0.005103,0.003579,0.966683,0.978093,1004,363227,195747,16217238,196751,364231,10194944,0.019299,0.0,0.000725,ok
incasem,mito,orgsegnet_plant,OrgSegNet-plant,te_01081,partial,9.26,image/o1_004.tif,35.65,0.027605,0.013996,0.01405,0.783114,0.027605,0.898187,0.8984,24246,1701422,6715,15044833,30961,1725668,13221888,0.002342,0.017417,0.010654,ok
incasem,mito,orgsegnet_plant,OrgSegNet-plant,te_01082,partial,9.26,image/o1_004.tif,36.196,0.028012,0.014205,0.01423,0.890249,0.028012,0.885989,0.885981,27563,1909389,3398,14836866,30961,1936952,13230080,0.00234,0.01722,0.010949,ok
incasem,mito,orgsegnet_plant,OrgSegNet-plant,te_01085,partial,6.17,image/o1_009.tif,28.951,0.086516,0.045214,0.049248,0.355674,0.086516,0.941533,0.94613,46451,896758,84149,15749858,130600,943209,11309056,0.011548,0.084577,0.034269,ok
incasem,mito,orgsegnet_plant,OrgSegNet-plant,te_01086,partial,6.17,image/o1_009.tif,28.478,0.002335,0.001169,0.001315,0.010418,0.002335,0.932161,0.939239,1332,1011632,126519,15637733,127851,1012964,10914233,0.011714,0.006814,0.008027,ok
incasem,mito,orgsegnet_plant,OrgSegNet-plant,te_01087,partial,7.41,image/o3_004.tif,35.889,0.009142,0.004592,0.00488,0.072336,0.009142,0.912494,0.917209,6773,1381249,86859,15302335,93632,1388022,13230080,0.007077,0.023764,0.004046,ok
incasem,mito,orgsegnet_plant,OrgSegNet-plant,te_01088,partial,7.41,image/o3_004.tif,35.669,0.005808,0.002913,0.003108,0.044237,0.005808,0.915486,0.920376,4142,1328415,89490,15355169,93632,1332557,13226850,0.007079,0.0,0.006522,ok
incasem,mito,orgsegnet_plant,OrgSegNet-plant,te_01091,partial,5.29,image/o3_010.tif,35.452,0.107661,0.056893,0.057295,0.89027,0.107661,0.937168,0.937368,63592,1046312,7838,15659474,71430,1109904,13230080,0.005399,0.061765,0.024056,ok
incasem,mito,orgsegnet_plant,OrgSegNet-plant,te_01092,partial,5.29,image/o3_010.tif,32.278,0.10303,0.054313,0.054682,0.889388,0.10303,0.934068,0.934259,63529,1098255,7901,15607531,71430,1161784,12366900,0.005776,0.050992,0.022725,ok
incasem,mito,orgsegnet_plant,OrgSegNet-plant,te_01093,partial,5.29,image/o4_002.tif,35.473,0.030561,0.015518,0.016294,0.245739,0.030561,0.934963,0.93785,17199,1038350,52790,15668877,69989,1055549,13230080,0.00529,0.024352,0.006592,ok
incasem,mito,orgsegnet_plant,OrgSegNet-plant,te_01094,partial,5.29,image/o4_002.tif,35.361,0.027971,0.014184,0.014824,0.247325,0.027971,0.928291,0.931144,17310,1150400,52679,15556827,69989,1167710,13230080,0.00529,0.027203,0.008535,ok
incasem,mito,orgsegnet_plant,OrgSegNet-plant,te_01099,partial,7.41,image/o4_008.tif,35.831,0.045991,0.023537,0.024538,0.365869,0.045991,0.890523,0.894335,44272,1759980,76733,14896231,121005,1804252,13230080,0.009146,0.036569,0.012275,ok
incasem,mito,orgsegnet_plant,OrgSegNet-plant,te_01100,partial,7.41,image/o4_008.tif,35.254,0.038286,0.019517,0.020284,0.340242,0.038286,0.876717,0.880615,41171,1988510,79834,14667701,121005,2029681,13230080,0.009146,0.037384,0.010565,ok
incasem,mito,orgsegnet_plant,OrgSegNet-plant,te_01115,partial,14.81,image/p5_008.tif,31.433,0.030564,0.015519,0.015867,0.414732,0.030564,0.969067,0.969719,8181,507433,11545,16250057,19726,515614,7205900,0.002737,0.029422,0.013611,ok
incasem,mito,orgsegnet_plant,OrgSegNet-plant,te_01116,partial,14.81,image/p5_008.tif,31.11,0.029263,0.014849,0.015189,0.39856,0.029263,0.96891,0.969582,7862,509737,11864,16247753,19726,517599,7205900,0.002737,0.034161,0.013611,ok
incasem,mito,orgsegnet_plant,OrgSegNet-plant,te_01119,partial,,image/wh5_007.tif,37.937,0.207158,0.115547,0.116881,0.910144,0.207158,0.975554,0.975784,53582,404852,5290,16313492,58872,458434,9121520,0.006454,0.12885,0.068423,ok
incasem,mito,orgsegnet_plant,OrgSegNet-plant,te_01120,partial,,image/wh5_007.tif,37.661,0.164185,0.089434,0.089502,0.99166,0.164185,0.964571,0.964476,58381,593908,491,16124436,58872,652289,11379290,0.005174,0.051172,0.053671,ok
incasem,mito,orgsegnet_plant,OrgSegNet-plant,te_01121,partial,,image/xc0_001.tif,36.104,0.069897,0.036214,0.037409,0.531396,0.069897,0.931762,0.933703,43017,1106904,37934,15589361,80951,1149921,13225984,0.006121,0.055481,0.043535,ok
incasem,mito,orgsegnet_plant,OrgSegNet-plant,te_01122,partial,,image/xc0_001.tif,35.314,0.025454,0.012891,0.013394,0.255521,0.025454,0.937951,0.940122,13595,1001394,39610,15722617,53205,1014989,13205504,0.004029,0.032241,0.031162,ok
incasem,mito,orgsegnet_plant,OrgSegNet-plant,te_01133,partial,2.47,image/z002.tif,5.818,0.000722,0.000361,1.0,0.000361,0.000722,0.968301,1.0,192,0,531825,16245199,532017,192,677144,0.785678,0.0,0.0,ok
incasem,mito,orgsegnet_plant,OrgSegNet-plant,te_01134,partial,2.47,image/z002.tif,5.856,0.000722,0.000361,1.0,0.000361,0.000722,0.968301,1.0,192,0,531825,16245199,532017,192,677144,0.785678,0.0,0.0,ok
incasem,mito,orgsegnet_plant,OrgSegNet-plant,te_01135,partial,3.09,image/z003.tif,22.122,0.003163,0.001584,0.233084,0.001593,0.003163,0.891176,0.999363,2897,9532,1816226,14948561,1819123,12429,5202589,0.349657,0.0,0.0,ok
incasem,mito,orgsegnet_plant,OrgSegNet-plant,te_01136,partial,3.09,image/z003.tif,24.881,0.005333,0.002674,0.338276,0.002688,0.005333,0.90008,0.999418,4494,8791,1667594,15096337,1672088,13285,4674373,0.357714,0.03123,0.0,ok
incasem,mito,orgsegnet_plant,OrgSegNet-plant,te_01139,partial,3.09,image/z005.tif,34.707,0.014286,0.007195,0.119969,0.007595,0.014286,0.932283,0.996152,8233,60393,1075703,15632887,1083936,68626,6810730,0.159151,0.0,0.026031,ok
incasem,mito,orgsegnet_plant,OrgSegNet-plant,te_01140,partial,3.09,image/z005.tif,34.789,0.014286,0.007195,0.119969,0.007595,0.014286,0.932283,0.996152,8233,60393,1075703,15632887,1083936,68626,6810730,0.159151,0.0,0.026031,ok
incasem,mito,orgsegnet_plant,OrgSegNet-plant,te_01163,partial,14.81,image/z028.tif,21.942,0.039414,0.020103,0.023353,0.126244,0.039414,0.974236,0.977801,8868,370875,61377,16336096,70245,379743,5321472,0.0132,0.064865,0.025399,ok
incasem,mito,orgsegnet_plant,OrgSegNet-plant,te_01164,partial,14.81,image/z028.tif,18.771,0.052606,0.027014,0.029382,0.25105,0.052606,0.96214,0.96513,17635,582572,52610,16124399,70245,600207,6125184,0.011468,0.094231,0.02506,ok
incasem,mito,orgsegnet_plant,OrgSegNet-plant,te_01195,partial,14.81,image/z046.tif,36.341,0.103835,0.054761,0.054773,0.996049,0.103835,0.953833,0.95372,44872,774369,178,15957797,45050,819241,13217792,0.003408,0.021809,0.036799,ok
incasem,mito,orgsegnet_plant,OrgSegNet-plant,te_01196,partial,14.81,image/z046.tif,35.816,0.094996,0.049866,0.049874,0.99687,0.094996,0.948998,0.948869,44909,855536,141,15876630,45050,900445,13222755,0.003407,0.016974,0.031742,ok
incasem,mito,orgsegnet_plant,OrgSegNet-plant,te_01199,partial,18.51,image/z052.tif,35.457,0.000533,0.000267,0.000279,0.005975,0.000533,0.974305,0.975417,115,411958,19131,16346012,19246,412073,13225984,0.001455,0.001426,0.000872,ok
incasem,mito,orgsegnet_plant,OrgSegNet-plant,te_01200,partial,18.51,image/z052.tif,35.231,0.002133,0.001067,0.001118,0.023226,0.002133,0.975068,0.976161,447,399497,18799,16358473,19246,399944,13197312,0.001458,0.0,0.00382,ok
incasem,mito,orgsegnet_plant,OrgSegNet-plant,te_01211,partial,4.63,image/z061.tif,26.302,0.043764,0.022371,0.02838,0.095563,0.043764,0.956801,0.965803,16585,567799,156966,16035866,173551,584384,9740288,0.017818,0.0,0.011674,ok
incasem,mito,orgsegnet_plant,OrgSegNet-plant,te_01212,partial,4.63,image/z061.tif,26.004,0.000123,6.1e-05,7.8e-05,0.00028,0.000123,0.948437,0.959271,53,675599,189490,15912074,189543,675652,9512000,0.019927,0.0,0.002016,ok
incasem,mito,orgsegnet_plant,OrgSegNet-plant,te_01219,partial,5.29,image/z065.tif,29.299,0.034607,0.017608,0.021431,0.089836,0.034607,0.954804,0.962674,13591,620572,137696,16005357,151287,634163,11206656,0.0135,0.064686,0.020194,ok
incasem,mito,orgsegnet_plant,OrgSegNet-plant,te_01255,partial,18.51,image/z084.tif,34.548,0.082115,0.042815,0.043332,0.782116,0.082115,0.963193,0.963575,27622,609824,7695,16132075,35317,637446,11424322,0.003091,0.061078,0.032971,ok
incasem,mito,orgsegnet_plant,OrgSegNet-plant,te_01256,partial,18.51,image/z084.tif,34.869,0.070878,0.036741,0.03809,0.509143,0.070878,0.96232,0.963603,24112,608912,23246,16120946,47358,633024,11105874,0.004264,0.042846,0.030624,ok
incasem,mito,orgsegnet_plant,OrgSegNet-plant,te_01273,partial,5.29,image/z093.tif,35.426,0.007896,0.003964,0.006334,0.010483,0.007896,0.957179,0.972823,2859,448535,269876,16055946,272735,451394,13221888,0.020628,0.0,0.00781,ok
incasem,mito,orgsegnet_plant,OrgSegNet-plant,te_01274,partial,5.29,image/z093.tif,34.672,0.000317,0.000158,0.000244,0.000453,0.000317,0.963511,0.975969,97,398020,214169,16164930,214266,398117,13215432,0.016213,0.0,0.002781,ok
incasem,mito,orgsegnet_plant,OrgSegNet-plant,te_01281,partial,5.29,image/z097.tif,36.162,0.09343,0.049004,0.078298,0.115811,0.09343,0.924718,0.952752,65082,766131,496883,15449120,561965,831213,13033472,0.043117,0.0,0.046167,ok
incasem,mito,orgsegnet_plant,OrgSegNet-plant,te_01282,partial,5.29,image/z097.tif,35.477,0.127093,0.067858,0.11071,0.149166,0.127093,0.930187,0.957736,85267,684918,486357,15520674,571624,770185,13027108,0.04388,0.0,0.060646,ok
incasem,mito,orgsegnet_plant,OrgSegNet-plant,te_01285,partial,14.81,image/z099.tif,35.132,0.035602,0.018124,0.018848,0.320456,0.035602,0.941926,0.944012,17984,936178,38136,15784918,56120,954162,10134465,0.005538,0.051825,0.030468,ok
incasem,mito,orgsegnet_plant,OrgSegNet-plant,te_01286,partial,14.81,image/z099.tif,31.743,0.058946,0.030368,0.032061,0.365158,0.058946,0.929912,0.933327,36828,1111861,64027,15564500,100855,1148689,10726320,0.009403,0.058125,0.045697,ok
incasem,mito,orgsegnet_plant,OrgSegNet-plant,te_01305,partial,5.29,image/z171.tif,35.388,0.032758,0.016652,0.028471,0.038566,0.032758,0.947896,0.969187,14803,505137,369030,15888246,383833,519940,13204884,0.029068,0.0,0.007661,ok
incasem,mito,orgsegnet_plant,OrgSegNet-plant,te_01306,partial,5.29,image/z171.tif,35.213,0.041222,0.021045,0.035711,0.048743,0.041222,0.948126,0.969184,18709,505185,365124,15888198,383833,523894,13208111,0.02906,0.0,0.01034,ok
incasem,mito,orgsegnet_plant,OrgSegNet-plant,te_01307,partial,5.29,image/z172.tif,41.157,0.008647,0.004342,0.005503,0.020168,0.008647,0.954419,0.963719,3335,602690,162027,16009164,165362,606025,10555640,0.015666,0.0,0.01892,ok
incasem,mito,orgsegnet_plant,OrgSegNet-plant,te_01308,partial,5.29,image/z172.tif,35.375,0.041977,0.021438,0.025078,0.128706,0.041977,0.942096,0.950193,21283,827388,144079,15784466,165362,848671,13199056,0.012528,0.074417,0.011248,ok
incasem,mito,orgsegnet_plant,OrgSegNet-plant,te_01331,partial,14.81,image/z184.tif,35.22,0.12903,0.068964,0.068972,0.998313,0.12903,0.92999,0.929633,87003,1174422,147,15515644,87150,1261425,13225984,0.006589,0.055539,0.031016,ok
incasem,mito,orgsegnet_plant,OrgSegNet-plant,te_01332,partial,14.81,image/z184.tif,35.224,0.122773,0.065401,0.06555,0.966437,0.122773,0.92826,0.928061,84225,1200672,2925,15489394,87150,1284897,13223620,0.00659,0.070521,0.035448,ok
incasem,mito,orgsegnet_plant,OrgSegNet-plant,te_01359,partial,14.81,image/z198.tif,35.058,0.079367,0.041324,0.047116,0.251575,0.079367,0.9051,0.915902,68630,1387994,204171,15116421,272801,1456624,12826330,0.021269,0.076091,0.020027,ok
incasem,mito,orgsegnet_plant,OrgSegNet-plant,te_01360,partial,14.81,image/z198.tif,41.518,0.000117,5.9e-05,6.7e-05,0.000451,0.000117,0.937993,0.945613,61,905099,135203,15736853,135264,905160,10519642,0.012858,0.0,0.001612,ok
incasem,mito,orgsegnet_plant,OrgSegNet-plant,te_01367,partial,3.7,image/z202.tif,28.499,0.011615,0.005841,0.015289,0.009365,0.011615,0.89872,0.959071,9984,643043,1056158,15068031,1066142,653027,10526720,0.10128,0.0,0.010219,ok
incasem,mito,orgsegnet_plant,OrgSegNet-plant,te_01368,partial,3.7,image/z202.tif,28.132,0.009855,0.004952,0.012125,0.0083,0.009855,0.894394,0.954289,8817,718342,1053441,14996616,1062258,727159,9963890,0.106611,0.0,0.007199,ok
incasem,mito,orgsegnet_plant,OrgSegNet-plant,te_01391,partial,4.63,image/z214.tif,35.761,0.043112,0.022031,0.024911,0.160063,0.043112,0.963275,0.967448,13880,543306,72836,16147194,86716,557186,13230080,0.006554,0.068193,0.035328,ok
incasem,mito,orgsegnet_plant,OrgSegNet-plant,te_01392,partial,4.63,image/z214.tif,35.447,0.004884,0.002448,0.003047,0.012304,0.004884,0.957981,0.965974,1730,566078,138878,16070530,140608,567808,13192608,0.010658,0.0,0.021985,ok
incasem,mito,orgsegnet_plant,OrgSegNet-plant,te_01393,partial,5.29,image/z215.tif,35.108,0.081555,0.042511,0.069966,0.097744,0.081555,0.960688,0.976377,29283,389248,270306,16088379,299589,418531,12077672,0.024805,0.072837,0.039854,ok
incasem,mito,orgsegnet_plant,OrgSegNet-plant,te_01394,partial,5.29,image/z215.tif,32.283,0.084208,0.043955,0.066786,0.113926,0.084208,0.955751,0.971057,34131,476916,265458,16000711,299589,511047,12703184,0.023584,0.062623,0.032862,ok
incasem,mito,orgsegnet_plant,OrgSegNet-plant,te_01395,partial,14.81,image/z216.tif,35.317,0.015422,0.007771,0.008187,0.13262,0.015422,0.927197,0.930627,9566,1158874,62565,15546211,72131,1168440,13222755,0.005455,0.0,0.005636,ok
incasem,mito,orgsegnet_plant,OrgSegNet-plant,te_01396,partial,14.81,image/z216.tif,35.31,0.008865,0.004452,0.004687,0.081532,0.008865,0.921615,0.925243,5881,1248828,66250,15456257,72131,1254709,13222755,0.005455,0.0,0.00708,ok
incasem,mito,orgsegnet_plant,OrgSegNet-plant,te_01431,partial,2.47,image/z234.tif,35.99,0.020311,0.01026,0.012806,0.049068,0.020311,0.956674,0.965058,7535,580864,146027,16042790,153562,588399,13220390,0.011616,0.027946,0.016456,ok
incasem,mito,orgsegnet_plant,OrgSegNet-plant,te_01432,partial,2.47,image/z234.tif,34.879,0.016176,0.008154,0.01005,0.04143,0.016176,0.953873,0.962302,6362,626686,147200,15996968,153562,633048,12829560,0.011969,0.023518,0.013056,ok
incasem,mito,orgsegnet_plant,OrgSegNet-plant,te_01439,partial,6.17,image/z238.tif,36.082,0.147882,0.079845,0.111437,0.219751,0.147882,0.951055,0.965467,71255,568163,252999,15884799,324254,639418,13208111,0.02455,0.121175,0.07094,ok
incasem,mito,orgsegnet_plant,OrgSegNet-plant,te_01440,partial,6.17,image/z238.tif,35.533,0.120975,0.064382,0.085645,0.205924,0.120975,0.954255,0.965872,52812,563828,203652,15956924,256464,616640,13204884,0.019422,0.149553,0.046362,ok
incasem,mito,orgsegnet_plant,OrgSegNet-plant,te_01461,partial,4.63,image/z249.tif,25.948,0.101551,0.053492,0.078671,0.143198,0.101551,0.969724,0.97972,28706,336182,171758,16240570,200464,364888,9532597,0.021029,0.112779,0.057756,ok
incasem,mito,orgsegnet_plant,OrgSegNet-plant,te_01462,partial,4.63,image/z249.tif,26.25,0.079546,0.041421,0.057868,0.127197,0.079546,0.966355,0.976057,24391,397105,167367,16188353,191758,421496,9539584,0.020101,0.107389,0.033932,ok
incasem,mito,orgsegnet_plant,OrgSegNet-plant,te_01475,partial,4.63,image/z256.tif,35.389,0.103631,0.054647,0.062398,0.305526,0.103631,0.895455,0.90736,101390,1523502,230464,14921860,331854,1624892,13190250,0.025159,0.103594,0.031522,ok
incasem,mito,orgsegnet_plant,OrgSegNet-plant,te_01476,partial,4.63,image/z256.tif,35.244,0.08688,0.045413,0.051609,0.274434,0.08688,0.885896,0.898234,91072,1673572,240782,14771790,331854,1764644,13217792,0.025107,0.113366,0.027553,ok
incasem,mito,orgsegnet_plant,OrgSegNet-plant,te_01503,partial,,image/z600.tif,35.489,0.32327,0.192798,0.340165,0.307974,0.32327,0.931419,0.966441,274816,533074,617519,15351807,892335,807890,13230080,0.067447,0.27358,0.154514,ok
incasem,mito,orgsegnet_plant,OrgSegNet-plant,te_01504,partial,,image/z600.tif,35.109,0.350566,0.212537,0.361664,0.34013,0.350566,0.944684,0.972439,250482,442100,485949,15598685,736431,692582,12748810,0.057765,0.277928,0.169581,ok
incasem,mito,orgsegnet_plant,OrgSegNet-plant,te_01519,partial,,image/z608.tif,31.799,0.057263,0.029475,0.335101,0.031306,0.057263,0.939868,0.996152,30639,60793,948051,15737733,978690,91432,8915595,0.109773,0.050051,0.038424,ok
incasem,mito,orgsegnet_plant,OrgSegNet-plant,te_01520,partial,,image/z608.tif,29.044,0.178513,0.098004,0.637464,0.103789,0.178513,0.951725,0.996858,88000,50047,759877,15879292,847877,138047,9894105,0.085695,0.076114,0.100223,ok
incasem,mito,zenodo_mitoem2,MitoEM2-Mossy,ME2-Mossy_00163,sparse,8.0,Dataset004_ME2-Mossy/me2-mossy_train01,5.987,0.48332,0.31867,0.712383,0.365724,0.48332,0.999448,0.999896,4332,1749,7513,16763622,11845,6081,33631,0.352205,0.265508,0.329433,ok
incasem,mito,zenodo_mitoem2,MitoEM2-Mossy,ME2-Mossy_00164,sparse,8.0,Dataset004_ME2-Mossy/me2-mossy_train01,10.991,0.378372,0.233329,0.484328,0.310454,0.378372,0.998735,0.99959,6459,6877,14346,16749534,20805,13336,89500,0.232458,0.313932,0.289678,ok
incasem,mito,zenodo_mitoem2,MitoEM2-Mossy,ME2-Mossy_00165,sparse,8.0,Dataset004_ME2-Mossy/me2-mossy_train01,39.339,0.128317,0.068557,0.069092,0.898603,0.128317,0.984527,0.984636,19107,257439,2156,16498514,21263,276546,1332168,0.015961,0.060172,0.081485,ok
incasem,mito,zenodo_mitoem2,MitoEM2-Mossy,ME2-Mossy_00166,sparse,8.0,Dataset004_ME2-Mossy/me2-mossy_train01,39.253,0.159694,0.086776,0.087964,0.865266,0.159694,0.988144,0.988305,18900,195960,2943,16559413,21843,214860,1004544,0.021744,0.105366,0.075664,ok
incasem,mito,zenodo_mitoem2,MitoEM2-Mossy,ME2-Mossy_00167,sparse,8.0,Dataset004_ME2-Mossy/me2-mossy_train01,39.66,0.243646,0.138722,0.16239,0.48766,0.243646,0.98931,0.991087,28887,149000,30349,16568980,59236,177887,884540,0.066968,0.245428,0.110189,ok
incasem,mito,zenodo_mitoem2,MitoEM2-Mossy,ME2-Mossy_00168,sparse,8.0,Dataset004_ME2-Mossy/me2-mossy_train01,39.11,0.409037,0.2571,0.286866,0.712463,0.409037,0.9902,0.991528,56903,141458,22965,16555890,79868,198361,862416,0.09261,0.32546,0.165619,ok
incasem,mito,zenodo_mitoem2,MitoEM2-Mossy,ME2-Mossy_00169,sparse,8.0,Dataset004_ME2-Mossy/me2-mossy_train01,33.473,0.41962,0.265518,0.326414,0.587329,0.41962,0.991546,0.99366,51275,105811,36027,16584103,87302,157086,605682,0.144138,0.400808,0.208975,ok
incasem,mito,zenodo_mitoem2,MitoEM2-Mossy,ME2-Mossy_00170,sparse,8.0,Dataset004_ME2-Mossy/me2-mossy_train01,39.52,0.429391,0.273391,0.32592,0.629121,0.429391,0.991357,0.993239,54558,112839,32163,16577656,86721,167397,676296,0.128229,0.392873,0.20405,ok
incasem,mito,zenodo_mitoem2,MitoEM2-Mossy,ME2-Mossy_00171,sparse,8.0,Dataset004_ME2-Mossy/me2-mossy_train01,39.348,0.410484,0.258244,0.318678,0.576591,0.410484,0.991881,0.993927,47424,101391,34825,16593576,82249,148815,660970,0.124437,0.345575,0.198143,ok
incasem,mito,zenodo_mitoem2,MitoEM2-Mossy,ME2-Mossy_00172,sparse,8.0,Dataset004_ME2-Mossy/me2-mossy_train01,23.397,0.512527,0.344562,0.499355,0.526413,0.512527,0.996443,0.998119,31370,31451,28222,16686173,59592,62821,273920,0.217553,0.500562,0.286576,ok
incasem,mito,zenodo_mitoem2,MitoEM2-Mossy,ME2-Mossy_00173,sparse,8.0,Dataset004_ME2-Mossy/me2-mossy_train01,30.006,0.482929,0.31833,0.423596,0.561591,0.482929,0.993876,0.996089,47979,65287,37455,16626495,85434,113266,458337,0.1864,0.468523,0.260376,ok
incasem,mito,zenodo_mitoem2,MitoEM2-Mossy,ME2-Mossy_00174,sparse,8.0,Dataset004_ME2-Mossy/me2-mossy_train01,23.912,0.489764,0.324296,0.423285,0.581015,0.489764,0.996429,0.997658,28755,39178,20736,16688547,49491,67933,326469,0.151595,0.462903,0.246561,ok
incasem,mito,zenodo_mitoem2,MitoEM2-Mossy,ME2-Mossy_00175,sparse,8.0,Dataset004_ME2-Mossy/me2-mossy_train01,20.407,0.449835,0.290185,0.381159,0.548696,0.449835,0.996904,0.99794,21234,34475,17465,16704042,38699,55709,234624,0.164941,0.391074,0.243479,ok
incasem,mito,zenodo_mitoem2,MitoEM2-Mossy,ME2-Mossy_00176,sparse,8.0,Dataset004_ME2-Mossy/me2-mossy_train01,12.167,0.387723,0.240481,0.386762,0.388688,0.387723,0.998119,0.999054,9992,15843,15715,16735666,25707,25835,134900,0.190563,0.37755,0.281637,ok
incasem,mito,zenodo_mitoem2,MitoEM2-Mossy,ME2-Mossy_00177,sparse,8.0,Dataset004_ME2-Mossy/me2-mossy_train01,13.196,0.420215,0.265995,0.332528,0.57071,0.420215,0.998732,0.999077,7712,15480,5801,16748223,13513,23192,97240,0.138965,0.379687,0.231589,ok
incasem,mito,zenodo_mitoem2,MitoEM2-Mossy,ME2-Mossy_00178,sparse,8.0,Dataset004_ME2-Mossy/me2-mossy_train01,5.634,0.534853,0.365051,0.770022,0.409722,0.534853,0.999348,0.999888,6288,1878,9059,16759991,15347,8166,28392,0.54054,0.470983,0.375414,ok
incasem,mito,zenodo_mitoem2,MitoEM2-Mossy,ME2-Mossy_00179,sparse,8.0,Dataset004_ME2-Mossy/me2-mossy_train01,5.702,0.455505,0.294922,0.842558,0.312123,0.455505,0.99933,0.999948,4704,879,10367,16761266,15071,5583,38480,0.391658,0.33089,0.340211,ok
incasem,mito,zenodo_mitoem2,MitoEM2-Mossy,ME2-Mossy_00180,sparse,8.0,Dataset004_ME2-Mossy/me2-mossy_train01,3.608,0.349073,0.21144,0.356282,0.342149,0.349073,0.999954,0.999978,207,374,398,16776237,605,581,9072,0.066689,0.0,0.256855,ok
incasem,mito,zenodo_mitoem2,MitoEM2-Mossy,ME2-Mossy_00181,sparse,8.0,Dataset004_ME2-Mossy/me2-mossy_train02,4.172,0.289698,0.169384,0.897143,0.172738,0.289698,0.999587,0.99999,1413,162,6767,16768874,8180,1575,15616,0.523822,0.067072,0.287312,ok
incasem,mito,zenodo_mitoem2,MitoEM2-Mossy,ME2-Mossy_00182,sparse,8.0,Dataset004_ME2-Mossy/me2-mossy_train02,6.973,0.467585,0.305129,0.925016,0.312868,0.467585,0.999228,0.999972,5687,461,12490,16758578,18177,6148,39184,0.463888,0.346133,0.418867,ok
incasem,mito,zenodo_mitoem2,MitoEM2-Mossy,ME2-Mossy_00183,sparse,8.0,Dataset004_ME2-Mossy/me2-mossy_train02,21.053,0.29112,0.170357,0.191663,0.605129,0.29112,0.996212,0.996715,13049,55034,8515,16700618,21564,68083,266600,0.080885,0.285424,0.131818,ok
incasem,mito,zenodo_mitoem2,MitoEM2-Mossy,ME2-Mossy_00184,sparse,8.0,Dataset004_ME2-Mossy/me2-mossy_train02,32.938,0.318268,0.18925,0.242325,0.463536,0.318268,0.994092,0.995675,23136,72339,26776,16654965,49912,95475,412848,0.120897,0.268596,0.162034,ok
incasem,mito,zenodo_mitoem2,MitoEM2-Mossy,ME2-Mossy_00185,sparse,8.0,Dataset004_ME2-Mossy/me2-mossy_train02,20.243,0.513252,0.345218,0.463173,0.575473,0.513252,0.997613,0.998538,21117,24475,15578,16716046,36695,45592,221480,0.165681,0.449382,0.324798,ok
incasem,mito,zenodo_mitoem2,MitoEM2-Mossy,ME2-Mossy_00186,sparse,8.0,Dataset004_ME2-Mossy/me2-mossy_train02,23.377,0.475316,0.311747,0.360059,0.699103,0.475316,0.997007,0.997586,22746,40427,9790,16704253,32536,63173,271982,0.119626,0.39004,0.269848,ok
incasem,mito,zenodo_mitoem2,MitoEM2-Mossy,ME2-Mossy_00187,sparse,8.0,Dataset004_ME2-Mossy/me2-mossy_train02,36.206,0.239896,0.136297,0.146167,0.668706,0.239896,0.992403,0.992984,20114,117496,9965,16629641,30079,137610,732320,0.041074,0.240661,0.096586,ok
incasem,mito,zenodo_mitoem2,MitoEM2-Mossy,ME2-Mossy_00188,sparse,8.0,Dataset004_ME2-Mossy/me2-mossy_train02,24.134,0.226296,0.127584,0.130236,0.862343,0.226296,0.985334,0.985641,35983,240307,5744,16495182,41727,276290,1045476,0.039912,0.213311,0.176669,ok
incasem,mito,zenodo_mitoem2,MitoEM2-Mossy,ME2-Mossy_00189,sparse,8.0,Dataset004_ME2-Mossy/me2-mossy_train02,27.382,0.374143,0.230121,0.240136,0.84657,0.374143,0.989786,0.990305,51220,162076,9283,16554637,60503,213296,888572,0.06809,0.31761,0.277121,ok
incasem,mito,zenodo_mitoem2,MitoEM2-Mossy,ME2-Mossy_00190,sparse,8.0,Dataset004_ME2-Mossy/me2-mossy_train02,33.186,0.36647,0.224343,0.232796,0.860689,0.36647,0.987787,0.988311,59261,195301,9592,16513062,68853,254562,1140984,0.060345,0.225489,0.263154,ok
incasem,mito,zenodo_mitoem2,MitoEM2-Mossy,ME2-Mossy_00191,sparse,8.0,Dataset004_ME2-Mossy/me2-mossy_train02,33.481,0.449087,0.289563,0.316353,0.773724,0.449087,0.989601,0.99079,71113,153677,20797,16531629,91910,224790,976320,0.094139,0.392888,0.333116,ok
incasem,mito,zenodo_mitoem2,MitoEM2-Mossy,ME2-Mossy_00192,sparse,8.0,Dataset004_ME2-Mossy/me2-mossy_train02,35.956,0.472444,0.309281,0.339213,0.778027,0.472444,0.988985,0.99033,82751,161199,23609,16509657,106360,243950,992680,0.107144,0.459725,0.382497,ok
incasem,mito,zenodo_mitoem2,MitoEM2-Mossy,ME2-Mossy_00193,sparse,8.0,Dataset004_ME2-Mossy/me2-mossy_train02,30.469,0.478552,0.314537,0.347262,0.769464,0.478552,0.986316,0.9881,105345,198014,31562,16442295,136907,303359,1198770,0.114206,0.454052,0.354695,ok
incasem,mito,zenodo_mitoem2,MitoEM2-Mossy,ME2-Mossy_00194,sparse,8.0,Dataset004_ME2-Mossy/me2-mossy_train02,21.299,0.510219,0.342479,0.36115,0.868841,0.510219,0.989784,0.990529,89276,157923,13477,16516540,102753,247199,913230,0.112516,0.471378,0.345117,ok
incasem,mito,zenodo_mitoem2,MitoEM2-Mossy,ME2-Mossy_00195,sparse,8.0,Dataset004_ME2-Mossy/me2-mossy_train02,24.447,0.31436,0.186493,0.192947,0.847915,0.31436,0.987723,0.988189,47217,197498,8469,16524032,55686,244715,937687,0.059387,0.290925,0.233345,ok
incasem,mito,zenodo_mitoem2,MitoEM2-Mossy,ME2-Mossy_00196,sparse,8.0,Dataset004_ME2-Mossy/me2-mossy_train02,17.572,0.529915,0.360465,0.475131,0.598979,0.529915,0.997903,0.998692,19831,21907,13277,16722201,33108,41738,194208,0.170477,0.468276,0.263678,ok
incasem,mito,zenodo_mitoem2,MitoEM2-Mossy,ME2-Mossy_00197,sparse,8.0,Dataset004_ME2-Mossy/me2-mossy_train02,33.142,0.171648,0.093881,0.095229,0.86902,0.171648,0.990752,0.990886,16076,152739,2423,16605978,18499,168815,743728,0.024873,0.096938,0.07133,ok
incasem,mito,zenodo_mitoem2,MitoEM2-Mossy,ME2-Mossy_00198,sparse,8.0,Dataset004_ME2-Mossy/me2-mossy_train02,9.832,0.607386,0.436148,0.483624,0.816276,0.607386,0.999694,0.999747,3972,4241,894,16768109,4866,8213,51936,0.093692,0.529089,0.30326,ok
incasem,mito,zenodo_mitoem2,MitoEM2-Mossy,ME2-Mossy_00199,sparse,8.0,Dataset004_ME2-Mossy/me2-mossy_train02,2.045,0.92822,0.866054,0.899114,0.959273,0.92822,0.999988,0.999991,1319,148,56,16775693,1375,1467,1806,0.761351,0.963768,0.753283,ok
incasem,mito,zenodo_mitoem2,MitoEM2-Mossy,ME2-Mossy_00200,sparse,8.0,Dataset004_ME2-Mossy/me2-mossy_train03,9.044,0.416131,0.262731,0.369679,0.475934,0.416131,0.99889,0.999325,6635,11313,7306,16751962,13941,17948,79632,0.175068,0.326323,0.219351,ok
incasem,mito,zenodo_mitoem2,MitoEM2-Mossy,ME2-Mossy_00201,sparse,8.0,Dataset004_ME2-Mossy/me2-mossy_train03,30.812,0.330285,0.197809,0.227488,0.602578,0.330285,0.995831,0.996503,17247,58568,11375,16690026,28622,75815,355113,0.0806,0.309404,0.204966,ok
incasem,mito,zenodo_mitoem2,MitoEM2-Mossy,ME2-Mossy_00202,sparse,8.0,Dataset004_ME2-Mossy/me2-mossy_train03,25.574,0.422294,0.267664,0.328553,0.590882,0.422294,0.997265,0.997954,16771,34274,11612,16714559,28383,51045,310717,0.091347,0.347623,0.206654,ok
incasem,mito,zenodo_mitoem2,MitoEM2-Mossy,ME2-Mossy_00203,sparse,8.0,Dataset004_ME2-Mossy/me2-mossy_train03,12.731,0.331664,0.198799,0.375148,0.297213,0.331664,0.99825,0.999276,7285,12134,17226,16740571,24511,19419,138355,0.17716,0.303538,0.224891,ok
incasem,mito,zenodo_mitoem2,MitoEM2-Mossy,ME2-Mossy_00204,sparse,8.0,Dataset004_ME2-Mossy/me2-mossy_train03,32.99,0.223571,0.125854,0.149296,0.444923,0.223571,0.993627,0.994761,15393,87711,19204,16654908,34597,103104,517760,0.066821,0.207185,0.107659,ok
incasem,mito,zenodo_mitoem2,MitoEM2-Mossy,ME2-Mossy_00205,sparse,8.0,Dataset004_ME2-Mossy/me2-mossy_train03,30.017,0.314922,0.186889,0.198264,0.765109,0.314922,0.989159,0.989891,41804,169046,12834,16553532,54638,210850,922960,0.059199,0.276569,0.226927,ok
incasem,mito,zenodo_mitoem2,MitoEM2-Mossy,ME2-Mossy_00206,sparse,8.0,Dataset004_ME2-Mossy/me2-mossy_train03,30.134,0.340716,0.205339,0.219309,0.763223,0.340716,0.988364,0.989254,50446,179576,15650,16531544,66096,230022,927243,0.071282,0.313826,0.252056,ok
incasem,mito,zenodo_mitoem2,MitoEM2-Mossy,ME2-Mossy_00207,sparse,8.0,Dataset004_ME2-Mossy/me2-mossy_train03,34.205,0.40379,0.252968,0.303269,0.603989,0.40379,0.993662,0.995052,36008,82725,23609,16634874,59617,118733,566304,0.105274,0.408977,0.192048,ok
incasem,mito,zenodo_mitoem2,MitoEM2-Mossy,ME2-Mossy_00208,sparse,8.0,Dataset004_ME2-Mossy/me2-mossy_train03,27.345,0.429566,0.273534,0.369014,0.513892,0.429566,0.996554,0.997776,21770,37225,20593,16697628,42363,58995,315372,0.134327,0.42023,0.259958,ok
incasem,mito,zenodo_mitoem2,MitoEM2-Mossy,ME2-Mossy_00209,sparse,8.0,Dataset004_ME2-Mossy/me2-mossy_train03,33.293,0.437637,0.280112,0.351166,0.580606,0.437637,0.994404,0.995962,36530,67495,26387,16646804,62917,104025,475800,0.132234,0.409797,0.231747,ok
incasem,mito,zenodo_mitoem2,MitoEM2-Mossy,ME2-Mossy_00210,sparse,8.0,Dataset004_ME2-Mossy/me2-mossy_train03,33.63,0.353165,0.214451,0.250732,0.597101,0.353165,0.988747,0.990772,51540,154018,34777,16536881,86317,205558,812844,0.106191,0.362072,0.159297,ok
incasem,mito,zenodo_mitoem2,MitoEM2-Mossy,ME2-Mossy_00211,sparse,8.0,Dataset004_ME2-Mossy/me2-mossy_train03,36.246,0.374654,0.230507,0.264808,0.64023,0.374654,0.991617,0.993001,42131,116969,23675,16594441,65806,159100,699344,0.094097,0.342845,0.169974,ok
incasem,mito,zenodo_mitoem2,MitoEM2-Mossy,ME2-Mossy_00212,sparse,8.0,Dataset004_ME2-Mossy/me2-mossy_train03,39.451,0.442394,0.284022,0.325462,0.690464,0.442394,0.992818,0.994071,47796,99060,21427,16608933,69223,146856,607590,0.11393,0.419565,0.204721,ok
incasem,mito,zenodo_mitoem2,MitoEM2-Mossy,ME2-Mossy_00213,sparse,8.0,Dataset004_ME2-Mossy/me2-mossy_train03,38.931,0.390772,0.242832,0.276782,0.664397,0.390772,0.993869,0.994847,32986,86191,16662,16641377,49648,119177,631120,0.078666,0.347058,0.201432,ok
incasem,mito,zenodo_mitoem2,MitoEM2-Mossy,ME2-Mossy_00214,sparse,8.0,Dataset004_ME2-Mossy/me2-mossy_train03,36.753,0.236371,0.134025,0.144419,0.65062,0.236371,0.991709,0.992383,21529,127544,11561,16616582,33090,149073,647634,0.051094,0.212428,0.116147,ok
incasem,mito,zenodo_mitoem2,MitoEM2-Mossy,ME2-Mossy_00215,sparse,8.0,Dataset004_ME2-Mossy/me2-mossy_train03,32.967,0.248953,0.142174,0.150986,0.708962,0.248953,0.993684,0.994105,17561,98748,7209,16653698,24770,116309,581543,0.042594,0.192607,0.091603,ok
incasem,mito,zenodo_mitoem2,MitoEM2-Mossy,ME2-Mossy_00216,sparse,8.0,Dataset004_ME2-Mossy/me2-mossy_train03,17.813,0.139999,0.075268,0.081755,0.486824,0.139999,0.996374,0.996683,4951,55608,5219,16711438,10170,60559,301693,0.03371,0.181091,0.052641,ok
incasem,mito,zenodo_mitoem2,MitoEM2-Mossy,ME2-Mossy_00217,sparse,8.0,Dataset004_ME2-Mossy/me2-mossy_train03,2.021,0.036948,0.018822,0.71875,0.018961,0.036948,0.999929,0.999999,23,9,1190,16775994,1213,32,1620,0.748765,0.0,0.169802,ok
