model,organelle,dataset,dataset_label,crop_id,coverage,voxel_nm,source_image,infer_s,dice,iou,precision,recall,f1,accuracy,specificity,tp,fp,fn,tn,gt_area,pred_area,eval_area,gt_frac,cldice,boundary_f1,status
lipidnet,ld,deepcontact_cell,DeepContact-cell,cell_00018,partial,5.0,202101-B7_19.tif,1.308,0.666281,0.499566,0.961647,0.509721,0.666281,0.997561,0.999902,40845,1629,39287,16695455,80132,42474,4310446,0.01859,0.671786,0.181786,ok
lipidnet,ld,deepcontact_cell,DeepContact-cell,cell_00019,partial,5.0,202101-CB8_19.tif,3.321,0.83487,0.716547,0.944898,0.747794,0.83487,0.989954,0.998467,426046,24845,143691,16182634,569737,450891,4241268,0.134332,0.771003,0.667771,ok
lipidnet,ld,deepcontact_cell,DeepContact-cell,cell_00020,partial,5.0,202101-CB8_28.tif,1.0,0.937438,0.882243,0.950392,0.924832,0.937438,0.991871,0.996597,1021739,53332,83044,15619101,1104783,1075071,4233000,0.260993,0.896754,0.820743,ok
lipidnet,ld,deepcontact_cell,DeepContact-cell,cell_00047,partial,5.0,U2OS-1_10.tif,1.022,0.053841,0.027665,0.10392,0.036332,0.053841,0.999156,0.999793,403,3475,10689,16762649,11092,3878,5522499,0.002009,0.050847,0.029836,ok
lipidnet,ld,deepcontact_cell,DeepContact-cell,cell_00050,partial,5.0,U2OS-1_14.tif,2.578,0.068558,0.035496,0.039452,0.26142,0.068558,0.99632,0.996701,2272,55317,6419,16713208,8691,57589,4184064,0.002077,0.029899,0.033866,ok
lipidnet,ld,deepcontact_cell,DeepContact-cell,cell_00057,full,5.0,U2OS-1_3.tif,3.416,0.002839,0.001422,0.176101,0.001431,0.002839,0.998828,0.999992,28,131,19536,16757521,19564,159,16777216,0.001166,0.0,0.021898,ok
lipidnet,ld,deepcontact_cell,DeepContact-cell,cell_00058,full,5.0,U2OS-1_3.tif,1.167,0.016617,0.008378,1.0,0.008378,0.016617,0.999725,1.0,39,0,4616,16772561,4655,39,16777216,0.000277,0.0,0.097166,ok
lipidnet,ld,deepcontact_cell,DeepContact-cell,cell_00063,full,5.0,U2OS-1_8.tif,1.234,0.008889,0.004464,1.0,0.004464,0.008889,0.999216,1.0,59,0,13157,16764000,13216,59,16777216,0.000788,0.0,0.016043,ok
lipidnet,ld,deepcontact_cell,DeepContact-cell,cell_00064,full,5.0,U2OS-1_8.tif,1.306,0.677842,0.512678,0.980413,0.517984,0.677842,0.999183,0.999983,14416,288,13415,16749097,27831,14704,16777216,0.001659,0.3031,0.612177,ok
lipidnet,ld,deepcontact_cell,DeepContact-cell,cell_00065,partial,5.0,U2OS-2_10.tif,0.632,0.252603,0.144559,0.153953,0.703199,0.252603,0.996945,0.997161,8662,47602,3656,16717296,12318,56264,5531904,0.002227,0.204377,0.210541,ok
lipidnet,ld,deepcontact_cell,DeepContact-cell,cell_00069,partial,5.0,U2OS-2_14.tif,0.264,0.949817,0.90443,0.973124,0.9276,0.949817,0.999637,0.999905,57680,1593,4502,16713441,62182,59273,4194304,0.014825,0.6,0.702723,ok
lipidnet,ld,deepcontact_cell,DeepContact-cell,cell_00072,full,5.0,U2OS-2_3.tif,1.598,0.862116,0.757648,0.83946,0.886029,0.862116,0.997595,0.99855,126128,24121,16224,16610743,142352,150249,16777216,0.008485,0.60393,0.644965,ok
lipidnet,ld,deepcontact_cell,DeepContact-cell,cell_00073,full,5.0,U2OS-2_3.tif,3.799,0.811536,0.682844,0.749209,0.885172,0.811536,0.983647,0.987726,590688,197727,76626,15912175,667314,788415,16777216,0.039775,0.718905,0.527907,ok
lipidnet,ld,deepcontact_cell,DeepContact-cell,cell_00074,partial,5.0,U2OS-2_8.tif,0.926,0.389981,0.242222,0.250064,0.885371,0.389981,0.998722,0.998775,6851,20546,887,16748932,7738,27397,9066120,0.000854,0.367937,0.552212,ok
lipidnet,ld,deepcontact_cell,DeepContact-cell,cell_00075,full,5.0,U2OS-3_1.tif,4.35,0.713929,0.555124,0.609755,0.861031,0.713929,0.980666,0.984115,404755,259044,65327,16048090,470082,663799,16777216,0.028019,0.488822,0.658156,ok
lipidnet,ld,deepcontact_cell,DeepContact-cell,cell_00076,full,5.0,U2OS-3_1.tif,5.406,0.731981,0.577264,0.625413,0.882327,0.731981,0.981305,0.984254,428310,256534,57122,16035250,485432,684844,16777216,0.028934,0.49607,0.664449,ok
lipidnet,ld,deepcontact_cell,DeepContact-cell,cell_00078,partial,5.0,U2OS-3_11.tif,0.701,0.06699,0.034656,0.062469,0.072215,0.06699,0.974893,0.986302,15122,226949,194280,16340865,209402,242071,4194304,0.049925,0.048143,0.024721,ok
lipidnet,ld,deepcontact_cell,DeepContact-cell,cell_00080,partial,5.0,U2OS-3_12.tif,0.383,0.012178,0.006126,0.017611,0.009307,0.012178,0.978031,0.992334,2272,126738,241848,16406358,244120,129010,3349335,0.072886,0.0,0.004313,ok
lipidnet,ld,deepcontact_cell,DeepContact-cell,cell_00082,partial,5.0,U2OS-3_13.tif,0.373,0.000496,0.000248,0.000738,0.000374,0.000496,0.980081,0.993209,83,112422,221756,16442955,221839,112505,3817125,0.058117,0.0,0.00393,ok
lipidnet,ld,deepcontact_cell,DeepContact-cell,cell_00083,partial,5.0,U2OS-3_14.tif,0.61,0.718529,0.560707,0.69041,0.749037,0.718529,0.990506,0.994477,203305,91165,68117,16414629,271422,294470,4194304,0.064712,0.619708,0.646305,ok
lipidnet,ld,deepcontact_cell,DeepContact-cell,cell_00084,partial,5.0,U2OS-3_14.tif,0.552,0.092983,0.048759,0.096831,0.089429,0.092983,0.967503,0.984169,27946,260659,284546,16204065,312492,288605,3921112,0.079695,0.062855,0.042106,ok
lipidnet,ld,deepcontact_cell,DeepContact-cell,cell_00085,partial,5.0,U2OS-3_16.tif,0.501,0.911024,0.836587,0.945405,0.879055,0.911024,0.998353,0.999508,141461,8169,19463,16608123,160924,149630,2799272,0.057488,0.865001,0.768336,ok
lipidnet,ld,deepcontact_cell,DeepContact-cell,cell_00086,partial,5.0,U2OS-3_17.tif,0.803,0.932852,0.874155,0.976277,0.893126,0.932852,0.997199,0.999517,326385,7931,39056,16403844,365441,334316,3403000,0.107388,0.962177,0.846994,ok
lipidnet,ld,deepcontact_cell,DeepContact-cell,cell_00087,partial,5.0,U2OS-3_18.tif,0.769,0.798905,0.665147,0.728756,0.883996,0.798905,0.991161,0.993333,294567,109638,38655,16334356,333222,404205,3687872,0.090356,0.753889,0.737017,ok
lipidnet,ld,deepcontact_cell,DeepContact-cell,cell_00088,partial,5.0,U2OS-3_19.tif,0.847,0.873061,0.774719,0.82742,0.924032,0.873061,0.992488,0.994457,433409,90399,35632,16217776,469041,523808,4012000,0.11691,0.681352,0.683627,ok
lipidnet,ld,deepcontact_cell,DeepContact-cell,cell_00089,full,5.0,U2OS-3_21.tif,4.572,0.379797,0.234413,0.492585,0.309036,0.379797,0.934151,0.977781,338266,348450,756317,15334183,1094583,686716,16777216,0.065242,0.46615,0.502236,ok
lipidnet,ld,deepcontact_cell,DeepContact-cell,cell_00090,full,5.0,U2OS-3_21.tif,3.987,0.374423,0.230332,0.433693,0.329404,0.374423,0.936071,0.973478,320975,419122,653435,15383684,974410,740097,16777216,0.058079,0.437988,0.466041,ok
lipidnet,ld,deepcontact_cell,DeepContact-cell,cell_00093,full,5.0,U2OS-3_3.tif,2.887,0.782967,0.643341,0.717858,0.861065,0.782967,0.988936,0.99197,334839,131603,54027,16256747,388866,466442,16777216,0.023178,0.669116,0.789883,ok
lipidnet,ld,deepcontact_cell,DeepContact-cell,cell_00094,full,5.0,U2OS-3_3.tif,3.025,0.857733,0.750905,0.848486,0.867185,0.857733,0.991119,0.995067,449147,80204,68790,16179075,517937,529351,16777216,0.030871,0.778501,0.866147,ok
lipidnet,ld,deepcontact_cell,DeepContact-cell,cell_00095,sparse,5.0,U2OS-3_6.tif,0.638,0.850181,0.739404,0.798527,0.90898,0.850181,0.99755,0.998232,116644,29430,11680,16619462,128324,146074,4186116,0.030655,0.534445,0.723922,ok
lipidnet,ld,deepcontact_cell,DeepContact-cell,cell_00097,partial,5.0,U2OS-4_25.tif,0.753,0.923596,0.858039,0.921583,0.925619,0.923596,0.99684,0.998341,320390,27262,25746,16403818,346136,347652,6303744,0.05491,0.830389,0.843209,ok
lipidnet,ld,deepcontact_cell,DeepContact-cell,cell_00104,partial,5.0,U2OS-4_8.tif,2.716,0.927417,0.864657,0.991107,0.871418,0.927417,0.998958,0.99994,111667,1002,16477,16648070,128144,112669,6300672,0.020338,0.887139,0.90055,ok
lipidnet,ld,deepcontact_cell,DeepContact-cell,cell_00114,partial,5.0,U2OS-7_9.tif,0.92,0.940237,0.887215,0.977959,0.905317,0.940237,0.992516,0.998581,987730,22261,103302,15663923,1091032,1009991,4384380,0.248845,0.926409,0.866999,ok
lipidnet,ld,deepcontact_cell,DeepContact-cell,cell_00121,partial,5.0,U2OS1-TEM_00_06.jpg,1.05,0.86828,0.767221,0.998425,0.768151,0.86828,0.998246,0.999991,97009,153,29280,16650774,126289,97162,11850768,0.010657,0.529915,0.626311,ok
lipidnet,ld,deepcontact_cell,DeepContact-cell,cell_00122,partial,5.0,U2OS1_25.tif,0.39,0.74772,0.597087,1.0,0.597087,0.74772,0.999505,1.0,12297,0,8298,16756621,20595,12297,4190205,0.004915,0.948529,0.0,ok
lipidnet,ld,deepcontact_cell,DeepContact-cell,cell_00123,partial,5.0,U2OS1_43.tif,0.371,0.0,0.0,0.0,0.0,0.0,0.998945,0.999835,0,2760,14933,16759523,14933,2760,4198401,0.003557,0.0,0.0,ok
lipidnet,ld,deepcontact_cell,DeepContact-cell,cell_00124,partial,5.0,U2OS1_51.tif,0.448,0.932354,0.873281,0.9941,0.877831,0.932354,0.998936,0.999956,122992,730,17117,16636377,140109,123722,4198401,0.033372,0.929007,0.9223,ok
lipidnet,ld,deepcontact_cell,DeepContact-cell,cell_00125,partial,5.0,U2OS1_52.tif,0.355,0.669846,0.503585,0.999562,0.503696,0.669846,0.999464,1.0,9130,4,8996,16759086,18126,9134,4198401,0.004317,0.636364,0.666542,ok
lipidnet,ld,deepcontact_cell,DeepContact-cell,cell_00126,partial,5.0,U2OS1_53.tif,0.379,0.66792,0.501412,0.99146,0.503587,0.66792,0.999463,0.999995,9056,78,8927,16759155,17983,9134,4196352,0.004285,0.684932,0.66981,ok
lipidnet,ld,deepcontact_cell,DeepContact-cell,cell_00127,partial,5.0,U2OS1_54.tif,0.543,0.943115,0.892354,0.987945,0.902178,0.943115,0.998245,0.99982,244058,2978,26463,16503717,270521,247036,4198401,0.064434,0.867781,0.850158,ok
lipidnet,ld,deepcontact_cell,DeepContact-cell,cell_00128,partial,5.0,..\20201105Training\U2OS3-TEM_22.jpg,2.874,0.817784,0.691738,0.798194,0.838359,0.817784,0.988638,0.993352,427756,108149,82474,16158837,510230,535905,11950656,0.042695,0.568723,0.686886,ok
lipidnet,ld,empiar_12885_aive,EMPIAR-12885,set1_00000,sparse,6.5104,Set1_-_AIVE_SOURCE_DATA/Dataset1_overview.tif,0.428,0.668068,0.501578,0.607758,0.741667,0.668068,0.999398,0.999608,10169,6563,3542,16756942,13711,16732,2098640,0.006533,0.464827,0.30576,ok
lipidnet,ld,empiar_12885_aive,EMPIAR-12885,set1_00001,sparse,6.5104,Set1_-_AIVE_SOURCE_DATA/Dataset1_overview.tif,0.209,0.1668,0.090988,0.235256,0.129204,0.1668,0.999131,0.999717,1460,4746,9840,16761170,11300,6206,2074960,0.005446,0.136734,0.027778,ok
lipidnet,ld,empiar_12885_aive,EMPIAR-12885,set1_00002,sparse,6.5104,Set1_-_AIVE_SOURCE_DATA/Dataset1_overview.tif,0.18,0.161341,0.087749,0.186634,0.142085,0.161341,0.999332,0.99972,1078,4698,6509,16764931,7587,5776,1983200,0.003826,0.182648,0.175524,ok
lipidnet,ld,empiar_12885_aive,EMPIAR-12885,set1_00003,sparse,6.5104,Set1_-_AIVE_SOURCE_DATA/Dataset1_overview.tif,0.184,0.359533,0.219165,0.979095,0.220195,0.359533,0.999334,0.999996,3138,67,11113,16762898,14251,3205,1932880,0.007373,0.625321,0.157551,ok
lipidnet,ld,empiar_12885_aive,EMPIAR-12885,set1_00004,sparse,6.5104,Set1_-_AIVE_SOURCE_DATA/Dataset1_overview.tif,0.177,0.745151,0.593817,0.9902,0.597327,0.745151,0.999605,0.999994,9700,96,6539,16760881,16239,9796,1867760,0.008694,0.727273,0.561589,ok
lipidnet,ld,empiar_12885_aive,EMPIAR-12885,set1_00005,sparse,6.5104,Set1_-_AIVE_SOURCE_DATA/Dataset1_overview.tif,0.187,0.553632,0.382774,0.843995,0.411918,0.553632,0.999514,0.999944,5053,934,7214,16764015,12267,5987,1850000,0.006631,0.608108,0.341288,ok
lipidnet,ld,empiar_12885_aive,EMPIAR-12885,set1_00006,sparse,6.5104,Set1_-_AIVE_SOURCE_DATA/Dataset1_overview.tif,0.175,0.688608,0.525097,0.98684,0.5288,0.688608,0.999592,0.999994,7574,101,6749,16762792,14323,7675,1844080,0.007767,0.765581,0.349563,ok
lipidnet,ld,empiar_12885_aive,EMPIAR-12885,set1_00007,sparse,6.5104,Set1_-_AIVE_SOURCE_DATA/Dataset1_overview.tif,0.184,0.0,0.0,0.0,0.0,0.0,0.999564,0.999866,0,2252,5065,16769899,5065,2252,1835200,0.00276,0.0,0.0,ok
lipidnet,ld,empiar_12885_aive,EMPIAR-12885,set1_00008,sparse,6.5104,Set1_-_AIVE_SOURCE_DATA/Dataset1_overview.tif,0.182,0.874482,0.776959,0.99926,0.777407,0.874482,0.999769,0.999999,13502,10,3866,16759838,17368,13512,1778960,0.009763,1.0,0.889477,ok
lipidnet,ld,empiar_12885_aive,EMPIAR-12885,set1_00009,sparse,6.5104,Set1_-_AIVE_SOURCE_DATA/Dataset1_overview.tif,0.175,0.581711,0.41015,0.822315,0.450034,0.581711,0.999713,0.999957,3346,723,4089,16769058,7435,4069,1704522,0.004362,0.545724,0.061175,ok
lipidnet,ld,empiar_12885_aive,EMPIAR-12885,set1_00010,sparse,6.5104,Set1_-_AIVE_SOURCE_DATA/Dataset1_overview.tif,0.204,0.775108,0.632797,0.86309,0.703404,0.775108,0.999573,0.999883,12356,1960,5210,16757690,17566,14316,1617404,0.010861,0.848659,0.596022,ok
lipidnet,ld,empiar_12885_aive,EMPIAR-12885,set1_00011,sparse,6.5104,Set1_-_AIVE_SOURCE_DATA/Dataset1_overview.tif,0.183,0.796055,0.661206,0.802665,0.789553,0.796055,0.999761,0.999885,7830,1925,2087,16765374,9917,9755,1592480,0.006227,0.525419,0.070127,ok
lipidnet,ld,empiar_12885_aive,EMPIAR-12885,set1_00012,sparse,6.5104,Set1_-_AIVE_SOURCE_DATA/Dataset1_overview.tif,0.484,0.509779,0.342083,0.646133,0.420946,0.509779,0.999501,0.999858,4353,2384,5988,16764491,10341,6737,1536240,0.006731,0.113636,0.329597,ok
lipidnet,ld,empiar_12885_aive,EMPIAR-12885,set1_00013,sparse,6.5104,Set1_-_AIVE_SOURCE_DATA/Dataset1_overview.tif,0.427,0.434009,0.277146,0.605144,0.338329,0.434009,0.999481,0.99987,3341,2180,6534,16765161,9875,5521,1431756,0.006897,0.373751,0.053711,ok
lipidnet,ld,empiar_12885_aive,EMPIAR-12885,set1_00014,sparse,6.5104,Set1_-_AIVE_SOURCE_DATA/Dataset1_overview.tif,0.205,0.707357,0.547218,0.8431,0.609263,0.707357,0.999606,0.999911,7985,1486,5121,16762624,13106,9471,1316310,0.009957,0.73466,0.469967,ok
lipidnet,ld,empiar_12885_aive,EMPIAR-12885,set1_00016,sparse,6.5104,Set1_-_AIVE_SOURCE_DATA/Dataset1_overview.tif,0.19,0.0,0.0,nan,0.0,0.0,0.999924,1.0,0,0,1275,16775941,1275,0,1074480,0.001187,0.0,0.0,ok
lipidnet,ld,empiar_12885_aive,EMPIAR-12885,set1_00017,sparse,6.5104,Set1_-_AIVE_SOURCE_DATA/Dataset1_overview.tif,0.194,0.725473,0.56921,0.579805,0.968896,0.725473,0.999831,0.999838,3738,2709,120,16770649,3858,6447,976800,0.00395,0.637037,0.556911,ok
lipidnet,ld,empiar_12885_aive,EMPIAR-12885,set2_00020,sparse,6.5104,Set2_-_AIVE_SOURCE_DATA/Dataset2_overview.tif,0.184,0.723873,0.567243,0.927039,0.59375,0.723873,0.999813,0.999981,4104,323,2808,16769981,6912,4427,2053930,0.003365,0.6386,0.0,ok
lipidnet,ld,empiar_12885_aive,EMPIAR-12885,set2_00021,sparse,6.5104,Set2_-_AIVE_SOURCE_DATA/Dataset2_overview.tif,0.177,0.217398,0.121956,1.0,0.121956,0.217398,0.999708,1.0,681,0,4903,16771632,5584,681,2100810,0.002658,0.362573,0.0,ok
lipidnet,ld,empiar_12885_aive,EMPIAR-12885,set2_00022,sparse,6.5104,Set2_-_AIVE_SOURCE_DATA/Dataset2_overview.tif,0.195,0.399138,0.249327,1.0,0.249327,0.399138,0.999534,1.0,2594,0,7810,16766812,10404,2594,2162340,0.004811,0.295082,0.0,ok
lipidnet,ld,empiar_12885_aive,EMPIAR-12885,set2_00023,sparse,6.5104,Set2_-_AIVE_SOURCE_DATA/Dataset2_overview.tif,0.182,0.0,0.0,0.0,0.0,0.0,0.999874,1.0,0,4,2107,16775105,2107,4,2118390,0.000995,0.0,0.0,ok
lipidnet,ld,empiar_12885_aive,EMPIAR-12885,set2_00025,sparse,6.5104,Set2_-_AIVE_SOURCE_DATA/Dataset2_overview.tif,0.185,0.0,0.0,0.0,0.0,0.0,0.999759,0.999995,0,88,3955,16773173,3955,88,2080300,0.001901,0.0,0.0,ok
lipidnet,ld,empiar_12885_aive,EMPIAR-12885,set2_00026,sparse,6.5104,Set2_-_AIVE_SOURCE_DATA/Dataset2_overview.tif,0.206,0.356825,0.217156,0.965957,0.21883,0.356825,0.999707,0.999997,1362,48,4862,16770944,6224,1410,2080386,0.002992,0.266706,0.0,ok
lipidnet,ld,empiar_12885_aive,EMPIAR-12885,set2_00030,sparse,6.5104,Set2_-_AIVE_SOURCE_DATA/Dataset2_overview.tif,0.184,0.40451,0.253534,1.0,0.253534,0.40451,0.999698,1.0,1722,0,5070,16770424,6792,1722,2048070,0.003316,0.749064,0.0,ok
lipidnet,ld,empiar_12885_aive,EMPIAR-12885,set2_00031,sparse,6.5104,Set2_-_AIVE_SOURCE_DATA/Dataset2_overview.tif,0.187,0.62835,0.458098,0.854654,0.496802,0.62835,0.999737,0.999962,3728,634,3776,16769078,7504,4362,2056860,0.003648,0.653846,0.0,ok
lipidnet,ld,empiar_12885_aive,EMPIAR-12885,set2_00034,sparse,6.5104,Set2_-_AIVE_SOURCE_DATA/Dataset2_overview.tif,0.186,0.0,0.0,0.0,0.0,0.0,0.999397,0.999982,0,299,9824,16767093,9824,299,2009980,0.004888,0.0,0.0,ok
lipidnet,ld,empiar_12885_aive,EMPIAR-12885,set2_00035,sparse,6.5104,Set2_-_AIVE_SOURCE_DATA/Dataset2_overview.tif,0.177,0.0,0.0,nan,0.0,0.0,0.999582,1.0,0,0,7016,16770200,7016,0,2012910,0.003486,0.0,0.0,ok
lipidnet,ld,empiar_12885_aive,EMPIAR-12885,set2_00038,sparse,6.5104,Set2_-_AIVE_SOURCE_DATA/Dataset2_overview.tif,0.183,0.761158,0.614411,0.719451,0.807998,0.761158,0.999806,0.999879,5193,2025,1234,16768764,6427,7218,1954310,0.003289,0.637827,0.182463,ok
lipidnet,ld,empiar_12885_aive,EMPIAR-12885,set2_00039,sparse,6.5104,Set2_-_AIVE_SOURCE_DATA/Dataset2_overview.tif,0.184,0.0,0.0,0.0,0.0,0.0,0.999877,0.99994,0,1001,1055,16775160,1055,1001,1892780,0.000557,0.0,0.0,ok
lipidnet,ld,empiar_12885_aive,EMPIAR-12885,set3_00041,sparse,6.5104,Set3_-_AIVE_SOURCE_DATA/Dataset3_overview.tif,0.198,0.727145,0.571271,0.745056,0.710075,0.727145,0.999907,0.999958,2072,709,846,16773589,2918,2781,2366330,0.001233,0.653465,0.562591,ok
lipidnet,ld,empiar_12885_aive,EMPIAR-12885,set3_00042,sparse,6.5104,Set3_-_AIVE_SOURCE_DATA/Dataset3_overview.tif,0.187,0.764149,0.618319,1.0,0.618319,0.764149,0.999834,1.0,4523,0,2792,16769901,7315,4523,2400360,0.003047,1.0,0.136596,ok
lipidnet,ld,empiar_12885_aive,EMPIAR-12885,set3_00043,sparse,6.5104,Set3_-_AIVE_SOURCE_DATA/Dataset3_overview.tif,0.181,0.487537,0.322347,1.0,0.322347,0.487537,0.999733,1.0,2132,0,4482,16770602,6614,2132,2443520,0.002707,0.792453,0.029724,ok
lipidnet,ld,empiar_12885_aive,EMPIAR-12885,set3_00044,sparse,6.5104,Set3_-_AIVE_SOURCE_DATA/Dataset3_overview.tif,0.189,0.89998,0.818149,0.995701,0.821049,0.89998,0.999911,0.999998,6717,29,1464,16769006,8181,6746,2432100,0.003364,1.0,0.119267,ok
lipidnet,ld,empiar_12885_aive,EMPIAR-12885,set3_00047,sparse,6.5104,Set3_-_AIVE_SOURCE_DATA/Dataset3_overview.tif,0.343,0.433301,0.276569,0.391793,0.484646,0.433301,0.999582,0.999752,2683,4165,2853,16767515,5536,6848,2446840,0.002263,0.589226,0.104544,ok
lipidnet,ld,empiar_12885_aive,EMPIAR-12885,set3_00051,sparse,6.5104,Set3_-_AIVE_SOURCE_DATA/Dataset3_overview.tif,0.19,0.635026,0.465229,1.0,0.465229,0.635026,0.99979,1.0,3064,0,3522,16770630,6586,3064,2446840,0.002692,1.0,0.0,ok
lipidnet,ld,empiar_13420_macrophage_a431,EMPIAR-13420,231106_00330,partial,15,SBFSEM/231106_A431_CLEM_CM1_3J/dataset/TIFs/231106_A431_CLEM_CM1_3J_R01_015.tif,0.791,0.0,0.0,nan,0.0,0.0,0.999864,1.0,0,0,2286,16774930,2286,0,237744,0.009615,0.0,0.0,ok
lipidnet,ld,empiar_13420_macrophage_a431,EMPIAR-13420,231106_00331,partial,15,SBFSEM/231106_A431_CLEM_CM1_3J/dataset/TIFs/231106_A431_CLEM_CM1_3J_R01_029.tif,1.017,0.0,0.0,0.0,0.0,0.0,0.999336,0.999771,0,3833,7306,16766077,7306,3833,1120378,0.006521,0.0,0.008309,ok
lipidnet,ld,empiar_13420_macrophage_a431,EMPIAR-13420,231106_00332,partial,15,SBFSEM/231106_A431_CLEM_CM1_3J/dataset/TIFs/231106_A431_CLEM_CM1_3J_R01_043.tif,0.96,0.296568,0.1741,0.948074,0.175776,0.296568,0.99984,0.999998,566,31,2654,16773965,3220,597,1660968,0.001939,0.4,0.08134,ok
lipidnet,ld,empiar_13420_macrophage_a431,EMPIAR-13420,231106_00333,partial,15,SBFSEM/231106_A431_CLEM_CM1_3J/dataset/TIFs/231106_A431_CLEM_CM1_3J_R01_057.tif,0.926,0.0,0.0,nan,0.0,0.0,0.999916,1.0,0,0,1405,16775811,1405,0,1758599,0.000799,0.0,0.0,ok
lipidnet,ld,empiar_13420_macrophage_a431,EMPIAR-13420,231106_00334,partial,15,SBFSEM/231106_A431_CLEM_CM1_3J/dataset/TIFs/231106_A431_CLEM_CM1_3J_R01_071.tif,0.817,0.0,0.0,0.0,0.0,0.0,0.999914,0.999914,0,1440,1,16775775,1,1440,1788647,1e-06,0.0,0.0,ok
lipidnet,ld,empiar_13420_macrophage_a431,EMPIAR-13420,231106_00338,partial,15,SBFSEM/231106_A431_CLEM_CM1_3J/dataset/TIFs/231106_A431_CLEM_CM1_3J_R01_127.tif,0.75,0.0,0.0,nan,0.0,0.0,0.999911,1.0,0,0,1499,16775717,1499,0,409200,0.003663,0.0,0.0,ok
lipidnet,ld,empiar_13420_macrophage_a431,EMPIAR-13420,231106_00339,partial,15,SBFSEM/231106_A431_CLEM_CM1_3J/dataset/TIFs/231106_A431_CLEM_CM1_3J_R01_141.tif,0.78,0.0,0.0,nan,0.0,0.0,0.999979,1.0,0,0,349,16776867,349,0,441,0.791383,0.0,0.0,ok
lipidnet,ld,empiar_13420_macrophage_a431,EMPIAR-13420,240306_00340,partial,15,SBFSEM/240306_Microphages_OA-Chol_7T/dataset/TIFs/240306_OA-Chol_7T_R02_015.tif,2.383,0.619956,0.449229,0.990787,0.451113,0.619956,0.999898,0.999999,1398,13,1701,16774104,3099,1411,160737,0.01928,0.507463,0.385651,ok
lipidnet,ld,empiar_13420_macrophage_a431,EMPIAR-13420,240306_00341,partial,15,SBFSEM/240306_Microphages_OA-Chol_7T/dataset/TIFs/240306_OA-Chol_7T_R02_029.tif,3.461,0.690841,0.527698,0.703552,0.67858,0.690841,0.999853,0.999931,2753,1160,1304,16771999,4057,3913,673200,0.006026,0.685994,0.450573,ok
lipidnet,ld,empiar_13420_macrophage_a431,EMPIAR-13420,240306_00344,partial,15,SBFSEM/240306_Microphages_OA-Chol_7T/dataset/TIFs/240306_OA-Chol_7T_R02_071.tif,0.893,0.0,0.0,nan,0.0,0.0,0.999975,1.0,0,0,416,16776800,416,0,620583,0.00067,0.0,0.0,ok
lipidnet,ld,empiar_13420_macrophage_a431,EMPIAR-13420,240306_00345,partial,15,SBFSEM/240306_Microphages_OA-Chol_7T/dataset/TIFs/240306_OA-Chol_7T_R02_085.tif,0.717,0.815913,0.689066,0.977439,0.700202,0.815913,0.999953,0.999998,1733,40,742,16774701,2475,1773,424116,0.005836,0.964706,0.258179,ok
lipidnet,ld,empiar_13420_macrophage_a431,EMPIAR-13420,240306_00346,partial,15,SBFSEM/240306_Microphages_OA-Chol_7T/dataset/TIFs/240306_OA-Chol_7T_R02_099.tif,0.707,0.0,0.0,0.0,0.0,0.0,0.999887,0.999999,0,22,1869,16775325,1869,22,164825,0.011339,0.0,0.0,ok
lipidnet,ld,empiar_13420_macrophage_a431,EMPIAR-13420,240307_00347,partial,15,SBFSEM/240307_Microphages_OA-Chol_AV-3/dataset/TIFs/240307_OA-Chol_AV_R01_AV-3_015.tif,10.896,0.906453,0.82891,1.0,0.82891,0.906453,0.999982,1.0,1468,0,303,16775445,1771,1468,20826,0.085038,1.0,0.869337,ok
lipidnet,ld,empiar_13420_macrophage_a431,EMPIAR-13420,240307_00348,partial,15,SBFSEM/240307_Microphages_OA-Chol_AV-3/dataset/TIFs/240307_OA-Chol_AV_R01_AV-3_029.tif,8.315,0.224847,0.126664,0.140008,0.570624,0.224847,0.999417,0.999481,1418,8710,1067,16766021,2485,10128,224155,0.011086,0.138011,0.128079,ok
lipidnet,ld,empiar_13420_macrophage_a431,EMPIAR-13420,240307_00349,partial,15,SBFSEM/240307_Microphages_OA-Chol_AV-3/dataset/TIFs/240307_OA-Chol_AV_R01_AV-3_043.tif,6.564,0.542462,0.372177,0.439899,0.707393,0.542462,0.999546,0.999657,4516,5750,1868,16765082,6384,10266,453150,0.014088,0.203476,0.426796,ok
lipidnet,ld,empiar_13420_macrophage_a431,EMPIAR-13420,240307_00350,partial,15,SBFSEM/240307_Microphages_OA-Chol_AV-3/dataset/TIFs/240307_OA-Chol_AV_R01_AV-3_057.tif,6.168,0.528205,0.358885,0.497146,0.563403,0.528205,0.999323,0.999616,6358,6431,4927,16759500,11285,12789,648186,0.01741,0.423101,0.376412,ok
lipidnet,ld,empiar_13420_macrophage_a431,EMPIAR-13420,240307_00351,partial,15,SBFSEM/240307_Microphages_OA-Chol_AV-3/dataset/TIFs/240307_OA-Chol_AV_R01_AV-3_071.tif,6.525,0.239454,0.136011,0.170201,0.403722,0.239454,0.99917,0.999363,2191,10682,3236,16761107,5427,12873,701888,0.007732,0.215947,0.0962,ok
lipidnet,ld,empiar_13420_macrophage_a431,EMPIAR-13420,240307_00354,partial,15,SBFSEM/240307_Microphages_OA-Chol_AV-3/dataset/TIFs/240307_OA-Chol_AV_R01_AV-3_113.tif,5.33,0.530778,0.361265,0.589048,0.482999,0.530778,0.999883,0.999954,1108,773,1186,16774149,2294,1881,612927,0.003743,0.545113,0.407525,ok
lipidnet,ld,empiar_13420_macrophage_a431,EMPIAR-13420,240307_00355,partial,15,SBFSEM/240307_Microphages_OA-Chol_AV-3/dataset/TIFs/240307_OA-Chol_AV_R01_AV-3_127.tif,4.438,0.776156,0.634196,0.949127,0.656513,0.776156,0.999957,0.999996,1250,67,654,16775245,1904,1317,539032,0.003532,0.657143,0.416124,ok
lipidnet,ld,empiar_13420_macrophage_a431,EMPIAR-13420,240307_00357,partial,15,SBFSEM/240307_Microphages_OA-Chol_AV-3/dataset/TIFs/240307_OA-Chol_AV_R01_AV-3_155.tif,3.078,0.193347,0.10702,0.107349,0.972125,0.193347,0.999861,0.999862,279,2320,8,16774609,287,2599,265644,0.00108,0.183206,0.328905,ok
lipidnet,ld,empiar_13420_macrophage_a431,EMPIAR-13420,240307_00358,partial,15,SBFSEM/240307_Microphages_OA-Chol_AV-3/dataset/TIFs/240307_OA-Chol_AV_R01_AV-3_169.tif,2.033,0.653202,0.485003,1.0,0.485003,0.653202,0.999952,1.0,760,0,807,16775649,1567,760,108882,0.014392,0.0,0.310606,ok
lipidnet,ld,empiar_13420_macrophage_a431,EMPIAR-13420,240424_00359,full,10,SBFSEM/240424_Microphages_no_load/dataset/TIFs/240424_Microphages_no_load_R02_015.tif,34.329,0.000495,0.000247,0.000248,0.337708,0.000495,0.770718,0.77079,952,3844854,1867,12929543,2819,3845806,16777216,0.000168,0.0004,0.007351,ok
lipidnet,ld,empiar_13420_macrophage_a431,EMPIAR-13420,240424_00360,full,10,SBFSEM/240424_Microphages_no_load/dataset/TIFs/240424_Microphages_no_load_R02_015.tif,115.01,0.00019,9.5e-05,9.5e-05,0.329904,0.00019,0.41682,0.416835,930,9782247,1889,6992150,2819,9783177,16777216,0.000168,0.001866,0.010098,ok
lipidnet,ld,empiar_13420_macrophage_a431,EMPIAR-13420,240424_00361,full,10,SBFSEM/240424_Microphages_no_load/dataset/TIFs/240424_Microphages_no_load_R02_029.tif,4.887,0.058314,0.030033,0.030079,0.951327,0.058314,0.973361,0.97338,13838,446218,708,16316452,14546,460056,16777216,0.000867,0.027759,0.060505,ok
lipidnet,ld,empiar_13420_macrophage_a431,EMPIAR-13420,240424_00362,full,10,SBFSEM/240424_Microphages_no_load/dataset/TIFs/240424_Microphages_no_load_R02_029.tif,65.546,0.004385,0.002197,0.002198,0.945346,0.004385,0.627837,0.627561,13751,6243065,795,10519605,14546,6256816,16777216,0.000867,0.008394,0.054833,ok
lipidnet,ld,empiar_13420_macrophage_a431,EMPIAR-13420,240424_00363,full,10,SBFSEM/240424_Microphages_no_load/dataset/TIFs/240424_Microphages_no_load_R02_043.tif,3.522,0.051973,0.02668,0.026821,0.835447,0.051973,0.982811,0.982894,7905,286827,1557,16480927,9462,294732,16777216,0.000564,0.025757,0.042235,ok
lipidnet,ld,empiar_13420_macrophage_a431,EMPIAR-13420,240424_00364,full,10,SBFSEM/240424_Microphages_no_load/dataset/TIFs/240424_Microphages_no_load_R02_043.tif,19.05,0.005672,0.002844,0.002846,0.831854,0.005672,0.835512,0.835514,7871,2758055,1591,14009699,9462,2765926,16777216,0.000564,0.008329,0.028137,ok
lipidnet,ld,empiar_13420_macrophage_a431,EMPIAR-13420,240424_00365,full,10,SBFSEM/240424_Microphages_no_load/dataset/TIFs/240424_Microphages_no_load_R02_057.tif,4.004,0.022203,0.011226,0.011238,0.914904,0.022203,0.979342,0.979359,3935,346218,366,16426697,4301,350153,16777216,0.000256,0.018789,0.025414,ok
lipidnet,ld,empiar_13420_macrophage_a431,EMPIAR-13420,240424_00366,full,10,SBFSEM/240424_Microphages_no_load/dataset/TIFs/240424_Microphages_no_load_R02_057.tif,3.348,0.03097,0.015728,0.015752,0.911881,0.03097,0.985371,0.98539,3922,245057,379,16527858,4301,248979,16777216,0.000256,0.021622,0.033317,ok
lipidnet,ld,empiar_13420_macrophage_a431,EMPIAR-13420,240424_00367,full,10,SBFSEM/240424_Microphages_no_load/dataset/TIFs/240424_Microphages_no_load_R02_071.tif,3.321,0.0,0.0,0.0,0.0,0.0,0.98408,0.98416,0,265730,1356,16510130,1356,265730,16777216,8.1e-05,0.0,0.0,ok
lipidnet,ld,empiar_13420_macrophage_a431,EMPIAR-13420,240424_00368,full,10,SBFSEM/240424_Microphages_no_load/dataset/TIFs/240424_Microphages_no_load_R02_071.tif,2.962,0.026696,0.013528,0.013626,0.653041,0.026696,0.988335,0.988417,2684,194288,1426,16578818,4110,196972,16777216,0.000245,0.024341,0.02404,ok
lipidnet,ld,empiar_13420_macrophage_a431,EMPIAR-13420,240424_00370,full,10,SBFSEM/240424_Microphages_no_load/dataset/TIFs/240424_Microphages_no_load_R02_085.tif,3.001,0.023587,0.011934,0.011946,0.925509,0.023587,0.987002,0.987012,2634,217865,212,16556505,2846,220499,16777216,0.00017,0.008785,0.021236,ok
lipidnet,ld,empiar_13420_macrophage_a431,EMPIAR-13420,240424_00371,full,10,SBFSEM/240424_Microphages_no_load/dataset/TIFs/240424_Microphages_no_load_R02_085.tif,4.154,0.016059,0.008095,0.008102,0.899859,0.016059,0.981295,0.981309,2561,313532,285,16460838,2846,316093,16777216,0.00017,0.005929,0.013193,ok
lipidnet,ld,empiar_13420_macrophage_a431,EMPIAR-13420,240424_00373,full,10,SBFSEM/240424_Microphages_no_load/dataset/TIFs/240424_Microphages_no_load_R02_099.tif,2.806,0.022682,0.011471,0.01148,0.933218,0.022682,0.988874,0.988882,2166,186504,155,16588391,2321,188670,16777216,0.000138,0.010187,0.022066,ok
lipidnet,ld,empiar_13420_macrophage_a431,EMPIAR-13420,240424_00379,full,10,SBFSEM/240424_Microphages_no_load/dataset/TIFs/240424_Microphages_no_load_R02_127.tif,2.796,0.049287,0.025266,0.025376,0.853851,0.049287,0.993269,0.993298,2927,112419,501,16661369,3428,115346,16777216,0.000204,0.025974,0.05465,ok
lipidnet,ld,empiar_13420_macrophage_a431,EMPIAR-13420,240424_00381,full,10,SBFSEM/240424_Microphages_no_load/dataset/TIFs/240424_Microphages_no_load_R02_127.tif,2.236,0.054255,0.027884,0.027987,0.883897,0.054255,0.993704,0.993726,3030,105236,398,16668552,3428,108266,16777216,0.000204,0.029851,0.057561,ok
lipidnet,ld,empiar_13420_macrophage_a431,EMPIAR-13420,240424_00383,full,10,SBFSEM/240424_Microphages_no_load/dataset/TIFs/240424_Microphages_no_load_R02_141.tif,2.448,0.071722,0.037195,0.037499,0.821199,0.071722,0.991716,0.991783,5369,137809,1169,16632869,6538,143178,16777216,0.00039,0.089254,0.066599,ok
lipidnet,ld,empiar_13420_macrophage_a431,EMPIAR-13420,240424_00385,full,10,SBFSEM/240424_Microphages_no_load/dataset/TIFs/240424_Microphages_no_load_R02_141.tif,2.124,0.094003,0.04932,0.049997,0.784525,0.094003,0.993721,0.993808,5465,103842,1501,16666408,6966,109307,16777216,0.000415,0.11221,0.08205,ok
lipidnet,ld,empiar_13420_macrophage_a431,EMPIAR-13420,240424_00386,full,10,SBFSEM/240424_Microphages_no_load/dataset/TIFs/240424_Microphages_no_load_R02_141.tif,3.858,0.0,0.0,0.0,0.0,0.0,0.984458,0.984483,0,260330,428,16516458,428,260330,16777216,2.6e-05,0.0,0.0,ok
lipidnet,ld,empiar_13420_macrophage_a431,EMPIAR-13420,240424_00387,full,10,SBFSEM/240424_Microphages_no_load/dataset/TIFs/240424_Microphages_no_load_R02_155.tif,2.572,0.0,0.0,0.0,0.0,0.0,0.99103,0.99107,0,149822,677,16626717,677,149822,16777216,4e-05,0.0,0.0,ok
lipidnet,ld,empiar_13420_macrophage_a431,EMPIAR-13420,240424_00388,full,10,SBFSEM/240424_Microphages_no_load/dataset/TIFs/240424_Microphages_no_load_R02_155.tif,2.047,0.044065,0.022529,0.022577,0.912766,0.044065,0.994453,0.994464,2145,92862,205,16682004,2350,95007,16777216,0.00014,0.009732,0.041166,ok
lipidnet,ld,empiar_13420_macrophage_a431,EMPIAR-13420,240424_00389,full,10,SBFSEM/240424_Microphages_no_load/dataset/TIFs/240424_Microphages_no_load_R02_155.tif,2.082,0.092138,0.048294,0.048681,0.85848,0.092138,0.992568,0.992627,6327,123641,1043,16646205,7370,129968,16777216,0.000439,0.054837,0.087488,ok
lipidnet,ld,empiar_13420_macrophage_a431,EMPIAR-13420,240424_00390,full,10,SBFSEM/240424_Microphages_no_load/dataset/TIFs/240424_Microphages_no_load_R02_155.tif,2.907,0.044457,0.022734,0.02277,0.935347,0.044457,0.986989,0.987006,5078,217938,351,16553849,5429,223016,16777216,0.000324,0.032935,0.041345,ok
lipidnet,ld,empiar_13420_macrophage_a431,EMPIAR-13420,240424_00397,full,10,SBFSEM/240424_Microphages_no_load/dataset/TIFs/240424_Microphages_no_load_R02_183.tif,2.024,0.03801,0.019373,0.019406,0.920551,0.03801,0.994756,0.994765,1738,87824,150,16687504,1888,89562,16777216,0.000113,0.007168,0.039415,ok
lipidnet,ld,empiar_13420_macrophage_a431,EMPIAR-13420,240424_00401,full,10,SBFSEM/240424_Microphages_no_load/dataset/TIFs/240424_Microphages_no_load_R02_197.tif,2.136,0.0,0.0,0.0,0.0,0.0,0.992226,0.992309,0,129022,1410,16646784,1410,129022,16777216,8.4e-05,0.0,0.0,ok
lipidnet,ld,empiar_13420_macrophage_a431,EMPIAR-13420,240424_00402,full,10,SBFSEM/240424_Microphages_no_load/dataset/TIFs/240424_Microphages_no_load_R02_197.tif,1.911,0.0,0.0,0.0,0.0,0.0,0.994575,0.9946,0,90593,422,16686201,422,90593,16777216,2.5e-05,0.0,0.0,ok
lipidnet,ld,empiar_13420_macrophage_a431,EMPIAR-13420,240424_00404,full,10,SBFSEM/240424_Microphages_no_load/dataset/TIFs/240424_Microphages_no_load_R02_211.tif,1.436,0.0,0.0,0.0,0.0,0.0,0.998926,0.999046,0,16007,2009,16759200,2009,16007,16777216,0.00012,0.0,0.0,ok
lipidnet,ld,empiar_13420_macrophage_a431,EMPIAR-13420,240424_00405,full,10,SBFSEM/240424_Microphages_no_load/dataset/TIFs/240424_Microphages_no_load_R02_211.tif,2.114,0.012786,0.006434,0.006471,0.527778,0.012786,0.99248,0.992523,817,125429,731,16650239,1548,126246,16777216,9.2e-05,0.01039,0.018629,ok
lipidnet,ld,empiar_13420_macrophage_a431,EMPIAR-13420,240424_00406,full,10,SBFSEM/240424_Microphages_no_load/dataset/TIFs/240424_Microphages_no_load_R02_211.tif,1.629,0.011088,0.005575,0.005971,0.077401,0.011088,0.997087,0.997281,274,45611,3266,16728065,3540,45885,16777216,0.000211,0.0,0.019997,ok
lipidnet,ld,empiar_13420_macrophage_a431,EMPIAR-13420,240424_00407,full,10,SBFSEM/240424_Microphages_no_load/dataset/TIFs/240424_Microphages_no_load_R02_225.tif,1.812,0.202963,0.112943,0.113609,0.950628,0.202963,0.996241,0.996264,8029,62643,417,16706127,8446,70672,16777216,0.000503,0.045627,0.1508,ok
lipidnet,ld,empiar_13420_macrophage_a431,EMPIAR-13420,240424_00408,full,10,SBFSEM/240424_Microphages_no_load/dataset/TIFs/240424_Microphages_no_load_R02_225.tif,1.449,0.403711,0.252906,0.268379,0.814361,0.403711,0.99897,0.999049,5852,15953,1334,16754077,7186,21805,16777216,0.000428,0.297193,0.291319,ok
lipidnet,ld,empiar_13420_macrophage_a431,EMPIAR-13420,240424_00409,full,10,SBFSEM/240424_Microphages_no_load/dataset/TIFs/240424_Microphages_no_load_R02_225.tif,1.989,0.134015,0.07182,0.072233,0.926154,0.134015,0.992938,0.992977,9168,117754,731,16649563,9899,126922,16777216,0.00059,0.065753,0.110483,ok
lipidnet,ld,empiar_13420_macrophage_a431,EMPIAR-13420,240424_00410,full,10,SBFSEM/240424_Microphages_no_load/dataset/TIFs/240424_Microphages_no_load_R02_225.tif,1.678,0.248531,0.141899,0.146609,0.815372,0.248531,0.997461,0.997555,7044,41002,1595,16727575,8639,48046,16777216,0.000515,0.123077,0.211974,ok
lipidnet,ld,empiar_13420_macrophage_a431,EMPIAR-13420,240424_00411,full,10,SBFSEM/240424_Microphages_no_load/dataset/TIFs/240424_Microphages_no_load_R02_239.tif,1.429,0.111777,0.059197,0.060809,0.690748,0.111777,0.997192,0.997271,2964,45779,1327,16727146,4291,48743,16777216,0.000256,0.175591,0.098381,ok
lipidnet,ld,empiar_13420_macrophage_a431,EMPIAR-13420,240424_00412,full,10,SBFSEM/240424_Microphages_no_load/dataset/TIFs/240424_Microphages_no_load_R02_239.tif,1.33,0.0,0.0,0.0,0.0,0.0,0.998924,0.999053,0,15881,2171,16759164,2171,15881,16777216,0.000129,0.0,0.0,ok
lipidnet,ld,empiar_13420_macrophage_a431,EMPIAR-13420,240424_00413,full,10,SBFSEM/240424_Microphages_no_load/dataset/TIFs/240424_Microphages_no_load_R02_239.tif,1.922,0.049882,0.025579,0.025888,0.682125,0.049882,0.993354,0.993434,2927,110139,1364,16662786,4291,113066,16777216,0.000256,0.030534,0.043035,ok
lipidnet,ld,empiar_13420_macrophage_a431,EMPIAR-13420,240424_00414,full,10,SBFSEM/240424_Microphages_no_load/dataset/TIFs/240424_Microphages_no_load_R02_239.tif,1.961,0.001351,0.000676,0.000702,0.017964,0.001351,0.996563,0.996689,39,55535,2132,16719510,2171,55574,16777216,0.000129,0.0,0.001857,ok
lipidnet,ld,empiar_13420_macrophage_a431,EMPIAR-13420,240424_00415,full,10,SBFSEM/240424_Microphages_no_load/dataset/TIFs/240424_Microphages_no_load_R02_253.tif,1.317,0.33348,0.200106,0.202717,0.939516,0.33348,0.999278,0.99929,3029,11913,195,16762079,3224,14942,16777216,0.000192,0.047619,0.265432,ok
lipidnet,ld,empiar_13420_macrophage_a431,EMPIAR-13420,240424_00416,full,10,SBFSEM/240424_Microphages_no_load/dataset/TIFs/240424_Microphages_no_load_R02_253.tif,1.706,0.105818,0.055865,0.056017,0.953474,0.105818,0.996903,0.996912,3074,51802,150,16722190,3224,54876,16777216,0.000192,0.010363,0.077899,ok
lipidnet,ld,empiar_13420_macrophage_a431,EMPIAR-13420,240729_00000,sparse,6,FIB/240729_HumanMP_TNFa_1U/dataset/TIFs/240729_HumanMP_TNFa_1U_0001.tif,0.294,0.931387,0.871584,0.908432,0.955532,0.931387,0.999696,0.999792,34574,3485,1609,16737548,36183,38059,338664,0.10684,0.868723,0.856071,ok
lipidnet,ld,empiar_13420_macrophage_a431,EMPIAR-13420,240729_00001,sparse,6,FIB/240729_HumanMP_TNFa_1U/dataset/TIFs/240729_HumanMP_TNFa_1U_0001.tif,0.361,0.988772,0.977793,0.999097,0.978658,0.988772,0.999988,1.0,8850,8,193,16768165,9043,8858,11440,0.790472,1.0,1.0,ok
lipidnet,ld,empiar_13420_macrophage_a431,EMPIAR-13420,240729_00002,sparse,6,FIB/240729_HumanMP_TNFa_1U/dataset/TIFs/240729_HumanMP_TNFa_1U_0035.tif,0.336,0.910979,0.836512,0.869708,0.956362,0.910979,0.999637,0.999721,31186,4672,1423,16739935,32609,35858,619020,0.052678,0.719157,0.822034,ok
lipidnet,ld,empiar_13420_macrophage_a431,EMPIAR-13420,240729_00003,sparse,6,FIB/240729_HumanMP_TNFa_1U/dataset/TIFs/240729_HumanMP_TNFa_1U_0035.tif,0.272,0.976447,0.953978,0.993119,0.960325,0.976447,0.999989,0.999998,3897,27,161,16773131,4058,3924,5032,0.806439,1.0,0.987905,ok
lipidnet,ld,empiar_13420_macrophage_a431,EMPIAR-13420,240729_00004,sparse,6,FIB/240729_HumanMP_TNFa_1U/dataset/TIFs/240729_HumanMP_TNFa_1U_0069.tif,0.354,0.968569,0.939054,0.972116,0.965048,0.968569,0.999499,0.999777,129551,3716,4692,16639257,134243,133267,1183906,0.11339,0.90718,0.96019,ok
lipidnet,ld,empiar_13420_macrophage_a431,EMPIAR-13420,240729_00005,sparse,6,FIB/240729_HumanMP_TNFa_1U/dataset/TIFs/240729_HumanMP_TNFa_1U_0069.tif,0.3,0.971511,0.944601,0.977497,0.965599,0.971511,0.999651,0.999862,99952,2301,3561,16671402,103513,102253,519970,0.199075,0.966614,0.965308,ok
lipidnet,ld,empiar_13420_macrophage_a431,EMPIAR-13420,240729_00006,sparse,6,FIB/240729_HumanMP_TNFa_1U/dataset/TIFs/240729_HumanMP_TNFa_1U_0103.tif,0.422,0.960031,0.923134,0.951109,0.969121,0.960031,0.999062,0.999414,188935,9712,6020,16572549,194955,198647,1355598,0.143815,0.875317,0.942853,ok
lipidnet,ld,empiar_13420_macrophage_a431,EMPIAR-13420,240729_00007,sparse,6,FIB/240729_HumanMP_TNFa_1U/dataset/TIFs/240729_HumanMP_TNFa_1U_0103.tif,0.353,0.970597,0.942874,0.972792,0.968412,0.970597,0.999407,0.999723,164326,4596,5360,16602934,169686,168922,1036260,0.163748,0.944698,0.963866,ok
lipidnet,ld,empiar_13420_macrophage_a431,EMPIAR-13420,240729_00008,sparse,6,FIB/240729_HumanMP_TNFa_1U/dataset/TIFs/240729_HumanMP_TNFa_1U_0137.tif,0.396,0.969565,0.940928,0.96676,0.972387,0.969565,0.999457,0.9997,145012,4986,4118,16623100,149130,149998,1435486,0.103888,0.874339,0.960061,ok
lipidnet,ld,empiar_13420_macrophage_a431,EMPIAR-13420,240729_00009,sparse,6,FIB/240729_HumanMP_TNFa_1U/dataset/TIFs/240729_HumanMP_TNFa_1U_0137.tif,0.34,0.975654,0.952465,0.973419,0.977899,0.975654,0.999573,0.999764,143625,3922,3246,16626423,146871,147547,1547892,0.094885,0.950924,0.975845,ok
lipidnet,ld,empiar_13420_macrophage_a431,EMPIAR-13420,240729_00010,sparse,6,FIB/240729_HumanMP_TNFa_1U/dataset/TIFs/240729_HumanMP_TNFa_1U_0171.tif,0.362,0.959917,0.922923,0.954424,0.965473,0.959917,0.999381,0.999643,124351,5938,4447,16642480,128798,130289,1959636,0.065725,0.85101,0.931573,ok
lipidnet,ld,empiar_13420_macrophage_a431,EMPIAR-13420,240729_00011,sparse,6,FIB/240729_HumanMP_TNFa_1U/dataset/TIFs/240729_HumanMP_TNFa_1U_0171.tif,0.319,0.973475,0.94832,0.973769,0.97318,0.973475,0.999655,0.999829,106062,2857,2923,16665374,108985,108919,1365792,0.079796,0.912448,0.959307,ok
lipidnet,ld,empiar_13420_macrophage_a431,EMPIAR-13420,240729_00012,sparse,6,FIB/240729_HumanMP_TNFa_1U/dataset/TIFs/240729_HumanMP_TNFa_1U_0205.tif,0.357,0.945688,0.896972,0.925181,0.967125,0.945688,0.999047,0.999323,139236,11260,4733,16621987,143969,150496,2045424,0.070386,0.852651,0.899818,ok
lipidnet,ld,empiar_13420_macrophage_a431,EMPIAR-13420,240729_00013,sparse,6,FIB/240729_HumanMP_TNFa_1U/dataset/TIFs/240729_HumanMP_TNFa_1U_0205.tif,0.389,0.949399,0.903673,0.928577,0.971177,0.949399,0.999158,0.999387,132520,10193,3933,16630570,136453,142713,1853988,0.0736,0.859885,0.905226,ok
lipidnet,ld,empiar_13420_macrophage_a431,EMPIAR-13420,240729_00014,sparse,6,FIB/240729_HumanMP_TNFa_1U/dataset/TIFs/240729_HumanMP_TNFa_1U_0239.tif,0.353,0.967365,0.936793,0.969964,0.96478,0.967365,0.999517,0.999777,120036,3717,4382,16649081,124418,123753,1571878,0.079152,0.932818,0.975673,ok
lipidnet,ld,empiar_13420_macrophage_a431,EMPIAR-13420,240729_00015,sparse,6,FIB/240729_HumanMP_TNFa_1U/dataset/TIFs/240729_HumanMP_TNFa_1U_0239.tif,0.396,0.975401,0.951983,0.983679,0.96726,0.975401,0.99967,0.999891,109696,1820,3713,16661987,113409,111516,1172920,0.096689,0.965073,0.98631,ok
lipidnet,ld,empiar_13420_macrophage_a431,EMPIAR-13420,240729_00016,sparse,6,FIB/240729_HumanMP_TNFa_1U/dataset/TIFs/240729_HumanMP_TNFa_1U_0273.tif,0.365,0.968033,0.938047,0.971126,0.96496,0.968033,0.999618,0.999827,96964,2883,3521,16673848,100485,99847,1329736,0.075568,0.920889,0.95998,ok
lipidnet,ld,empiar_13420_macrophage_a431,EMPIAR-13420,240729_00017,sparse,6,FIB/240729_HumanMP_TNFa_1U/dataset/TIFs/240729_HumanMP_TNFa_1U_0273.tif,0.421,0.971511,0.9446,0.973478,0.969551,0.971511,0.999645,0.999834,101672,2770,3193,16669581,104865,104442,1513547,0.069284,0.931901,0.968265,ok
lipidnet,ld,empiar_13420_macrophage_a431,EMPIAR-13420,240729_00018,sparse,6,FIB/240729_HumanMP_TNFa_1U/dataset/TIFs/240729_HumanMP_TNFa_1U_0307.tif,0.322,0.970508,0.942705,0.991035,0.950814,0.970508,0.999734,0.99996,73515,665,3803,16699233,77318,74180,1757451,0.043994,0.944824,0.987033,ok
lipidnet,ld,empiar_13420_macrophage_a431,EMPIAR-13420,240729_00019,sparse,6,FIB/240729_HumanMP_TNFa_1U/dataset/TIFs/240729_HumanMP_TNFa_1U_0307.tif,0.301,0.970949,0.943538,0.995613,0.947478,0.970949,0.999771,0.999983,64221,283,3560,16709152,67781,64504,1365150,0.049651,0.991304,0.987284,ok
lipidnet,ld,empiar_13420_macrophage_a431,EMPIAR-13420,240729_00020,sparse,6,FIB/240729_HumanMP_TNFa_1U/dataset/TIFs/240729_HumanMP_TNFa_1U_0341.tif,0.319,0.966415,0.935012,0.997723,0.937012,0.966415,0.99977,0.999992,55636,127,3740,16717713,59376,55763,1327981,0.044711,0.966507,0.97775,ok
lipidnet,ld,empiar_13420_macrophage_a431,EMPIAR-13420,240729_00021,sparse,6,FIB/240729_HumanMP_TNFa_1U/dataset/TIFs/240729_HumanMP_TNFa_1U_0341.tif,0.296,0.969169,0.940183,0.996636,0.943176,0.969169,0.999788,0.999989,56002,189,3374,16717651,59376,56191,1327981,0.044711,0.959429,0.979327,ok
lipidnet,ld,empiar_13420_macrophage_a431,EMPIAR-13420,240729_00022,sparse,6,FIB/240729_HumanMP_TNFa_1U/dataset/TIFs/240729_HumanMP_TNFa_1U_0375.tif,0.332,0.968196,0.938353,0.988186,0.949,0.968196,0.999637,0.999934,92592,1107,4976,16678541,97568,93699,1746699,0.055859,0.901439,0.972702,ok
lipidnet,ld,empiar_13420_macrophage_a431,EMPIAR-13420,240729_00023,sparse,6,FIB/240729_HumanMP_TNFa_1U/dataset/TIFs/240729_HumanMP_TNFa_1U_0375.tif,0.335,0.971084,0.943793,0.99503,0.948264,0.971084,0.999707,0.999975,82480,412,4500,16689824,86980,82892,1395683,0.062321,0.965986,0.980266,ok
lipidnet,ld,empiar_13420_macrophage_a431,EMPIAR-13420,240729_00024,sparse,6,FIB/240729_HumanMP_TNFa_1U/dataset/TIFs/240729_HumanMP_TNFa_1U_0409.tif,0.301,0.91938,0.85079,0.966472,0.876664,0.91938,0.999712,0.999943,27529,955,3873,16744859,31402,28484,1663578,0.018876,0.793169,0.893104,ok
lipidnet,ld,empiar_13420_macrophage_a431,EMPIAR-13420,240729_00025,sparse,6,FIB/240729_HumanMP_TNFa_1U/dataset/TIFs/240729_HumanMP_TNFa_1U_0409.tif,0.288,0.946014,0.897559,0.972825,0.920642,0.946014,0.99975,0.999939,36729,1026,3166,16736295,39895,37755,1911501,0.020871,0.814018,0.9416,ok
lipidnet,ld,empiar_13420_macrophage_a431,EMPIAR-13420,240729_00026,sparse,6,FIB/240729_HumanMP_TNFa_1U/dataset/TIFs/240729_HumanMP_TNFa_1U_0443.tif,0.539,0.908662,0.832614,0.991269,0.838765,0.908662,0.999533,0.999979,38943,343,7486,16730444,46429,39286,1667655,0.027841,0.860146,0.911373,ok
lipidnet,ld,empiar_13420_macrophage_a431,EMPIAR-13420,240729_00027,sparse,6,FIB/240729_HumanMP_TNFa_1U/dataset/TIFs/240729_HumanMP_TNFa_1U_0443.tif,0.522,0.912568,0.839196,0.978446,0.855001,0.912568,0.99967,0.999962,28917,637,4904,16742758,33821,29554,1717650,0.01969,0.908997,0.879234,ok
lipidnet,ld,empiar_13420_macrophage_a431,EMPIAR-13420,240729_00028,sparse,6,FIB/240729_HumanMP_TNFa_1U/dataset/TIFs/240729_HumanMP_TNFa_1U_0477.tif,0.54,0.949127,0.90318,0.97081,0.928392,0.949127,0.999603,0.999888,62193,1870,4797,16708356,66990,64063,1623240,0.041269,0.963098,0.951788,ok
lipidnet,ld,empiar_13420_macrophage_a431,EMPIAR-13420,240729_00029,sparse,6,FIB/240729_HumanMP_TNFa_1U/dataset/TIFs/240729_HumanMP_TNFa_1U_0477.tif,0.8,0.924142,0.858982,0.967178,0.884773,0.924142,0.999664,0.99993,34300,1164,4467,16737285,38767,35464,1935363,0.020031,0.872727,0.901861,ok
lipidnet,ld,empiar_13420_macrophage_a431,EMPIAR-13420,240729_00030,sparse,6,FIB/240729_HumanMP_TNFa_1U/dataset/TIFs/240729_HumanMP_TNFa_1U_0511.tif,0.76,0.956946,0.917447,0.975917,0.938699,0.956946,0.999797,0.999944,37930,936,2477,16735873,40407,38866,1811446,0.022306,0.882959,0.972174,ok
lipidnet,ld,empiar_13420_macrophage_a431,EMPIAR-13420,240729_00031,sparse,6,FIB/240729_HumanMP_TNFa_1U/dataset/TIFs/240729_HumanMP_TNFa_1U_0511.tif,0.527,0.955591,0.914959,0.979751,0.932595,0.955591,0.999817,0.999959,33095,684,2392,16741045,35487,33779,2008804,0.017666,0.910886,0.982505,ok
lipidnet,ld,empiar_13420_macrophage_a431,EMPIAR-13420,240729_00032,sparse,6,FIB/240729_HumanMP_TNFa_1U/dataset/TIFs/240729_HumanMP_TNFa_1U_0545.tif,0.528,0.952278,0.908904,0.995727,0.912463,0.952278,0.999715,0.999988,47772,205,4583,16724656,52355,47977,1983600,0.026394,0.921348,0.976373,ok
lipidnet,ld,empiar_13420_macrophage_a431,EMPIAR-13420,240729_00033,sparse,6,FIB/240729_HumanMP_TNFa_1U/dataset/TIFs/240729_HumanMP_TNFa_1U_0545.tif,0.478,0.928562,0.86665,0.986755,0.876851,0.928562,0.99974,0.999977,28310,380,3976,16744550,32286,28690,2234495,0.014449,0.865705,0.959955,ok
lipidnet,ld,empiar_13420_macrophage_a431,EMPIAR-13420,240729_00034,sparse,6,FIB/240729_HumanMP_TNFa_1U/dataset/TIFs/240729_HumanMP_TNFa_1U_0579.tif,0.514,0.837493,0.72042,0.751991,0.944933,0.837493,0.998192,0.998456,78180,25784,4556,16668696,82736,103964,2117584,0.039071,0.334548,0.572175,ok
lipidnet,ld,empiar_13420_macrophage_a431,EMPIAR-13420,240729_00035,sparse,6,FIB/240729_HumanMP_TNFa_1U/dataset/TIFs/240729_HumanMP_TNFa_1U_0579.tif,0.46,0.962216,0.927183,0.97758,0.947327,0.962216,0.999718,0.999917,60304,1383,3353,16712176,63657,61687,1872807,0.03399,0.869852,0.942134,ok
lipidnet,ld,empiar_13420_macrophage_a431,EMPIAR-13420,240729_00036,sparse,6,FIB/240729_HumanMP_TNFa_1U/dataset/TIFs/240729_HumanMP_TNFa_1U_0613.tif,0.482,0.955273,0.914376,0.972471,0.938673,0.955273,0.999718,0.999914,50586,1432,3305,16721893,53891,52018,2177505,0.024749,0.822205,0.938049,ok
lipidnet,ld,empiar_13420_macrophage_a431,EMPIAR-13420,240729_00037,sparse,6,FIB/240729_HumanMP_TNFa_1U/dataset/TIFs/240729_HumanMP_TNFa_1U_0613.tif,0.412,0.964871,0.932127,0.976591,0.95343,0.964871,0.999798,0.999933,46474,1114,2270,16727358,48744,47588,1896750,0.025699,0.952654,0.948235,ok
lipidnet,ld,empiar_13420_macrophage_a431,EMPIAR-13420,240729_00038,sparse,6,FIB/240729_HumanMP_TNFa_1U/dataset/TIFs/240729_HumanMP_TNFa_1U_0647.tif,0.445,0.958306,0.919949,0.98953,0.928991,0.958306,0.999694,0.999963,58977,624,4508,16713107,63485,59601,2174934,0.029189,0.92065,0.967879,ok
lipidnet,ld,empiar_13420_macrophage_a431,EMPIAR-13420,240729_00039,sparse,6,FIB/240729_HumanMP_TNFa_1U/dataset/TIFs/240729_HumanMP_TNFa_1U_0647.tif,0.395,0.9635,0.929571,0.995408,0.933574,0.9635,0.999733,0.999984,59183,273,4211,16713549,63394,59456,1946208,0.032573,0.926031,0.977824,ok
lipidnet,ld,empiar_13420_macrophage_a431,EMPIAR-13420,240729_00040,sparse,6,FIB/240729_HumanMP_TNFa_1U/dataset/TIFs/240729_HumanMP_TNFa_1U_0681.tif,0.502,0.954743,0.913405,0.969537,0.940393,0.954743,0.999772,0.999924,40325,1267,2556,16733068,42881,41592,1961443,0.021862,0.902439,0.94277,ok
lipidnet,ld,empiar_13420_macrophage_a431,EMPIAR-13420,240729_00041,sparse,6,FIB/240729_HumanMP_TNFa_1U/dataset/TIFs/240729_HumanMP_TNFa_1U_0681.tif,0.411,0.960163,0.923379,0.972442,0.948191,0.960163,0.999828,0.999941,34828,987,1903,16739498,36731,35815,1778811,0.020649,0.873786,0.955056,ok
lipidnet,ld,empiar_13420_macrophage_a431,EMPIAR-13420,240729_00042,sparse,6,FIB/240729_HumanMP_TNFa_1U/dataset/TIFs/240729_HumanMP_TNFa_1U_0715.tif,0.506,0.954089,0.912209,0.967818,0.940744,0.954089,0.99978,0.999924,38404,1277,2419,16735116,40823,39681,2152052,0.018969,0.97619,0.972856,ok
lipidnet,ld,empiar_13420_macrophage_a431,EMPIAR-13420,240729_00043,sparse,6,FIB/240729_HumanMP_TNFa_1U/dataset/TIFs/240729_HumanMP_TNFa_1U_0715.tif,0.412,0.950881,0.906361,0.960645,0.941312,0.950881,0.999815,0.999926,30122,1234,1878,16743982,32000,31356,1899495,0.016847,0.941176,0.957068,ok
lipidnet,ld,empiar_13420_macrophage_a431,EMPIAR-13420,240729_00044,sparse,6,FIB/240729_HumanMP_TNFa_1U/dataset/TIFs/240729_HumanMP_TNFa_1U_0749.tif,0.718,0.966951,0.936017,0.973492,0.960498,0.966951,0.999639,0.999855,88580,2412,3643,16682581,92223,90992,2341350,0.039389,0.882823,0.962053,ok
lipidnet,ld,empiar_13420_macrophage_a431,EMPIAR-13420,240729_00045,sparse,6,FIB/240729_HumanMP_TNFa_1U/dataset/TIFs/240729_HumanMP_TNFa_1U_0749.tif,0.437,0.943121,0.892365,0.955676,0.930893,0.943121,0.999656,0.999868,47779,2216,3547,16723674,51326,49995,2091573,0.024539,0.783277,0.892827,ok
lipidnet,ld,empiar_13420_macrophage_a431,EMPIAR-13420,240729_00046,sparse,6,FIB/240729_HumanMP_TNFa_1U/dataset/TIFs/240729_HumanMP_TNFa_1U_0783.tif,0.539,0.9567,0.916994,0.95284,0.960592,0.9567,0.999538,0.999746,85606,4237,3512,16683861,89118,89843,2172302,0.041025,0.793174,0.917183,ok
lipidnet,ld,empiar_13420_macrophage_a431,EMPIAR-13420,240729_00047,sparse,6,FIB/240729_HumanMP_TNFa_1U/dataset/TIFs/240729_HumanMP_TNFa_1U_0783.tif,0.453,0.958561,0.92042,0.946882,0.970531,0.958561,0.999791,0.999864,40608,2278,1233,16733097,41841,42886,1789644,0.02338,0.746479,0.909902,ok
lipidnet,ld,empiar_13420_macrophage_a431,EMPIAR-13420,240729_00048,sparse,6,FIB/240729_HumanMP_TNFa_1U/dataset/TIFs/240729_HumanMP_TNFa_1U_0817.tif,0.564,0.96326,0.929125,0.968242,0.95833,0.96326,0.999573,0.999815,93902,3080,4083,16676151,97985,96982,2359800,0.041523,0.936899,0.963135,ok
lipidnet,ld,empiar_13420_macrophage_a431,EMPIAR-13420,240729_00049,sparse,6,FIB/240729_HumanMP_TNFa_1U/dataset/TIFs/240729_HumanMP_TNFa_1U_0817.tif,0.427,0.956055,0.915809,0.951483,0.96067,0.956055,0.999769,0.999871,42184,2151,1727,16731154,43911,44335,1998588,0.021971,0.804124,0.938897,ok
lipidnet,ld,empiar_13420_macrophage_a431,EMPIAR-13420,240729_00050,sparse,6,FIB/240729_HumanMP_TNFa_1U/dataset/TIFs/240729_HumanMP_TNFa_1U_0851.tif,0.549,0.966532,0.935231,0.982464,0.951108,0.966532,0.999516,0.999874,117263,2093,6028,16651832,123291,119356,2294788,0.053727,0.918333,0.962512,ok
lipidnet,ld,empiar_13420_macrophage_a431,EMPIAR-13420,240729_00051,sparse,6,FIB/240729_HumanMP_TNFa_1U/dataset/TIFs/240729_HumanMP_TNFa_1U_0851.tif,0.498,0.966771,0.935679,0.980969,0.952978,0.966771,0.999686,0.999911,76547,1485,3777,16695407,80324,78032,2067336,0.038854,0.903594,0.971981,ok
lipidnet,ld,empiar_13420_macrophage_a431,EMPIAR-13420,240729_00052,sparse,6,FIB/240729_HumanMP_TNFa_1U/dataset/TIFs/240729_HumanMP_TNFa_1U_0885.tif,0.548,0.942889,0.89195,0.948526,0.93732,0.942889,0.999522,0.999785,66246,3595,4430,16702945,70676,69841,2221596,0.031813,0.873267,0.922199,ok
lipidnet,ld,empiar_13420_macrophage_a431,EMPIAR-13420,240729_00053,sparse,6,FIB/240729_HumanMP_TNFa_1U/dataset/TIFs/240729_HumanMP_TNFa_1U_0885.tif,0.504,0.950112,0.904965,0.950891,0.949334,0.950112,0.999706,0.999855,46955,2425,2506,16725330,49461,49380,2114200,0.023395,0.883929,0.912784,ok
lipidnet,ld,empiar_13420_macrophage_a431,EMPIAR-13420,240729_00054,sparse,6,FIB/240729_HumanMP_TNFa_1U/dataset/TIFs/240729_HumanMP_TNFa_1U_0919.tif,0.457,0.943878,0.893721,0.932124,0.955933,0.943878,0.999624,0.999769,52995,3859,2443,16717919,55438,56854,2244608,0.024698,0.733461,0.90572,ok
lipidnet,ld,empiar_13420_macrophage_a431,EMPIAR-13420,240729_00055,sparse,6,FIB/240729_HumanMP_TNFa_1U/dataset/TIFs/240729_HumanMP_TNFa_1U_0919.tif,0.374,0.890044,0.801874,0.895499,0.884655,0.890044,0.999662,0.99984,22940,2677,2991,16748608,25931,25617,1904848,0.013613,0.47619,0.80702,ok
lipidnet,ld,empiar_13420_macrophage_a431,EMPIAR-13420,240729_00056,sparse,6,FIB/240729_HumanMP_TNFa_1U/dataset/TIFs/240729_HumanMP_TNFa_1U_0953.tif,0.474,0.939732,0.886315,0.934167,0.945363,0.939732,0.999656,0.99981,45039,3174,2603,16726400,47642,48213,1931744,0.024663,0.852273,0.91068,ok
lipidnet,ld,empiar_13420_macrophage_a431,EMPIAR-13420,240729_00057,sparse,6,FIB/240729_HumanMP_TNFa_1U/dataset/TIFs/240729_HumanMP_TNFa_1U_0953.tif,0.41,0.934297,0.876695,0.911612,0.95814,0.934297,0.999664,0.999768,40079,3886,1751,16731500,41830,43965,2116704,0.019762,0.687023,0.892171,ok
lipidnet,ld,empiar_13420_macrophage_a431,EMPIAR-13420,240729_00058,sparse,6,FIB/240729_HumanMP_TNFa_1U/dataset/TIFs/240729_HumanMP_TNFa_1U_0987.tif,0.539,0.889427,0.800872,0.832828,0.954281,0.889427,0.998629,0.998887,92528,18573,4433,16661682,96961,111101,2485624,0.039009,0.387191,0.705316,ok
lipidnet,ld,empiar_13420_macrophage_a431,EMPIAR-13420,240729_00059,sparse,6,FIB/240729_HumanMP_TNFa_1U/dataset/TIFs/240729_HumanMP_TNFa_1U_0987.tif,0.424,0.89954,0.817423,0.847973,0.957787,0.89954,0.999332,0.999462,50211,9002,2213,16715790,52424,59213,2078454,0.025223,0.529644,0.798794,ok
lipidnet,ld,empiar_13420_macrophage_a431,EMPIAR-13420,240729_00060,sparse,6,FIB/240729_HumanMP_TNFa_1U/dataset/TIFs/240729_HumanMP_TNFa_1U_1021.tif,0.472,0.95634,0.916332,0.95709,0.955591,0.95634,0.999412,0.999709,107998,4842,5019,16659357,113017,112840,2360960,0.047869,0.756205,0.895783,ok
lipidnet,ld,empiar_13420_macrophage_a431,EMPIAR-13420,240729_00061,sparse,6,FIB/240729_HumanMP_TNFa_1U/dataset/TIFs/240729_HumanMP_TNFa_1U_1021.tif,0.722,0.966904,0.935928,0.976573,0.957424,0.966904,0.999842,0.999944,38768,930,1724,16735794,40492,39698,1914921,0.021146,0.845638,0.948977,ok
lipidnet,ld,empiar_13420_macrophage_a431,EMPIAR-13420,240729_00062,sparse,6,FIB/240729_HumanMP_TNFa_1U/dataset/TIFs/240729_HumanMP_TNFa_1U_1055.tif,0.748,0.93233,0.873237,0.922636,0.942229,0.93233,0.999128,0.999493,100762,8449,6178,16661827,106940,109211,2413616,0.044307,0.716839,0.877269,ok
lipidnet,ld,empiar_13420_macrophage_a431,EMPIAR-13420,240729_00063,sparse,6,FIB/240729_HumanMP_TNFa_1U/dataset/TIFs/240729_HumanMP_TNFa_1U_1055.tif,0.386,0.923774,0.858346,0.893293,0.956409,0.923774,0.999487,0.999627,52196,6235,2379,16716406,54575,58431,2253476,0.024218,0.664523,0.861686,ok
lipidnet,ld,empiar_13420_macrophage_a431,EMPIAR-13420,240729_00064,sparse,6,FIB/240729_HumanMP_TNFa_1U/dataset/TIFs/240729_HumanMP_TNFa_1U_1089.tif,0.729,0.931174,0.871211,0.909133,0.95431,0.931174,0.999353,0.99956,73437,7340,3516,16692923,76953,80777,2259584,0.034056,0.782463,0.890752,ok
lipidnet,ld,empiar_13420_macrophage_a431,EMPIAR-13420,240729_00065,sparse,6,FIB/240729_HumanMP_TNFa_1U/dataset/TIFs/240729_HumanMP_TNFa_1U_1089.tif,0.425,0.894686,0.80944,0.856456,0.936488,0.894686,0.999463,0.999617,38293,6418,2597,16729908,40890,44711,2108601,0.019392,0.630498,0.81555,ok
lipidnet,ld,empiar_13420_macrophage_a431,EMPIAR-13420,240729_00066,sparse,6,FIB/240729_HumanMP_TNFa_1U/dataset/TIFs/240729_HumanMP_TNFa_1U_1123.tif,0.457,0.93222,0.873045,0.923435,0.941174,0.93222,0.9994,0.999656,69229,5740,4327,16697920,73556,74969,2278560,0.032282,0.849316,0.877395,ok
lipidnet,ld,empiar_13420_macrophage_a431,EMPIAR-13420,240729_00067,sparse,6,FIB/240729_HumanMP_TNFa_1U/dataset/TIFs/240729_HumanMP_TNFa_1U_1123.tif,0.371,0.937112,0.881665,0.941653,0.932614,0.937112,0.99965,0.999838,43720,2709,3159,16727628,46879,46429,2100393,0.022319,0.746853,0.878273,ok
lipidnet,ld,empiar_13420_macrophage_a431,EMPIAR-13420,240729_00068,sparse,6,FIB/240729_HumanMP_TNFa_1U/dataset/TIFs/240729_HumanMP_TNFa_1U_1157.tif,0.634,0.825871,0.703391,0.737756,0.93789,0.825871,0.99783,0.998161,86344,30692,5718,16654462,92062,117036,2298051,0.040061,0.69672,0.841088,ok
lipidnet,ld,empiar_13420_macrophage_a431,EMPIAR-13420,240729_00069,sparse,6,FIB/240729_HumanMP_TNFa_1U/dataset/TIFs/240729_HumanMP_TNFa_1U_1157.tif,0.429,0.697368,0.535353,0.564418,0.912249,0.697368,0.99817,0.998369,35367,27294,3402,16711153,38769,62661,2102928,0.018436,0.38674,0.740684,ok
lipidnet,ld,empiar_13420_macrophage_a431,EMPIAR-13420,240729_00070,sparse,6,FIB/240729_HumanMP_TNFa_1U/dataset/TIFs/240729_HumanMP_TNFa_1U_1191.tif,0.483,0.890038,0.801864,0.832585,0.956008,0.890038,0.998697,0.998934,88468,17789,4071,16666888,92539,106257,2143221,0.043178,0.750989,0.799279,ok
lipidnet,ld,empiar_13420_macrophage_a431,EMPIAR-13420,240729_00071,sparse,6,FIB/240729_HumanMP_TNFa_1U/dataset/TIFs/240729_HumanMP_TNFa_1U_1191.tif,0.437,0.834378,0.715822,0.747454,0.94418,0.834378,0.99897,0.999121,43522,14705,2573,16716416,46095,58227,2130189,0.021639,0.608052,0.732851,ok
lipidnet,ld,empiar_13420_macrophage_a431,EMPIAR-13420,240729_00072,sparse,6,FIB/240729_HumanMP_TNFa_1U/dataset/TIFs/240729_HumanMP_TNFa_1U_1225.tif,0.48,0.919865,0.851621,0.888538,0.953482,0.919865,0.999239,0.99945,73236,9187,3573,16691220,76809,82423,1921024,0.039983,0.748605,0.873956,ok
lipidnet,ld,empiar_13420_macrophage_a431,EMPIAR-13420,240729_00073,sparse,6,FIB/240729_HumanMP_TNFa_1U/dataset/TIFs/240729_HumanMP_TNFa_1U_1225.tif,0.416,0.903324,0.823692,0.868049,0.941587,0.903324,0.99934,0.999529,51760,7868,3211,16714377,54971,59628,1853681,0.029655,0.681033,0.881651,ok
lipidnet,ld,empiar_13420_macrophage_a431,EMPIAR-13420,240729_00074,sparse,6,FIB/240729_HumanMP_TNFa_1U/dataset/TIFs/240729_HumanMP_TNFa_1U_1259.tif,0.484,0.929686,0.868611,0.898329,0.963312,0.929686,0.999431,0.999573,63069,7138,2402,16704607,65471,70207,1437140,0.045556,0.643567,0.872038,ok
lipidnet,ld,empiar_13420_macrophage_a431,EMPIAR-13420,240729_00075,sparse,6,FIB/240729_HumanMP_TNFa_1U/dataset/TIFs/240729_HumanMP_TNFa_1U_1259.tif,0.433,0.929014,0.867438,0.921622,0.936525,0.929014,0.999449,0.999692,60522,5147,4102,16707445,64624,65669,1318007,0.049032,0.741313,0.885027,ok
lipidnet,ld,empiar_13420_macrophage_a431,EMPIAR-13420,240729_00076,sparse,6,FIB/240729_HumanMP_TNFa_1U/dataset/TIFs/240729_HumanMP_TNFa_1U_1293.tif,0.535,0.930366,0.869798,0.896334,0.967083,0.930366,0.999221,0.999395,87346,10102,2973,16676795,90319,97448,1548288,0.058335,0.742424,0.85102,ok
lipidnet,ld,empiar_13420_macrophage_a431,EMPIAR-13420,240729_00077,sparse,6,FIB/240729_HumanMP_TNFa_1U/dataset/TIFs/240729_HumanMP_TNFa_1U_1293.tif,0.426,0.900671,0.819292,0.869026,0.934708,0.900671,0.999197,0.999449,61043,9200,4264,16702709,65307,70243,1436415,0.045465,0.610471,0.816725,ok
lipidnet,ld,empiar_13420_macrophage_a431,EMPIAR-13420,240729_00078,sparse,6,FIB/240729_HumanMP_TNFa_1U/dataset/TIFs/240729_HumanMP_TNFa_1U_1327.tif,0.462,0.934004,0.876179,0.919976,0.948466,0.934004,0.999363,0.999606,75680,6583,4112,16690841,79792,82263,1650724,0.048338,0.764618,0.880644,ok
lipidnet,ld,empiar_13420_macrophage_a431,EMPIAR-13420,240729_00079,sparse,6,FIB/240729_HumanMP_TNFa_1U/dataset/TIFs/240729_HumanMP_TNFa_1U_1327.tif,0.353,0.92676,0.863516,0.900151,0.95499,0.92676,0.999518,0.99966,51197,5679,2413,16717927,53610,56876,1235304,0.043398,0.712722,0.865284,ok
lipidnet,ld,empiar_13420_macrophage_a431,EMPIAR-13420,240729_00080,sparse,6,FIB/240729_HumanMP_TNFa_1U/dataset/TIFs/240729_HumanMP_TNFa_1U_1361.tif,0.49,0.901637,0.820892,0.856586,0.951691,0.901637,0.999177,0.999366,63276,10594,3212,16700134,66488,73870,1437696,0.046246,0.630603,0.816566,ok
lipidnet,ld,empiar_13420_macrophage_a431,EMPIAR-13420,240729_00081,sparse,6,FIB/240729_HumanMP_TNFa_1U/dataset/TIFs/240729_HumanMP_TNFa_1U_1361.tif,0.378,0.832783,0.713478,0.832105,0.833462,0.832783,0.999278,0.999637,30153,6084,6025,16734954,36178,36237,1296510,0.027904,0.448061,0.721238,ok
lipidnet,ld,empiar_13420_macrophage_a431,EMPIAR-13420,240729_00082,sparse,6,FIB/240729_HumanMP_TNFa_1U/dataset/TIFs/240729_HumanMP_TNFa_1U_1395.tif,0.47,0.957917,0.919233,0.965637,0.95032,0.957917,0.99957,0.999825,82082,2921,4291,16687922,86373,85003,1436760,0.060117,0.896102,0.948776,ok
lipidnet,ld,empiar_13420_macrophage_a431,EMPIAR-13420,240729_00083,sparse,6,FIB/240729_HumanMP_TNFa_1U/dataset/TIFs/240729_HumanMP_TNFa_1U_1395.tif,0.42,0.923418,0.857732,0.964467,0.885722,0.923418,0.999798,0.999955,20384,751,2630,16753451,23014,21135,1046460,0.021992,0.863158,0.930969,ok
lipidnet,ld,empiar_13420_macrophage_a431,EMPIAR-13420,240729_00084,sparse,6,FIB/240729_HumanMP_TNFa_1U/dataset/TIFs/240729_HumanMP_TNFa_1U_1429.tif,0.417,0.832562,0.713154,0.759575,0.921067,0.832562,0.99943,0.999551,23758,7520,2036,16743902,25794,31278,1204602,0.021413,0.690613,0.7326,ok
lipidnet,ld,empiar_13420_macrophage_a431,EMPIAR-13420,240729_00085,sparse,6,FIB/240729_HumanMP_TNFa_1U/dataset/TIFs/240729_HumanMP_TNFa_1U_1429.tif,0.408,0.860486,0.755134,0.820817,0.904184,0.860486,0.999395,0.999592,31292,6831,3316,16735777,34608,38123,1169850,0.029583,0.781149,0.794603,ok
lipidnet,ld,empiar_13420_macrophage_a431,EMPIAR-13420,240729_00086,sparse,6,FIB/240729_HumanMP_TNFa_1U/dataset/TIFs/240729_HumanMP_TNFa_1U_1463.tif,0.45,0.903169,0.823435,0.857501,0.953975,0.903169,0.999309,0.999462,54098,8990,2610,16711518,56708,63088,1174958,0.048264,0.499863,0.790767,ok
lipidnet,ld,empiar_13420_macrophage_a431,EMPIAR-13420,240729_00087,sparse,6,FIB/240729_HumanMP_TNFa_1U/dataset/TIFs/240729_HumanMP_TNFa_1U_1463.tif,0.45,0.895697,0.811097,0.86044,0.933967,0.895697,0.99934,0.999539,47566,7715,3363,16718572,50929,55281,1098305,0.046371,0.600261,0.790659,ok
lipidnet,ld,empiar_13420_macrophage_a431,EMPIAR-13420,240729_00088,sparse,6,FIB/240729_HumanMP_TNFa_1U/dataset/TIFs/240729_HumanMP_TNFa_1U_1497.tif,0.473,0.964752,0.931905,0.960085,0.969465,0.964752,0.999673,0.999813,75023,3119,2363,16696711,77386,78142,1305667,0.059269,0.851406,0.936599,ok
lipidnet,ld,empiar_13420_macrophage_a431,EMPIAR-13420,240729_00089,sparse,6,FIB/240729_HumanMP_TNFa_1U/dataset/TIFs/240729_HumanMP_TNFa_1U_1497.tif,0.415,0.965296,0.932921,0.968535,0.962079,0.965296,0.999853,0.999933,34352,1116,1354,16740394,35706,35468,893650,0.039955,0.738095,0.911695,ok
lipidnet,ld,empiar_13420_macrophage_a431,EMPIAR-13420,240729_00090,sparse,6,FIB/240729_HumanMP_TNFa_1U/dataset/TIFs/240729_HumanMP_TNFa_1U_1531.tif,0.432,0.8887,0.799694,0.82835,0.958535,0.8887,0.999446,0.99954,37125,7693,1606,16730792,38731,44818,769921,0.050305,0.467066,0.773751,ok
lipidnet,ld,empiar_13420_macrophage_a431,EMPIAR-13420,240729_00091,sparse,6,FIB/240729_HumanMP_TNFa_1U/dataset/TIFs/240729_HumanMP_TNFa_1U_1531.tif,0.343,0.875685,0.778862,0.811426,0.950998,0.875685,0.999728,0.999777,16050,3730,827,16756609,16877,19780,593370,0.028443,0.325,0.753507,ok
lipidnet,ld,empiar_13420_macrophage_a431,EMPIAR-13420,240729_00092,sparse,6,FIB/240729_HumanMP_TNFa_1U/dataset/TIFs/240729_HumanMP_TNFa_1U_1565.tif,0.48,0.954389,0.912757,0.943723,0.965298,0.954389,0.999732,0.999832,47038,2805,1691,16725682,48729,49843,991494,0.049147,0.573643,0.888229,ok
lipidnet,ld,empiar_13420_macrophage_a431,EMPIAR-13420,240729_00093,sparse,6,FIB/240729_HumanMP_TNFa_1U/dataset/TIFs/240729_HumanMP_TNFa_1U_1565.tif,0.388,0.958978,0.921189,0.95222,0.965833,0.958978,0.999795,0.999879,40197,2017,1422,16733580,41619,42214,915900,0.045441,0.695035,0.904328,ok
lipidnet,ld,empiar_13420_macrophage_a431,EMPIAR-13420,240729_00094,sparse,6,FIB/240729_HumanMP_TNFa_1U/dataset/TIFs/240729_HumanMP_TNFa_1U_1599.tif,0.451,0.931895,0.872475,0.945204,0.918956,0.931895,0.999551,0.999821,51490,2985,4541,16718200,56031,54475,1327104,0.042221,0.792506,0.88496,ok
lipidnet,ld,empiar_13420_macrophage_a431,EMPIAR-13420,240729_00095,sparse,6,FIB/240729_HumanMP_TNFa_1U/dataset/TIFs/240729_HumanMP_TNFa_1U_1599.tif,0.377,0.937755,0.882804,0.935942,0.939575,0.937755,0.999653,0.999821,43818,2999,2818,16727581,46636,46817,1267488,0.036794,0.771487,0.894897,ok
lipidnet,ld,empiar_13420_macrophage_a431,EMPIAR-13420,240729_00096,sparse,6,FIB/240729_HumanMP_TNFa_1U/dataset/TIFs/240729_HumanMP_TNFa_1U_1633.tif,0.478,0.955118,0.914092,0.982741,0.929006,0.955118,0.999653,0.999935,61895,1087,4730,16709504,66625,62982,1175315,0.056687,0.919897,0.962487,ok
lipidnet,ld,empiar_13420_macrophage_a431,EMPIAR-13420,240729_00097,sparse,6,FIB/240729_HumanMP_TNFa_1U/dataset/TIFs/240729_HumanMP_TNFa_1U_1633.tif,0.396,0.947074,0.899468,0.990555,0.907249,0.947074,0.999691,0.999974,46355,442,4739,16725680,51094,46797,1244488,0.041056,0.942039,0.96652,ok
lipidnet,ld,empiar_13420_macrophage_a431,EMPIAR-13420,240729_00098,sparse,6,FIB/240729_HumanMP_TNFa_1U/dataset/TIFs/240729_HumanMP_TNFa_1U_1667.tif,0.481,0.913005,0.839935,0.884376,0.943549,0.913005,0.999449,0.999621,48539,6346,2904,16719427,51443,54885,1286144,0.039998,0.761426,0.859486,ok
lipidnet,ld,empiar_13420_macrophage_a431,EMPIAR-13420,240729_00099,sparse,6,FIB/240729_HumanMP_TNFa_1U/dataset/TIFs/240729_HumanMP_TNFa_1U_1667.tif,0.397,0.916031,0.845071,0.884977,0.949343,0.916031,0.999511,0.999652,44771,5819,2389,16724237,47160,50590,1060692,0.044462,0.726472,0.870176,ok
lipidnet,ld,empiar_13420_macrophage_a431,EMPIAR-13420,240729_00100,sparse,6,FIB/240729_HumanMP_TNFa_1U/dataset/TIFs/240729_HumanMP_TNFa_1U_1701.tif,0.489,0.853274,0.744096,0.772901,0.952303,0.853274,0.997576,0.997913,118257,34747,5923,16618289,124180,153004,1872835,0.066306,0.334978,0.65494,ok
lipidnet,ld,empiar_13420_macrophage_a431,EMPIAR-13420,240729_00101,sparse,6,FIB/240729_HumanMP_TNFa_1U/dataset/TIFs/240729_HumanMP_TNFa_1U_1701.tif,0.431,0.879144,0.78435,0.83209,0.931838,0.879144,0.998706,0.999045,78977,15937,5777,16676525,84754,94914,1412460,0.060005,0.455738,0.695859,ok
lipidnet,ld,empiar_13420_macrophage_a431,EMPIAR-13420,240729_00102,sparse,6,FIB/240729_HumanMP_TNFa_1U/dataset/TIFs/240729_HumanMP_TNFa_1U_1735.tif,0.447,0.959438,0.922039,0.959053,0.959824,0.959438,0.999447,0.999719,109730,4685,4593,16658208,114323,114415,1522587,0.075085,0.859313,0.949913,ok
lipidnet,ld,empiar_13420_macrophage_a431,EMPIAR-13420,240729_00103,sparse,6,FIB/240729_HumanMP_TNFa_1U/dataset/TIFs/240729_HumanMP_TNFa_1U_1735.tif,0.435,0.953599,0.911314,0.947558,0.959717,0.953599,0.999536,0.999735,80027,4429,3359,16689401,83386,84456,1424500,0.058537,0.908046,0.944354,ok
lipidnet,ld,empiar_13420_macrophage_a431,EMPIAR-13420,240729_00104,sparse,6,FIB/240729_HumanMP_TNFa_1U/dataset/TIFs/240729_HumanMP_TNFa_1U_1769.tif,0.524,0.90758,0.830798,0.85987,0.960896,0.90758,0.99861,0.99888,114508,18661,4660,16639387,119168,133169,1610480,0.073995,0.519565,0.731864,ok
lipidnet,ld,empiar_13420_macrophage_a431,EMPIAR-13420,240729_00105,sparse,6,FIB/240729_HumanMP_TNFa_1U/dataset/TIFs/240729_HumanMP_TNFa_1U_1769.tif,0.455,0.93576,0.879276,0.910756,0.962176,0.93576,0.999093,0.999348,110809,10858,4356,16651193,115165,121667,1459600,0.078902,0.591394,0.817166,ok
lipidnet,ld,empiar_13420_macrophage_a431,EMPIAR-13420,240729_00106,sparse,6,FIB/240729_HumanMP_TNFa_1U/dataset/TIFs/240729_HumanMP_TNFa_1U_1803.tif,0.51,0.87418,0.776483,0.823536,0.931461,0.87418,0.998343,0.998759,96586,20696,7107,16652827,103693,117282,1814528,0.057146,0.416986,0.709251,ok
lipidnet,ld,empiar_13420_macrophage_a431,EMPIAR-13420,240729_00107,sparse,6,FIB/240729_HumanMP_TNFa_1U/dataset/TIFs/240729_HumanMP_TNFa_1U_1803.tif,0.478,0.919984,0.851825,0.900582,0.94024,0.919984,0.99902,0.999375,94481,10430,6005,16666300,100486,104911,1542083,0.065163,0.573272,0.806888,ok
lipidnet,ld,empiar_13420_macrophage_a431,EMPIAR-13420,240729_00108,sparse,6,FIB/240729_HumanMP_TNFa_1U/dataset/TIFs/240729_HumanMP_TNFa_1U_1837.tif,0.545,0.925946,0.862104,0.914739,0.937431,0.925946,0.999205,0.999534,83362,7770,5564,16680520,88926,91132,1641900,0.05416,0.704107,0.851595,ok
lipidnet,ld,empiar_13420_macrophage_a431,EMPIAR-13420,240729_00109,sparse,6,FIB/240729_HumanMP_TNFa_1U/dataset/TIFs/240729_HumanMP_TNFa_1U_1837.tif,0.428,0.875717,0.778911,0.863614,0.888164,0.875717,0.999358,0.999642,37961,5995,4780,16728480,42741,43956,1339880,0.031899,0.55607,0.790627,ok
lipidnet,ld,empiar_13420_macrophage_a431,EMPIAR-13420,240729_00110,sparse,6,FIB/240729_HumanMP_TNFa_1U/dataset/TIFs/240729_HumanMP_TNFa_1U_1871.tif,0.615,0.943616,0.893251,0.92416,0.96391,0.943616,0.999499,0.999655,70323,5771,2633,16698489,72956,76094,1550295,0.047059,0.706709,0.888158,ok
lipidnet,ld,empiar_13420_macrophage_a431,EMPIAR-13420,240729_00111,sparse,6,FIB/240729_HumanMP_TNFa_1U/dataset/TIFs/240729_HumanMP_TNFa_1U_1871.tif,0.4,0.953027,0.910268,0.944869,0.961326,0.953027,0.999563,0.99974,74348,4338,2991,16695539,77339,78686,1397169,0.055354,0.757019,0.903685,ok
lipidnet,ld,empiar_13420_macrophage_a431,EMPIAR-13420,240729_00112,sparse,6,FIB/240729_HumanMP_TNFa_1U/dataset/TIFs/240729_HumanMP_TNFa_1U_1905.tif,0.573,0.926552,0.863154,0.936841,0.916486,0.926552,0.999406,0.999746,62892,4240,5731,16704353,68623,67132,1422960,0.048226,0.538348,0.860656,ok
lipidnet,ld,empiar_13420_macrophage_a431,EMPIAR-13420,240729_00113,sparse,6,FIB/240729_HumanMP_TNFa_1U/dataset/TIFs/240729_HumanMP_TNFa_1U_1905.tif,0.515,0.93033,0.869736,0.948351,0.912982,0.93033,0.999443,0.999797,62374,3397,5945,16705500,68319,65771,1357888,0.050313,0.702279,0.872639,ok
lipidnet,ld,empiar_13420_macrophage_a431,EMPIAR-13420,240729_00114,sparse,6,FIB/240729_HumanMP_TNFa_1U/dataset/TIFs/240729_HumanMP_TNFa_1U_1939.tif,0.536,0.969947,0.941647,0.974833,0.965109,0.969947,0.999554,0.999813,120738,3117,4365,16648996,125103,123855,1276560,0.098,0.903084,0.966706,ok
lipidnet,ld,empiar_13420_macrophage_a431,EMPIAR-13420,240729_00115,sparse,6,FIB/240729_HumanMP_TNFa_1U/dataset/TIFs/240729_HumanMP_TNFa_1U_1939.tif,0.541,0.963355,0.929301,0.979436,0.947793,0.963355,0.999541,0.999873,101212,2125,5575,16668304,106787,103337,1262520,0.084582,0.917506,0.953974,ok
lipidnet,ld,empiar_13420_macrophage_a431,EMPIAR-13420,240729_00116,sparse,6,FIB/240729_HumanMP_TNFa_1U/dataset/TIFs/240729_HumanMP_TNFa_1U_1973.tif,0.551,0.962091,0.92695,0.981516,0.94342,0.962091,0.999564,0.999895,92924,1750,5573,16676969,98497,94674,1154934,0.085284,0.934733,0.9548,ok
lipidnet,ld,empiar_13420_macrophage_a431,EMPIAR-13420,240729_00117,sparse,6,FIB/240729_HumanMP_TNFa_1U/dataset/TIFs/240729_HumanMP_TNFa_1U_1973.tif,0.426,0.957992,0.919372,0.982849,0.934362,0.957992,0.999615,0.999923,73581,1284,5169,16697182,78750,74865,1099060,0.071652,0.933852,0.953617,ok
lipidnet,ld,empiar_13420_macrophage_a431,EMPIAR-13420,240729_00118,sparse,6,FIB/240729_HumanMP_TNFa_1U/dataset/TIFs/240729_HumanMP_TNFa_1U_2007.tif,0.498,0.96162,0.926077,0.987428,0.937127,0.96162,0.999498,0.999919,105558,1344,7082,16663232,112640,106902,1538940,0.073193,0.90307,0.95473,ok
lipidnet,ld,empiar_13420_macrophage_a431,EMPIAR-13420,240729_00119,sparse,6,FIB/240729_HumanMP_TNFa_1U/dataset/TIFs/240729_HumanMP_TNFa_1U_2007.tif,0.471,0.94618,0.897857,0.98785,0.907882,0.94618,0.999552,0.999951,66102,813,6707,16703594,72809,66915,1265550,0.057532,0.797354,0.932217,ok
lipidnet,ld,empiar_13420_macrophage_a431,EMPIAR-13420,240729_00120,sparse,6,FIB/240729_HumanMP_TNFa_1U/dataset/TIFs/240729_HumanMP_TNFa_1U_2041.tif,0.503,0.972467,0.946409,0.985349,0.959916,0.972467,0.999591,0.999892,121128,1801,5058,16649229,126186,122929,1543228,0.081768,0.886095,0.970771,ok
lipidnet,ld,empiar_13420_macrophage_a431,EMPIAR-13420,240729_00121,sparse,6,FIB/240729_HumanMP_TNFa_1U/dataset/TIFs/240729_HumanMP_TNFa_1U_2041.tif,0.452,0.973955,0.949232,0.987946,0.960355,0.973955,0.999656,0.999921,107941,1317,4456,16663502,112397,109258,1230568,0.091337,0.918033,0.983498,ok
lipidnet,ld,empiar_13420_macrophage_a431,EMPIAR-13420,240729_00122,sparse,6,FIB/240729_HumanMP_TNFa_1U/dataset/TIFs/240729_HumanMP_TNFa_1U_2075.tif,0.517,0.950789,0.906194,0.976578,0.926327,0.950789,0.999592,0.999905,66086,1585,5256,16704289,71342,67671,1134720,0.062872,0.869988,0.933884,ok
lipidnet,ld,empiar_13420_macrophage_a431,EMPIAR-13420,240729_00123,sparse,6,FIB/240729_HumanMP_TNFa_1U/dataset/TIFs/240729_HumanMP_TNFa_1U_2075.tif,0.406,0.953847,0.911767,0.977892,0.930957,0.953847,0.999576,0.9999,73513,1662,5452,16696589,78965,75175,1284120,0.061493,0.887947,0.941222,ok
lipidnet,ld,empiar_13420_macrophage_a431,EMPIAR-13420,240729_00124,sparse,6,FIB/240729_HumanMP_TNFa_1U/dataset/TIFs/240729_HumanMP_TNFa_1U_2109.tif,0.527,0.972325,0.94614,0.99521,0.950468,0.972325,0.999767,0.99998,68773,331,3584,16704528,72357,69104,884224,0.081831,0.904847,0.977116,ok
lipidnet,ld,empiar_13420_macrophage_a431,EMPIAR-13420,240729_00125,sparse,6,FIB/240729_HumanMP_TNFa_1U/dataset/TIFs/240729_HumanMP_TNFa_1U_2109.tif,0.432,0.967482,0.937011,0.996105,0.940457,0.967482,0.999769,0.999987,57540,225,3643,16715808,61183,57765,732672,0.083507,0.899041,0.956984,ok
lipidnet,ld,empiar_13420_macrophage_a431,EMPIAR-13420,240729_00126,sparse,6,FIB/240729_HumanMP_TNFa_1U/dataset/TIFs/240729_HumanMP_TNFa_1U_2143.tif,0.603,0.974396,0.95007,0.988728,0.960473,0.974396,0.999622,0.999917,120695,1376,4967,16650178,125662,122071,962598,0.130545,0.885223,0.966838,ok
lipidnet,ld,empiar_13420_macrophage_a431,EMPIAR-13420,240729_00127,sparse,6,FIB/240729_HumanMP_TNFa_1U/dataset/TIFs/240729_HumanMP_TNFa_1U_2143.tif,0.472,0.978948,0.958763,0.987347,0.97069,0.978948,0.999691,0.999907,120483,1544,3638,16651551,124121,122027,861763,0.144031,0.927022,0.977008,ok
lipidnet,ld,empiar_13420_macrophage_a431,EMPIAR-13420,240729_00128,sparse,6,FIB/240729_HumanMP_TNFa_1U/dataset/TIFs/240729_HumanMP_TNFa_1U_2177.tif,0.555,0.972498,0.946468,0.994491,0.951457,0.972498,0.999544,0.999955,135203,749,6898,16634366,142101,135952,1022400,0.138988,0.944569,0.9772,ok
lipidnet,ld,empiar_13420_macrophage_a431,EMPIAR-13420,240729_00129,sparse,6,FIB/240729_HumanMP_TNFa_1U/dataset/TIFs/240729_HumanMP_TNFa_1U_2177.tif,0.448,0.968202,0.938363,0.994001,0.943708,0.968202,0.999522,0.999956,122112,737,7284,16647083,129396,122849,773100,0.167373,0.94451,0.962458,ok
lipidnet,ld,empiar_13420_macrophage_a431,EMPIAR-13420,240729_00130,sparse,6,FIB/240729_HumanMP_TNFa_1U/dataset/TIFs/240729_HumanMP_TNFa_1U_2211.tif,0.572,0.96574,0.93375,0.993963,0.939076,0.96574,0.999607,0.999966,92854,564,6024,16677774,98878,93418,939645,0.105229,0.930127,0.958444,ok
lipidnet,ld,empiar_13420_macrophage_a431,EMPIAR-13420,240729_00131,sparse,6,FIB/240729_HumanMP_TNFa_1U/dataset/TIFs/240729_HumanMP_TNFa_1U_2211.tif,0.538,0.973064,0.94754,0.992487,0.954386,0.973064,0.999696,0.999958,92208,698,4407,16679903,96615,92906,630630,0.153204,0.942182,0.965705,ok
lipidnet,ld,empiar_13420_macrophage_a431,EMPIAR-13420,240729_00132,sparse,6,FIB/240729_HumanMP_TNFa_1U/dataset/TIFs/240729_HumanMP_TNFa_1U_2245.tif,0.511,0.957799,0.919016,0.95011,0.965613,0.957799,0.999566,0.99974,82614,4338,2942,16687322,85556,86952,1134190,0.075434,0.777255,0.931015,ok
lipidnet,ld,empiar_13420_macrophage_a431,EMPIAR-13420,240729_00133,sparse,6,FIB/240729_HumanMP_TNFa_1U/dataset/TIFs/240729_HumanMP_TNFa_1U_2245.tif,0.472,0.971818,0.94518,0.988838,0.955373,0.971818,0.999798,0.999961,58294,658,2723,16715541,61017,58952,946270,0.064482,0.904576,0.983186,ok
lipidnet,ld,empiar_13420_macrophage_a431,EMPIAR-13420,240729_00134,sparse,6,FIB/240729_HumanMP_TNFa_1U/dataset/TIFs/240729_HumanMP_TNFa_1U_2279.tif,0.514,0.96294,0.928528,0.99168,0.935818,0.96294,0.999581,0.999954,91421,767,6270,16678758,97691,92188,832524,0.117343,0.874939,0.94279,ok
lipidnet,ld,empiar_13420_macrophage_a431,EMPIAR-13420,240729_00135,sparse,6,FIB/240729_HumanMP_TNFa_1U/dataset/TIFs/240729_HumanMP_TNFa_1U_2279.tif,0.45,0.965434,0.933178,0.990633,0.941486,0.965434,0.999612,0.999949,90843,859,5646,16679868,96489,91702,804858,0.119883,0.915842,0.959743,ok
lipidnet,ld,empiar_13420_macrophage_a431,EMPIAR-13420,240729_00136,sparse,6,FIB/240729_HumanMP_TNFa_1U/dataset/TIFs/240729_HumanMP_TNFa_1U_2313.tif,0.544,0.98498,0.970405,0.994685,0.975463,0.98498,0.999845,0.999973,85155,455,2142,16689464,87297,85610,795910,0.109682,1.0,0.998985,ok
lipidnet,ld,empiar_13420_macrophage_a431,EMPIAR-13420,240729_00137,sparse,6,FIB/240729_HumanMP_TNFa_1U/dataset/TIFs/240729_HumanMP_TNFa_1U_2313.tif,0.529,0.984062,0.968623,0.996573,0.971861,0.984062,0.999878,0.999987,63100,217,1827,16712072,64927,63317,556370,0.116698,1.0,0.996533,ok
lipidnet,ld,empiar_13420_macrophage_a431,EMPIAR-13420,240729_00138,sparse,6,FIB/240729_HumanMP_TNFa_1U/dataset/TIFs/240729_HumanMP_TNFa_1U_2347.tif,0.469,0.979192,0.959233,0.996259,0.962701,0.979192,0.999834,0.999985,65506,246,2538,16708926,68044,65752,738746,0.092107,1.0,0.993718,ok
lipidnet,ld,empiar_13420_macrophage_a431,EMPIAR-13420,240729_00139,sparse,6,FIB/240729_HumanMP_TNFa_1U/dataset/TIFs/240729_HumanMP_TNFa_1U_2347.tif,0.447,0.980425,0.961601,0.996361,0.964991,0.980425,0.999875,0.999989,52564,192,1907,16722553,54471,52756,518694,0.105016,1.0,0.990069,ok
lipidnet,ld,empiar_13420_macrophage_a431,EMPIAR-13420,240729_00140,sparse,6,FIB/240729_HumanMP_TNFa_1U/dataset/TIFs/240729_HumanMP_TNFa_1U_2381.tif,0.583,0.979443,0.959714,0.990359,0.968765,0.979443,0.999815,0.999957,74065,721,2388,16700042,76453,74786,706225,0.108256,0.950276,0.979324,ok
lipidnet,ld,empiar_13420_macrophage_a431,EMPIAR-13420,240729_00141,sparse,6,FIB/240729_HumanMP_TNFa_1U/dataset/TIFs/240729_HumanMP_TNFa_1U_2381.tif,0.5,0.976301,0.9537,0.991513,0.961549,0.976301,0.999821,0.999968,61918,530,2476,16712292,64394,62448,394320,0.163304,0.97593,0.971171,ok
lipidnet,ld,empiar_13420_macrophage_a431,EMPIAR-13420,240729_00142,sparse,6,FIB/240729_HumanMP_TNFa_1U/dataset/TIFs/240729_HumanMP_TNFa_1U_2415.tif,0.552,0.976863,0.954772,0.989521,0.964525,0.976863,0.999823,0.99996,62698,664,2306,16711548,65004,63362,637000,0.102047,0.988485,0.986301,ok
lipidnet,ld,empiar_13420_macrophage_a431,EMPIAR-13420,240729_00143,sparse,6,FIB/240729_HumanMP_TNFa_1U/dataset/TIFs/240729_HumanMP_TNFa_1U_2415.tif,0.544,0.971543,0.944661,0.984603,0.958825,0.971543,0.999752,0.999933,71047,1111,3051,16702007,74098,72158,1027608,0.072107,0.947655,0.975265,ok
lipidnet,ld,empiar_13420_macrophage_a431,EMPIAR-13420,240729_00144,sparse,6,FIB/240729_HumanMP_TNFa_1U/dataset/TIFs/240729_HumanMP_TNFa_1U_2449.tif,0.516,0.786322,0.647883,0.66903,0.953484,0.786322,0.998331,0.998476,51532,25493,2514,16697677,54046,77025,626416,0.086278,0.268602,0.516638,ok
lipidnet,ld,empiar_13420_macrophage_a431,EMPIAR-13420,240729_00145,sparse,6,FIB/240729_HumanMP_TNFa_1U/dataset/TIFs/240729_HumanMP_TNFa_1U_2449.tif,0.487,0.804576,0.673046,0.703477,0.93961,0.804576,0.998239,0.998466,60805,25630,3908,16686873,64713,86435,1242864,0.052068,0.268135,0.575028,ok
lipidnet,ld,empiar_13420_macrophage_a431,EMPIAR-13420,240729_00146,sparse,6,FIB/240729_HumanMP_TNFa_1U/dataset/TIFs/240729_HumanMP_TNFa_1U_2483.tif,0.547,0.973627,0.948609,0.986537,0.96105,0.973627,0.999835,0.999958,51075,697,2070,16723374,53145,51772,547560,0.097058,0.895522,0.974074,ok
lipidnet,ld,empiar_13420_macrophage_a431,EMPIAR-13420,240729_00147,sparse,6,FIB/240729_HumanMP_TNFa_1U/dataset/TIFs/240729_HumanMP_TNFa_1U_2483.tif,0.496,0.969533,0.940867,0.988822,0.950982,0.969533,0.999783,0.999961,57853,654,2982,16715727,60835,58507,820226,0.074169,0.910569,0.966117,ok
lipidnet,ld,empiar_13420_macrophage_a431,EMPIAR-13420,240729_00148,sparse,6,FIB/240729_HumanMP_TNFa_1U/dataset/TIFs/240729_HumanMP_TNFa_1U_2517.tif,0.502,0.975572,0.952308,0.998708,0.953483,0.975572,0.999922,0.999998,26278,34,1282,16749622,27560,26312,290601,0.094838,0.975,0.997312,ok
lipidnet,ld,empiar_13420_macrophage_a431,EMPIAR-13420,240729_00149,sparse,6,FIB/240729_HumanMP_TNFa_1U/dataset/TIFs/240729_HumanMP_TNFa_1U_2517.tif,0.455,0.970264,0.942245,0.989188,0.952049,0.970264,0.999901,0.999982,27082,296,1364,16748474,28446,27378,820846,0.034654,0.8,0.975694,ok
lipidnet,ld,empiar_13420_macrophage_a431,EMPIAR-13420,240729_00150,sparse,6,FIB/240729_HumanMP_TNFa_1U/dataset/TIFs/240729_HumanMP_TNFa_1U_2551.tif,0.51,0.930801,0.870559,0.995085,0.874318,0.930801,0.999966,0.999999,3847,19,553,16772797,4400,3866,34823,0.126353,1.0,0.694727,ok
lipidnet,ld,empiar_13420_macrophage_a431,EMPIAR-13420,240729_00151,sparse,6,FIB/240729_HumanMP_TNFa_1U/dataset/TIFs/240729_HumanMP_TNFa_1U_2551.tif,0.471,0.933205,0.874774,0.998821,0.875678,0.933205,0.999942,1.0,6776,8,962,16769470,7738,6784,333184,0.023224,0.972973,1.0,ok
lipidnet,ld,empiar_13420_macrophage_a431,EMPIAR-13420,240729_00152,sparse,6,FIB/240729_HumanMP_TNFa_1U/dataset/TIFs/240729_HumanMP_TNFa_1U_2585.tif,0.508,0.97714,0.955301,0.998732,0.956461,0.97714,0.999954,0.999999,16542,21,753,16759900,17295,16563,346066,0.049976,1.0,1.0,ok
lipidnet,ld,empiar_13420_macrophage_a431,EMPIAR-13420,240729_00153,sparse,6,FIB/240729_HumanMP_TNFa_1U/dataset/TIFs/240729_HumanMP_TNFa_1U_2585.tif,0.445,0.97816,0.957253,0.996973,0.960044,0.97816,0.999925,0.999995,27992,85,1165,16747974,29157,28077,725642,0.040181,1.0,1.0,ok
lipidnet,ld,empiar_13420_macrophage_a431,EMPIAR-13420,240729_00154,sparse,6,FIB/240729_HumanMP_TNFa_1U/dataset/TIFs/240729_HumanMP_TNFa_1U_2619.tif,0.49,0.975916,0.952965,0.998785,0.954071,0.975916,0.999983,1.0,5754,7,277,16771178,6031,5761,7812,0.772017,1.0,0.96774,ok
lipidnet,ld,empiar_13420_macrophage_a431,EMPIAR-13420,240729_00155,sparse,6,FIB/240729_HumanMP_TNFa_1U/dataset/TIFs/240729_HumanMP_TNFa_1U_2619.tif,0.442,0.978717,0.958321,0.995092,0.962872,0.978717,0.999942,0.999993,22303,110,860,16753943,23163,22413,230112,0.10066,0.990575,0.994507,ok
lipidnet,ld,empiar_13420_macrophage_a431,EMPIAR-13420,240729_00156,sparse,6,FIB/240729_HumanMP_TNFa_1U/dataset/TIFs/240729_HumanMP_TNFa_1U_2653.tif,0.488,0.970759,0.943179,0.996721,0.946114,0.970759,0.999924,0.999996,21280,70,1212,16754654,22492,21350,446394,0.050386,0.981818,0.987561,ok
lipidnet,ld,empiar_13420_macrophage_a431,EMPIAR-13420,240729_00157,sparse,6,FIB/240729_HumanMP_TNFa_1U/dataset/TIFs/240729_HumanMP_TNFa_1U_2653.tif,0.443,0.977083,0.955192,0.996911,0.958028,0.977083,0.999869,0.999991,46792,145,2050,16728229,48842,46937,708253,0.068961,1.0,0.992044,ok
lipidnet,ld,empiar_13420_macrophage_a431,EMPIAR-13420,240729_00158,sparse,6,FIB/240729_HumanMP_TNFa_1U/dataset/TIFs/240729_HumanMP_TNFa_1U_2687.tif,0.552,0.989198,0.978627,0.994435,0.984016,0.989198,0.999976,0.999994,18407,103,299,16758407,18706,18510,25134,0.744251,1.0,0.992359,ok
lipidnet,ld,empiar_13420_macrophage_a431,EMPIAR-13420,240729_00159,sparse,6,FIB/240729_HumanMP_TNFa_1U/dataset/TIFs/240729_HumanMP_TNFa_1U_2687.tif,0.437,0.984043,0.968588,0.997031,0.97139,0.984043,0.999941,0.999995,30557,91,900,16745668,31457,30648,200200,0.157128,1.0,0.996078,ok
lipidnet,ld,empiar_13420_macrophage_a431,EMPIAR-13420,240801_00164,partial,6,FIB/240801_HumanMP_Control/dataset/TIFs/240801_HumanMP_Control_0069.tif,0.535,0.79239,0.656164,0.705449,0.903774,0.79239,0.99988,0.999905,3832,1600,408,16771376,4240,5432,575439,0.007368,0.283465,0.489311,ok
lipidnet,ld,empiar_13420_macrophage_a431,EMPIAR-13420,240801_00165,partial,6,FIB/240801_HumanMP_Control/dataset/TIFs/240801_HumanMP_Control_0069.tif,0.494,0.73625,0.582592,0.691082,0.787736,0.73625,0.999857,0.999911,3340,1493,900,16771483,4240,4833,544563,0.007786,0.651558,0.421808,ok
lipidnet,ld,empiar_13420_macrophage_a431,EMPIAR-13420,240801_00166,partial,6,FIB/240801_HumanMP_Control/dataset/TIFs/240801_HumanMP_Control_0103.tif,0.495,0.85658,0.749139,0.953885,0.77729,0.85658,0.999848,0.999978,7612,368,2181,16767055,9793,7980,651750,0.015026,0.896801,0.323153,ok
lipidnet,ld,empiar_13420_macrophage_a431,EMPIAR-13420,240801_00167,partial,6,FIB/240801_HumanMP_Control/dataset/TIFs/240801_HumanMP_Control_0103.tif,0.521,0.826833,0.704787,0.952223,0.730624,0.826833,0.999821,0.999979,7155,359,2638,16767064,9793,7514,606100,0.016157,0.824716,0.299237,ok
lipidnet,ld,empiar_13420_macrophage_a431,EMPIAR-13420,240801_00168,partial,6,FIB/240801_HumanMP_Control/dataset/TIFs/240801_HumanMP_Control_0137.tif,0.486,0.801675,0.668996,0.97084,0.682715,0.801675,0.999819,0.999989,6126,184,2847,16768059,8973,6310,740715,0.012114,0.545292,0.341123,ok
lipidnet,ld,empiar_13420_macrophage_a431,EMPIAR-13420,240801_00169,partial,6,FIB/240801_HumanMP_Control/dataset/TIFs/240801_HumanMP_Control_0137.tif,0.493,0.791172,0.654496,0.975965,0.665218,0.791172,0.999812,0.999991,5969,147,3004,16768096,8973,6116,647805,0.013851,0.543071,0.379388,ok
lipidnet,ld,empiar_13420_macrophage_a431,EMPIAR-13420,240801_00170,partial,6,FIB/240801_HumanMP_Control/dataset/TIFs/240801_HumanMP_Control_0171.tif,0.45,0.97383,0.948994,0.999395,0.94954,0.97383,0.999979,1.0,6605,4,351,16770256,6956,6609,883272,0.007875,1.0,0.871698,ok
lipidnet,ld,empiar_13420_macrophage_a431,EMPIAR-13420,240801_00171,partial,6,FIB/240801_HumanMP_Control/dataset/TIFs/240801_HumanMP_Control_0171.tif,0.471,0.971395,0.944381,0.99428,0.94954,0.971395,0.999977,0.999998,6605,38,351,16770222,6956,6643,713232,0.009753,0.827586,0.848483,ok
lipidnet,ld,empiar_13420_macrophage_a431,EMPIAR-13420,240801_00172,partial,6,FIB/240801_HumanMP_Control/dataset/TIFs/240801_HumanMP_Control_0205.tif,0.463,0.54788,0.377296,0.638113,0.480004,0.54788,0.99956,0.999849,4477,2539,4850,16765350,9327,7016,1023050,0.009117,0.243038,0.392839,ok
lipidnet,ld,empiar_13420_macrophage_a431,EMPIAR-13420,240801_00173,partial,6,FIB/240801_HumanMP_Control/dataset/TIFs/240801_HumanMP_Control_0205.tif,0.47,0.547712,0.377137,0.664475,0.465852,0.547712,0.999572,0.999869,4345,2194,4982,16765695,9327,6539,862840,0.01081,0.255983,0.379952,ok
lipidnet,ld,empiar_13420_macrophage_a431,EMPIAR-13420,240801_00174,partial,6,FIB/240801_HumanMP_Control/dataset/TIFs/240801_HumanMP_Control_0239.tif,0.57,0.732025,0.577318,0.758388,0.707433,0.732025,0.999382,0.999731,14172,4515,5861,16752668,20033,18687,1137776,0.017607,0.302782,0.536622,ok
lipidnet,ld,empiar_13420_macrophage_a431,EMPIAR-13420,240801_00175,partial,6,FIB/240801_HumanMP_Control/dataset/TIFs/240801_HumanMP_Control_0239.tif,0.522,0.709736,0.550071,0.744492,0.678081,0.709736,0.999338,0.999722,13584,4662,6449,16752521,20033,18246,908792,0.022044,0.476807,0.488628,ok
lipidnet,ld,empiar_13420_macrophage_a431,EMPIAR-13420,240801_00176,partial,6,FIB/240801_HumanMP_Control/dataset/TIFs/240801_HumanMP_Control_0273.tif,0.498,0.885008,0.793735,0.975806,0.80967,0.885008,0.999673,0.999969,21134,524,4968,16750590,26102,21658,1216116,0.021463,0.732717,0.814784,ok
lipidnet,ld,empiar_13420_macrophage_a431,EMPIAR-13420,240801_00177,partial,6,FIB/240801_HumanMP_Control/dataset/TIFs/240801_HumanMP_Control_0273.tif,0.497,0.894442,0.809042,0.97795,0.824075,0.894442,0.999697,0.999971,21510,485,4592,16750629,26102,21995,990231,0.02636,0.711459,0.81871,ok
lipidnet,ld,empiar_13420_macrophage_a431,EMPIAR-13420,240801_00178,partial,6,FIB/240801_HumanMP_Control/dataset/TIFs/240801_HumanMP_Control_0307.tif,0.681,0.720408,0.562999,0.978389,0.570088,0.720408,0.999556,0.999987,9598,212,7238,16760168,16836,9810,1278000,0.013174,0.517797,0.608456,ok
lipidnet,ld,empiar_13420_macrophage_a431,EMPIAR-13420,240801_00179,partial,6,FIB/240801_HumanMP_Control/dataset/TIFs/240801_HumanMP_Control_0307.tif,0.488,0.696147,0.533915,0.974762,0.541399,0.696147,0.999526,0.999986,9115,236,7721,16760144,16836,9351,1037736,0.016224,0.471204,0.592902,ok
lipidnet,ld,empiar_13420_macrophage_a431,EMPIAR-13420,240801_00180,partial,6,FIB/240801_HumanMP_Control/dataset/TIFs/240801_HumanMP_Control_0341.tif,0.482,0.853734,0.744796,0.998309,0.745737,0.853734,0.999518,0.999998,23616,40,8052,16745508,31668,23656,1494716,0.021187,0.664804,0.834207,ok
lipidnet,ld,empiar_13420_macrophage_a431,EMPIAR-13420,240801_00181,partial,6,FIB/240801_HumanMP_Control/dataset/TIFs/240801_HumanMP_Control_0341.tif,0.526,0.806511,0.675759,0.99972,0.675887,0.806511,0.999388,1.0,21404,6,10264,16745542,31668,21410,1248772,0.025359,0.521739,0.763185,ok
lipidnet,ld,empiar_13420_macrophage_a431,EMPIAR-13420,240801_00182,partial,6,FIB/240801_HumanMP_Control/dataset/TIFs/240801_HumanMP_Control_0375.tif,0.458,0.938642,0.884379,0.99917,0.885029,0.938642,0.99985,0.999999,19260,16,2502,16755438,21762,19276,1700842,0.012795,0.8378,0.899858,ok
lipidnet,ld,empiar_13420_macrophage_a431,EMPIAR-13420,240801_00183,partial,6,FIB/240801_HumanMP_Control/dataset/TIFs/240801_HumanMP_Control_0375.tif,0.483,0.923383,0.857671,0.999776,0.857836,0.923383,0.999823,1.0,17867,4,2961,16756384,20828,17871,1427660,0.014589,0.920279,0.88694,ok
lipidnet,ld,empiar_13420_macrophage_a431,EMPIAR-13420,240801_00184,partial,6,FIB/240801_HumanMP_Control/dataset/TIFs/240801_HumanMP_Control_0409.tif,0.486,0.942045,0.890439,0.978533,0.90818,0.942045,0.999892,0.999981,14678,322,1484,16760732,16162,15000,1752699,0.009221,0.566038,0.912133,ok
lipidnet,ld,empiar_13420_macrophage_a431,EMPIAR-13420,240801_00185,partial,6,FIB/240801_HumanMP_Control/dataset/TIFs/240801_HumanMP_Control_0409.tif,0.511,0.881679,0.788396,0.842829,0.924284,0.881679,0.999808,0.999866,12012,2240,984,16761980,12996,14252,1460160,0.0089,0.153846,0.732369,ok
lipidnet,ld,empiar_13420_macrophage_a431,EMPIAR-13420,240801_00186,partial,6,FIB/240801_HumanMP_Control/dataset/TIFs/240801_HumanMP_Control_0443.tif,0.541,0.909551,0.834107,0.973607,0.853404,0.909551,0.999514,0.999934,40983,1111,7040,16728082,48023,42094,1756050,0.027347,0.767069,0.870104,ok
lipidnet,ld,empiar_13420_macrophage_a431,EMPIAR-13420,240801_00187,partial,6,FIB/240801_HumanMP_Control/dataset/TIFs/240801_HumanMP_Control_0443.tif,0.528,0.916401,0.845701,0.982467,0.858659,0.916401,0.999619,0.999963,35023,625,5765,16735803,40788,35648,1467956,0.027786,0.695009,0.850721,ok
lipidnet,ld,empiar_13420_macrophage_a431,EMPIAR-13420,240801_00188,partial,6,FIB/240801_HumanMP_Control/dataset/TIFs/240801_HumanMP_Control_0477.tif,0.475,0.917605,0.847754,0.961738,0.877345,0.917605,0.999702,0.999934,27875,1109,3897,16744335,31772,28984,1745920,0.018198,0.673191,0.843659,ok
lipidnet,ld,empiar_13420_macrophage_a431,EMPIAR-13420,240801_00189,partial,6,FIB/240801_HumanMP_Control/dataset/TIFs/240801_HumanMP_Control_0477.tif,0.538,0.907063,0.829932,0.952155,0.86605,0.907063,0.999704,0.999927,24239,1218,3749,16748010,27988,25457,1478656,0.018928,0.640657,0.842676,ok
lipidnet,ld,empiar_13420_macrophage_a431,EMPIAR-13420,240801_00190,partial,6,FIB/240801_HumanMP_Control/dataset/TIFs/240801_HumanMP_Control_0511.tif,0.734,0.829666,0.708914,0.873653,0.789896,0.829666,0.99948,0.999817,21249,3073,5652,16747242,26901,24322,2242640,0.011995,0.282682,0.686379,ok
lipidnet,ld,empiar_13420_macrophage_a431,EMPIAR-13420,240801_00191,partial,6,FIB/240801_HumanMP_Control/dataset/TIFs/240801_HumanMP_Control_0511.tif,0.595,0.789815,0.65264,0.937989,0.682069,0.789815,0.999612,0.999952,12237,809,5704,16758466,17941,13046,1664640,0.010778,0.206304,0.627933,ok
lipidnet,ld,empiar_13420_macrophage_a431,EMPIAR-13420,240801_00192,partial,6,FIB/240801_HumanMP_Control/dataset/TIFs/240801_HumanMP_Control_0545.tif,0.756,0.801682,0.669007,0.858055,0.75226,0.801682,0.999188,0.999728,27541,4556,9070,16736049,36611,32097,2207238,0.016587,0.202703,0.65025,ok
lipidnet,ld,empiar_13420_macrophage_a431,EMPIAR-13420,240801_00193,partial,6,FIB/240801_HumanMP_Control/dataset/TIFs/240801_HumanMP_Control_0545.tif,0.646,0.809978,0.680641,0.95596,0.702674,0.809978,0.999386,0.99994,21967,1012,9295,16744942,31262,22979,1684870,0.018555,0.446345,0.66367,ok
lipidnet,ld,empiar_13420_macrophage_a431,EMPIAR-13420,240801_00194,partial,6,FIB/240801_HumanMP_Control/dataset/TIFs/240801_HumanMP_Control_0579.tif,1.145,0.817314,0.691066,0.812255,0.822437,0.817314,0.998969,0.999465,38708,8947,8357,16721204,47065,47655,2585184,0.018206,0.457732,0.644894,ok
lipidnet,ld,empiar_13420_macrophage_a431,EMPIAR-13420,240801_00195,partial,6,FIB/240801_HumanMP_Control/dataset/TIFs/240801_HumanMP_Control_0579.tif,0.728,0.847244,0.734973,0.867505,0.827908,0.847244,0.999236,0.999676,35533,5427,7386,16728870,42919,40960,1938048,0.022145,0.561307,0.672549,ok
lipidnet,ld,empiar_13420_macrophage_a431,EMPIAR-13420,240801_00196,partial,6,FIB/240801_HumanMP_Control/dataset/TIFs/240801_HumanMP_Control_0613.tif,0.778,0.805877,0.67487,0.859902,0.75824,0.805877,0.999106,0.999697,31125,5071,9924,16731096,41049,36196,2465120,0.016652,0.495667,0.704734,ok
lipidnet,ld,empiar_13420_macrophage_a431,EMPIAR-13420,240801_00197,partial,6,FIB/240801_HumanMP_Control/dataset/TIFs/240801_HumanMP_Control_0613.tif,0.722,0.815812,0.68892,0.938671,0.721391,0.815812,0.99924,0.99989,28254,1846,10912,16736204,39166,30100,1791800,0.021858,0.584295,0.729634,ok
lipidnet,ld,empiar_13420_macrophage_a431,EMPIAR-13420,240801_00198,partial,6,FIB/240801_HumanMP_Control/dataset/TIFs/240801_HumanMP_Control_0647.tif,0.749,0.901935,0.821386,0.943654,0.863749,0.901935,0.999359,0.999824,49422,2951,7796,16717047,57218,52373,2485158,0.023024,0.647532,0.813994,ok
lipidnet,ld,empiar_13420_macrophage_a431,EMPIAR-13420,240801_00199,partial,6,FIB/240801_HumanMP_Control/dataset/TIFs/240801_HumanMP_Control_0647.tif,0.749,0.926476,0.863023,0.982904,0.876175,0.926476,0.999526,0.999948,50133,872,7085,16719126,57218,51005,1814811,0.031528,0.819015,0.879795,ok
lipidnet,ld,empiar_13420_macrophage_a431,EMPIAR-13420,240801_00200,partial,6,FIB/240801_HumanMP_Control/dataset/TIFs/240801_HumanMP_Control_0681.tif,0.77,0.820805,0.696072,0.882722,0.767004,0.820805,0.999418,0.999823,22362,2971,6793,16745090,29155,25333,2480478,0.011754,0.32,0.639998,ok
lipidnet,ld,empiar_13420_macrophage_a431,EMPIAR-13420,240801_00201,partial,6,FIB/240801_HumanMP_Control/dataset/TIFs/240801_HumanMP_Control_0681.tif,0.772,0.83643,0.718848,0.992189,0.72294,0.83643,0.999526,0.99999,20324,160,7789,16748943,28113,20484,2176512,0.012917,0.579378,0.775671,ok
lipidnet,ld,empiar_13420_macrophage_a431,EMPIAR-13420,240801_00202,partial,6,FIB/240801_HumanMP_Control/dataset/TIFs/240801_HumanMP_Control_0715.tif,0.76,0.723169,0.566378,0.902256,0.603401,0.723169,0.999699,0.999957,6600,715,4338,16765563,10938,7315,2448368,0.004467,0.264368,0.65106,ok
lipidnet,ld,empiar_13420_macrophage_a431,EMPIAR-13420,240801_00203,partial,6,FIB/240801_HumanMP_Control/dataset/TIFs/240801_HumanMP_Control_0715.tif,0.672,0.724001,0.567399,0.993694,0.569449,0.724001,0.999785,0.999998,4727,30,3574,16768885,8301,4757,2220489,0.003738,0.421053,0.709595,ok
lipidnet,ld,empiar_13420_macrophage_a431,EMPIAR-13420,240801_00204,partial,6,FIB/240801_HumanMP_Control/dataset/TIFs/240801_HumanMP_Control_0749.tif,0.752,0.867606,0.76617,0.957954,0.792831,0.867606,0.999627,0.999946,20505,900,5358,16750453,25863,21405,2626840,0.009846,0.533333,0.830098,ok
lipidnet,ld,empiar_13420_macrophage_a431,EMPIAR-13420,240801_00205,partial,6,FIB/240801_HumanMP_Control/dataset/TIFs/240801_HumanMP_Control_0749.tif,0.688,0.785737,0.647089,0.974384,0.658288,0.785737,0.999675,0.999984,10004,263,5193,16761756,15197,10267,2334996,0.006508,0.787595,0.739809,ok
lipidnet,ld,empiar_13420_macrophage_a431,EMPIAR-13420,240801_00206,partial,6,FIB/240801_HumanMP_Control/dataset/TIFs/240801_HumanMP_Control_0783.tif,0.748,0.877511,0.781754,0.913792,0.844001,0.877511,0.999641,0.999879,21560,2034,3985,16749637,25545,23594,2672901,0.009557,0.593306,0.766253,ok
lipidnet,ld,empiar_13420_macrophage_a431,EMPIAR-13420,240801_00207,partial,6,FIB/240801_HumanMP_Control/dataset/TIFs/240801_HumanMP_Control_0783.tif,0.667,0.92012,0.852057,0.960548,0.882957,0.92012,0.999811,0.999955,18309,752,2427,16755728,20736,19061,2435084,0.008516,0.336898,0.869109,ok
lipidnet,ld,empiar_13420_macrophage_a431,EMPIAR-13420,240801_00208,partial,6,FIB/240801_HumanMP_Control/dataset/TIFs/240801_HumanMP_Control_0817.tif,0.673,0.607697,0.436469,0.45131,0.929935,0.607697,0.999693,0.99971,3995,4857,301,16768063,4296,8852,2651307,0.00162,0.035928,0.249364,ok
lipidnet,ld,empiar_13420_macrophage_a431,EMPIAR-13420,240801_00209,partial,6,FIB/240801_HumanMP_Control/dataset/TIFs/240801_HumanMP_Control_0817.tif,0.694,0.549135,0.378488,0.397642,0.887104,0.549135,0.999627,0.999656,3811,5773,485,16767147,4296,9584,2459082,0.001747,0.190045,0.2331,ok
lipidnet,ld,empiar_13420_macrophage_a431,EMPIAR-13420,240801_00210,partial,6,FIB/240801_HumanMP_Control/dataset/TIFs/240801_HumanMP_Control_0851.tif,0.736,0.830809,0.710584,0.98162,0.720166,0.830809,0.999483,0.999976,21309,399,8280,16747228,29589,21708,2804960,0.010549,0.716721,0.762962,ok
lipidnet,ld,empiar_13420_macrophage_a431,EMPIAR-13420,240801_00211,partial,6,FIB/240801_HumanMP_Control/dataset/TIFs/240801_HumanMP_Control_0851.tif,0.677,0.668012,0.501515,0.962838,0.511415,0.668012,0.999696,0.999988,5130,198,4901,16766987,10031,5328,2614730,0.003836,0.367521,0.598,ok
lipidnet,ld,empiar_13420_macrophage_a431,EMPIAR-13420,240801_00212,partial,6,FIB/240801_HumanMP_Control/dataset/TIFs/240801_HumanMP_Control_0885.tif,0.807,0.741544,0.589249,0.843851,0.661361,0.741544,0.999406,0.999842,14294,2645,7319,16752958,21613,16939,2668383,0.0081,0.179104,0.568732,ok
lipidnet,ld,empiar_13420_macrophage_a431,EMPIAR-13420,240801_00213,partial,6,FIB/240801_HumanMP_Control/dataset/TIFs/240801_HumanMP_Control_0885.tif,0.683,0.318843,0.189657,0.367852,0.281357,0.318843,0.999394,0.999756,2380,4090,6079,16764667,8459,6470,2500587,0.003383,0.034188,0.178625,ok
lipidnet,ld,empiar_13420_macrophage_a431,EMPIAR-13420,240801_00214,partial,6,FIB/240801_HumanMP_Control/dataset/TIFs/240801_HumanMP_Control_0919.tif,0.686,0.0,0.0,0.0,0.0,0.0,0.999853,0.999974,0,435,2038,16774743,2038,435,2714855,0.000751,0.0,0.0,ok
lipidnet,ld,empiar_13420_macrophage_a431,EMPIAR-13420,240801_00215,partial,6,FIB/240801_HumanMP_Control/dataset/TIFs/240801_HumanMP_Control_0919.tif,0.648,0.957094,0.917719,0.999771,0.917912,0.957094,0.999977,1.0,4361,1,390,16772464,4751,4362,2494284,0.001905,1.0,0.702289,ok
lipidnet,ld,empiar_13420_macrophage_a431,EMPIAR-13420,240801_00216,partial,6,FIB/240801_HumanMP_Control/dataset/TIFs/240801_HumanMP_Control_0953.tif,0.761,0.909482,0.83399,0.978654,0.849442,0.909482,0.999646,0.999961,29846,651,5290,16741429,35136,30497,2635357,0.013333,0.61939,0.869073,ok
lipidnet,ld,empiar_13420_macrophage_a431,EMPIAR-13420,240801_00217,partial,6,FIB/240801_HumanMP_Control/dataset/TIFs/240801_HumanMP_Control_0953.tif,0.666,0.935986,0.879674,0.986249,0.890597,0.935986,0.99988,0.999988,14775,206,1815,16760420,16590,14981,2375176,0.006985,0.949495,0.898376,ok
lipidnet,ld,empiar_13420_macrophage_a431,EMPIAR-13420,240801_00218,partial,6,FIB/240801_HumanMP_Control/dataset/TIFs/240801_HumanMP_Control_0987.tif,0.777,0.793703,0.657966,0.956618,0.678203,0.793703,0.99964,0.999969,11621,527,5514,16759554,17135,12148,2738960,0.006256,0.604423,0.698228,ok
lipidnet,ld,empiar_13420_macrophage_a431,EMPIAR-13420,240801_00219,partial,6,FIB/240801_HumanMP_Control/dataset/TIFs/240801_HumanMP_Control_0987.tif,1.031,0.723047,0.566229,0.745185,0.702187,0.723047,0.999862,0.999938,3018,1032,1280,16771886,4298,4050,2573250,0.00167,0.050847,0.418744,ok
lipidnet,ld,empiar_13420_macrophage_a431,EMPIAR-13420,240801_00220,partial,6,FIB/240801_HumanMP_Control/dataset/TIFs/240801_HumanMP_Control_1021.tif,0.713,0.780866,0.640509,0.880032,0.701785,0.780866,0.999707,0.999929,8766,1195,3725,16763530,12491,9961,2923074,0.004273,0.365297,0.67051,ok
lipidnet,ld,empiar_13420_macrophage_a431,EMPIAR-13420,240801_00221,partial,6,FIB/240801_HumanMP_Control/dataset/TIFs/240801_HumanMP_Control_1021.tif,1.034,0.862788,0.758687,0.971509,0.775952,0.862788,0.999895,0.99999,5524,162,1595,16769935,7119,5686,2722506,0.002615,0.857143,0.795637,ok
lipidnet,ld,empiar_13420_macrophage_a431,EMPIAR-13420,240801_00222,partial,6,FIB/240801_HumanMP_Control/dataset/TIFs/240801_HumanMP_Control_1055.tif,0.704,0.813403,0.685492,0.760981,0.873581,0.813403,0.999834,0.999886,6081,1910,880,16768345,6961,7991,2906370,0.002395,0.5,0.623725,ok
lipidnet,ld,empiar_13420_macrophage_a431,EMPIAR-13420,240801_00224,partial,6,FIB/240801_HumanMP_Control/dataset/TIFs/240801_HumanMP_Control_1089.tif,0.644,0.833223,0.714124,0.847633,0.819295,0.833223,0.999729,0.999878,11371,2044,2508,16761293,13879,13415,2945180,0.004712,0.623377,0.716343,ok
lipidnet,ld,empiar_13420_macrophage_a431,EMPIAR-13420,240801_00225,partial,6,FIB/240801_HumanMP_Control/dataset/TIFs/240801_HumanMP_Control_1089.tif,0.765,0.814365,0.686859,0.811036,0.817721,0.814365,0.99986,0.999928,5159,1202,1150,16769705,6309,6361,2719756,0.00232,0.523139,0.669545,ok
lipidnet,ld,empiar_13420_macrophage_a431,EMPIAR-13420,240801_00226,partial,6,FIB/240801_HumanMP_Control/dataset/TIFs/240801_HumanMP_Control_1123.tif,0.704,0.599474,0.428035,0.557782,0.647903,0.599474,0.999619,0.999774,4788,3796,2602,16766030,7390,8584,2983570,0.002477,0.510638,0.579448,ok
lipidnet,ld,empiar_13420_macrophage_a431,EMPIAR-13420,240801_00227,partial,6,FIB/240801_HumanMP_Control/dataset/TIFs/240801_HumanMP_Control_1123.tif,0.71,0.664885,0.497998,0.526038,0.903314,0.664885,0.999761,0.999786,3980,3586,426,16769224,4406,7566,2738185,0.001609,0.0625,0.465554,ok
lipidnet,ld,empiar_13420_macrophage_a431,EMPIAR-13420,240801_00228,partial,6,FIB/240801_HumanMP_Control/dataset/TIFs/240801_HumanMP_Control_1157.tif,0.773,0.62226,0.451653,0.680136,0.573462,0.62226,0.999711,0.999888,3989,1876,2967,16768384,6956,5865,2948024,0.00236,0.448,0.461951,ok
lipidnet,ld,empiar_13420_macrophage_a431,EMPIAR-13420,240801_00229,partial,6,FIB/240801_HumanMP_Control/dataset/TIFs/240801_HumanMP_Control_1157.tif,0.688,0.724335,0.56781,0.702079,0.748048,0.724335,0.999652,0.999806,7666,3253,2582,16763715,10248,10919,2736176,0.003745,0.629797,0.553784,ok
lipidnet,ld,empiar_13420_macrophage_a431,EMPIAR-13420,240801_00230,partial,6,FIB/240801_HumanMP_Control/dataset/TIFs/240801_HumanMP_Control_1191.tif,0.783,0.777744,0.636318,0.878019,0.698025,0.777744,0.999656,0.999916,10106,1404,4372,16761334,14478,11510,2936250,0.004931,0.444124,0.59599,ok
lipidnet,ld,empiar_13420_macrophage_a431,EMPIAR-13420,240801_00231,partial,6,FIB/240801_HumanMP_Control/dataset/TIFs/240801_HumanMP_Control_1191.tif,0.664,0.671848,0.505852,0.710972,0.636806,0.671848,0.999748,0.999895,4322,1757,2465,16768672,6787,6079,2718576,0.002497,0.273973,0.35655,ok
lipidnet,ld,empiar_13420_macrophage_a431,EMPIAR-13420,240801_00232,partial,6,FIB/240801_HumanMP_Control/dataset/TIFs/240801_HumanMP_Control_1225.tif,0.676,0.856022,0.748285,0.996361,0.750336,0.856022,0.99972,0.999997,13963,51,4646,16758556,18609,14014,3230850,0.00576,0.794341,0.723585,ok
lipidnet,ld,empiar_13420_macrophage_a431,EMPIAR-13420,240801_00233,partial,6,FIB/240801_HumanMP_Control/dataset/TIFs/240801_HumanMP_Control_1225.tif,0.65,0.774446,0.631915,0.965836,0.646363,0.774446,0.999746,0.999985,7322,259,4006,16765629,11328,7581,3120350,0.00363,0.468293,0.74826,ok
lipidnet,ld,empiar_13420_macrophage_a431,EMPIAR-13420,240801_00234,partial,6,FIB/240801_HumanMP_Control/dataset/TIFs/240801_HumanMP_Control_1259.tif,0.665,0.71398,0.555185,0.625491,0.831631,0.71398,0.999308,0.999482,14492,8677,2934,16751113,17426,23169,3271632,0.005326,0.272727,0.478926,ok
lipidnet,ld,empiar_13420_macrophage_a431,EMPIAR-13420,240801_00235,partial,6,FIB/240801_HumanMP_Control/dataset/TIFs/240801_HumanMP_Control_1259.tif,0.66,0.720461,0.563063,0.598199,0.905538,0.720461,0.999118,0.999236,19067,12807,1989,16743353,21056,31874,3143232,0.006699,0.224359,0.47036,ok
lipidnet,ld,empiar_13420_macrophage_a431,EMPIAR-13420,240801_00236,partial,6,FIB/240801_HumanMP_Control/dataset/TIFs/240801_HumanMP_Control_1293.tif,0.74,0.164082,0.089374,0.10674,0.354557,0.164082,0.999161,0.999311,1381,11557,2514,16761764,3895,12938,3567375,0.001092,0.094118,0.096949,ok
lipidnet,ld,empiar_13420_macrophage_a431,EMPIAR-13420,240801_00239,partial,6,FIB/240801_HumanMP_Control/dataset/TIFs/240801_HumanMP_Control_1327.tif,0.667,0.0,0.0,0.0,0.0,0.0,0.999862,0.999907,0,1553,770,16774893,770,1553,3112160,0.000247,0.0,0.0,ok
lipidnet,ld,empiar_13420_macrophage_a431,EMPIAR-13420,240801_00240,partial,6,FIB/240801_HumanMP_Control/dataset/TIFs/240801_HumanMP_Control_1361.tif,0.65,0.748997,0.598717,0.807304,0.698545,0.748997,0.999866,0.999952,3360,802,1450,16771604,4810,4162,3211494,0.001498,0.083333,0.523132,ok
lipidnet,ld,empiar_13420_macrophage_a431,EMPIAR-13420,240801_00241,partial,6,FIB/240801_HumanMP_Control/dataset/TIFs/240801_HumanMP_Control_1361.tif,0.669,0.90695,0.829743,0.964986,0.855499,0.90695,0.999961,0.999993,3197,116,540,16773363,3737,3313,3108490,0.001202,0.580645,0.833662,ok
lipidnet,ld,empiar_13420_macrophage_a431,EMPIAR-13420,240801_00242,partial,6,FIB/240801_HumanMP_Control/dataset/TIFs/240801_HumanMP_Control_1395.tif,0.668,0.589784,0.418222,0.507365,0.704173,0.589784,0.999654,0.999759,4168,4047,1751,16767250,5919,8215,3218708,0.001839,0.08982,0.310559,ok
lipidnet,ld,empiar_13420_macrophage_a431,EMPIAR-13420,240801_00243,partial,6,FIB/240801_HumanMP_Control/dataset/TIFs/240801_HumanMP_Control_1395.tif,0.697,0.781533,0.641407,0.747949,0.818275,0.781533,0.999866,0.999919,4012,1352,891,16770961,4903,5364,3175038,0.001544,0.515464,0.55789,ok
lipidnet,ld,empiar_13420_macrophage_a431,EMPIAR-13420,240801_00244,partial,6,FIB/240801_HumanMP_Control/dataset/TIFs/240801_HumanMP_Control_1429.tif,0.685,0.818067,0.692143,0.816893,0.819245,0.818067,0.999751,0.999874,9391,2105,2072,16763648,11463,11496,3303445,0.00347,0.607362,0.690074,ok
lipidnet,ld,empiar_13420_macrophage_a431,EMPIAR-13420,240801_00245,partial,6,FIB/240801_HumanMP_Control/dataset/TIFs/240801_HumanMP_Control_1429.tif,0.647,0.817338,0.6911,0.745408,0.904633,0.817338,0.999876,0.999905,4667,1594,492,16770463,5159,6261,3328911,0.00155,0.205128,0.75969,ok
lipidnet,ld,empiar_13420_macrophage_a431,EMPIAR-13420,240801_00246,partial,6,FIB/240801_HumanMP_Control/dataset/TIFs/240801_HumanMP_Control_1463.tif,0.756,0.446116,0.287098,0.446085,0.446147,0.446116,0.999526,0.999763,3202,3976,3975,16766063,7177,7178,3136481,0.002288,0.362989,0.496132,ok
lipidnet,ld,empiar_13420_macrophage_a431,EMPIAR-13420,240801_00247,partial,6,FIB/240801_HumanMP_Control/dataset/TIFs/240801_HumanMP_Control_1463.tif,0.728,0.630034,0.45989,0.486737,0.892909,0.630034,0.999654,0.99969,4936,5205,592,16766483,5528,10141,3186650,0.001735,0.125,0.405416,ok
lipidnet,ld,empiar_13420_macrophage_a431,EMPIAR-13420,240801_00248,partial,6,FIB/240801_HumanMP_Control/dataset/TIFs/240801_HumanMP_Control_1497.tif,1.0,0.55647,0.385492,0.708724,0.458065,0.55647,0.999663,0.999913,3550,1459,4200,16768007,7750,5009,3103836,0.002497,0.285714,0.372207,ok
lipidnet,ld,empiar_13420_macrophage_a431,EMPIAR-13420,240801_00249,partial,6,FIB/240801_HumanMP_Control/dataset/TIFs/240801_HumanMP_Control_1497.tif,0.646,0.538959,0.368887,0.627244,0.47246,0.538959,0.999758,0.999916,2376,1412,2653,16770775,5029,3788,3179664,0.001582,0.357143,0.327869,ok
lipidnet,ld,empiar_13420_macrophage_a431,EMPIAR-13420,240801_00250,partial,6,FIB/240801_HumanMP_Control/dataset/TIFs/240801_HumanMP_Control_1531.tif,0.734,0.937999,0.883237,0.969543,0.908442,0.937999,0.99997,0.999993,3820,120,385,16772891,4205,3940,3084648,0.001363,0.32,0.864775,ok
lipidnet,ld,empiar_13420_macrophage_a431,EMPIAR-13420,240801_00251,partial,6,FIB/240801_HumanMP_Control/dataset/TIFs/240801_HumanMP_Control_1531.tif,0.697,0.754396,0.605646,0.702315,0.81482,0.754396,0.999525,0.999691,12228,5183,2779,16757026,15007,17411,3165844,0.00474,0.855397,0.793095,ok
lipidnet,ld,empiar_13420_macrophage_a431,EMPIAR-13420,240801_00252,partial,6,FIB/240801_HumanMP_Control/dataset/TIFs/240801_HumanMP_Control_1565.tif,0.675,0.622404,0.451804,0.551466,0.714286,0.622404,0.999702,0.9998,4120,3351,1648,16768097,5768,7471,3078800,0.001873,0.327731,0.428907,ok
lipidnet,ld,empiar_13420_macrophage_a431,EMPIAR-13420,240801_00253,partial,6,FIB/240801_HumanMP_Control/dataset/TIFs/240801_HumanMP_Control_1565.tif,0.897,0.708632,0.548745,0.578874,0.913369,0.708632,0.999898,0.99991,2077,1511,197,16773431,2274,3588,3202500,0.00071,0.12,0.475524,ok
lipidnet,ld,empiar_13420_macrophage_a431,EMPIAR-13420,240801_00254,partial,6,FIB/240801_HumanMP_Control/dataset/TIFs/240801_HumanMP_Control_1599.tif,0.714,0.782791,0.643103,0.947663,0.666786,0.782791,0.999692,0.999969,9325,515,4660,16762716,13985,9840,2975232,0.0047,0.424923,0.689966,ok
lipidnet,ld,empiar_13420_macrophage_a431,EMPIAR-13420,240801_00255,partial,6,FIB/240801_HumanMP_Control/dataset/TIFs/240801_HumanMP_Control_1599.tif,0.715,0.922348,0.855887,0.918001,0.926737,0.922348,0.999948,0.999973,5161,461,408,16771186,5569,5622,3407872,0.001634,0.16,0.789116,ok
lipidnet,ld,empiar_13420_macrophage_a431,EMPIAR-13420,240801_00256,partial,6,FIB/240801_HumanMP_Control/dataset/TIFs/240801_HumanMP_Control_1633.tif,0.722,0.224843,0.126661,0.425477,0.152793,0.224843,0.999596,0.999921,982,1326,5445,16769463,6427,2308,2993475,0.002147,0.0,0.221905,ok
lipidnet,ld,empiar_13420_macrophage_a431,EMPIAR-13420,240801_00257,partial,6,FIB/240801_HumanMP_Control/dataset/TIFs/240801_HumanMP_Control_1633.tif,0.792,0.407738,0.256075,0.275539,0.783784,0.407738,0.998544,0.998681,8410,22112,2320,16744374,10730,30522,3407872,0.003149,0.570025,0.414389,ok
lipidnet,ld,empiar_13420_macrophage_a431,EMPIAR-13420,240801_00258,partial,6,FIB/240801_HumanMP_Control/dataset/TIFs/240801_HumanMP_Control_1667.tif,0.659,0.0,0.0,0.0,0.0,0.0,0.999561,0.999805,0,3266,4092,16769858,4092,3266,2991626,0.001368,0.0,0.0,ok
lipidnet,ld,empiar_13420_macrophage_a431,EMPIAR-13420,240801_00259,partial,6,FIB/240801_HumanMP_Control/dataset/TIFs/240801_HumanMP_Control_1667.tif,0.961,0.744085,0.592464,0.617837,0.935178,0.744085,0.999426,0.999484,13994,8656,970,16753596,14964,22650,3411968,0.004386,0.179775,0.643443,ok
lipidnet,ld,empiar_13420_macrophage_a431,EMPIAR-13420,240801_00261,partial,6,FIB/240801_HumanMP_Control/dataset/TIFs/240801_HumanMP_Control_1701.tif,0.706,0.777637,0.636176,0.82551,0.735013,0.777637,0.99979,0.999922,6155,1301,2219,16767541,8374,7456,3481600,0.002405,0.058824,0.506324,ok
lipidnet,ld,empiar_13420_macrophage_a431,EMPIAR-13420,240801_00263,partial,6,FIB/240801_HumanMP_Control/dataset/TIFs/240801_HumanMP_Control_1735.tif,0.65,0.0,0.0,0.0,0.0,0.0,0.999667,0.99987,0,2173,3417,16771626,3417,2173,3469312,0.000985,0.0,0.0,ok
lipidnet,ld,empiar_13420_macrophage_a431,EMPIAR-13420,240801_00264,partial,6,FIB/240801_HumanMP_Control/dataset/TIFs/240801_HumanMP_Control_1769.tif,0.692,0.575347,0.403851,0.673195,0.502334,0.575347,0.999564,0.999857,4950,2403,4904,16764959,9854,7353,3022821,0.00326,0.259928,0.401849,ok
lipidnet,ld,empiar_13420_macrophage_a431,EMPIAR-13420,240801_00265,partial,6,FIB/240801_HumanMP_Control/dataset/TIFs/240801_HumanMP_Control_1769.tif,0.797,0.739304,0.586425,0.753839,0.725318,0.739304,0.999356,0.999701,15318,5002,5801,16751095,21119,20320,3510272,0.006016,0.29872,0.506967,ok
lipidnet,ld,empiar_13420_macrophage_a431,EMPIAR-13420,240801_00266,partial,6,FIB/240801_HumanMP_Control/dataset/TIFs/240801_HumanMP_Control_1803.tif,0.742,0.839557,0.723479,0.937561,0.760102,0.839557,0.999803,0.999966,8634,575,2725,16765282,11359,9209,2996072,0.003791,0.703125,0.775987,ok
lipidnet,ld,empiar_13420_macrophage_a431,EMPIAR-13420,240801_00267,partial,6,FIB/240801_HumanMP_Control/dataset/TIFs/240801_HumanMP_Control_1803.tif,0.735,0.782708,0.642991,0.968103,0.656907,0.782708,0.999465,0.999968,16177,533,8449,16752057,24626,16710,3510272,0.007015,0.567874,0.765889,ok
lipidnet,ld,empiar_13420_macrophage_a431,EMPIAR-13420,240801_00268,partial,6,FIB/240801_HumanMP_Control/dataset/TIFs/240801_HumanMP_Control_1837.tif,0.705,0.196964,0.10924,0.122591,0.50076,0.196964,0.99936,0.999438,1317,9426,1313,16765160,2630,10743,3336985,0.000788,0.019704,0.156295,ok
lipidnet,ld,empiar_13420_macrophage_a431,EMPIAR-13420,240801_00269,partial,6,FIB/240801_HumanMP_Control/dataset/TIFs/240801_HumanMP_Control_1837.tif,0.701,0.705799,0.545355,0.651737,0.76964,0.705799,0.99931,0.999557,13882,7418,4155,16751761,18037,21300,3555328,0.005073,0.26,0.608756,ok
lipidnet,ld,empiar_13420_macrophage_a431,EMPIAR-13420,240801_00270,partial,6,FIB/240801_HumanMP_Control/dataset/TIFs/240801_HumanMP_Control_1871.tif,0.767,0.719234,0.561565,0.715865,0.722634,0.719234,0.99941,0.9997,12688,5036,4870,16754622,17558,17724,3233160,0.005431,0.481481,0.539329,ok
lipidnet,ld,empiar_13420_macrophage_a431,EMPIAR-13420,240801_00271,partial,6,FIB/240801_HumanMP_Control/dataset/TIFs/240801_HumanMP_Control_1871.tif,0.768,0.809556,0.680046,0.82261,0.79691,0.809556,0.999416,0.999732,20840,4494,5311,16746571,26151,25334,3440640,0.007601,0.478178,0.671293,ok
lipidnet,ld,empiar_13420_macrophage_a431,EMPIAR-13420,240801_00272,partial,6,FIB/240801_HumanMP_Control/dataset/TIFs/240801_HumanMP_Control_1905.tif,0.726,0.450858,0.291038,0.297478,0.930758,0.450858,0.999342,0.999362,4530,10698,337,16761651,4867,15228,2959476,0.001645,0.025478,0.212944,ok
lipidnet,ld,empiar_13420_macrophage_a431,EMPIAR-13420,240801_00273,partial,6,FIB/240801_HumanMP_Control/dataset/TIFs/240801_HumanMP_Control_1905.tif,0.718,0.728644,0.573123,0.663051,0.808639,0.728644,0.999243,0.999483,17055,8667,4036,16747458,21091,25722,3248128,0.006493,0.309464,0.527926,ok
lipidnet,ld,empiar_13420_macrophage_a431,EMPIAR-13420,240801_00274,partial,6,FIB/240801_HumanMP_Control/dataset/TIFs/240801_HumanMP_Control_1939.tif,0.756,0.360251,0.219699,0.270398,0.539541,0.360251,0.999064,0.999289,4421,11929,3773,16757093,8194,16350,3102886,0.002641,0.232687,0.256765,ok
lipidnet,ld,empiar_13420_macrophage_a431,EMPIAR-13420,240801_00275,partial,6,FIB/240801_HumanMP_Control/dataset/TIFs/240801_HumanMP_Control_1939.tif,0.733,0.55241,0.381606,0.510261,0.602149,0.55241,0.999042,0.999432,9921,9522,6555,16751218,16476,19443,3321856,0.00496,0.172674,0.360407,ok
lipidnet,ld,empiar_13420_macrophage_a431,EMPIAR-13420,240801_00276,partial,6,FIB/240801_HumanMP_Control/dataset/TIFs/240801_HumanMP_Control_1973.tif,0.767,0.695863,0.533582,0.641685,0.760035,0.695863,0.999179,0.999475,15754,8797,4974,16747691,20728,24551,3167710,0.006544,0.209059,0.381397,ok
lipidnet,ld,empiar_13420_macrophage_a431,EMPIAR-13420,240801_00277,partial,6,FIB/240801_HumanMP_Control/dataset/TIFs/240801_HumanMP_Control_1973.tif,0.75,0.75577,0.60742,0.670807,0.865377,0.75577,0.998683,0.998998,34185,16776,5318,16720937,39503,50961,3383296,0.011676,0.304624,0.55584,ok
lipidnet,ld,empiar_13420_macrophage_a431,EMPIAR-13420,240801_00278,partial,6,FIB/240801_HumanMP_Control/dataset/TIFs/240801_HumanMP_Control_2007.tif,0.796,0.823437,0.699867,0.943057,0.730747,0.823437,0.999408,0.999917,23153,1398,8531,16744134,31684,24551,3052257,0.010381,0.54923,0.753466,ok
lipidnet,ld,empiar_13420_macrophage_a431,EMPIAR-13420,240801_00279,partial,6,FIB/240801_HumanMP_Control/dataset/TIFs/240801_HumanMP_Control_2007.tif,0.785,0.88333,0.791039,0.943488,0.830384,0.88333,0.999517,0.99989,30686,1838,6268,16738424,36954,32524,3248128,0.011377,0.724065,0.789039,ok
lipidnet,ld,empiar_13420_macrophage_a431,EMPIAR-13420,240801_00280,partial,6,FIB/240801_HumanMP_Control/dataset/TIFs/240801_HumanMP_Control_2041.tif,0.813,0.551576,0.380811,0.424802,0.786202,0.551576,0.999006,0.999172,10256,13887,2789,16750284,13045,24143,3686697,0.003538,0.361474,0.459497,ok
lipidnet,ld,empiar_13420_macrophage_a431,EMPIAR-13420,240801_00281,partial,6,FIB/240801_HumanMP_Control/dataset/TIFs/240801_HumanMP_Control_2041.tif,0.754,0.595128,0.423618,0.50555,0.723288,0.595128,0.999184,0.999413,10066,9845,3851,16753454,13917,19911,3985408,0.003492,0.252947,0.456361,ok
lipidnet,ld,empiar_13420_macrophage_a431,EMPIAR-13420,240801_00282,partial,6,FIB/240801_HumanMP_Control/dataset/TIFs/240801_HumanMP_Control_2075.tif,0.795,0.175224,0.096025,0.099404,0.738576,0.175224,0.99581,0.995965,7467,67651,2643,16699455,10110,75118,2722615,0.003713,0.154176,0.256904,ok
lipidnet,ld,empiar_13420_macrophage_a431,EMPIAR-13420,240801_00283,partial,6,FIB/240801_HumanMP_Control/dataset/TIFs/240801_HumanMP_Control_2075.tif,0.736,0.700101,0.538581,0.609305,0.822697,0.700101,0.999205,0.999404,15572,9985,3356,16748303,18928,25557,2931049,0.006458,0.044728,0.35997,ok
lipidnet,ld,empiar_13420_macrophage_a431,EMPIAR-13420,240801_00284,partial,6,FIB/240801_HumanMP_Control/dataset/TIFs/240801_HumanMP_Control_2109.tif,0.778,0.40861,0.256763,0.281366,0.74596,0.40861,0.995794,0.996282,24375,62256,8301,16682284,32676,86631,2706528,0.012073,0.246481,0.509884,ok
lipidnet,ld,empiar_13420_macrophage_a431,EMPIAR-13420,240801_00285,partial,6,FIB/240801_HumanMP_Control/dataset/TIFs/240801_HumanMP_Control_2109.tif,0.755,0.712215,0.553055,0.635411,0.81014,0.712215,0.998686,0.999065,27275,15650,6392,16727899,33667,42925,2959380,0.011376,0.227936,0.513036,ok
lipidnet,ld,empiar_13420_macrophage_a431,EMPIAR-13420,240801_00286,partial,6,FIB/240801_HumanMP_Control/dataset/TIFs/240801_HumanMP_Control_2143.tif,1.022,0.467657,0.305191,0.341156,0.743257,0.467657,0.997958,0.998266,15045,29055,5197,16727919,20242,44100,2651307,0.007635,0.086082,0.422721,ok
lipidnet,ld,empiar_13420_macrophage_a431,EMPIAR-13420,240801_00287,partial,6,FIB/240801_HumanMP_Control/dataset/TIFs/240801_HumanMP_Control_2143.tif,0.757,0.843976,0.730068,0.944175,0.763004,0.843976,0.999454,0.999913,24761,1464,7691,16743300,32452,26225,2830280,0.011466,0.555053,0.763992,ok
lipidnet,ld,empiar_13420_macrophage_a431,EMPIAR-13420,240801_00288,partial,6,FIB/240801_HumanMP_Control/dataset/TIFs/240801_HumanMP_Control_2177.tif,0.745,0.650571,0.482108,0.692236,0.613636,0.650571,0.999149,0.999648,13284,5906,8364,16749662,21648,19190,2514362,0.00861,0.417621,0.541568,ok
lipidnet,ld,empiar_13420_macrophage_a431,EMPIAR-13420,240801_00289,partial,6,FIB/240801_HumanMP_Control/dataset/TIFs/240801_HumanMP_Control_2177.tif,0.773,0.687287,0.523562,0.721794,0.655929,0.687287,0.999009,0.99958,18265,7040,9581,16742330,27846,25305,2842624,0.009796,0.392157,0.551062,ok
lipidnet,ld,empiar_13420_macrophage_a431,EMPIAR-13420,240801_00290,partial,6,FIB/240801_HumanMP_Control/dataset/TIFs/240801_HumanMP_Control_2211.tif,0.761,0.743613,0.591866,0.700286,0.792654,0.743613,0.999164,0.999481,20330,8701,5318,16742867,25648,29031,2513024,0.010206,0.348773,0.58754,ok
lipidnet,ld,empiar_13420_macrophage_a431,EMPIAR-13420,240801_00291,partial,6,FIB/240801_HumanMP_Control/dataset/TIFs/240801_HumanMP_Control_2211.tif,0.766,0.706838,0.546597,0.686399,0.728532,0.706838,0.998981,0.999438,20616,9419,7682,16739499,28298,30035,2744558,0.010311,0.306977,0.57025,ok
lipidnet,ld,empiar_13420_macrophage_a431,EMPIAR-13420,240801_00292,partial,6,FIB/240801_HumanMP_Control/dataset/TIFs/240801_HumanMP_Control_2245.tif,0.737,0.406556,0.255143,0.324554,0.544005,0.406556,0.999003,0.999289,5730,11925,4803,16754758,10533,17655,2545058,0.004139,0.245014,0.289882,ok
lipidnet,ld,empiar_13420_macrophage_a431,EMPIAR-13420,240801_00293,partial,6,FIB/240801_HumanMP_Control/dataset/TIFs/240801_HumanMP_Control_2245.tif,0.807,0.629439,0.459257,0.606662,0.653993,0.629439,0.999305,0.999617,9908,6424,5242,16755642,15150,16332,2692674,0.005626,0.279029,0.433773,ok
lipidnet,ld,empiar_13420_macrophage_a431,EMPIAR-13420,240801_00294,partial,6,FIB/240801_HumanMP_Control/dataset/TIFs/240801_HumanMP_Control_2279.tif,0.773,0.6868,0.522998,0.617869,0.773043,0.6868,0.998549,0.999014,26687,16505,7835,16726189,34522,43192,2395886,0.014409,0.47098,0.576135,ok
lipidnet,ld,empiar_13420_macrophage_a431,EMPIAR-13420,240801_00295,partial,6,FIB/240801_HumanMP_Control/dataset/TIFs/240801_HumanMP_Control_2279.tif,0.803,0.796389,0.661667,0.856773,0.743956,0.796389,0.999072,0.999696,30436,5088,10475,16731217,40911,35524,2596864,0.015754,0.419539,0.662095,ok
lipidnet,ld,empiar_13420_macrophage_a431,EMPIAR-13420,240801_00296,partial,6,FIB/240801_HumanMP_Control/dataset/TIFs/240801_HumanMP_Control_2313.tif,0.781,0.777388,0.635842,0.753513,0.802825,0.777388,0.999187,0.999535,23811,7789,5848,16739768,29659,31600,2465262,0.012031,0.472502,0.639782,ok
lipidnet,ld,empiar_13420_macrophage_a431,EMPIAR-13420,240801_00297,partial,6,FIB/240801_HumanMP_Control/dataset/TIFs/240801_HumanMP_Control_2313.tif,0.755,0.827602,0.705906,0.833453,0.821833,0.827602,0.999338,0.999682,26643,5324,5776,16739473,32419,31967,2633728,0.012309,0.437809,0.68727,ok
lipidnet,ld,empiar_13420_macrophage_a431,EMPIAR-13420,240801_00298,partial,6,FIB/240801_HumanMP_Control/dataset/TIFs/240801_HumanMP_Control_2347.tif,0.732,0.588002,0.416432,0.66491,0.527041,0.588002,0.998651,0.999514,16148,8138,14491,16738439,30639,24286,2423671,0.012642,0.369195,0.45941,ok
lipidnet,ld,empiar_13420_macrophage_a431,EMPIAR-13420,240801_00299,partial,6,FIB/240801_HumanMP_Control/dataset/TIFs/240801_HumanMP_Control_2347.tif,0.734,0.647735,0.479001,0.705141,0.598973,0.647735,0.998306,0.999347,26129,10926,17494,16722667,43623,37055,2584576,0.016878,0.261343,0.463799,ok
lipidnet,ld,empiar_13420_macrophage_a431,EMPIAR-13420,240801_00300,partial,6,FIB/240801_HumanMP_Control/dataset/TIFs/240801_HumanMP_Control_2381.tif,0.741,0.596221,0.424725,0.524555,0.690568,0.596221,0.999201,0.999465,9891,8965,4432,16753928,14323,18856,2366940,0.006051,0.103194,0.352329,ok
lipidnet,ld,empiar_13420_macrophage_a431,EMPIAR-13420,240801_00301,partial,6,FIB/240801_HumanMP_Control/dataset/TIFs/240801_HumanMP_Control_2381.tif,1.015,0.594736,0.423221,0.574178,0.616822,0.594736,0.998895,0.999398,13604,10089,8451,16745072,22055,23693,2529474,0.008719,0.211947,0.384742,ok
lipidnet,ld,empiar_13420_macrophage_a431,EMPIAR-13420,240801_00302,partial,6,FIB/240801_HumanMP_Control/dataset/TIFs/240801_HumanMP_Control_2415.tif,0.768,0.789807,0.652629,0.871392,0.722191,0.789807,0.999339,0.999816,20828,3074,8012,16745302,28840,23902,2116376,0.013627,0.426365,0.715308,ok
lipidnet,ld,empiar_13420_macrophage_a431,EMPIAR-13420,240801_00303,partial,6,FIB/240801_HumanMP_Control/dataset/TIFs/240801_HumanMP_Control_2415.tif,0.786,0.781385,0.641208,0.95828,0.659621,0.781385,0.999219,0.999939,23406,1019,12078,16740713,35484,24425,2233100,0.01589,0.558491,0.74244,ok
lipidnet,ld,empiar_13420_macrophage_a431,EMPIAR-13420,240801_00304,partial,6,FIB/240801_HumanMP_Control/dataset/TIFs/240801_HumanMP_Control_2449.tif,0.981,0.763686,0.617712,0.794952,0.734785,0.763686,0.999263,0.999692,19970,5151,7208,16744887,27178,25121,1982235,0.013711,0.442869,0.664445,ok
lipidnet,ld,empiar_13420_macrophage_a431,EMPIAR-13420,240801_00305,partial,6,FIB/240801_HumanMP_Control/dataset/TIFs/240801_HumanMP_Control_2449.tif,0.789,0.800657,0.66758,0.92614,0.70512,0.800657,0.999306,0.999889,23398,1866,9785,16742167,33183,25264,2052790,0.016165,0.560935,0.759129,ok
lipidnet,ld,empiar_13420_macrophage_a431,EMPIAR-13420,240801_00306,partial,6,FIB/240801_HumanMP_Control/dataset/TIFs/240801_HumanMP_Control_2483.tif,0.835,0.58143,0.40987,0.611259,0.554376,0.58143,0.998408,0.999296,18545,11794,14907,16731970,33452,30339,1934862,0.017289,0.322148,0.453374,ok
lipidnet,ld,empiar_13420_macrophage_a431,EMPIAR-13420,240801_00307,partial,6,FIB/240801_HumanMP_Control/dataset/TIFs/240801_HumanMP_Control_2483.tif,0.847,0.649239,0.480647,0.718494,0.592161,0.649239,0.998599,0.999491,21756,8524,14984,16731952,36740,30280,1958910,0.018755,0.276351,0.515993,ok
lipidnet,ld,empiar_13420_macrophage_a431,EMPIAR-13420,240801_00308,partial,6,FIB/240801_HumanMP_Control/dataset/TIFs/240801_HumanMP_Control_2517.tif,0.836,0.730496,0.575418,0.768027,0.696462,0.730496,0.998895,0.999547,25136,7592,10955,16733533,36091,32728,1685576,0.021412,0.4714,0.620832,ok
lipidnet,ld,empiar_13420_macrophage_a431,EMPIAR-13420,240801_00309,partial,6,FIB/240801_HumanMP_Control/dataset/TIFs/240801_HumanMP_Control_2517.tif,0.866,0.717845,0.559873,0.803111,0.648946,0.717845,0.998839,0.999637,24780,6075,13405,16732956,38185,30855,1561752,0.02445,0.467967,0.640657,ok
lipidnet,ld,empiar_13420_macrophage_a431,EMPIAR-13420,240801_00310,partial,6,FIB/240801_HumanMP_Control/dataset/TIFs/240801_HumanMP_Control_2551.tif,0.832,0.635379,0.465608,0.630575,0.640256,0.635379,0.999486,0.999738,7507,4398,4218,16761093,11725,11905,1601900,0.007319,0.396975,0.375613,ok
lipidnet,ld,empiar_13420_macrophage_a431,EMPIAR-13420,240801_00311,partial,6,FIB/240801_HumanMP_Control/dataset/TIFs/240801_HumanMP_Control_2551.tif,0.807,0.636881,0.467223,0.626333,0.647791,0.636881,0.999441,0.999707,8225,4907,4472,16759612,12697,13132,1431335,0.008871,0.211664,0.412609,ok
lipidnet,ld,empiar_13420_macrophage_a431,EMPIAR-13420,240801_00312,partial,6,FIB/240801_HumanMP_Control/dataset/TIFs/240801_HumanMP_Control_2585.tif,0.725,0.393158,0.244677,0.277324,0.675163,0.393158,0.999313,0.99942,3735,9733,1797,16761951,5532,13468,3217344,0.001719,0.020305,0.18146,ok
lipidnet,ld,empiar_13420_macrophage_a431,EMPIAR-13420,240801_00313,partial,6,FIB/240801_HumanMP_Control/dataset/TIFs/240801_HumanMP_Control_2585.tif,0.702,0.622595,0.452006,0.566954,0.690347,0.622595,0.999724,0.999826,3819,2917,1713,16768767,5532,6736,2328768,0.002376,0.057885,0.282375,ok
lipidnet,ld,empiar_13420_macrophage_a431,EMPIAR-13420,240801_00314,partial,6,FIB/240801_HumanMP_Control/dataset/TIFs/240801_HumanMP_Control_2619.tif,0.726,0.357401,0.217583,0.273604,0.515187,0.357401,0.998389,0.99881,7514,19949,7071,16742682,14585,27463,1372457,0.010627,0.160114,0.221748,ok
lipidnet,ld,empiar_13420_macrophage_a431,EMPIAR-13420,240801_00315,partial,6,FIB/240801_HumanMP_Control/dataset/TIFs/240801_HumanMP_Control_2619.tif,0.79,0.535358,0.365522,0.492533,0.58634,0.535358,0.998966,0.999386,9993,10296,7050,16749877,17043,20289,1045408,0.016303,0.181552,0.310634,ok
lipidnet,ld,empiar_13420_macrophage_a431,EMPIAR-13420,240801_00316,partial,6,FIB/240801_HumanMP_Control/dataset/TIFs/240801_HumanMP_Control_2653.tif,0.754,0.600758,0.429345,0.464807,0.849116,0.600758,0.998996,0.999129,12679,14599,2253,16747685,14932,27278,1233892,0.012102,0.366347,0.393883,ok
lipidnet,ld,empiar_13420_macrophage_a431,EMPIAR-13420,240801_00317,partial,6,FIB/240801_HumanMP_Control/dataset/TIFs/240801_HumanMP_Control_2653.tif,0.752,0.720668,0.563315,0.651446,0.806348,0.720668,0.999395,0.999582,13083,7000,3142,16753991,16225,20083,1100256,0.014747,0.284903,0.490614,ok
lipidnet,ld,empiar_13420_macrophage_a431,EMPIAR-13420,240801_00318,partial,6,FIB/240801_HumanMP_Control/dataset/TIFs/240801_HumanMP_Control_2687.tif,0.648,0.0,0.0,0.0,0.0,0.0,0.999836,0.999977,0,379,2380,16774457,2380,379,370710,0.00642,0.0,0.0,ok
lipidnet,ld,empiar_13420_macrophage_a431,EMPIAR-13420,240801_00319,partial,6,FIB/240801_HumanMP_Control/dataset/TIFs/240801_HumanMP_Control_2687.tif,0.818,0.03406,0.017325,0.058945,0.02395,0.03406,0.999807,0.999946,57,910,2323,16773926,2380,967,623700,0.003816,0.0,0.082569,ok
