model,organelle,dataset,dataset_label,crop_id,coverage,voxel_nm,source_image,target_nm,infer_s,dice,iou,precision,recall,f1,accuracy,specificity,tp,fp,fn,tn,gt_area,pred_area,eval_area,gt_frac,cldice,boundary_f1,status
lipidnet_scaled,ld,deepcontact_cell,DeepContact,cell_00018,partial,5.0,202101-B7_19.tif,20.0,0.955,0.0,0.0,nan,0.0,0.0,0.995224,1.0,0,0,80132,16697084,80132,0,4310446,0.01859,0.0,0.0,ok
lipidnet_scaled,ld,deepcontact_cell,DeepContact,cell_00019,partial,5.0,202101-CB8_19.tif,20.0,2.994,0.875117,0.777962,0.994626,0.781246,0.875117,0.992428,0.999852,445105,2405,124632,16205074,569737,447510,4241268,0.134332,0.913739,0.417548,ok
lipidnet_scaled,ld,deepcontact_cell,DeepContact,cell_00020,partial,5.0,202101-CB8_28.tif,20.0,0.491,0.834308,0.715719,0.99193,0.719912,0.834308,0.98117,0.999587,795346,6471,309437,15665962,1104783,801817,4233000,0.260993,0.906762,0.246357,ok
lipidnet_scaled,ld,deepcontact_cell,DeepContact,cell_00047,partial,5.0,U2OS-1_10.tif,20.0,0.322,0.0,0.0,nan,0.0,0.0,0.999339,1.0,0,0,11092,16766124,11092,0,5522499,0.002009,0.0,0.0,ok
lipidnet_scaled,ld,deepcontact_cell,DeepContact,cell_00050,partial,5.0,U2OS-1_14.tif,20.0,2.148,0.0,0.0,nan,0.0,0.0,0.999482,1.0,0,0,8691,16768525,8691,0,4184064,0.002077,0.0,0.0,ok
lipidnet_scaled,ld,deepcontact_cell,DeepContact,cell_00057,full,5.0,U2OS-1_3.tif,20.0,1.12,0.0,0.0,nan,0.0,0.0,0.998834,1.0,0,0,19564,16757652,19564,0,16777216,0.001166,0.0,0.0,ok
lipidnet_scaled,ld,deepcontact_cell,DeepContact,cell_00058,full,5.0,U2OS-1_3.tif,20.0,0.579,0.0,0.0,nan,0.0,0.0,0.999723,1.0,0,0,4655,16772561,4655,0,16777216,0.000277,0.0,0.0,ok
lipidnet_scaled,ld,deepcontact_cell,DeepContact,cell_00063,full,5.0,U2OS-1_8.tif,20.0,0.518,0.0,0.0,nan,0.0,0.0,0.999212,1.0,0,0,13216,16764000,13216,0,16777216,0.000788,0.0,0.0,ok
lipidnet_scaled,ld,deepcontact_cell,DeepContact,cell_00064,full,5.0,U2OS-1_8.tif,20.0,0.509,0.0,0.0,nan,0.0,0.0,0.998341,1.0,0,0,27831,16749385,27831,0,16777216,0.001659,0.0,0.0,ok
lipidnet_scaled,ld,deepcontact_cell,DeepContact,cell_00065,partial,5.0,U2OS-2_10.tif,20.0,0.203,0.0,0.0,nan,0.0,0.0,0.999266,1.0,0,0,12318,16764898,12318,0,5531904,0.002227,0.0,0.0,ok
lipidnet_scaled,ld,deepcontact_cell,DeepContact,cell_00069,partial,5.0,U2OS-2_14.tif,20.0,2.393,0.0,0.0,nan,0.0,0.0,0.996294,1.0,0,0,62182,16715034,62182,0,4194304,0.014825,0.0,0.0,ok
lipidnet_scaled,ld,deepcontact_cell,DeepContact,cell_00072,full,5.0,U2OS-2_3.tif,20.0,0.63,0.0,0.0,nan,0.0,0.0,0.991515,1.0,0,0,142352,16634864,142352,0,16777216,0.008485,0.0,0.0,ok
lipidnet_scaled,ld,deepcontact_cell,DeepContact,cell_00073,full,5.0,U2OS-2_3.tif,20.0,0.597,0.797078,0.662618,0.987065,0.668421,0.797078,0.986463,0.999637,446047,5845,221267,16104057,667314,451892,16777216,0.039775,0.739929,0.443422,ok
lipidnet_scaled,ld,deepcontact_cell,DeepContact,cell_00074,partial,5.0,U2OS-2_8.tif,20.0,0.31,0.0,0.0,nan,0.0,0.0,0.999539,1.0,0,0,7738,16769478,7738,0,9066120,0.000854,0.0,0.0,ok
lipidnet_scaled,ld,deepcontact_cell,DeepContact,cell_00075,full,5.0,U2OS-3_1.tif,20.0,0.518,0.0,0.0,0.0,0.0,0.0,0.963326,0.991095,0,145212,470082,16161922,470082,145212,16777216,0.028019,0.0,0.0,ok
lipidnet_scaled,ld,deepcontact_cell,DeepContact,cell_00076,full,5.0,U2OS-3_1.tif,20.0,0.523,0.0,0.0,0.0,0.0,0.0,0.964627,0.993369,0,108031,485432,16183753,485432,108031,16777216,0.028934,0.0,0.0,ok
lipidnet_scaled,ld,deepcontact_cell,DeepContact,cell_00078,partial,5.0,U2OS-3_11.tif,20.0,0.105,0.0,0.0,nan,0.0,0.0,0.987519,1.0,0,0,209402,16567814,209402,0,4194304,0.049925,0.0,0.0,ok
lipidnet_scaled,ld,deepcontact_cell,DeepContact,cell_00080,partial,5.0,U2OS-3_12.tif,20.0,0.118,0.0,0.0,nan,0.0,0.0,0.985449,1.0,0,0,244120,16533096,244120,0,3349335,0.072886,0.0,0.0,ok
lipidnet_scaled,ld,deepcontact_cell,DeepContact,cell_00082,partial,5.0,U2OS-3_13.tif,20.0,0.123,0.0,0.0,nan,0.0,0.0,0.986777,1.0,0,0,221839,16555377,221839,0,3817125,0.058117,0.0,0.0,ok
lipidnet_scaled,ld,deepcontact_cell,DeepContact,cell_00083,partial,5.0,U2OS-3_14.tif,20.0,0.121,0.0,0.0,nan,0.0,0.0,0.983822,1.0,0,0,271422,16505794,271422,0,4194304,0.064712,0.0,0.0,ok
lipidnet_scaled,ld,deepcontact_cell,DeepContact,cell_00084,partial,5.0,U2OS-3_14.tif,20.0,0.151,0.0,0.0,nan,0.0,0.0,0.981374,1.0,0,0,312492,16464724,312492,0,3921112,0.079695,0.0,0.0,ok
lipidnet_scaled,ld,deepcontact_cell,DeepContact,cell_00085,partial,5.0,U2OS-3_16.tif,20.0,0.567,0.0,0.0,nan,0.0,0.0,0.990408,1.0,0,0,160924,16616292,160924,0,2799272,0.057488,0.0,0.0,ok
lipidnet_scaled,ld,deepcontact_cell,DeepContact,cell_00086,partial,5.0,U2OS-3_17.tif,20.0,0.167,0.0,0.0,nan,0.0,0.0,0.978218,1.0,0,0,365441,16411775,365441,0,3403000,0.107388,0.0,0.0,ok
lipidnet_scaled,ld,deepcontact_cell,DeepContact,cell_00087,partial,5.0,U2OS-3_18.tif,20.0,0.182,0.0,0.0,nan,0.0,0.0,0.980138,1.0,0,0,333222,16443994,333222,0,3687872,0.090356,0.0,0.0,ok
lipidnet_scaled,ld,deepcontact_cell,DeepContact,cell_00088,partial,5.0,U2OS-3_19.tif,20.0,0.188,0.051505,0.026433,0.997827,0.026435,0.051505,0.97278,0.999998,12399,27,456642,16308148,469041,12426,4012000,0.11691,0.090992,0.012462,ok
lipidnet_scaled,ld,deepcontact_cell,DeepContact,cell_00089,full,5.0,U2OS-3_21.tif,20.0,0.632,0.721814,0.564717,0.998258,0.565275,0.721814,0.971573,0.999931,618740,1080,475843,15681553,1094583,619820,16777216,0.065242,0.369833,0.149655,ok
lipidnet_scaled,ld,deepcontact_cell,DeepContact,cell_00090,full,5.0,U2OS-3_21.tif,20.0,0.683,0.727296,0.571458,0.999137,0.57174,0.727296,0.975098,0.99997,557109,481,417301,15802325,974410,557590,16777216,0.058079,0.378316,0.138978,ok
lipidnet_scaled,ld,deepcontact_cell,DeepContact,cell_00093,full,5.0,U2OS-3_3.tif,20.0,0.47,0.0,0.0,0.0,0.0,0.0,0.976718,0.999893,0,1746,388866,16386604,388866,1746,16777216,0.023178,0.0,0.0,ok
lipidnet_scaled,ld,deepcontact_cell,DeepContact,cell_00094,full,5.0,U2OS-3_3.tif,20.0,0.505,0.0,0.0,nan,0.0,0.0,0.969129,1.0,0,0,517937,16259279,517937,0,16777216,0.030871,0.0,0.0,ok
lipidnet_scaled,ld,deepcontact_cell,DeepContact,cell_00095,sparse,5.0,U2OS-3_6.tif,20.0,0.106,0.0,0.0,nan,0.0,0.0,0.992351,1.0,0,0,128324,16648892,128324,0,4186116,0.030655,0.0,0.0,ok
lipidnet_scaled,ld,deepcontact_cell,DeepContact,cell_00097,partial,5.0,U2OS-4_25.tif,20.0,0.399,0.575997,0.404492,0.99579,0.405185,0.575997,0.987693,0.999964,140249,593,205887,16430487,346136,140842,6303744,0.05491,0.623551,0.373144,ok
lipidnet_scaled,ld,deepcontact_cell,DeepContact,cell_00104,partial,5.0,U2OS-4_8.tif,20.0,0.223,0.0,0.0,nan,0.0,0.0,0.992362,1.0,0,0,128144,16649072,128144,0,6300672,0.020338,0.0,0.0,ok
lipidnet_scaled,ld,deepcontact_cell,DeepContact,cell_00114,partial,5.0,U2OS-7_9.tif,20.0,0.491,0.873269,0.775047,0.969315,0.794541,0.873269,0.985003,0.998251,866870,27442,224162,15658742,1091032,894312,4384380,0.248845,0.907181,0.36578,ok
lipidnet_scaled,ld,deepcontact_cell,DeepContact,cell_00121,partial,5.0,U2OS1-TEM_00_06.jpg,20.0,0.35,0.0,0.0,nan,0.0,0.0,0.992473,1.0,0,0,126289,16650927,126289,0,11850768,0.010657,0.0,0.0,ok
lipidnet_scaled,ld,deepcontact_cell,DeepContact,cell_00122,partial,5.0,U2OS1_25.tif,20.0,0.107,0.0,0.0,nan,0.0,0.0,0.998772,1.0,0,0,20595,16756621,20595,0,4190205,0.004915,0.0,0.0,ok
lipidnet_scaled,ld,deepcontact_cell,DeepContact,cell_00123,partial,5.0,U2OS1_43.tif,20.0,0.131,0.0,0.0,nan,0.0,0.0,0.99911,1.0,0,0,14933,16762283,14933,0,4198401,0.003557,0.0,0.0,ok
lipidnet_scaled,ld,deepcontact_cell,DeepContact,cell_00124,partial,5.0,U2OS1_51.tif,20.0,0.117,0.0,0.0,nan,0.0,0.0,0.991649,1.0,0,0,140109,16637107,140109,0,4198401,0.033372,0.0,0.0,ok
lipidnet_scaled,ld,deepcontact_cell,DeepContact,cell_00125,partial,5.0,U2OS1_52.tif,20.0,0.152,0.0,0.0,nan,0.0,0.0,0.99892,1.0,0,0,18126,16759090,18126,0,4198401,0.004317,0.0,0.0,ok
lipidnet_scaled,ld,deepcontact_cell,DeepContact,cell_00126,partial,5.0,U2OS1_53.tif,20.0,0.148,0.0,0.0,nan,0.0,0.0,0.998928,1.0,0,0,17983,16759233,17983,0,4196352,0.004285,0.0,0.0,ok
lipidnet_scaled,ld,deepcontact_cell,DeepContact,cell_00127,partial,5.0,U2OS1_54.tif,20.0,0.134,0.0,0.0,nan,0.0,0.0,0.983876,1.0,0,0,270521,16506695,270521,0,4198401,0.064434,0.0,0.0,ok
lipidnet_scaled,ld,deepcontact_cell,DeepContact,cell_00128,partial,5.0,..\20201105Training\U2OS3-TEM_22.jpg,20.0,0.419,0.310404,0.183715,0.999872,0.183719,0.310404,0.975174,0.999999,93739,12,416491,16266974,510230,93751,11950656,0.042695,0.209713,0.007274,ok
lipidnet_scaled,ld,empiar_12885_aive,AIVE,set1_00000,sparse,6.5104,Set1_-_AIVE_SOURCE_DATA/Dataset1_overview.tif,20.0,0.082,0.0,0.0,nan,0.0,0.0,0.999183,1.0,0,0,13711,16763505,13711,0,2098640,0.006533,0.0,0.0,ok
lipidnet_scaled,ld,empiar_12885_aive,AIVE,set1_00001,sparse,6.5104,Set1_-_AIVE_SOURCE_DATA/Dataset1_overview.tif,20.0,0.078,0.0,0.0,nan,0.0,0.0,0.999326,1.0,0,0,11300,16765916,11300,0,2074960,0.005446,0.0,0.0,ok
lipidnet_scaled,ld,empiar_12885_aive,AIVE,set1_00002,sparse,6.5104,Set1_-_AIVE_SOURCE_DATA/Dataset1_overview.tif,20.0,0.076,0.0,0.0,nan,0.0,0.0,0.999548,1.0,0,0,7587,16769629,7587,0,1983200,0.003826,0.0,0.0,ok
lipidnet_scaled,ld,empiar_12885_aive,AIVE,set1_00003,sparse,6.5104,Set1_-_AIVE_SOURCE_DATA/Dataset1_overview.tif,20.0,0.106,0.0,0.0,nan,0.0,0.0,0.999151,1.0,0,0,14251,16762965,14251,0,1932880,0.007373,0.0,0.0,ok
lipidnet_scaled,ld,empiar_12885_aive,AIVE,set1_00004,sparse,6.5104,Set1_-_AIVE_SOURCE_DATA/Dataset1_overview.tif,20.0,0.499,0.0,0.0,nan,0.0,0.0,0.999032,1.0,0,0,16239,16760977,16239,0,1867760,0.008694,0.0,0.0,ok
lipidnet_scaled,ld,empiar_12885_aive,AIVE,set1_00005,sparse,6.5104,Set1_-_AIVE_SOURCE_DATA/Dataset1_overview.tif,20.0,0.128,0.0,0.0,nan,0.0,0.0,0.999269,1.0,0,0,12267,16764949,12267,0,1850000,0.006631,0.0,0.0,ok
lipidnet_scaled,ld,empiar_12885_aive,AIVE,set1_00006,sparse,6.5104,Set1_-_AIVE_SOURCE_DATA/Dataset1_overview.tif,20.0,0.139,0.0,0.0,nan,0.0,0.0,0.999146,1.0,0,0,14323,16762893,14323,0,1844080,0.007767,0.0,0.0,ok
lipidnet_scaled,ld,empiar_12885_aive,AIVE,set1_00007,sparse,6.5104,Set1_-_AIVE_SOURCE_DATA/Dataset1_overview.tif,20.0,0.115,0.0,0.0,nan,0.0,0.0,0.999698,1.0,0,0,5065,16772151,5065,0,1835200,0.00276,0.0,0.0,ok
lipidnet_scaled,ld,empiar_12885_aive,AIVE,set1_00008,sparse,6.5104,Set1_-_AIVE_SOURCE_DATA/Dataset1_overview.tif,20.0,0.185,0.0,0.0,nan,0.0,0.0,0.998965,1.0,0,0,17368,16759848,17368,0,1778960,0.009763,0.0,0.0,ok
lipidnet_scaled,ld,empiar_12885_aive,AIVE,set1_00009,sparse,6.5104,Set1_-_AIVE_SOURCE_DATA/Dataset1_overview.tif,20.0,0.118,0.0,0.0,nan,0.0,0.0,0.999557,1.0,0,0,7435,16769781,7435,0,1704522,0.004362,0.0,0.0,ok
lipidnet_scaled,ld,empiar_12885_aive,AIVE,set1_00010,sparse,6.5104,Set1_-_AIVE_SOURCE_DATA/Dataset1_overview.tif,20.0,0.111,0.0,0.0,nan,0.0,0.0,0.998953,1.0,0,0,17566,16759650,17566,0,1617404,0.010861,0.0,0.0,ok
lipidnet_scaled,ld,empiar_12885_aive,AIVE,set1_00011,sparse,6.5104,Set1_-_AIVE_SOURCE_DATA/Dataset1_overview.tif,20.0,0.133,0.0,0.0,nan,0.0,0.0,0.999409,1.0,0,0,9917,16767299,9917,0,1592480,0.006227,0.0,0.0,ok
lipidnet_scaled,ld,empiar_12885_aive,AIVE,set1_00012,sparse,6.5104,Set1_-_AIVE_SOURCE_DATA/Dataset1_overview.tif,20.0,0.115,0.0,0.0,nan,0.0,0.0,0.999384,1.0,0,0,10341,16766875,10341,0,1536240,0.006731,0.0,0.0,ok
lipidnet_scaled,ld,empiar_12885_aive,AIVE,set1_00013,sparse,6.5104,Set1_-_AIVE_SOURCE_DATA/Dataset1_overview.tif,20.0,0.127,0.0,0.0,nan,0.0,0.0,0.999411,1.0,0,0,9875,16767341,9875,0,1431756,0.006897,0.0,0.0,ok
lipidnet_scaled,ld,empiar_12885_aive,AIVE,set1_00014,sparse,6.5104,Set1_-_AIVE_SOURCE_DATA/Dataset1_overview.tif,20.0,0.138,0.0,0.0,nan,0.0,0.0,0.999219,1.0,0,0,13106,16764110,13106,0,1316310,0.009957,0.0,0.0,ok
lipidnet_scaled,ld,empiar_12885_aive,AIVE,set1_00016,sparse,6.5104,Set1_-_AIVE_SOURCE_DATA/Dataset1_overview.tif,20.0,0.114,0.0,0.0,nan,0.0,0.0,0.999924,1.0,0,0,1275,16775941,1275,0,1074480,0.001187,0.0,0.0,ok
lipidnet_scaled,ld,empiar_12885_aive,AIVE,set1_00017,sparse,6.5104,Set1_-_AIVE_SOURCE_DATA/Dataset1_overview.tif,20.0,0.115,0.0,0.0,nan,0.0,0.0,0.99977,1.0,0,0,3858,16773358,3858,0,976800,0.00395,0.0,0.0,ok
lipidnet_scaled,ld,empiar_12885_aive,AIVE,set2_00020,sparse,6.5104,Set2_-_AIVE_SOURCE_DATA/Dataset2_overview.tif,20.0,0.124,0.0,0.0,nan,0.0,0.0,0.999588,1.0,0,0,6912,16770304,6912,0,2053930,0.003365,0.0,0.0,ok
lipidnet_scaled,ld,empiar_12885_aive,AIVE,set2_00021,sparse,6.5104,Set2_-_AIVE_SOURCE_DATA/Dataset2_overview.tif,20.0,0.115,0.0,0.0,nan,0.0,0.0,0.999667,1.0,0,0,5584,16771632,5584,0,2100810,0.002658,0.0,0.0,ok
lipidnet_scaled,ld,empiar_12885_aive,AIVE,set2_00022,sparse,6.5104,Set2_-_AIVE_SOURCE_DATA/Dataset2_overview.tif,20.0,0.115,0.0,0.0,nan,0.0,0.0,0.99938,1.0,0,0,10404,16766812,10404,0,2162340,0.004811,0.0,0.0,ok
lipidnet_scaled,ld,empiar_12885_aive,AIVE,set2_00023,sparse,6.5104,Set2_-_AIVE_SOURCE_DATA/Dataset2_overview.tif,20.0,0.118,0.0,0.0,nan,0.0,0.0,0.999874,1.0,0,0,2107,16775109,2107,0,2118390,0.000995,0.0,0.0,ok
lipidnet_scaled,ld,empiar_12885_aive,AIVE,set2_00025,sparse,6.5104,Set2_-_AIVE_SOURCE_DATA/Dataset2_overview.tif,20.0,0.126,0.0,0.0,nan,0.0,0.0,0.999764,1.0,0,0,3955,16773261,3955,0,2080300,0.001901,0.0,0.0,ok
lipidnet_scaled,ld,empiar_12885_aive,AIVE,set2_00026,sparse,6.5104,Set2_-_AIVE_SOURCE_DATA/Dataset2_overview.tif,20.0,0.126,0.559759,0.388657,1.0,0.388657,0.559759,0.999773,1.0,2419,0,3805,16770992,6224,2419,2080386,0.002992,0.740741,0.0,ok
lipidnet_scaled,ld,empiar_12885_aive,AIVE,set2_00030,sparse,6.5104,Set2_-_AIVE_SOURCE_DATA/Dataset2_overview.tif,20.0,0.136,0.0,0.0,nan,0.0,0.0,0.999595,1.0,0,0,6792,16770424,6792,0,2048070,0.003316,0.0,0.0,ok
lipidnet_scaled,ld,empiar_12885_aive,AIVE,set2_00031,sparse,6.5104,Set2_-_AIVE_SOURCE_DATA/Dataset2_overview.tif,20.0,0.125,0.0,0.0,nan,0.0,0.0,0.999553,1.0,0,0,7504,16769712,7504,0,2056860,0.003648,0.0,0.0,ok
lipidnet_scaled,ld,empiar_12885_aive,AIVE,set2_00034,sparse,6.5104,Set2_-_AIVE_SOURCE_DATA/Dataset2_overview.tif,20.0,0.121,0.0,0.0,nan,0.0,0.0,0.999414,1.0,0,0,9824,16767392,9824,0,2009980,0.004888,0.0,0.0,ok
lipidnet_scaled,ld,empiar_12885_aive,AIVE,set2_00035,sparse,6.5104,Set2_-_AIVE_SOURCE_DATA/Dataset2_overview.tif,20.0,0.121,0.0,0.0,nan,0.0,0.0,0.999582,1.0,0,0,7016,16770200,7016,0,2012910,0.003486,0.0,0.0,ok
lipidnet_scaled,ld,empiar_12885_aive,AIVE,set2_00038,sparse,6.5104,Set2_-_AIVE_SOURCE_DATA/Dataset2_overview.tif,20.0,0.119,0.0,0.0,nan,0.0,0.0,0.999617,1.0,0,0,6427,16770789,6427,0,1954310,0.003289,0.0,0.0,ok
lipidnet_scaled,ld,empiar_12885_aive,AIVE,set2_00039,sparse,6.5104,Set2_-_AIVE_SOURCE_DATA/Dataset2_overview.tif,20.0,0.119,0.0,0.0,nan,0.0,0.0,0.999937,1.0,0,0,1055,16776161,1055,0,1892780,0.000557,0.0,0.0,ok
lipidnet_scaled,ld,empiar_12885_aive,AIVE,set3_00041,sparse,6.5104,Set3_-_AIVE_SOURCE_DATA/Dataset3_overview.tif,20.0,0.135,0.0,0.0,nan,0.0,0.0,0.999826,1.0,0,0,2918,16774298,2918,0,2366330,0.001233,0.0,0.0,ok
lipidnet_scaled,ld,empiar_12885_aive,AIVE,set3_00042,sparse,6.5104,Set3_-_AIVE_SOURCE_DATA/Dataset3_overview.tif,20.0,0.123,0.0,0.0,nan,0.0,0.0,0.999564,1.0,0,0,7315,16769901,7315,0,2400360,0.003047,0.0,0.0,ok
lipidnet_scaled,ld,empiar_12885_aive,AIVE,set3_00043,sparse,6.5104,Set3_-_AIVE_SOURCE_DATA/Dataset3_overview.tif,20.0,0.118,0.0,0.0,nan,0.0,0.0,0.999606,1.0,0,0,6614,16770602,6614,0,2443520,0.002707,0.0,0.0,ok
lipidnet_scaled,ld,empiar_12885_aive,AIVE,set3_00044,sparse,6.5104,Set3_-_AIVE_SOURCE_DATA/Dataset3_overview.tif,20.0,0.126,0.0,0.0,nan,0.0,0.0,0.999512,1.0,0,0,8181,16769035,8181,0,2432100,0.003364,0.0,0.0,ok
lipidnet_scaled,ld,empiar_12885_aive,AIVE,set3_00047,sparse,6.5104,Set3_-_AIVE_SOURCE_DATA/Dataset3_overview.tif,20.0,0.116,0.0,0.0,nan,0.0,0.0,0.99967,1.0,0,0,5536,16771680,5536,0,2446840,0.002263,0.0,0.0,ok
lipidnet_scaled,ld,empiar_12885_aive,AIVE,set3_00051,sparse,6.5104,Set3_-_AIVE_SOURCE_DATA/Dataset3_overview.tif,20.0,0.122,0.0,0.0,nan,0.0,0.0,0.999607,1.0,0,0,6586,16770630,6586,0,2446840,0.002692,0.0,0.0,ok
lipidnet_scaled,ld,empiar_13420_macrophage_a431,MacrophageSEM,231106_00330,partial,15,SBFSEM/231106_A431_CLEM_CM1_3J/dataset/TIFs/231106_A431_CLEM_CM1_3J_R01_015.tif,20.0,1.044,0.0,0.0,nan,0.0,0.0,0.999864,1.0,0,0,2286,16774930,2286,0,237744,0.009615,0.0,0.0,ok
lipidnet_scaled,ld,empiar_13420_macrophage_a431,MacrophageSEM,231106_00331,partial,15,SBFSEM/231106_A431_CLEM_CM1_3J/dataset/TIFs/231106_A431_CLEM_CM1_3J_R01_029.tif,20.0,2.992,0.0,0.0,0.0,0.0,0.0,0.999336,0.999771,0,3833,7306,16766077,7306,3833,1120378,0.006521,0.0,0.008309,ok
lipidnet_scaled,ld,empiar_13420_macrophage_a431,MacrophageSEM,231106_00332,partial,15,SBFSEM/231106_A431_CLEM_CM1_3J/dataset/TIFs/231106_A431_CLEM_CM1_3J_R01_043.tif,20.0,0.939,0.296568,0.1741,0.948074,0.175776,0.296568,0.99984,0.999998,566,31,2654,16773965,3220,597,1660968,0.001939,0.4,0.08134,ok
lipidnet_scaled,ld,empiar_13420_macrophage_a431,MacrophageSEM,231106_00333,partial,15,SBFSEM/231106_A431_CLEM_CM1_3J/dataset/TIFs/231106_A431_CLEM_CM1_3J_R01_057.tif,20.0,1.021,0.0,0.0,nan,0.0,0.0,0.999916,1.0,0,0,1405,16775811,1405,0,1758599,0.000799,0.0,0.0,ok
lipidnet_scaled,ld,empiar_13420_macrophage_a431,MacrophageSEM,231106_00334,partial,15,SBFSEM/231106_A431_CLEM_CM1_3J/dataset/TIFs/231106_A431_CLEM_CM1_3J_R01_071.tif,20.0,0.863,0.0,0.0,0.0,0.0,0.0,0.999914,0.999914,0,1440,1,16775775,1,1440,1788647,1e-06,0.0,0.0,ok
lipidnet_scaled,ld,empiar_13420_macrophage_a431,MacrophageSEM,231106_00338,partial,15,SBFSEM/231106_A431_CLEM_CM1_3J/dataset/TIFs/231106_A431_CLEM_CM1_3J_R01_127.tif,20.0,0.803,0.0,0.0,nan,0.0,0.0,0.999911,1.0,0,0,1499,16775717,1499,0,409200,0.003663,0.0,0.0,ok
lipidnet_scaled,ld,empiar_13420_macrophage_a431,MacrophageSEM,231106_00339,partial,15,SBFSEM/231106_A431_CLEM_CM1_3J/dataset/TIFs/231106_A431_CLEM_CM1_3J_R01_141.tif,20.0,0.801,0.0,0.0,nan,0.0,0.0,0.999979,1.0,0,0,349,16776867,349,0,441,0.791383,0.0,0.0,ok
lipidnet_scaled,ld,empiar_13420_macrophage_a431,MacrophageSEM,240306_00340,partial,15,SBFSEM/240306_Microphages_OA-Chol_7T/dataset/TIFs/240306_OA-Chol_7T_R02_015.tif,20.0,2.765,0.619956,0.449229,0.990787,0.451113,0.619956,0.999898,0.999999,1398,13,1701,16774104,3099,1411,160737,0.01928,0.507463,0.385651,ok
lipidnet_scaled,ld,empiar_13420_macrophage_a431,MacrophageSEM,240306_00341,partial,15,SBFSEM/240306_Microphages_OA-Chol_7T/dataset/TIFs/240306_OA-Chol_7T_R02_029.tif,20.0,3.544,0.690841,0.527698,0.703552,0.67858,0.690841,0.999853,0.999931,2753,1160,1304,16771999,4057,3913,673200,0.006026,0.685994,0.450573,ok
lipidnet_scaled,ld,empiar_13420_macrophage_a431,MacrophageSEM,240306_00344,partial,15,SBFSEM/240306_Microphages_OA-Chol_7T/dataset/TIFs/240306_OA-Chol_7T_R02_071.tif,20.0,0.929,0.0,0.0,nan,0.0,0.0,0.999975,1.0,0,0,416,16776800,416,0,620583,0.00067,0.0,0.0,ok
lipidnet_scaled,ld,empiar_13420_macrophage_a431,MacrophageSEM,240306_00345,partial,15,SBFSEM/240306_Microphages_OA-Chol_7T/dataset/TIFs/240306_OA-Chol_7T_R02_085.tif,20.0,0.747,0.815913,0.689066,0.977439,0.700202,0.815913,0.999953,0.999998,1733,40,742,16774701,2475,1773,424116,0.005836,0.964706,0.258179,ok
lipidnet_scaled,ld,empiar_13420_macrophage_a431,MacrophageSEM,240306_00346,partial,15,SBFSEM/240306_Microphages_OA-Chol_7T/dataset/TIFs/240306_OA-Chol_7T_R02_099.tif,20.0,0.716,0.0,0.0,0.0,0.0,0.0,0.999887,0.999999,0,22,1869,16775325,1869,22,164825,0.011339,0.0,0.0,ok
lipidnet_scaled,ld,empiar_13420_macrophage_a431,MacrophageSEM,240307_00347,partial,15,SBFSEM/240307_Microphages_OA-Chol_AV-3/dataset/TIFs/240307_OA-Chol_AV_R01_AV-3_015.tif,20.0,11.431,0.906453,0.82891,1.0,0.82891,0.906453,0.999982,1.0,1468,0,303,16775445,1771,1468,20826,0.085038,1.0,0.869337,ok
lipidnet_scaled,ld,empiar_13420_macrophage_a431,MacrophageSEM,240307_00348,partial,15,SBFSEM/240307_Microphages_OA-Chol_AV-3/dataset/TIFs/240307_OA-Chol_AV_R01_AV-3_029.tif,20.0,9.09,0.224847,0.126664,0.140008,0.570624,0.224847,0.999417,0.999481,1418,8710,1067,16766021,2485,10128,224155,0.011086,0.138011,0.128079,ok
lipidnet_scaled,ld,empiar_13420_macrophage_a431,MacrophageSEM,240307_00349,partial,15,SBFSEM/240307_Microphages_OA-Chol_AV-3/dataset/TIFs/240307_OA-Chol_AV_R01_AV-3_043.tif,20.0,7.052,0.542462,0.372177,0.439899,0.707393,0.542462,0.999546,0.999657,4516,5750,1868,16765082,6384,10266,453150,0.014088,0.203476,0.426796,ok
lipidnet_scaled,ld,empiar_13420_macrophage_a431,MacrophageSEM,240307_00350,partial,15,SBFSEM/240307_Microphages_OA-Chol_AV-3/dataset/TIFs/240307_OA-Chol_AV_R01_AV-3_057.tif,20.0,6.618,0.528205,0.358885,0.497146,0.563403,0.528205,0.999323,0.999616,6358,6431,4927,16759500,11285,12789,648186,0.01741,0.423101,0.376412,ok
lipidnet_scaled,ld,empiar_13420_macrophage_a431,MacrophageSEM,240307_00351,partial,15,SBFSEM/240307_Microphages_OA-Chol_AV-3/dataset/TIFs/240307_OA-Chol_AV_R01_AV-3_071.tif,20.0,7.052,0.239454,0.136011,0.170201,0.403722,0.239454,0.99917,0.999363,2191,10682,3236,16761107,5427,12873,701888,0.007732,0.215947,0.0962,ok
lipidnet_scaled,ld,empiar_13420_macrophage_a431,MacrophageSEM,240307_00354,partial,15,SBFSEM/240307_Microphages_OA-Chol_AV-3/dataset/TIFs/240307_OA-Chol_AV_R01_AV-3_113.tif,20.0,5.306,0.530778,0.361265,0.589048,0.482999,0.530778,0.999883,0.999954,1108,773,1186,16774149,2294,1881,612927,0.003743,0.545113,0.407525,ok
lipidnet_scaled,ld,empiar_13420_macrophage_a431,MacrophageSEM,240307_00355,partial,15,SBFSEM/240307_Microphages_OA-Chol_AV-3/dataset/TIFs/240307_OA-Chol_AV_R01_AV-3_127.tif,20.0,4.574,0.776156,0.634196,0.949127,0.656513,0.776156,0.999957,0.999996,1250,67,654,16775245,1904,1317,539032,0.003532,0.657143,0.416124,ok
lipidnet_scaled,ld,empiar_13420_macrophage_a431,MacrophageSEM,240307_00357,partial,15,SBFSEM/240307_Microphages_OA-Chol_AV-3/dataset/TIFs/240307_OA-Chol_AV_R01_AV-3_155.tif,20.0,3.975,0.193347,0.10702,0.107349,0.972125,0.193347,0.999861,0.999862,279,2320,8,16774609,287,2599,265644,0.00108,0.183206,0.328905,ok
lipidnet_scaled,ld,empiar_13420_macrophage_a431,MacrophageSEM,240307_00358,partial,15,SBFSEM/240307_Microphages_OA-Chol_AV-3/dataset/TIFs/240307_OA-Chol_AV_R01_AV-3_169.tif,20.0,1.436,0.653202,0.485003,1.0,0.485003,0.653202,0.999952,1.0,760,0,807,16775649,1567,760,108882,0.014392,0.0,0.310606,ok
lipidnet_scaled,ld,empiar_13420_macrophage_a431,MacrophageSEM,240424_00359,full,10,SBFSEM/240424_Microphages_no_load/dataset/TIFs/240424_Microphages_no_load_R02_015.tif,20.0,1.999,0.0,0.0,0.0,0.0,0.0,0.926716,0.926872,0,1226682,2819,15547715,2819,1226682,16777216,0.000168,0.0,0.0,ok
lipidnet_scaled,ld,empiar_13420_macrophage_a431,MacrophageSEM,240424_00360,full,10,SBFSEM/240424_Microphages_no_load/dataset/TIFs/240424_Microphages_no_load_R02_015.tif,20.0,1.842,0.0,0.0,0.0,0.0,0.0,0.940622,0.94078,0,993379,2819,15781018,2819,993379,16777216,0.000168,0.0,0.0,ok
lipidnet_scaled,ld,empiar_13420_macrophage_a431,MacrophageSEM,240424_00361,full,10,SBFSEM/240424_Microphages_no_load/dataset/TIFs/240424_Microphages_no_load_R02_029.tif,20.0,1.635,0.108735,0.057493,0.061075,0.49505,0.108735,0.992964,0.993396,7201,110703,7345,16651967,14546,117904,16777216,0.000867,0.128388,0.090876,ok
lipidnet_scaled,ld,empiar_13420_macrophage_a431,MacrophageSEM,240424_00362,full,10,SBFSEM/240424_Microphages_no_load/dataset/TIFs/240424_Microphages_no_load_R02_029.tif,20.0,2.687,0.008157,0.004095,0.004118,0.419634,0.008157,0.911518,0.911945,6104,1476041,8442,15286629,14546,1482145,16777216,0.000867,0.020088,0.044895,ok
lipidnet_scaled,ld,empiar_13420_macrophage_a431,MacrophageSEM,240424_00363,full,10,SBFSEM/240424_Microphages_no_load/dataset/TIFs/240424_Microphages_no_load_R02_043.tif,20.0,1.592,0.052857,0.027146,0.028705,0.333228,0.052857,0.993265,0.993637,3153,106687,6309,16661067,9462,109840,16777216,0.000564,0.036232,0.046125,ok
lipidnet_scaled,ld,empiar_13420_macrophage_a431,MacrophageSEM,240424_00364,full,10,SBFSEM/240424_Microphages_no_load/dataset/TIFs/240424_Microphages_no_load_R02_043.tif,20.0,1.967,0.003203,0.001604,0.001609,0.324033,0.003203,0.886254,0.886571,3066,1901944,6396,14865810,9462,1905010,16777216,0.000564,0.002143,0.020832,ok
lipidnet_scaled,ld,empiar_13420_macrophage_a431,MacrophageSEM,240424_00365,full,10,SBFSEM/240424_Microphages_no_load/dataset/TIFs/240424_Microphages_no_load_R02_057.tif,20.0,1.991,0.021858,0.01105,0.011239,0.396187,0.021858,0.99091,0.991062,1704,149908,2597,16623007,4301,151612,16777216,0.000256,0.004396,0.02499,ok
lipidnet_scaled,ld,empiar_13420_macrophage_a431,MacrophageSEM,240424_00366,full,10,SBFSEM/240424_Microphages_no_load/dataset/TIFs/240424_Microphages_no_load_R02_057.tif,20.0,1.45,0.047532,0.024345,0.025228,0.410137,0.047532,0.995786,0.995936,1764,68158,2537,16704757,4301,69922,16777216,0.000256,0.025586,0.047709,ok
lipidnet_scaled,ld,empiar_13420_macrophage_a431,MacrophageSEM,240424_00367,full,10,SBFSEM/240424_Microphages_no_load/dataset/TIFs/240424_Microphages_no_load_R02_071.tif,20.0,1.509,0.0,0.0,0.0,0.0,0.0,0.993376,0.993456,0,109776,1356,16666084,1356,109776,16777216,8.1e-05,0.0,0.0,ok
lipidnet_scaled,ld,empiar_13420_macrophage_a431,MacrophageSEM,240424_00368,full,10,SBFSEM/240424_Microphages_no_load/dataset/TIFs/240424_Microphages_no_load_R02_071.tif,20.0,1.039,0.0,0.0,0.0,0.0,0.0,0.996978,0.997223,0,46585,4110,16726521,4110,46585,16777216,0.000245,0.0,0.0,ok
lipidnet_scaled,ld,empiar_13420_macrophage_a431,MacrophageSEM,240424_00370,full,10,SBFSEM/240424_Microphages_no_load/dataset/TIFs/240424_Microphages_no_load_R02_085.tif,20.0,1.828,0.046463,0.023784,0.023985,0.738932,0.046463,0.994855,0.994898,2103,85575,743,16688795,2846,87678,16777216,0.00017,0.010127,0.039506,ok
lipidnet_scaled,ld,empiar_13420_macrophage_a431,MacrophageSEM,240424_00371,full,10,SBFSEM/240424_Microphages_no_load/dataset/TIFs/240424_Microphages_no_load_R02_085.tif,20.0,1.557,0.0,0.0,0.0,0.0,0.0,0.995156,0.995325,0,78421,2846,16695949,2846,78421,16777216,0.00017,0.0,0.0,ok
lipidnet_scaled,ld,empiar_13420_macrophage_a431,MacrophageSEM,240424_00373,full,10,SBFSEM/240424_Microphages_no_load/dataset/TIFs/240424_Microphages_no_load_R02_099.tif,20.0,1.087,0.065811,0.034025,0.034336,0.789746,0.065811,0.996898,0.996927,1833,51551,488,16723344,2321,53384,16777216,0.000138,0.023346,0.059459,ok
lipidnet_scaled,ld,empiar_13420_macrophage_a431,MacrophageSEM,240424_00379,full,10,SBFSEM/240424_Microphages_no_load/dataset/TIFs/240424_Microphages_no_load_R02_127.tif,20.0,0.786,0.107406,0.05675,0.062025,0.400233,0.107406,0.998641,0.998763,1372,20748,2056,16753040,3428,22120,16777216,0.000204,0.033058,0.12056,ok
lipidnet_scaled,ld,empiar_13420_macrophage_a431,MacrophageSEM,240424_00381,full,10,SBFSEM/240424_Microphages_no_load/dataset/TIFs/240424_Microphages_no_load_R02_127.tif,20.0,0.94,0.140803,0.075733,0.08494,0.411319,0.140803,0.998974,0.999094,1410,15190,2018,16758598,3428,16600,16777216,0.000204,0.047619,0.120681,ok
lipidnet_scaled,ld,empiar_13420_macrophage_a431,MacrophageSEM,240424_00383,full,10,SBFSEM/240424_Microphages_no_load/dataset/TIFs/240424_Microphages_no_load_R02_141.tif,20.0,0.938,0.126182,0.06734,0.076218,0.36632,0.126182,0.998023,0.998269,2395,29028,4143,16741650,6538,31423,16777216,0.00039,0.204535,0.134754,ok
lipidnet_scaled,ld,empiar_13420_macrophage_a431,MacrophageSEM,240424_00385,full,10,SBFSEM/240424_Microphages_no_load/dataset/TIFs/240424_Microphages_no_load_R02_141.tif,20.0,0.944,0.194316,0.107614,0.119342,0.522682,0.194316,0.9982,0.998398,3641,26868,3325,16743382,6966,30509,16777216,0.000415,0.185784,0.152735,ok
lipidnet_scaled,ld,empiar_13420_macrophage_a431,MacrophageSEM,240424_00386,full,10,SBFSEM/240424_Microphages_no_load/dataset/TIFs/240424_Microphages_no_load_R02_141.tif,20.0,0.782,0.0,0.0,0.0,0.0,0.0,0.999365,0.999391,0,10224,428,16766564,428,10224,16777216,2.6e-05,0.0,0.0,ok
lipidnet_scaled,ld,empiar_13420_macrophage_a431,MacrophageSEM,240424_00387,full,10,SBFSEM/240424_Microphages_no_load/dataset/TIFs/240424_Microphages_no_load_R02_155.tif,20.0,0.751,0.0,0.0,0.0,0.0,0.0,0.998838,0.998878,0,18819,677,16757720,677,18819,16777216,4e-05,0.0,0.0,ok
lipidnet_scaled,ld,empiar_13420_macrophage_a431,MacrophageSEM,240424_00388,full,10,SBFSEM/240424_Microphages_no_load/dataset/TIFs/240424_Microphages_no_load_R02_155.tif,20.0,0.659,0.0,0.0,0.0,0.0,0.0,0.999356,0.999496,0,8456,2350,16766410,2350,8456,16777216,0.00014,0.0,0.0,ok
lipidnet_scaled,ld,empiar_13420_macrophage_a431,MacrophageSEM,240424_00389,full,10,SBFSEM/240424_Microphages_no_load/dataset/TIFs/240424_Microphages_no_load_R02_155.tif,20.0,0.953,0.0886,0.046353,0.060763,0.163501,0.0886,0.998522,0.998889,1205,18626,6165,16751220,7370,19831,16777216,0.000439,0.085427,0.10081,ok
lipidnet_scaled,ld,empiar_13420_macrophage_a431,MacrophageSEM,240424_00390,full,10,SBFSEM/240424_Microphages_no_load/dataset/TIFs/240424_Microphages_no_load_R02_155.tif,20.0,0.806,0.0,0.0,0.0,0.0,0.0,0.998409,0.998732,0,21261,5429,16750526,5429,21261,16777216,0.000324,0.0,0.0,ok
lipidnet_scaled,ld,empiar_13420_macrophage_a431,MacrophageSEM,240424_00397,full,10,SBFSEM/240424_Microphages_no_load/dataset/TIFs/240424_Microphages_no_load_R02_183.tif,20.0,0.894,0.055705,0.02865,0.029789,0.428496,0.055705,0.998365,0.998429,809,26349,1079,16748979,1888,27158,16777216,0.000113,0.0,0.071516,ok
lipidnet_scaled,ld,empiar_13420_macrophage_a431,MacrophageSEM,240424_00401,full,10,SBFSEM/240424_Microphages_no_load/dataset/TIFs/240424_Microphages_no_load_R02_197.tif,20.0,0.981,0.0,0.0,0.0,0.0,0.0,0.997741,0.997825,0,36490,1410,16739316,1410,36490,16777216,8.4e-05,0.0,0.0,ok
lipidnet_scaled,ld,empiar_13420_macrophage_a431,MacrophageSEM,240424_00402,full,10,SBFSEM/240424_Microphages_no_load/dataset/TIFs/240424_Microphages_no_load_R02_197.tif,20.0,0.775,0.0,0.0,0.0,0.0,0.0,0.999563,0.999588,0,6918,422,16769876,422,6918,16777216,2.5e-05,0.0,0.0,ok
lipidnet_scaled,ld,empiar_13420_macrophage_a431,MacrophageSEM,240424_00404,full,10,SBFSEM/240424_Microphages_no_load/dataset/TIFs/240424_Microphages_no_load_R02_211.tif,20.0,0.627,0.0,0.0,0.0,0.0,0.0,0.999876,0.999995,0,79,2009,16775128,2009,79,16777216,0.00012,0.0,0.0,ok
lipidnet_scaled,ld,empiar_13420_macrophage_a431,MacrophageSEM,240424_00405,full,10,SBFSEM/240424_Microphages_no_load/dataset/TIFs/240424_Microphages_no_load_R02_211.tif,20.0,0.824,0.0,0.0,0.0,0.0,0.0,0.999126,0.999218,0,13111,1548,16762557,1548,13111,16777216,9.2e-05,0.0,0.0,ok
lipidnet_scaled,ld,empiar_13420_macrophage_a431,MacrophageSEM,240424_00406,full,10,SBFSEM/240424_Microphages_no_load/dataset/TIFs/240424_Microphages_no_load_R02_211.tif,20.0,0.655,0.0,0.0,0.0,0.0,0.0,0.999659,0.999869,0,2189,3540,16771487,3540,2189,16777216,0.000211,0.0,0.0,ok
lipidnet_scaled,ld,empiar_13420_macrophage_a431,MacrophageSEM,240424_00407,full,10,SBFSEM/240424_Microphages_no_load/dataset/TIFs/240424_Microphages_no_load_R02_225.tif,20.0,0.702,0.0,0.0,0.0,0.0,0.0,0.998702,0.999205,0,13337,8446,16755433,8446,13337,16777216,0.000503,0.0,0.0,ok
lipidnet_scaled,ld,empiar_13420_macrophage_a431,MacrophageSEM,240424_00408,full,10,SBFSEM/240424_Microphages_no_load/dataset/TIFs/240424_Microphages_no_load_R02_225.tif,20.0,0.61,0.014917,0.007515,1.0,0.007515,0.014917,0.999575,1.0,54,0,7132,16770030,7186,54,16777216,0.000428,0.0,0.008475,ok
lipidnet_scaled,ld,empiar_13420_macrophage_a431,MacrophageSEM,240424_00409,full,10,SBFSEM/240424_Microphages_no_load/dataset/TIFs/240424_Microphages_no_load_R02_225.tif,20.0,0.856,0.00185,0.000926,0.00128,0.003334,0.00185,0.997877,0.998464,33,25747,9866,16741570,9899,25780,16777216,0.00059,0.0,0.0,ok
lipidnet_scaled,ld,empiar_13420_macrophage_a431,MacrophageSEM,240424_00410,full,10,SBFSEM/240424_Microphages_no_load/dataset/TIFs/240424_Microphages_no_load_R02_225.tif,20.0,0.692,0.361176,0.220387,0.51523,0.278041,0.361176,0.999494,0.999865,2402,2260,6237,16766317,8639,4662,16777216,0.000515,0.064516,0.329135,ok
lipidnet_scaled,ld,empiar_13420_macrophage_a431,MacrophageSEM,240424_00411,full,10,SBFSEM/240424_Microphages_no_load/dataset/TIFs/240424_Microphages_no_load_R02_239.tif,20.0,1.048,0.431299,0.274941,0.561705,0.350035,0.431299,0.999764,0.99993,1502,1172,2789,16771753,4291,2674,16777216,0.000256,0.503597,0.233744,ok
lipidnet_scaled,ld,empiar_13420_macrophage_a431,MacrophageSEM,240424_00412,full,10,SBFSEM/240424_Microphages_no_load/dataset/TIFs/240424_Microphages_no_load_R02_239.tif,20.0,0.632,0.0,0.0,0.0,0.0,0.0,0.999804,0.999933,0,1117,2171,16773928,2171,1117,16777216,0.000129,0.0,0.0,ok
lipidnet_scaled,ld,empiar_13420_macrophage_a431,MacrophageSEM,240424_00413,full,10,SBFSEM/240424_Microphages_no_load/dataset/TIFs/240424_Microphages_no_load_R02_239.tif,20.0,0.791,0.19147,0.10587,0.115377,0.56234,0.19147,0.998785,0.998897,2413,18501,1878,16754424,4291,20914,16777216,0.000256,0.067797,0.155126,ok
lipidnet_scaled,ld,empiar_13420_macrophage_a431,MacrophageSEM,240424_00414,full,10,SBFSEM/240424_Microphages_no_load/dataset/TIFs/240424_Microphages_no_load_R02_239.tif,20.0,0.655,0.0,0.0,0.0,0.0,0.0,0.999498,0.999627,0,6257,2171,16768788,2171,6257,16777216,0.000129,0.0,0.0,ok
lipidnet_scaled,ld,empiar_13420_macrophage_a431,MacrophageSEM,240424_00415,full,10,SBFSEM/240424_Microphages_no_load/dataset/TIFs/240424_Microphages_no_load_R02_253.tif,20.0,0.572,0.0,0.0,nan,0.0,0.0,0.999808,1.0,0,0,3224,16773992,3224,0,16777216,0.000192,0.0,0.0,ok
lipidnet_scaled,ld,empiar_13420_macrophage_a431,MacrophageSEM,240424_00416,full,10,SBFSEM/240424_Microphages_no_load/dataset/TIFs/240424_Microphages_no_load_R02_253.tif,20.0,0.717,0.0,0.0,0.0,0.0,0.0,0.999259,0.999451,0,9206,3224,16764786,3224,9206,16777216,0.000192,0.0,0.0,ok
lipidnet_scaled,ld,empiar_13420_macrophage_a431,MacrophageSEM,240729_00000,sparse,6,FIB/240729_HumanMP_TNFa_1U/dataset/TIFs/240729_HumanMP_TNFa_1U_0001.tif,20.0,0.107,0.0,0.0,nan,0.0,0.0,0.997843,1.0,0,0,36183,16741033,36183,0,338664,0.10684,0.0,0.0,ok
lipidnet_scaled,ld,empiar_13420_macrophage_a431,MacrophageSEM,240729_00001,sparse,6,FIB/240729_HumanMP_TNFa_1U/dataset/TIFs/240729_HumanMP_TNFa_1U_0001.tif,20.0,0.119,0.0,0.0,nan,0.0,0.0,0.999461,1.0,0,0,9043,16768173,9043,0,11440,0.790472,0.0,0.0,ok
lipidnet_scaled,ld,empiar_13420_macrophage_a431,MacrophageSEM,240729_00002,sparse,6,FIB/240729_HumanMP_TNFa_1U/dataset/TIFs/240729_HumanMP_TNFa_1U_0035.tif,20.0,0.11,0.0,0.0,nan,0.0,0.0,0.998056,1.0,0,0,32609,16744607,32609,0,619020,0.052678,0.0,0.0,ok
lipidnet_scaled,ld,empiar_13420_macrophage_a431,MacrophageSEM,240729_00003,sparse,6,FIB/240729_HumanMP_TNFa_1U/dataset/TIFs/240729_HumanMP_TNFa_1U_0035.tif,20.0,0.117,0.0,0.0,nan,0.0,0.0,0.999758,1.0,0,0,4058,16773158,4058,0,5032,0.806439,0.0,0.0,ok
lipidnet_scaled,ld,empiar_13420_macrophage_a431,MacrophageSEM,240729_00004,sparse,6,FIB/240729_HumanMP_TNFa_1U/dataset/TIFs/240729_HumanMP_TNFa_1U_0069.tif,20.0,0.123,0.0,0.0,nan,0.0,0.0,0.991998,1.0,0,0,134243,16642973,134243,0,1183906,0.11339,0.0,0.0,ok
lipidnet_scaled,ld,empiar_13420_macrophage_a431,MacrophageSEM,240729_00005,sparse,6,FIB/240729_HumanMP_TNFa_1U/dataset/TIFs/240729_HumanMP_TNFa_1U_0069.tif,20.0,0.134,0.0,0.0,nan,0.0,0.0,0.99383,1.0,0,0,103513,16673703,103513,0,519970,0.199075,0.0,0.0,ok
lipidnet_scaled,ld,empiar_13420_macrophage_a431,MacrophageSEM,240729_00006,sparse,6,FIB/240729_HumanMP_TNFa_1U/dataset/TIFs/240729_HumanMP_TNFa_1U_0103.tif,20.0,0.139,0.0,0.0,nan,0.0,0.0,0.98838,1.0,0,0,194955,16582261,194955,0,1355598,0.143815,0.0,0.0,ok
lipidnet_scaled,ld,empiar_13420_macrophage_a431,MacrophageSEM,240729_00007,sparse,6,FIB/240729_HumanMP_TNFa_1U/dataset/TIFs/240729_HumanMP_TNFa_1U_0103.tif,20.0,0.136,0.0,0.0,nan,0.0,0.0,0.989886,1.0,0,0,169686,16607530,169686,0,1036260,0.163748,0.0,0.0,ok
lipidnet_scaled,ld,empiar_13420_macrophage_a431,MacrophageSEM,240729_00008,sparse,6,FIB/240729_HumanMP_TNFa_1U/dataset/TIFs/240729_HumanMP_TNFa_1U_0137.tif,20.0,0.137,0.0,0.0,nan,0.0,0.0,0.991111,1.0,0,0,149130,16628086,149130,0,1435486,0.103888,0.0,0.0,ok
lipidnet_scaled,ld,empiar_13420_macrophage_a431,MacrophageSEM,240729_00009,sparse,6,FIB/240729_HumanMP_TNFa_1U/dataset/TIFs/240729_HumanMP_TNFa_1U_0137.tif,20.0,0.135,0.0,0.0,nan,0.0,0.0,0.991246,1.0,0,0,146871,16630345,146871,0,1547892,0.094885,0.0,0.0,ok
lipidnet_scaled,ld,empiar_13420_macrophage_a431,MacrophageSEM,240729_00010,sparse,6,FIB/240729_HumanMP_TNFa_1U/dataset/TIFs/240729_HumanMP_TNFa_1U_0171.tif,20.0,0.13,0.0,0.0,nan,0.0,0.0,0.992323,1.0,0,0,128798,16648418,128798,0,1959636,0.065725,0.0,0.0,ok
lipidnet_scaled,ld,empiar_13420_macrophage_a431,MacrophageSEM,240729_00011,sparse,6,FIB/240729_HumanMP_TNFa_1U/dataset/TIFs/240729_HumanMP_TNFa_1U_0171.tif,20.0,0.141,0.0,0.0,nan,0.0,0.0,0.993504,1.0,0,0,108985,16668231,108985,0,1365792,0.079796,0.0,0.0,ok
lipidnet_scaled,ld,empiar_13420_macrophage_a431,MacrophageSEM,240729_00012,sparse,6,FIB/240729_HumanMP_TNFa_1U/dataset/TIFs/240729_HumanMP_TNFa_1U_0205.tif,20.0,0.129,0.0,0.0,nan,0.0,0.0,0.991419,1.0,0,0,143969,16633247,143969,0,2045424,0.070386,0.0,0.0,ok
lipidnet_scaled,ld,empiar_13420_macrophage_a431,MacrophageSEM,240729_00013,sparse,6,FIB/240729_HumanMP_TNFa_1U/dataset/TIFs/240729_HumanMP_TNFa_1U_0205.tif,20.0,0.137,0.0,0.0,nan,0.0,0.0,0.991867,1.0,0,0,136453,16640763,136453,0,1853988,0.0736,0.0,0.0,ok
lipidnet_scaled,ld,empiar_13420_macrophage_a431,MacrophageSEM,240729_00014,sparse,6,FIB/240729_HumanMP_TNFa_1U/dataset/TIFs/240729_HumanMP_TNFa_1U_0239.tif,20.0,0.133,0.0,0.0,nan,0.0,0.0,0.992584,1.0,0,0,124418,16652798,124418,0,1571878,0.079152,0.0,0.0,ok
lipidnet_scaled,ld,empiar_13420_macrophage_a431,MacrophageSEM,240729_00015,sparse,6,FIB/240729_HumanMP_TNFa_1U/dataset/TIFs/240729_HumanMP_TNFa_1U_0239.tif,20.0,0.151,0.0,0.0,nan,0.0,0.0,0.99324,1.0,0,0,113409,16663807,113409,0,1172920,0.096689,0.0,0.0,ok
lipidnet_scaled,ld,empiar_13420_macrophage_a431,MacrophageSEM,240729_00016,sparse,6,FIB/240729_HumanMP_TNFa_1U/dataset/TIFs/240729_HumanMP_TNFa_1U_0273.tif,20.0,0.127,0.0,0.0,nan,0.0,0.0,0.994011,1.0,0,0,100485,16676731,100485,0,1329736,0.075568,0.0,0.0,ok
lipidnet_scaled,ld,empiar_13420_macrophage_a431,MacrophageSEM,240729_00017,sparse,6,FIB/240729_HumanMP_TNFa_1U/dataset/TIFs/240729_HumanMP_TNFa_1U_0273.tif,20.0,0.124,0.0,0.0,nan,0.0,0.0,0.99375,1.0,0,0,104865,16672351,104865,0,1513547,0.069284,0.0,0.0,ok
lipidnet_scaled,ld,empiar_13420_macrophage_a431,MacrophageSEM,240729_00018,sparse,6,FIB/240729_HumanMP_TNFa_1U/dataset/TIFs/240729_HumanMP_TNFa_1U_0307.tif,20.0,0.123,0.0,0.0,nan,0.0,0.0,0.995391,1.0,0,0,77318,16699898,77318,0,1757451,0.043994,0.0,0.0,ok
lipidnet_scaled,ld,empiar_13420_macrophage_a431,MacrophageSEM,240729_00019,sparse,6,FIB/240729_HumanMP_TNFa_1U/dataset/TIFs/240729_HumanMP_TNFa_1U_0307.tif,20.0,0.123,0.0,0.0,nan,0.0,0.0,0.99596,1.0,0,0,67781,16709435,67781,0,1365150,0.049651,0.0,0.0,ok
lipidnet_scaled,ld,empiar_13420_macrophage_a431,MacrophageSEM,240729_00020,sparse,6,FIB/240729_HumanMP_TNFa_1U/dataset/TIFs/240729_HumanMP_TNFa_1U_0341.tif,20.0,0.137,0.168337,0.091904,0.947159,0.092377,0.168337,0.99677,0.999982,5485,306,53891,16717534,59376,5791,1327981,0.044711,0.035,0.062027,ok
lipidnet_scaled,ld,empiar_13420_macrophage_a431,MacrophageSEM,240729_00021,sparse,6,FIB/240729_HumanMP_TNFa_1U/dataset/TIFs/240729_HumanMP_TNFa_1U_0341.tif,20.0,0.151,0.165161,0.090014,0.878571,0.091148,0.165161,0.996739,0.999955,5412,748,53964,16717092,59376,6160,1327981,0.044711,0.0,0.042981,ok
lipidnet_scaled,ld,empiar_13420_macrophage_a431,MacrophageSEM,240729_00022,sparse,6,FIB/240729_HumanMP_TNFa_1U/dataset/TIFs/240729_HumanMP_TNFa_1U_0375.tif,20.0,0.127,0.0,0.0,nan,0.0,0.0,0.994184,1.0,0,0,97568,16679648,97568,0,1746699,0.055859,0.0,0.0,ok
lipidnet_scaled,ld,empiar_13420_macrophage_a431,MacrophageSEM,240729_00023,sparse,6,FIB/240729_HumanMP_TNFa_1U/dataset/TIFs/240729_HumanMP_TNFa_1U_0375.tif,20.0,0.132,0.0,0.0,nan,0.0,0.0,0.994816,1.0,0,0,86980,16690236,86980,0,1395683,0.062321,0.0,0.0,ok
lipidnet_scaled,ld,empiar_13420_macrophage_a431,MacrophageSEM,240729_00024,sparse,6,FIB/240729_HumanMP_TNFa_1U/dataset/TIFs/240729_HumanMP_TNFa_1U_0409.tif,20.0,0.13,0.0,0.0,nan,0.0,0.0,0.998128,1.0,0,0,31402,16745814,31402,0,1663578,0.018876,0.0,0.0,ok
lipidnet_scaled,ld,empiar_13420_macrophage_a431,MacrophageSEM,240729_00025,sparse,6,FIB/240729_HumanMP_TNFa_1U/dataset/TIFs/240729_HumanMP_TNFa_1U_0409.tif,20.0,0.135,0.0,0.0,nan,0.0,0.0,0.997622,1.0,0,0,39895,16737321,39895,0,1911501,0.020871,0.0,0.0,ok
lipidnet_scaled,ld,empiar_13420_macrophage_a431,MacrophageSEM,240729_00026,sparse,6,FIB/240729_HumanMP_TNFa_1U/dataset/TIFs/240729_HumanMP_TNFa_1U_0443.tif,20.0,0.148,0.0,0.0,nan,0.0,0.0,0.997233,1.0,0,0,46429,16730787,46429,0,1667655,0.027841,0.0,0.0,ok
lipidnet_scaled,ld,empiar_13420_macrophage_a431,MacrophageSEM,240729_00027,sparse,6,FIB/240729_HumanMP_TNFa_1U/dataset/TIFs/240729_HumanMP_TNFa_1U_0443.tif,20.0,0.137,0.0,0.0,nan,0.0,0.0,0.997984,1.0,0,0,33821,16743395,33821,0,1717650,0.01969,0.0,0.0,ok
lipidnet_scaled,ld,empiar_13420_macrophage_a431,MacrophageSEM,240729_00028,sparse,6,FIB/240729_HumanMP_TNFa_1U/dataset/TIFs/240729_HumanMP_TNFa_1U_0477.tif,20.0,0.175,0.009597,0.004822,1.0,0.004822,0.009597,0.996026,1.0,323,0,66667,16710226,66990,323,1623240,0.041269,0.026316,0.0,ok
lipidnet_scaled,ld,empiar_13420_macrophage_a431,MacrophageSEM,240729_00029,sparse,6,FIB/240729_HumanMP_TNFa_1U/dataset/TIFs/240729_HumanMP_TNFa_1U_0477.tif,20.0,0.132,0.0,0.0,nan,0.0,0.0,0.997689,1.0,0,0,38767,16738449,38767,0,1935363,0.020031,0.0,0.0,ok
lipidnet_scaled,ld,empiar_13420_macrophage_a431,MacrophageSEM,240729_00030,sparse,6,FIB/240729_HumanMP_TNFa_1U/dataset/TIFs/240729_HumanMP_TNFa_1U_0511.tif,20.0,0.132,0.0,0.0,nan,0.0,0.0,0.997592,1.0,0,0,40407,16736809,40407,0,1811446,0.022306,0.0,0.0,ok
lipidnet_scaled,ld,empiar_13420_macrophage_a431,MacrophageSEM,240729_00031,sparse,6,FIB/240729_HumanMP_TNFa_1U/dataset/TIFs/240729_HumanMP_TNFa_1U_0511.tif,20.0,0.144,0.0,0.0,nan,0.0,0.0,0.997885,1.0,0,0,35487,16741729,35487,0,2008804,0.017666,0.0,0.0,ok
lipidnet_scaled,ld,empiar_13420_macrophage_a431,MacrophageSEM,240729_00032,sparse,6,FIB/240729_HumanMP_TNFa_1U/dataset/TIFs/240729_HumanMP_TNFa_1U_0545.tif,20.0,0.14,0.0,0.0,nan,0.0,0.0,0.996879,1.0,0,0,52355,16724861,52355,0,1983600,0.026394,0.0,0.0,ok
lipidnet_scaled,ld,empiar_13420_macrophage_a431,MacrophageSEM,240729_00033,sparse,6,FIB/240729_HumanMP_TNFa_1U/dataset/TIFs/240729_HumanMP_TNFa_1U_0545.tif,20.0,0.134,0.0,0.0,nan,0.0,0.0,0.998076,1.0,0,0,32286,16744930,32286,0,2234495,0.014449,0.0,0.0,ok
lipidnet_scaled,ld,empiar_13420_macrophage_a431,MacrophageSEM,240729_00034,sparse,6,FIB/240729_HumanMP_TNFa_1U/dataset/TIFs/240729_HumanMP_TNFa_1U_0579.tif,20.0,0.136,0.0,0.0,nan,0.0,0.0,0.995069,1.0,0,0,82736,16694480,82736,0,2117584,0.039071,0.0,0.0,ok
lipidnet_scaled,ld,empiar_13420_macrophage_a431,MacrophageSEM,240729_00035,sparse,6,FIB/240729_HumanMP_TNFa_1U/dataset/TIFs/240729_HumanMP_TNFa_1U_0579.tif,20.0,0.141,0.0,0.0,nan,0.0,0.0,0.996206,1.0,0,0,63657,16713559,63657,0,1872807,0.03399,0.0,0.0,ok
lipidnet_scaled,ld,empiar_13420_macrophage_a431,MacrophageSEM,240729_00036,sparse,6,FIB/240729_HumanMP_TNFa_1U/dataset/TIFs/240729_HumanMP_TNFa_1U_0613.tif,20.0,0.137,0.0,0.0,nan,0.0,0.0,0.996788,1.0,0,0,53891,16723325,53891,0,2177505,0.024749,0.0,0.0,ok
lipidnet_scaled,ld,empiar_13420_macrophage_a431,MacrophageSEM,240729_00037,sparse,6,FIB/240729_HumanMP_TNFa_1U/dataset/TIFs/240729_HumanMP_TNFa_1U_0613.tif,20.0,0.136,0.0,0.0,nan,0.0,0.0,0.997095,1.0,0,0,48744,16728472,48744,0,1896750,0.025699,0.0,0.0,ok
lipidnet_scaled,ld,empiar_13420_macrophage_a431,MacrophageSEM,240729_00038,sparse,6,FIB/240729_HumanMP_TNFa_1U/dataset/TIFs/240729_HumanMP_TNFa_1U_0647.tif,20.0,0.134,0.0,0.0,nan,0.0,0.0,0.996216,1.0,0,0,63485,16713731,63485,0,2174934,0.029189,0.0,0.0,ok
lipidnet_scaled,ld,empiar_13420_macrophage_a431,MacrophageSEM,240729_00039,sparse,6,FIB/240729_HumanMP_TNFa_1U/dataset/TIFs/240729_HumanMP_TNFa_1U_0647.tif,20.0,0.13,0.0,0.0,nan,0.0,0.0,0.996221,1.0,0,0,63394,16713822,63394,0,1946208,0.032573,0.0,0.0,ok
lipidnet_scaled,ld,empiar_13420_macrophage_a431,MacrophageSEM,240729_00040,sparse,6,FIB/240729_HumanMP_TNFa_1U/dataset/TIFs/240729_HumanMP_TNFa_1U_0681.tif,20.0,0.142,0.0,0.0,nan,0.0,0.0,0.997444,1.0,0,0,42881,16734335,42881,0,1961443,0.021862,0.0,0.0,ok
lipidnet_scaled,ld,empiar_13420_macrophage_a431,MacrophageSEM,240729_00041,sparse,6,FIB/240729_HumanMP_TNFa_1U/dataset/TIFs/240729_HumanMP_TNFa_1U_0681.tif,20.0,0.135,0.0,0.0,nan,0.0,0.0,0.997811,1.0,0,0,36731,16740485,36731,0,1778811,0.020649,0.0,0.0,ok
lipidnet_scaled,ld,empiar_13420_macrophage_a431,MacrophageSEM,240729_00042,sparse,6,FIB/240729_HumanMP_TNFa_1U/dataset/TIFs/240729_HumanMP_TNFa_1U_0715.tif,20.0,0.13,0.0,0.0,nan,0.0,0.0,0.997567,1.0,0,0,40823,16736393,40823,0,2152052,0.018969,0.0,0.0,ok
lipidnet_scaled,ld,empiar_13420_macrophage_a431,MacrophageSEM,240729_00043,sparse,6,FIB/240729_HumanMP_TNFa_1U/dataset/TIFs/240729_HumanMP_TNFa_1U_0715.tif,20.0,0.148,0.0,0.0,nan,0.0,0.0,0.998093,1.0,0,0,32000,16745216,32000,0,1899495,0.016847,0.0,0.0,ok
lipidnet_scaled,ld,empiar_13420_macrophage_a431,MacrophageSEM,240729_00044,sparse,6,FIB/240729_HumanMP_TNFa_1U/dataset/TIFs/240729_HumanMP_TNFa_1U_0749.tif,20.0,0.141,0.0,0.0,nan,0.0,0.0,0.994503,1.0,0,0,92223,16684993,92223,0,2341350,0.039389,0.0,0.0,ok
lipidnet_scaled,ld,empiar_13420_macrophage_a431,MacrophageSEM,240729_00045,sparse,6,FIB/240729_HumanMP_TNFa_1U/dataset/TIFs/240729_HumanMP_TNFa_1U_0749.tif,20.0,0.141,0.0,0.0,nan,0.0,0.0,0.996941,1.0,0,0,51326,16725890,51326,0,2091573,0.024539,0.0,0.0,ok
lipidnet_scaled,ld,empiar_13420_macrophage_a431,MacrophageSEM,240729_00046,sparse,6,FIB/240729_HumanMP_TNFa_1U/dataset/TIFs/240729_HumanMP_TNFa_1U_0783.tif,20.0,0.133,0.0,0.0,nan,0.0,0.0,0.994688,1.0,0,0,89118,16688098,89118,0,2172302,0.041025,0.0,0.0,ok
lipidnet_scaled,ld,empiar_13420_macrophage_a431,MacrophageSEM,240729_00047,sparse,6,FIB/240729_HumanMP_TNFa_1U/dataset/TIFs/240729_HumanMP_TNFa_1U_0783.tif,20.0,0.139,0.051188,0.026266,1.0,0.026266,0.051188,0.997572,1.0,1099,0,40742,16735375,41841,1099,1789644,0.02338,0.0,0.018315,ok
lipidnet_scaled,ld,empiar_13420_macrophage_a431,MacrophageSEM,240729_00048,sparse,6,FIB/240729_HumanMP_TNFa_1U/dataset/TIFs/240729_HumanMP_TNFa_1U_0817.tif,20.0,0.129,0.0,0.0,nan,0.0,0.0,0.99416,1.0,0,0,97985,16679231,97985,0,2359800,0.041523,0.0,0.0,ok
lipidnet_scaled,ld,empiar_13420_macrophage_a431,MacrophageSEM,240729_00049,sparse,6,FIB/240729_HumanMP_TNFa_1U/dataset/TIFs/240729_HumanMP_TNFa_1U_0817.tif,20.0,0.131,0.0,0.0,nan,0.0,0.0,0.997383,1.0,0,0,43911,16733305,43911,0,1998588,0.021971,0.0,0.0,ok
lipidnet_scaled,ld,empiar_13420_macrophage_a431,MacrophageSEM,240729_00050,sparse,6,FIB/240729_HumanMP_TNFa_1U/dataset/TIFs/240729_HumanMP_TNFa_1U_0851.tif,20.0,0.578,0.0,0.0,nan,0.0,0.0,0.992651,1.0,0,0,123291,16653925,123291,0,2294788,0.053727,0.0,0.0,ok
lipidnet_scaled,ld,empiar_13420_macrophage_a431,MacrophageSEM,240729_00051,sparse,6,FIB/240729_HumanMP_TNFa_1U/dataset/TIFs/240729_HumanMP_TNFa_1U_0851.tif,20.0,0.168,0.0,0.0,nan,0.0,0.0,0.995212,1.0,0,0,80324,16696892,80324,0,2067336,0.038854,0.0,0.0,ok
lipidnet_scaled,ld,empiar_13420_macrophage_a431,MacrophageSEM,240729_00052,sparse,6,FIB/240729_HumanMP_TNFa_1U/dataset/TIFs/240729_HumanMP_TNFa_1U_0885.tif,20.0,0.275,0.0,0.0,nan,0.0,0.0,0.995787,1.0,0,0,70676,16706540,70676,0,2221596,0.031813,0.0,0.0,ok
lipidnet_scaled,ld,empiar_13420_macrophage_a431,MacrophageSEM,240729_00053,sparse,6,FIB/240729_HumanMP_TNFa_1U/dataset/TIFs/240729_HumanMP_TNFa_1U_0885.tif,20.0,0.103,0.0,0.0,nan,0.0,0.0,0.997052,1.0,0,0,49461,16727755,49461,0,2114200,0.023395,0.0,0.0,ok
lipidnet_scaled,ld,empiar_13420_macrophage_a431,MacrophageSEM,240729_00054,sparse,6,FIB/240729_HumanMP_TNFa_1U/dataset/TIFs/240729_HumanMP_TNFa_1U_0919.tif,20.0,0.131,0.0,0.0,nan,0.0,0.0,0.996696,1.0,0,0,55438,16721778,55438,0,2244608,0.024698,0.0,0.0,ok
lipidnet_scaled,ld,empiar_13420_macrophage_a431,MacrophageSEM,240729_00055,sparse,6,FIB/240729_HumanMP_TNFa_1U/dataset/TIFs/240729_HumanMP_TNFa_1U_0919.tif,20.0,0.2,0.0,0.0,nan,0.0,0.0,0.998454,1.0,0,0,25931,16751285,25931,0,1904848,0.013613,0.0,0.0,ok
lipidnet_scaled,ld,empiar_13420_macrophage_a431,MacrophageSEM,240729_00056,sparse,6,FIB/240729_HumanMP_TNFa_1U/dataset/TIFs/240729_HumanMP_TNFa_1U_0953.tif,20.0,0.124,0.0,0.0,nan,0.0,0.0,0.99716,1.0,0,0,47642,16729574,47642,0,1931744,0.024663,0.0,0.0,ok
lipidnet_scaled,ld,empiar_13420_macrophage_a431,MacrophageSEM,240729_00057,sparse,6,FIB/240729_HumanMP_TNFa_1U/dataset/TIFs/240729_HumanMP_TNFa_1U_0953.tif,20.0,0.133,0.0,0.0,nan,0.0,0.0,0.997507,1.0,0,0,41830,16735386,41830,0,2116704,0.019762,0.0,0.0,ok
lipidnet_scaled,ld,empiar_13420_macrophage_a431,MacrophageSEM,240729_00058,sparse,6,FIB/240729_HumanMP_TNFa_1U/dataset/TIFs/240729_HumanMP_TNFa_1U_0987.tif,20.0,0.132,0.0,0.0,nan,0.0,0.0,0.994221,1.0,0,0,96961,16680255,96961,0,2485624,0.039009,0.0,0.0,ok
lipidnet_scaled,ld,empiar_13420_macrophage_a431,MacrophageSEM,240729_00059,sparse,6,FIB/240729_HumanMP_TNFa_1U/dataset/TIFs/240729_HumanMP_TNFa_1U_0987.tif,20.0,0.152,0.0,0.0,nan,0.0,0.0,0.996875,1.0,0,0,52424,16724792,52424,0,2078454,0.025223,0.0,0.0,ok
lipidnet_scaled,ld,empiar_13420_macrophage_a431,MacrophageSEM,240729_00060,sparse,6,FIB/240729_HumanMP_TNFa_1U/dataset/TIFs/240729_HumanMP_TNFa_1U_1021.tif,20.0,0.153,0.0,0.0,nan,0.0,0.0,0.993264,1.0,0,0,113017,16664199,113017,0,2360960,0.047869,0.0,0.0,ok
lipidnet_scaled,ld,empiar_13420_macrophage_a431,MacrophageSEM,240729_00061,sparse,6,FIB/240729_HumanMP_TNFa_1U/dataset/TIFs/240729_HumanMP_TNFa_1U_1021.tif,20.0,0.145,0.0,0.0,nan,0.0,0.0,0.997586,1.0,0,0,40492,16736724,40492,0,1914921,0.021146,0.0,0.0,ok
lipidnet_scaled,ld,empiar_13420_macrophage_a431,MacrophageSEM,240729_00062,sparse,6,FIB/240729_HumanMP_TNFa_1U/dataset/TIFs/240729_HumanMP_TNFa_1U_1055.tif,20.0,0.145,0.0,0.0,nan,0.0,0.0,0.993626,1.0,0,0,106940,16670276,106940,0,2413616,0.044307,0.0,0.0,ok
lipidnet_scaled,ld,empiar_13420_macrophage_a431,MacrophageSEM,240729_00063,sparse,6,FIB/240729_HumanMP_TNFa_1U/dataset/TIFs/240729_HumanMP_TNFa_1U_1055.tif,20.0,0.104,0.0,0.0,nan,0.0,0.0,0.996747,1.0,0,0,54575,16722641,54575,0,2253476,0.024218,0.0,0.0,ok
lipidnet_scaled,ld,empiar_13420_macrophage_a431,MacrophageSEM,240729_00064,sparse,6,FIB/240729_HumanMP_TNFa_1U/dataset/TIFs/240729_HumanMP_TNFa_1U_1089.tif,20.0,0.104,0.0,0.0,nan,0.0,0.0,0.995413,1.0,0,0,76953,16700263,76953,0,2259584,0.034056,0.0,0.0,ok
lipidnet_scaled,ld,empiar_13420_macrophage_a431,MacrophageSEM,240729_00065,sparse,6,FIB/240729_HumanMP_TNFa_1U/dataset/TIFs/240729_HumanMP_TNFa_1U_1089.tif,20.0,0.143,0.0,0.0,nan,0.0,0.0,0.997563,1.0,0,0,40890,16736326,40890,0,2108601,0.019392,0.0,0.0,ok
lipidnet_scaled,ld,empiar_13420_macrophage_a431,MacrophageSEM,240729_00066,sparse,6,FIB/240729_HumanMP_TNFa_1U/dataset/TIFs/240729_HumanMP_TNFa_1U_1123.tif,20.0,0.118,0.0,0.0,nan,0.0,0.0,0.995616,1.0,0,0,73556,16703660,73556,0,2278560,0.032282,0.0,0.0,ok
lipidnet_scaled,ld,empiar_13420_macrophage_a431,MacrophageSEM,240729_00067,sparse,6,FIB/240729_HumanMP_TNFa_1U/dataset/TIFs/240729_HumanMP_TNFa_1U_1123.tif,20.0,0.119,0.0,0.0,nan,0.0,0.0,0.997206,1.0,0,0,46879,16730337,46879,0,2100393,0.022319,0.0,0.0,ok
lipidnet_scaled,ld,empiar_13420_macrophage_a431,MacrophageSEM,240729_00068,sparse,6,FIB/240729_HumanMP_TNFa_1U/dataset/TIFs/240729_HumanMP_TNFa_1U_1157.tif,20.0,0.105,0.0,0.0,nan,0.0,0.0,0.994513,1.0,0,0,92062,16685154,92062,0,2298051,0.040061,0.0,0.0,ok
lipidnet_scaled,ld,empiar_13420_macrophage_a431,MacrophageSEM,240729_00069,sparse,6,FIB/240729_HumanMP_TNFa_1U/dataset/TIFs/240729_HumanMP_TNFa_1U_1157.tif,20.0,0.108,0.0,0.0,nan,0.0,0.0,0.997689,1.0,0,0,38769,16738447,38769,0,2102928,0.018436,0.0,0.0,ok
lipidnet_scaled,ld,empiar_13420_macrophage_a431,MacrophageSEM,240729_00070,sparse,6,FIB/240729_HumanMP_TNFa_1U/dataset/TIFs/240729_HumanMP_TNFa_1U_1191.tif,20.0,0.137,0.0,0.0,nan,0.0,0.0,0.994484,1.0,0,0,92539,16684677,92539,0,2143221,0.043178,0.0,0.0,ok
lipidnet_scaled,ld,empiar_13420_macrophage_a431,MacrophageSEM,240729_00071,sparse,6,FIB/240729_HumanMP_TNFa_1U/dataset/TIFs/240729_HumanMP_TNFa_1U_1191.tif,20.0,0.133,0.0,0.0,nan,0.0,0.0,0.997253,1.0,0,0,46095,16731121,46095,0,2130189,0.021639,0.0,0.0,ok
lipidnet_scaled,ld,empiar_13420_macrophage_a431,MacrophageSEM,240729_00072,sparse,6,FIB/240729_HumanMP_TNFa_1U/dataset/TIFs/240729_HumanMP_TNFa_1U_1225.tif,20.0,0.147,0.0,0.0,nan,0.0,0.0,0.995422,1.0,0,0,76809,16700407,76809,0,1921024,0.039983,0.0,0.0,ok
lipidnet_scaled,ld,empiar_13420_macrophage_a431,MacrophageSEM,240729_00073,sparse,6,FIB/240729_HumanMP_TNFa_1U/dataset/TIFs/240729_HumanMP_TNFa_1U_1225.tif,20.0,0.163,0.0,0.0,nan,0.0,0.0,0.996723,1.0,0,0,54971,16722245,54971,0,1853681,0.029655,0.0,0.0,ok
lipidnet_scaled,ld,empiar_13420_macrophage_a431,MacrophageSEM,240729_00074,sparse,6,FIB/240729_HumanMP_TNFa_1U/dataset/TIFs/240729_HumanMP_TNFa_1U_1259.tif,20.0,0.136,0.0,0.0,nan,0.0,0.0,0.996098,1.0,0,0,65471,16711745,65471,0,1437140,0.045556,0.0,0.0,ok
lipidnet_scaled,ld,empiar_13420_macrophage_a431,MacrophageSEM,240729_00075,sparse,6,FIB/240729_HumanMP_TNFa_1U/dataset/TIFs/240729_HumanMP_TNFa_1U_1259.tif,20.0,0.14,0.0,0.0,nan,0.0,0.0,0.996148,1.0,0,0,64624,16712592,64624,0,1318007,0.049032,0.0,0.0,ok
lipidnet_scaled,ld,empiar_13420_macrophage_a431,MacrophageSEM,240729_00076,sparse,6,FIB/240729_HumanMP_TNFa_1U/dataset/TIFs/240729_HumanMP_TNFa_1U_1293.tif,20.0,0.129,0.0,0.0,nan,0.0,0.0,0.994617,1.0,0,0,90319,16686897,90319,0,1548288,0.058335,0.0,0.0,ok
lipidnet_scaled,ld,empiar_13420_macrophage_a431,MacrophageSEM,240729_00077,sparse,6,FIB/240729_HumanMP_TNFa_1U/dataset/TIFs/240729_HumanMP_TNFa_1U_1293.tif,20.0,0.139,0.0,0.0,nan,0.0,0.0,0.996107,1.0,0,0,65307,16711909,65307,0,1436415,0.045465,0.0,0.0,ok
lipidnet_scaled,ld,empiar_13420_macrophage_a431,MacrophageSEM,240729_00078,sparse,6,FIB/240729_HumanMP_TNFa_1U/dataset/TIFs/240729_HumanMP_TNFa_1U_1327.tif,20.0,0.133,0.0,0.0,nan,0.0,0.0,0.995244,1.0,0,0,79792,16697424,79792,0,1650724,0.048338,0.0,0.0,ok
lipidnet_scaled,ld,empiar_13420_macrophage_a431,MacrophageSEM,240729_00079,sparse,6,FIB/240729_HumanMP_TNFa_1U/dataset/TIFs/240729_HumanMP_TNFa_1U_1327.tif,20.0,0.153,0.0,0.0,nan,0.0,0.0,0.996805,1.0,0,0,53610,16723606,53610,0,1235304,0.043398,0.0,0.0,ok
lipidnet_scaled,ld,empiar_13420_macrophage_a431,MacrophageSEM,240729_00080,sparse,6,FIB/240729_HumanMP_TNFa_1U/dataset/TIFs/240729_HumanMP_TNFa_1U_1361.tif,20.0,0.137,0.0,0.0,nan,0.0,0.0,0.996037,1.0,0,0,66488,16710728,66488,0,1437696,0.046246,0.0,0.0,ok
lipidnet_scaled,ld,empiar_13420_macrophage_a431,MacrophageSEM,240729_00081,sparse,6,FIB/240729_HumanMP_TNFa_1U/dataset/TIFs/240729_HumanMP_TNFa_1U_1361.tif,20.0,0.147,0.0,0.0,nan,0.0,0.0,0.997844,1.0,0,0,36178,16741038,36178,0,1296510,0.027904,0.0,0.0,ok
lipidnet_scaled,ld,empiar_13420_macrophage_a431,MacrophageSEM,240729_00082,sparse,6,FIB/240729_HumanMP_TNFa_1U/dataset/TIFs/240729_HumanMP_TNFa_1U_1395.tif,20.0,0.135,0.0,0.0,nan,0.0,0.0,0.994852,1.0,0,0,86373,16690843,86373,0,1436760,0.060117,0.0,0.0,ok
lipidnet_scaled,ld,empiar_13420_macrophage_a431,MacrophageSEM,240729_00083,sparse,6,FIB/240729_HumanMP_TNFa_1U/dataset/TIFs/240729_HumanMP_TNFa_1U_1395.tif,20.0,0.128,0.0,0.0,nan,0.0,0.0,0.998628,1.0,0,0,23014,16754202,23014,0,1046460,0.021992,0.0,0.0,ok
lipidnet_scaled,ld,empiar_13420_macrophage_a431,MacrophageSEM,240729_00084,sparse,6,FIB/240729_HumanMP_TNFa_1U/dataset/TIFs/240729_HumanMP_TNFa_1U_1429.tif,20.0,0.133,0.0,0.0,nan,0.0,0.0,0.998463,1.0,0,0,25794,16751422,25794,0,1204602,0.021413,0.0,0.0,ok
lipidnet_scaled,ld,empiar_13420_macrophage_a431,MacrophageSEM,240729_00085,sparse,6,FIB/240729_HumanMP_TNFa_1U/dataset/TIFs/240729_HumanMP_TNFa_1U_1429.tif,20.0,0.153,0.0,0.0,nan,0.0,0.0,0.997937,1.0,0,0,34608,16742608,34608,0,1169850,0.029583,0.0,0.0,ok
lipidnet_scaled,ld,empiar_13420_macrophage_a431,MacrophageSEM,240729_00086,sparse,6,FIB/240729_HumanMP_TNFa_1U/dataset/TIFs/240729_HumanMP_TNFa_1U_1463.tif,20.0,0.139,0.0,0.0,nan,0.0,0.0,0.99662,1.0,0,0,56708,16720508,56708,0,1174958,0.048264,0.0,0.0,ok
lipidnet_scaled,ld,empiar_13420_macrophage_a431,MacrophageSEM,240729_00087,sparse,6,FIB/240729_HumanMP_TNFa_1U/dataset/TIFs/240729_HumanMP_TNFa_1U_1463.tif,20.0,0.136,0.0,0.0,nan,0.0,0.0,0.996964,1.0,0,0,50929,16726287,50929,0,1098305,0.046371,0.0,0.0,ok
lipidnet_scaled,ld,empiar_13420_macrophage_a431,MacrophageSEM,240729_00088,sparse,6,FIB/240729_HumanMP_TNFa_1U/dataset/TIFs/240729_HumanMP_TNFa_1U_1497.tif,20.0,0.154,0.0,0.0,nan,0.0,0.0,0.995387,1.0,0,0,77386,16699830,77386,0,1305667,0.059269,0.0,0.0,ok
lipidnet_scaled,ld,empiar_13420_macrophage_a431,MacrophageSEM,240729_00089,sparse,6,FIB/240729_HumanMP_TNFa_1U/dataset/TIFs/240729_HumanMP_TNFa_1U_1497.tif,20.0,0.134,0.00084,0.00042,1.0,0.00042,0.00084,0.997873,1.0,15,0,35691,16741510,35706,15,893650,0.039955,0.0,0.0,ok
lipidnet_scaled,ld,empiar_13420_macrophage_a431,MacrophageSEM,240729_00090,sparse,6,FIB/240729_HumanMP_TNFa_1U/dataset/TIFs/240729_HumanMP_TNFa_1U_1531.tif,20.0,0.137,0.0,0.0,nan,0.0,0.0,0.997691,1.0,0,0,38731,16738485,38731,0,769921,0.050305,0.0,0.0,ok
lipidnet_scaled,ld,empiar_13420_macrophage_a431,MacrophageSEM,240729_00091,sparse,6,FIB/240729_HumanMP_TNFa_1U/dataset/TIFs/240729_HumanMP_TNFa_1U_1531.tif,20.0,0.146,0.0,0.0,nan,0.0,0.0,0.998994,1.0,0,0,16877,16760339,16877,0,593370,0.028443,0.0,0.0,ok
lipidnet_scaled,ld,empiar_13420_macrophage_a431,MacrophageSEM,240729_00092,sparse,6,FIB/240729_HumanMP_TNFa_1U/dataset/TIFs/240729_HumanMP_TNFa_1U_1565.tif,20.0,0.154,0.0,0.0,nan,0.0,0.0,0.997096,1.0,0,0,48729,16728487,48729,0,991494,0.049147,0.0,0.0,ok
lipidnet_scaled,ld,empiar_13420_macrophage_a431,MacrophageSEM,240729_00093,sparse,6,FIB/240729_HumanMP_TNFa_1U/dataset/TIFs/240729_HumanMP_TNFa_1U_1565.tif,20.0,0.141,0.0,0.0,nan,0.0,0.0,0.997519,1.0,0,0,41619,16735597,41619,0,915900,0.045441,0.0,0.0,ok
lipidnet_scaled,ld,empiar_13420_macrophage_a431,MacrophageSEM,240729_00094,sparse,6,FIB/240729_HumanMP_TNFa_1U/dataset/TIFs/240729_HumanMP_TNFa_1U_1599.tif,20.0,0.147,0.0,0.0,nan,0.0,0.0,0.99666,1.0,0,0,56031,16721185,56031,0,1327104,0.042221,0.0,0.0,ok
lipidnet_scaled,ld,empiar_13420_macrophage_a431,MacrophageSEM,240729_00095,sparse,6,FIB/240729_HumanMP_TNFa_1U/dataset/TIFs/240729_HumanMP_TNFa_1U_1599.tif,20.0,0.134,0.0,0.0,nan,0.0,0.0,0.99722,1.0,0,0,46636,16730580,46636,0,1267488,0.036794,0.0,0.0,ok
lipidnet_scaled,ld,empiar_13420_macrophage_a431,MacrophageSEM,240729_00096,sparse,6,FIB/240729_HumanMP_TNFa_1U/dataset/TIFs/240729_HumanMP_TNFa_1U_1633.tif,20.0,0.138,0.0,0.0,nan,0.0,0.0,0.996029,1.0,0,0,66625,16710591,66625,0,1175315,0.056687,0.0,0.0,ok
lipidnet_scaled,ld,empiar_13420_macrophage_a431,MacrophageSEM,240729_00097,sparse,6,FIB/240729_HumanMP_TNFa_1U/dataset/TIFs/240729_HumanMP_TNFa_1U_1633.tif,20.0,0.15,0.0,0.0,nan,0.0,0.0,0.996955,1.0,0,0,51094,16726122,51094,0,1244488,0.041056,0.0,0.0,ok
lipidnet_scaled,ld,empiar_13420_macrophage_a431,MacrophageSEM,240729_00098,sparse,6,FIB/240729_HumanMP_TNFa_1U/dataset/TIFs/240729_HumanMP_TNFa_1U_1667.tif,20.0,0.155,0.0,0.0,nan,0.0,0.0,0.996934,1.0,0,0,51443,16725773,51443,0,1286144,0.039998,0.0,0.0,ok
lipidnet_scaled,ld,empiar_13420_macrophage_a431,MacrophageSEM,240729_00099,sparse,6,FIB/240729_HumanMP_TNFa_1U/dataset/TIFs/240729_HumanMP_TNFa_1U_1667.tif,20.0,0.135,0.0,0.0,nan,0.0,0.0,0.997189,1.0,0,0,47160,16730056,47160,0,1060692,0.044462,0.0,0.0,ok
lipidnet_scaled,ld,empiar_13420_macrophage_a431,MacrophageSEM,240729_00100,sparse,6,FIB/240729_HumanMP_TNFa_1U/dataset/TIFs/240729_HumanMP_TNFa_1U_1701.tif,20.0,0.139,0.0,0.0,nan,0.0,0.0,0.992598,1.0,0,0,124180,16653036,124180,0,1872835,0.066306,0.0,0.0,ok
lipidnet_scaled,ld,empiar_13420_macrophage_a431,MacrophageSEM,240729_00101,sparse,6,FIB/240729_HumanMP_TNFa_1U/dataset/TIFs/240729_HumanMP_TNFa_1U_1701.tif,20.0,0.133,0.0,0.0,nan,0.0,0.0,0.994948,1.0,0,0,84754,16692462,84754,0,1412460,0.060005,0.0,0.0,ok
lipidnet_scaled,ld,empiar_13420_macrophage_a431,MacrophageSEM,240729_00102,sparse,6,FIB/240729_HumanMP_TNFa_1U/dataset/TIFs/240729_HumanMP_TNFa_1U_1735.tif,20.0,0.156,0.0,0.0,nan,0.0,0.0,0.993186,1.0,0,0,114323,16662893,114323,0,1522587,0.075085,0.0,0.0,ok
lipidnet_scaled,ld,empiar_13420_macrophage_a431,MacrophageSEM,240729_00103,sparse,6,FIB/240729_HumanMP_TNFa_1U/dataset/TIFs/240729_HumanMP_TNFa_1U_1735.tif,20.0,0.135,0.0,0.0,nan,0.0,0.0,0.99503,1.0,0,0,83386,16693830,83386,0,1424500,0.058537,0.0,0.0,ok
lipidnet_scaled,ld,empiar_13420_macrophage_a431,MacrophageSEM,240729_00104,sparse,6,FIB/240729_HumanMP_TNFa_1U/dataset/TIFs/240729_HumanMP_TNFa_1U_1769.tif,20.0,0.136,0.0,0.0,nan,0.0,0.0,0.992897,1.0,0,0,119168,16658048,119168,0,1610480,0.073995,0.0,0.0,ok
lipidnet_scaled,ld,empiar_13420_macrophage_a431,MacrophageSEM,240729_00105,sparse,6,FIB/240729_HumanMP_TNFa_1U/dataset/TIFs/240729_HumanMP_TNFa_1U_1769.tif,20.0,0.136,0.0,0.0,nan,0.0,0.0,0.993136,1.0,0,0,115165,16662051,115165,0,1459600,0.078902,0.0,0.0,ok
lipidnet_scaled,ld,empiar_13420_macrophage_a431,MacrophageSEM,240729_00106,sparse,6,FIB/240729_HumanMP_TNFa_1U/dataset/TIFs/240729_HumanMP_TNFa_1U_1803.tif,20.0,0.138,0.0,0.0,nan,0.0,0.0,0.993819,1.0,0,0,103693,16673523,103693,0,1814528,0.057146,0.0,0.0,ok
lipidnet_scaled,ld,empiar_13420_macrophage_a431,MacrophageSEM,240729_00107,sparse,6,FIB/240729_HumanMP_TNFa_1U/dataset/TIFs/240729_HumanMP_TNFa_1U_1803.tif,20.0,0.136,0.0,0.0,nan,0.0,0.0,0.994011,1.0,0,0,100486,16676730,100486,0,1542083,0.065163,0.0,0.0,ok
lipidnet_scaled,ld,empiar_13420_macrophage_a431,MacrophageSEM,240729_00108,sparse,6,FIB/240729_HumanMP_TNFa_1U/dataset/TIFs/240729_HumanMP_TNFa_1U_1837.tif,20.0,0.141,0.0,0.0,nan,0.0,0.0,0.9947,1.0,0,0,88926,16688290,88926,0,1641900,0.05416,0.0,0.0,ok
lipidnet_scaled,ld,empiar_13420_macrophage_a431,MacrophageSEM,240729_00109,sparse,6,FIB/240729_HumanMP_TNFa_1U/dataset/TIFs/240729_HumanMP_TNFa_1U_1837.tif,20.0,0.131,0.0,0.0,nan,0.0,0.0,0.997452,1.0,0,0,42741,16734475,42741,0,1339880,0.031899,0.0,0.0,ok
lipidnet_scaled,ld,empiar_13420_macrophage_a431,MacrophageSEM,240729_00110,sparse,6,FIB/240729_HumanMP_TNFa_1U/dataset/TIFs/240729_HumanMP_TNFa_1U_1871.tif,20.0,0.131,0.0,0.0,nan,0.0,0.0,0.995651,1.0,0,0,72956,16704260,72956,0,1550295,0.047059,0.0,0.0,ok
lipidnet_scaled,ld,empiar_13420_macrophage_a431,MacrophageSEM,240729_00111,sparse,6,FIB/240729_HumanMP_TNFa_1U/dataset/TIFs/240729_HumanMP_TNFa_1U_1871.tif,20.0,0.152,0.0,0.0,nan,0.0,0.0,0.99539,1.0,0,0,77339,16699877,77339,0,1397169,0.055354,0.0,0.0,ok
lipidnet_scaled,ld,empiar_13420_macrophage_a431,MacrophageSEM,240729_00112,sparse,6,FIB/240729_HumanMP_TNFa_1U/dataset/TIFs/240729_HumanMP_TNFa_1U_1905.tif,20.0,0.534,0.0,0.0,nan,0.0,0.0,0.99591,1.0,0,0,68623,16708593,68623,0,1422960,0.048226,0.0,0.0,ok
lipidnet_scaled,ld,empiar_13420_macrophage_a431,MacrophageSEM,240729_00113,sparse,6,FIB/240729_HumanMP_TNFa_1U/dataset/TIFs/240729_HumanMP_TNFa_1U_1905.tif,20.0,0.148,0.0,0.0,nan,0.0,0.0,0.995928,1.0,0,0,68319,16708897,68319,0,1357888,0.050313,0.0,0.0,ok
lipidnet_scaled,ld,empiar_13420_macrophage_a431,MacrophageSEM,240729_00114,sparse,6,FIB/240729_HumanMP_TNFa_1U/dataset/TIFs/240729_HumanMP_TNFa_1U_1939.tif,20.0,0.147,0.0,0.0,nan,0.0,0.0,0.992543,1.0,0,0,125103,16652113,125103,0,1276560,0.098,0.0,0.0,ok
lipidnet_scaled,ld,empiar_13420_macrophage_a431,MacrophageSEM,240729_00115,sparse,6,FIB/240729_HumanMP_TNFa_1U/dataset/TIFs/240729_HumanMP_TNFa_1U_1939.tif,20.0,0.145,0.0,0.0,nan,0.0,0.0,0.993635,1.0,0,0,106787,16670429,106787,0,1262520,0.084582,0.0,0.0,ok
lipidnet_scaled,ld,empiar_13420_macrophage_a431,MacrophageSEM,240729_00116,sparse,6,FIB/240729_HumanMP_TNFa_1U/dataset/TIFs/240729_HumanMP_TNFa_1U_1973.tif,20.0,0.149,0.0,0.0,nan,0.0,0.0,0.994129,1.0,0,0,98497,16678719,98497,0,1154934,0.085284,0.0,0.0,ok
lipidnet_scaled,ld,empiar_13420_macrophage_a431,MacrophageSEM,240729_00117,sparse,6,FIB/240729_HumanMP_TNFa_1U/dataset/TIFs/240729_HumanMP_TNFa_1U_1973.tif,20.0,0.546,0.0,0.0,nan,0.0,0.0,0.995306,1.0,0,0,78750,16698466,78750,0,1099060,0.071652,0.0,0.0,ok
lipidnet_scaled,ld,empiar_13420_macrophage_a431,MacrophageSEM,240729_00118,sparse,6,FIB/240729_HumanMP_TNFa_1U/dataset/TIFs/240729_HumanMP_TNFa_1U_2007.tif,20.0,0.136,0.0,0.0,nan,0.0,0.0,0.993286,1.0,0,0,112640,16664576,112640,0,1538940,0.073193,0.0,0.0,ok
lipidnet_scaled,ld,empiar_13420_macrophage_a431,MacrophageSEM,240729_00119,sparse,6,FIB/240729_HumanMP_TNFa_1U/dataset/TIFs/240729_HumanMP_TNFa_1U_2007.tif,20.0,0.15,0.0,0.0,nan,0.0,0.0,0.99566,1.0,0,0,72809,16704407,72809,0,1265550,0.057532,0.0,0.0,ok
lipidnet_scaled,ld,empiar_13420_macrophage_a431,MacrophageSEM,240729_00120,sparse,6,FIB/240729_HumanMP_TNFa_1U/dataset/TIFs/240729_HumanMP_TNFa_1U_2041.tif,20.0,0.146,0.0,0.0,nan,0.0,0.0,0.992479,1.0,0,0,126186,16651030,126186,0,1543228,0.081768,0.0,0.0,ok
lipidnet_scaled,ld,empiar_13420_macrophage_a431,MacrophageSEM,240729_00121,sparse,6,FIB/240729_HumanMP_TNFa_1U/dataset/TIFs/240729_HumanMP_TNFa_1U_2041.tif,20.0,0.132,0.0,0.0,nan,0.0,0.0,0.993301,1.0,0,0,112397,16664819,112397,0,1230568,0.091337,0.0,0.0,ok
lipidnet_scaled,ld,empiar_13420_macrophage_a431,MacrophageSEM,240729_00122,sparse,6,FIB/240729_HumanMP_TNFa_1U/dataset/TIFs/240729_HumanMP_TNFa_1U_2075.tif,20.0,0.129,0.0,0.0,nan,0.0,0.0,0.995748,1.0,0,0,71342,16705874,71342,0,1134720,0.062872,0.0,0.0,ok
lipidnet_scaled,ld,empiar_13420_macrophage_a431,MacrophageSEM,240729_00123,sparse,6,FIB/240729_HumanMP_TNFa_1U/dataset/TIFs/240729_HumanMP_TNFa_1U_2075.tif,20.0,0.14,0.0,0.0,nan,0.0,0.0,0.995293,1.0,0,0,78965,16698251,78965,0,1284120,0.061493,0.0,0.0,ok
lipidnet_scaled,ld,empiar_13420_macrophage_a431,MacrophageSEM,240729_00124,sparse,6,FIB/240729_HumanMP_TNFa_1U/dataset/TIFs/240729_HumanMP_TNFa_1U_2109.tif,20.0,0.131,0.0,0.0,nan,0.0,0.0,0.995687,1.0,0,0,72357,16704859,72357,0,884224,0.081831,0.0,0.0,ok
lipidnet_scaled,ld,empiar_13420_macrophage_a431,MacrophageSEM,240729_00125,sparse,6,FIB/240729_HumanMP_TNFa_1U/dataset/TIFs/240729_HumanMP_TNFa_1U_2109.tif,20.0,0.273,0.0,0.0,nan,0.0,0.0,0.996353,1.0,0,0,61183,16716033,61183,0,732672,0.083507,0.0,0.0,ok
lipidnet_scaled,ld,empiar_13420_macrophage_a431,MacrophageSEM,240729_00126,sparse,6,FIB/240729_HumanMP_TNFa_1U/dataset/TIFs/240729_HumanMP_TNFa_1U_2143.tif,20.0,0.138,0.0,0.0,nan,0.0,0.0,0.99251,1.0,0,0,125662,16651554,125662,0,962598,0.130545,0.0,0.0,ok
lipidnet_scaled,ld,empiar_13420_macrophage_a431,MacrophageSEM,240729_00127,sparse,6,FIB/240729_HumanMP_TNFa_1U/dataset/TIFs/240729_HumanMP_TNFa_1U_2143.tif,20.0,0.132,0.0,0.0,nan,0.0,0.0,0.992602,1.0,0,0,124121,16653095,124121,0,861763,0.144031,0.0,0.0,ok
lipidnet_scaled,ld,empiar_13420_macrophage_a431,MacrophageSEM,240729_00128,sparse,6,FIB/240729_HumanMP_TNFa_1U/dataset/TIFs/240729_HumanMP_TNFa_1U_2177.tif,20.0,0.148,0.0,0.0,nan,0.0,0.0,0.99153,1.0,0,0,142101,16635115,142101,0,1022400,0.138988,0.0,0.0,ok
lipidnet_scaled,ld,empiar_13420_macrophage_a431,MacrophageSEM,240729_00129,sparse,6,FIB/240729_HumanMP_TNFa_1U/dataset/TIFs/240729_HumanMP_TNFa_1U_2177.tif,20.0,0.128,0.0,0.0,nan,0.0,0.0,0.992287,1.0,0,0,129396,16647820,129396,0,773100,0.167373,0.0,0.0,ok
lipidnet_scaled,ld,empiar_13420_macrophage_a431,MacrophageSEM,240729_00130,sparse,6,FIB/240729_HumanMP_TNFa_1U/dataset/TIFs/240729_HumanMP_TNFa_1U_2211.tif,20.0,0.128,0.0,0.0,nan,0.0,0.0,0.994106,1.0,0,0,98878,16678338,98878,0,939645,0.105229,0.0,0.0,ok
lipidnet_scaled,ld,empiar_13420_macrophage_a431,MacrophageSEM,240729_00131,sparse,6,FIB/240729_HumanMP_TNFa_1U/dataset/TIFs/240729_HumanMP_TNFa_1U_2211.tif,20.0,0.133,0.0,0.0,nan,0.0,0.0,0.994241,1.0,0,0,96615,16680601,96615,0,630630,0.153204,0.0,0.0,ok
lipidnet_scaled,ld,empiar_13420_macrophage_a431,MacrophageSEM,240729_00132,sparse,6,FIB/240729_HumanMP_TNFa_1U/dataset/TIFs/240729_HumanMP_TNFa_1U_2245.tif,20.0,0.142,0.0,0.0,nan,0.0,0.0,0.9949,1.0,0,0,85556,16691660,85556,0,1134190,0.075434,0.0,0.0,ok
lipidnet_scaled,ld,empiar_13420_macrophage_a431,MacrophageSEM,240729_00133,sparse,6,FIB/240729_HumanMP_TNFa_1U/dataset/TIFs/240729_HumanMP_TNFa_1U_2245.tif,20.0,0.161,0.0,0.0,nan,0.0,0.0,0.996363,1.0,0,0,61017,16716199,61017,0,946270,0.064482,0.0,0.0,ok
lipidnet_scaled,ld,empiar_13420_macrophage_a431,MacrophageSEM,240729_00134,sparse,6,FIB/240729_HumanMP_TNFa_1U/dataset/TIFs/240729_HumanMP_TNFa_1U_2279.tif,20.0,0.139,0.0,0.0,nan,0.0,0.0,0.994177,1.0,0,0,97691,16679525,97691,0,832524,0.117343,0.0,0.0,ok
lipidnet_scaled,ld,empiar_13420_macrophage_a431,MacrophageSEM,240729_00135,sparse,6,FIB/240729_HumanMP_TNFa_1U/dataset/TIFs/240729_HumanMP_TNFa_1U_2279.tif,20.0,0.139,0.0,0.0,nan,0.0,0.0,0.994249,1.0,0,0,96489,16680727,96489,0,804858,0.119883,0.0,0.0,ok
lipidnet_scaled,ld,empiar_13420_macrophage_a431,MacrophageSEM,240729_00136,sparse,6,FIB/240729_HumanMP_TNFa_1U/dataset/TIFs/240729_HumanMP_TNFa_1U_2313.tif,20.0,0.173,0.078936,0.04109,1.0,0.04109,0.078936,0.99501,1.0,3587,0,83710,16689919,87297,3587,795910,0.109682,0.0,0.00362,ok
lipidnet_scaled,ld,empiar_13420_macrophage_a431,MacrophageSEM,240729_00137,sparse,6,FIB/240729_HumanMP_TNFa_1U/dataset/TIFs/240729_HumanMP_TNFa_1U_2313.tif,20.0,0.144,0.0,0.0,nan,0.0,0.0,0.99613,1.0,0,0,64927,16712289,64927,0,556370,0.116698,0.0,0.0,ok
lipidnet_scaled,ld,empiar_13420_macrophage_a431,MacrophageSEM,240729_00138,sparse,6,FIB/240729_HumanMP_TNFa_1U/dataset/TIFs/240729_HumanMP_TNFa_1U_2347.tif,20.0,0.167,0.004984,0.002498,1.0,0.002498,0.004984,0.995954,1.0,170,0,67874,16709172,68044,170,738746,0.092107,0.0,0.0,ok
lipidnet_scaled,ld,empiar_13420_macrophage_a431,MacrophageSEM,240729_00139,sparse,6,FIB/240729_HumanMP_TNFa_1U/dataset/TIFs/240729_HumanMP_TNFa_1U_2347.tif,20.0,0.135,0.0,0.0,nan,0.0,0.0,0.996753,1.0,0,0,54471,16722745,54471,0,518694,0.105016,0.0,0.0,ok
lipidnet_scaled,ld,empiar_13420_macrophage_a431,MacrophageSEM,240729_00140,sparse,6,FIB/240729_HumanMP_TNFa_1U/dataset/TIFs/240729_HumanMP_TNFa_1U_2381.tif,20.0,0.423,0.0,0.0,nan,0.0,0.0,0.995443,1.0,0,0,76453,16700763,76453,0,706225,0.108256,0.0,0.0,ok
lipidnet_scaled,ld,empiar_13420_macrophage_a431,MacrophageSEM,240729_00141,sparse,6,FIB/240729_HumanMP_TNFa_1U/dataset/TIFs/240729_HumanMP_TNFa_1U_2381.tif,20.0,0.169,0.0,0.0,nan,0.0,0.0,0.996162,1.0,0,0,64394,16712822,64394,0,394320,0.163304,0.0,0.0,ok
lipidnet_scaled,ld,empiar_13420_macrophage_a431,MacrophageSEM,240729_00142,sparse,6,FIB/240729_HumanMP_TNFa_1U/dataset/TIFs/240729_HumanMP_TNFa_1U_2415.tif,20.0,0.169,0.0,0.0,nan,0.0,0.0,0.996125,1.0,0,0,65004,16712212,65004,0,637000,0.102047,0.0,0.0,ok
lipidnet_scaled,ld,empiar_13420_macrophage_a431,MacrophageSEM,240729_00143,sparse,6,FIB/240729_HumanMP_TNFa_1U/dataset/TIFs/240729_HumanMP_TNFa_1U_2415.tif,20.0,0.144,0.0,0.0,nan,0.0,0.0,0.995583,1.0,0,0,74098,16703118,74098,0,1027608,0.072107,0.0,0.0,ok
lipidnet_scaled,ld,empiar_13420_macrophage_a431,MacrophageSEM,240729_00144,sparse,6,FIB/240729_HumanMP_TNFa_1U/dataset/TIFs/240729_HumanMP_TNFa_1U_2449.tif,20.0,0.139,0.0,0.0,nan,0.0,0.0,0.996779,1.0,0,0,54046,16723170,54046,0,626416,0.086278,0.0,0.0,ok
lipidnet_scaled,ld,empiar_13420_macrophage_a431,MacrophageSEM,240729_00145,sparse,6,FIB/240729_HumanMP_TNFa_1U/dataset/TIFs/240729_HumanMP_TNFa_1U_2449.tif,20.0,0.133,0.0,0.0,nan,0.0,0.0,0.996143,1.0,0,0,64713,16712503,64713,0,1242864,0.052068,0.0,0.0,ok
lipidnet_scaled,ld,empiar_13420_macrophage_a431,MacrophageSEM,240729_00146,sparse,6,FIB/240729_HumanMP_TNFa_1U/dataset/TIFs/240729_HumanMP_TNFa_1U_2483.tif,20.0,0.143,0.056429,0.029034,1.0,0.029034,0.056429,0.996924,1.0,1543,0,51602,16724071,53145,1543,547560,0.097058,0.0,0.041958,ok
lipidnet_scaled,ld,empiar_13420_macrophage_a431,MacrophageSEM,240729_00147,sparse,6,FIB/240729_HumanMP_TNFa_1U/dataset/TIFs/240729_HumanMP_TNFa_1U_2483.tif,20.0,0.141,0.099678,0.052453,1.0,0.052453,0.099678,0.996564,1.0,3191,0,57644,16716381,60835,3191,820226,0.074169,0.0,0.093626,ok
lipidnet_scaled,ld,empiar_13420_macrophage_a431,MacrophageSEM,240729_00148,sparse,6,FIB/240729_HumanMP_TNFa_1U/dataset/TIFs/240729_HumanMP_TNFa_1U_2517.tif,20.0,0.153,0.0,0.0,nan,0.0,0.0,0.998357,1.0,0,0,27560,16749656,27560,0,290601,0.094838,0.0,0.0,ok
lipidnet_scaled,ld,empiar_13420_macrophage_a431,MacrophageSEM,240729_00149,sparse,6,FIB/240729_HumanMP_TNFa_1U/dataset/TIFs/240729_HumanMP_TNFa_1U_2517.tif,20.0,0.167,0.0,0.0,nan,0.0,0.0,0.998304,1.0,0,0,28446,16748770,28446,0,820846,0.034654,0.0,0.0,ok
lipidnet_scaled,ld,empiar_13420_macrophage_a431,MacrophageSEM,240729_00150,sparse,6,FIB/240729_HumanMP_TNFa_1U/dataset/TIFs/240729_HumanMP_TNFa_1U_2551.tif,20.0,0.14,0.0,0.0,nan,0.0,0.0,0.999738,1.0,0,0,4400,16772816,4400,0,34823,0.126353,0.0,0.0,ok
lipidnet_scaled,ld,empiar_13420_macrophage_a431,MacrophageSEM,240729_00151,sparse,6,FIB/240729_HumanMP_TNFa_1U/dataset/TIFs/240729_HumanMP_TNFa_1U_2551.tif,20.0,0.133,0.0,0.0,nan,0.0,0.0,0.999539,1.0,0,0,7738,16769478,7738,0,333184,0.023224,0.0,0.0,ok
lipidnet_scaled,ld,empiar_13420_macrophage_a431,MacrophageSEM,240729_00152,sparse,6,FIB/240729_HumanMP_TNFa_1U/dataset/TIFs/240729_HumanMP_TNFa_1U_2585.tif,20.0,0.131,0.0,0.0,nan,0.0,0.0,0.998969,1.0,0,0,17295,16759921,17295,0,346066,0.049976,0.0,0.0,ok
lipidnet_scaled,ld,empiar_13420_macrophage_a431,MacrophageSEM,240729_00153,sparse,6,FIB/240729_HumanMP_TNFa_1U/dataset/TIFs/240729_HumanMP_TNFa_1U_2585.tif,20.0,0.13,0.0,0.0,nan,0.0,0.0,0.998262,1.0,0,0,29157,16748059,29157,0,725642,0.040181,0.0,0.0,ok
lipidnet_scaled,ld,empiar_13420_macrophage_a431,MacrophageSEM,240729_00154,sparse,6,FIB/240729_HumanMP_TNFa_1U/dataset/TIFs/240729_HumanMP_TNFa_1U_2619.tif,20.0,0.164,0.06046,0.031172,1.0,0.031172,0.06046,0.999652,1.0,188,0,5843,16771185,6031,188,7812,0.772017,0.0,0.0,ok
lipidnet_scaled,ld,empiar_13420_macrophage_a431,MacrophageSEM,240729_00155,sparse,6,FIB/240729_HumanMP_TNFa_1U/dataset/TIFs/240729_HumanMP_TNFa_1U_2619.tif,20.0,0.132,0.0,0.0,nan,0.0,0.0,0.998619,1.0,0,0,23163,16754053,23163,0,230112,0.10066,0.0,0.0,ok
lipidnet_scaled,ld,empiar_13420_macrophage_a431,MacrophageSEM,240729_00156,sparse,6,FIB/240729_HumanMP_TNFa_1U/dataset/TIFs/240729_HumanMP_TNFa_1U_2653.tif,20.0,0.146,0.0,0.0,nan,0.0,0.0,0.998659,1.0,0,0,22492,16754724,22492,0,446394,0.050386,0.0,0.0,ok
lipidnet_scaled,ld,empiar_13420_macrophage_a431,MacrophageSEM,240729_00157,sparse,6,FIB/240729_HumanMP_TNFa_1U/dataset/TIFs/240729_HumanMP_TNFa_1U_2653.tif,20.0,0.148,0.0,0.0,nan,0.0,0.0,0.997089,1.0,0,0,48842,16728374,48842,0,708253,0.068961,0.0,0.0,ok
lipidnet_scaled,ld,empiar_13420_macrophage_a431,MacrophageSEM,240729_00158,sparse,6,FIB/240729_HumanMP_TNFa_1U/dataset/TIFs/240729_HumanMP_TNFa_1U_2687.tif,20.0,0.138,0.0,0.0,nan,0.0,0.0,0.998885,1.0,0,0,18706,16758510,18706,0,25134,0.744251,0.0,0.0,ok
lipidnet_scaled,ld,empiar_13420_macrophage_a431,MacrophageSEM,240729_00159,sparse,6,FIB/240729_HumanMP_TNFa_1U/dataset/TIFs/240729_HumanMP_TNFa_1U_2687.tif,20.0,0.138,0.0,0.0,nan,0.0,0.0,0.998125,1.0,0,0,31457,16745759,31457,0,200200,0.157128,0.0,0.0,ok
lipidnet_scaled,ld,empiar_13420_macrophage_a431,MacrophageSEM,240801_00164,partial,6,FIB/240801_HumanMP_Control/dataset/TIFs/240801_HumanMP_Control_0069.tif,20.0,0.188,0.0,0.0,nan,0.0,0.0,0.999747,1.0,0,0,4240,16772976,4240,0,575439,0.007368,0.0,0.0,ok
lipidnet_scaled,ld,empiar_13420_macrophage_a431,MacrophageSEM,240801_00165,partial,6,FIB/240801_HumanMP_Control/dataset/TIFs/240801_HumanMP_Control_0069.tif,20.0,0.174,0.0,0.0,nan,0.0,0.0,0.999747,1.0,0,0,4240,16772976,4240,0,544563,0.007786,0.0,0.0,ok
lipidnet_scaled,ld,empiar_13420_macrophage_a431,MacrophageSEM,240801_00166,partial,6,FIB/240801_HumanMP_Control/dataset/TIFs/240801_HumanMP_Control_0103.tif,20.0,0.213,0.0,0.0,nan,0.0,0.0,0.999416,1.0,0,0,9793,16767423,9793,0,651750,0.015026,0.0,0.0,ok
lipidnet_scaled,ld,empiar_13420_macrophage_a431,MacrophageSEM,240801_00167,partial,6,FIB/240801_HumanMP_Control/dataset/TIFs/240801_HumanMP_Control_0103.tif,20.0,0.191,0.0,0.0,nan,0.0,0.0,0.999416,1.0,0,0,9793,16767423,9793,0,606100,0.016157,0.0,0.0,ok
lipidnet_scaled,ld,empiar_13420_macrophage_a431,MacrophageSEM,240801_00168,partial,6,FIB/240801_HumanMP_Control/dataset/TIFs/240801_HumanMP_Control_0137.tif,20.0,0.151,0.0,0.0,nan,0.0,0.0,0.999465,1.0,0,0,8973,16768243,8973,0,740715,0.012114,0.0,0.0,ok
lipidnet_scaled,ld,empiar_13420_macrophage_a431,MacrophageSEM,240801_00169,partial,6,FIB/240801_HumanMP_Control/dataset/TIFs/240801_HumanMP_Control_0137.tif,20.0,0.162,0.0,0.0,nan,0.0,0.0,0.999465,1.0,0,0,8973,16768243,8973,0,647805,0.013851,0.0,0.0,ok
lipidnet_scaled,ld,empiar_13420_macrophage_a431,MacrophageSEM,240801_00170,partial,6,FIB/240801_HumanMP_Control/dataset/TIFs/240801_HumanMP_Control_0171.tif,20.0,0.162,0.0,0.0,nan,0.0,0.0,0.999585,1.0,0,0,6956,16770260,6956,0,883272,0.007875,0.0,0.0,ok
lipidnet_scaled,ld,empiar_13420_macrophage_a431,MacrophageSEM,240801_00171,partial,6,FIB/240801_HumanMP_Control/dataset/TIFs/240801_HumanMP_Control_0171.tif,20.0,0.199,0.0,0.0,nan,0.0,0.0,0.999585,1.0,0,0,6956,16770260,6956,0,713232,0.009753,0.0,0.0,ok
lipidnet_scaled,ld,empiar_13420_macrophage_a431,MacrophageSEM,240801_00172,partial,6,FIB/240801_HumanMP_Control/dataset/TIFs/240801_HumanMP_Control_0205.tif,20.0,0.156,0.0,0.0,nan,0.0,0.0,0.999444,1.0,0,0,9327,16767889,9327,0,1023050,0.009117,0.0,0.0,ok
lipidnet_scaled,ld,empiar_13420_macrophage_a431,MacrophageSEM,240801_00173,partial,6,FIB/240801_HumanMP_Control/dataset/TIFs/240801_HumanMP_Control_0205.tif,20.0,0.18,0.0,0.0,nan,0.0,0.0,0.999444,1.0,0,0,9327,16767889,9327,0,862840,0.01081,0.0,0.0,ok
lipidnet_scaled,ld,empiar_13420_macrophage_a431,MacrophageSEM,240801_00174,partial,6,FIB/240801_HumanMP_Control/dataset/TIFs/240801_HumanMP_Control_0239.tif,20.0,0.145,0.0,0.0,nan,0.0,0.0,0.998806,1.0,0,0,20033,16757183,20033,0,1137776,0.017607,0.0,0.0,ok
lipidnet_scaled,ld,empiar_13420_macrophage_a431,MacrophageSEM,240801_00175,partial,6,FIB/240801_HumanMP_Control/dataset/TIFs/240801_HumanMP_Control_0239.tif,20.0,0.166,0.0,0.0,nan,0.0,0.0,0.998806,1.0,0,0,20033,16757183,20033,0,908792,0.022044,0.0,0.0,ok
lipidnet_scaled,ld,empiar_13420_macrophage_a431,MacrophageSEM,240801_00176,partial,6,FIB/240801_HumanMP_Control/dataset/TIFs/240801_HumanMP_Control_0273.tif,20.0,0.285,0.0,0.0,nan,0.0,0.0,0.998444,1.0,0,0,26102,16751114,26102,0,1216116,0.021463,0.0,0.0,ok
lipidnet_scaled,ld,empiar_13420_macrophage_a431,MacrophageSEM,240801_00177,partial,6,FIB/240801_HumanMP_Control/dataset/TIFs/240801_HumanMP_Control_0273.tif,20.0,0.605,0.0,0.0,nan,0.0,0.0,0.998444,1.0,0,0,26102,16751114,26102,0,990231,0.02636,0.0,0.0,ok
lipidnet_scaled,ld,empiar_13420_macrophage_a431,MacrophageSEM,240801_00178,partial,6,FIB/240801_HumanMP_Control/dataset/TIFs/240801_HumanMP_Control_0307.tif,20.0,0.239,0.0,0.0,nan,0.0,0.0,0.998996,1.0,0,0,16836,16760380,16836,0,1278000,0.013174,0.0,0.0,ok
lipidnet_scaled,ld,empiar_13420_macrophage_a431,MacrophageSEM,240801_00179,partial,6,FIB/240801_HumanMP_Control/dataset/TIFs/240801_HumanMP_Control_0307.tif,20.0,0.214,0.0,0.0,nan,0.0,0.0,0.998996,1.0,0,0,16836,16760380,16836,0,1037736,0.016224,0.0,0.0,ok
lipidnet_scaled,ld,empiar_13420_macrophage_a431,MacrophageSEM,240801_00180,partial,6,FIB/240801_HumanMP_Control/dataset/TIFs/240801_HumanMP_Control_0341.tif,20.0,0.553,0.0,0.0,nan,0.0,0.0,0.998112,1.0,0,0,31668,16745548,31668,0,1494716,0.021187,0.0,0.0,ok
lipidnet_scaled,ld,empiar_13420_macrophage_a431,MacrophageSEM,240801_00181,partial,6,FIB/240801_HumanMP_Control/dataset/TIFs/240801_HumanMP_Control_0341.tif,20.0,0.185,0.0,0.0,nan,0.0,0.0,0.998112,1.0,0,0,31668,16745548,31668,0,1248772,0.025359,0.0,0.0,ok
lipidnet_scaled,ld,empiar_13420_macrophage_a431,MacrophageSEM,240801_00182,partial,6,FIB/240801_HumanMP_Control/dataset/TIFs/240801_HumanMP_Control_0375.tif,20.0,0.175,0.0,0.0,nan,0.0,0.0,0.998703,1.0,0,0,21762,16755454,21762,0,1700842,0.012795,0.0,0.0,ok
lipidnet_scaled,ld,empiar_13420_macrophage_a431,MacrophageSEM,240801_00183,partial,6,FIB/240801_HumanMP_Control/dataset/TIFs/240801_HumanMP_Control_0375.tif,20.0,0.164,0.0,0.0,nan,0.0,0.0,0.998759,1.0,0,0,20828,16756388,20828,0,1427660,0.014589,0.0,0.0,ok
lipidnet_scaled,ld,empiar_13420_macrophage_a431,MacrophageSEM,240801_00184,partial,6,FIB/240801_HumanMP_Control/dataset/TIFs/240801_HumanMP_Control_0409.tif,20.0,0.279,0.0,0.0,nan,0.0,0.0,0.999037,1.0,0,0,16162,16761054,16162,0,1752699,0.009221,0.0,0.0,ok
lipidnet_scaled,ld,empiar_13420_macrophage_a431,MacrophageSEM,240801_00185,partial,6,FIB/240801_HumanMP_Control/dataset/TIFs/240801_HumanMP_Control_0409.tif,20.0,0.333,0.0,0.0,nan,0.0,0.0,0.999225,1.0,0,0,12996,16764220,12996,0,1460160,0.0089,0.0,0.0,ok
lipidnet_scaled,ld,empiar_13420_macrophage_a431,MacrophageSEM,240801_00186,partial,6,FIB/240801_HumanMP_Control/dataset/TIFs/240801_HumanMP_Control_0443.tif,20.0,0.155,0.0,0.0,nan,0.0,0.0,0.997138,1.0,0,0,48023,16729193,48023,0,1756050,0.027347,0.0,0.0,ok
lipidnet_scaled,ld,empiar_13420_macrophage_a431,MacrophageSEM,240801_00187,partial,6,FIB/240801_HumanMP_Control/dataset/TIFs/240801_HumanMP_Control_0443.tif,20.0,0.126,0.0,0.0,nan,0.0,0.0,0.997569,1.0,0,0,40788,16736428,40788,0,1467956,0.027786,0.0,0.0,ok
lipidnet_scaled,ld,empiar_13420_macrophage_a431,MacrophageSEM,240801_00188,partial,6,FIB/240801_HumanMP_Control/dataset/TIFs/240801_HumanMP_Control_0477.tif,20.0,0.118,0.0,0.0,nan,0.0,0.0,0.998106,1.0,0,0,31772,16745444,31772,0,1745920,0.018198,0.0,0.0,ok
lipidnet_scaled,ld,empiar_13420_macrophage_a431,MacrophageSEM,240801_00189,partial,6,FIB/240801_HumanMP_Control/dataset/TIFs/240801_HumanMP_Control_0477.tif,20.0,0.165,0.0,0.0,nan,0.0,0.0,0.998332,1.0,0,0,27988,16749228,27988,0,1478656,0.018928,0.0,0.0,ok
lipidnet_scaled,ld,empiar_13420_macrophage_a431,MacrophageSEM,240801_00190,partial,6,FIB/240801_HumanMP_Control/dataset/TIFs/240801_HumanMP_Control_0511.tif,20.0,0.219,0.0,0.0,0.0,0.0,0.0,0.998303,0.999906,0,1573,26901,16748742,26901,1573,2242640,0.011995,0.0,0.0,ok
lipidnet_scaled,ld,empiar_13420_macrophage_a431,MacrophageSEM,240801_00191,partial,6,FIB/240801_HumanMP_Control/dataset/TIFs/240801_HumanMP_Control_0511.tif,20.0,0.18,0.0,0.0,0.0,0.0,0.0,0.998923,0.999993,0,125,17941,16759150,17941,125,1664640,0.010778,0.0,0.0,ok
lipidnet_scaled,ld,empiar_13420_macrophage_a431,MacrophageSEM,240801_00192,partial,6,FIB/240801_HumanMP_Control/dataset/TIFs/240801_HumanMP_Control_0545.tif,20.0,0.208,0.0,0.0,0.0,0.0,0.0,0.9976,0.999782,0,3651,36611,16736954,36611,3651,2207238,0.016587,0.0,0.0,ok
lipidnet_scaled,ld,empiar_13420_macrophage_a431,MacrophageSEM,240801_00193,partial,6,FIB/240801_HumanMP_Control/dataset/TIFs/240801_HumanMP_Control_0545.tif,20.0,0.179,0.0,0.0,0.0,0.0,0.0,0.998085,0.999948,0,865,31262,16745089,31262,865,1684870,0.018555,0.0,0.0,ok
lipidnet_scaled,ld,empiar_13420_macrophage_a431,MacrophageSEM,240801_00194,partial,6,FIB/240801_HumanMP_Control/dataset/TIFs/240801_HumanMP_Control_0579.tif,20.0,0.212,0.0,0.0,0.0,0.0,0.0,0.996862,0.999666,0,5584,47065,16724567,47065,5584,2585184,0.018206,0.0,0.0,ok
lipidnet_scaled,ld,empiar_13420_macrophage_a431,MacrophageSEM,240801_00195,partial,6,FIB/240801_HumanMP_Control/dataset/TIFs/240801_HumanMP_Control_0579.tif,20.0,0.146,0.0,0.0,0.0,0.0,0.0,0.997388,0.999946,0,902,42919,16733395,42919,902,1938048,0.022145,0.0,0.0,ok
lipidnet_scaled,ld,empiar_13420_macrophage_a431,MacrophageSEM,240801_00196,partial,6,FIB/240801_HumanMP_Control/dataset/TIFs/240801_HumanMP_Control_0613.tif,20.0,0.279,0.077595,0.040363,0.365014,0.043412,0.077595,0.997475,0.999815,1782,3100,39267,16733067,41049,4882,2465120,0.016652,0.038685,0.009274,ok
lipidnet_scaled,ld,empiar_13420_macrophage_a431,MacrophageSEM,240801_00197,partial,6,FIB/240801_HumanMP_Control/dataset/TIFs/240801_HumanMP_Control_0613.tif,20.0,0.257,0.006172,0.003095,0.177489,0.00314,0.006172,0.997639,0.999966,123,570,39043,16737480,39166,693,1791800,0.021858,0.0,0.0,ok
lipidnet_scaled,ld,empiar_13420_macrophage_a431,MacrophageSEM,240801_00198,partial,6,FIB/240801_HumanMP_Control/dataset/TIFs/240801_HumanMP_Control_0647.tif,20.0,0.306,0.0,0.0,0.0,0.0,0.0,0.996559,0.99997,0,507,57218,16719491,57218,507,2485158,0.023024,0.0,0.0,ok
lipidnet_scaled,ld,empiar_13420_macrophage_a431,MacrophageSEM,240801_00199,partial,6,FIB/240801_HumanMP_Control/dataset/TIFs/240801_HumanMP_Control_0647.tif,20.0,0.429,0.0,0.0,nan,0.0,0.0,0.99659,1.0,0,0,57218,16719998,57218,0,1814811,0.031528,0.0,0.0,ok
lipidnet_scaled,ld,empiar_13420_macrophage_a431,MacrophageSEM,240801_00200,partial,6,FIB/240801_HumanMP_Control/dataset/TIFs/240801_HumanMP_Control_0681.tif,20.0,0.281,0.051725,0.026549,0.806418,0.026719,0.051725,0.998298,0.999989,779,187,28376,16747874,29155,966,2480478,0.011754,0.0,0.032483,ok
lipidnet_scaled,ld,empiar_13420_macrophage_a431,MacrophageSEM,240801_00201,partial,6,FIB/240801_HumanMP_Control/dataset/TIFs/240801_HumanMP_Control_0681.tif,20.0,0.275,0.003763,0.001885,1.0,0.001885,0.003763,0.998327,1.0,53,0,28060,16749103,28113,53,2176512,0.012917,0.0,0.0,ok
lipidnet_scaled,ld,empiar_13420_macrophage_a431,MacrophageSEM,240801_00202,partial,6,FIB/240801_HumanMP_Control/dataset/TIFs/240801_HumanMP_Control_0715.tif,20.0,0.322,0.0,0.0,0.0,0.0,0.0,0.999346,0.999998,0,33,10938,16766245,10938,33,2448368,0.004467,0.0,0.0,ok
lipidnet_scaled,ld,empiar_13420_macrophage_a431,MacrophageSEM,240801_00203,partial,6,FIB/240801_HumanMP_Control/dataset/TIFs/240801_HumanMP_Control_0715.tif,20.0,0.226,0.0,0.0,nan,0.0,0.0,0.999505,1.0,0,0,8301,16768915,8301,0,2220489,0.003738,0.0,0.0,ok
lipidnet_scaled,ld,empiar_13420_macrophage_a431,MacrophageSEM,240801_00204,partial,6,FIB/240801_HumanMP_Control/dataset/TIFs/240801_HumanMP_Control_0749.tif,20.0,0.268,0.0,0.0,0.0,0.0,0.0,0.998456,0.999998,0,41,25863,16751312,25863,41,2626840,0.009846,0.0,0.0,ok
lipidnet_scaled,ld,empiar_13420_macrophage_a431,MacrophageSEM,240801_00205,partial,6,FIB/240801_HumanMP_Control/dataset/TIFs/240801_HumanMP_Control_0749.tif,20.0,0.254,0.068873,0.035665,1.0,0.035665,0.068873,0.999126,1.0,542,0,14655,16762019,15197,542,2334996,0.006508,0.0,0.011928,ok
lipidnet_scaled,ld,empiar_13420_macrophage_a431,MacrophageSEM,240801_00206,partial,6,FIB/240801_HumanMP_Control/dataset/TIFs/240801_HumanMP_Control_0783.tif,20.0,0.261,0.0,0.0,nan,0.0,0.0,0.998477,1.0,0,0,25545,16751671,25545,0,2672901,0.009557,0.0,0.0,ok
lipidnet_scaled,ld,empiar_13420_macrophage_a431,MacrophageSEM,240801_00207,partial,6,FIB/240801_HumanMP_Control/dataset/TIFs/240801_HumanMP_Control_0783.tif,20.0,0.225,0.0,0.0,0.0,0.0,0.0,0.998361,0.999597,0,6757,20736,16749723,20736,6757,2435084,0.008516,0.0,0.0,ok
lipidnet_scaled,ld,empiar_13420_macrophage_a431,MacrophageSEM,240801_00208,partial,6,FIB/240801_HumanMP_Control/dataset/TIFs/240801_HumanMP_Control_0817.tif,20.0,0.328,0.0,0.0,0.0,0.0,0.0,0.999563,0.999819,0,3039,4296,16769881,4296,3039,2651307,0.00162,0.0,0.0,ok
lipidnet_scaled,ld,empiar_13420_macrophage_a431,MacrophageSEM,240801_00209,partial,6,FIB/240801_HumanMP_Control/dataset/TIFs/240801_HumanMP_Control_0817.tif,20.0,0.315,0.0,0.0,0.0,0.0,0.0,0.999527,0.999783,0,3647,4296,16769273,4296,3647,2459082,0.001747,0.0,0.0,ok
lipidnet_scaled,ld,empiar_13420_macrophage_a431,MacrophageSEM,240801_00210,partial,6,FIB/240801_HumanMP_Control/dataset/TIFs/240801_HumanMP_Control_0851.tif,20.0,0.265,0.0,0.0,0.0,0.0,0.0,0.997791,0.999554,0,7471,29589,16740156,29589,7471,2804960,0.010549,0.0,0.0,ok
lipidnet_scaled,ld,empiar_13420_macrophage_a431,MacrophageSEM,240801_00211,partial,6,FIB/240801_HumanMP_Control/dataset/TIFs/240801_HumanMP_Control_0851.tif,20.0,0.225,0.0,0.0,0.0,0.0,0.0,0.999143,0.999741,0,4349,10031,16762836,10031,4349,2614730,0.003836,0.0,0.0,ok
lipidnet_scaled,ld,empiar_13420_macrophage_a431,MacrophageSEM,240801_00212,partial,6,FIB/240801_HumanMP_Control/dataset/TIFs/240801_HumanMP_Control_0885.tif,20.0,0.177,0.0,0.0,0.0,0.0,0.0,0.998709,0.999997,0,53,21613,16755550,21613,53,2668383,0.0081,0.0,0.0,ok
lipidnet_scaled,ld,empiar_13420_macrophage_a431,MacrophageSEM,240801_00213,partial,6,FIB/240801_HumanMP_Control/dataset/TIFs/240801_HumanMP_Control_0885.tif,20.0,0.207,0.0,0.0,0.0,0.0,0.0,0.999495,0.999999,0,14,8459,16768743,8459,14,2500587,0.003383,0.0,0.0,ok
lipidnet_scaled,ld,empiar_13420_macrophage_a431,MacrophageSEM,240801_00214,partial,6,FIB/240801_HumanMP_Control/dataset/TIFs/240801_HumanMP_Control_0919.tif,20.0,0.26,0.0,0.0,nan,0.0,0.0,0.999879,1.0,0,0,2038,16775178,2038,0,2714855,0.000751,0.0,0.0,ok
lipidnet_scaled,ld,empiar_13420_macrophage_a431,MacrophageSEM,240801_00215,partial,6,FIB/240801_HumanMP_Control/dataset/TIFs/240801_HumanMP_Control_0919.tif,20.0,0.245,0.0,0.0,nan,0.0,0.0,0.999717,1.0,0,0,4751,16772465,4751,0,2494284,0.001905,0.0,0.0,ok
lipidnet_scaled,ld,empiar_13420_macrophage_a431,MacrophageSEM,240801_00216,partial,6,FIB/240801_HumanMP_Control/dataset/TIFs/240801_HumanMP_Control_0953.tif,20.0,0.191,0.0,0.0,0.0,0.0,0.0,0.99773,0.999824,0,2950,35136,16739130,35136,2950,2635357,0.013333,0.0,0.0,ok
lipidnet_scaled,ld,empiar_13420_macrophage_a431,MacrophageSEM,240801_00217,partial,6,FIB/240801_HumanMP_Control/dataset/TIFs/240801_HumanMP_Control_0953.tif,20.0,0.189,0.0,0.0,0.0,0.0,0.0,0.998911,0.999899,0,1687,16590,16758939,16590,1687,2375176,0.006985,0.0,0.0,ok
lipidnet_scaled,ld,empiar_13420_macrophage_a431,MacrophageSEM,240801_00218,partial,6,FIB/240801_HumanMP_Control/dataset/TIFs/240801_HumanMP_Control_0987.tif,20.0,0.3,0.000578,0.000289,0.02809,0.000292,0.000578,0.998969,0.99999,5,173,17130,16759908,17135,178,2738960,0.006256,0.0,0.0,ok
lipidnet_scaled,ld,empiar_13420_macrophage_a431,MacrophageSEM,240801_00219,partial,6,FIB/240801_HumanMP_Control/dataset/TIFs/240801_HumanMP_Control_0987.tif,20.0,0.267,0.0,0.0,0.0,0.0,0.0,0.999738,0.999994,0,102,4298,16772816,4298,102,2573250,0.00167,0.0,0.0,ok
lipidnet_scaled,ld,empiar_13420_macrophage_a431,MacrophageSEM,240801_00220,partial,6,FIB/240801_HumanMP_Control/dataset/TIFs/240801_HumanMP_Control_1021.tif,20.0,0.239,0.0,0.0,0.0,0.0,0.0,0.99837,0.999113,0,14864,12491,16749861,12491,14864,2923074,0.004273,0.0,0.0,ok
lipidnet_scaled,ld,empiar_13420_macrophage_a431,MacrophageSEM,240801_00221,partial,6,FIB/240801_HumanMP_Control/dataset/TIFs/240801_HumanMP_Control_1021.tif,20.0,0.272,0.0,0.0,0.0,0.0,0.0,0.999119,0.999543,0,7669,7119,16762428,7119,7669,2722506,0.002615,0.0,0.0,ok
lipidnet_scaled,ld,empiar_13420_macrophage_a431,MacrophageSEM,240801_00222,partial,6,FIB/240801_HumanMP_Control/dataset/TIFs/240801_HumanMP_Control_1055.tif,20.0,0.349,0.0,0.0,0.0,0.0,0.0,0.99908,0.999495,0,8467,6961,16761788,6961,8467,2906370,0.002395,0.0,0.0,ok
lipidnet_scaled,ld,empiar_13420_macrophage_a431,MacrophageSEM,240801_00224,partial,6,FIB/240801_HumanMP_Control/dataset/TIFs/240801_HumanMP_Control_1089.tif,20.0,0.253,0.0,0.0,0.0,0.0,0.0,0.999006,0.999833,0,2804,13879,16760533,13879,2804,2945180,0.004712,0.0,0.0,ok
lipidnet_scaled,ld,empiar_13420_macrophage_a431,MacrophageSEM,240801_00225,partial,6,FIB/240801_HumanMP_Control/dataset/TIFs/240801_HumanMP_Control_1089.tif,20.0,0.157,0.0,0.0,0.0,0.0,0.0,0.999562,0.999938,0,1042,6309,16769865,6309,1042,2719756,0.00232,0.0,0.0,ok
lipidnet_scaled,ld,empiar_13420_macrophage_a431,MacrophageSEM,240801_00226,partial,6,FIB/240801_HumanMP_Control/dataset/TIFs/240801_HumanMP_Control_1123.tif,20.0,0.183,0.0,0.0,0.0,0.0,0.0,0.999555,0.999996,0,68,7390,16769758,7390,68,2983570,0.002477,0.0,0.0,ok
lipidnet_scaled,ld,empiar_13420_macrophage_a431,MacrophageSEM,240801_00227,partial,6,FIB/240801_HumanMP_Control/dataset/TIFs/240801_HumanMP_Control_1123.tif,20.0,0.183,0.0,0.0,0.0,0.0,0.0,0.999736,0.999998,0,27,4406,16772783,4406,27,2738185,0.001609,0.0,0.0,ok
lipidnet_scaled,ld,empiar_13420_macrophage_a431,MacrophageSEM,240801_00228,partial,6,FIB/240801_HumanMP_Control/dataset/TIFs/240801_HumanMP_Control_1157.tif,20.0,0.458,0.0,0.0,0.0,0.0,0.0,0.999583,0.999998,0,39,6956,16770221,6956,39,2948024,0.00236,0.0,0.0,ok
lipidnet_scaled,ld,empiar_13420_macrophage_a431,MacrophageSEM,240801_00229,partial,6,FIB/240801_HumanMP_Control/dataset/TIFs/240801_HumanMP_Control_1157.tif,20.0,0.528,0.0,0.0,0.0,0.0,0.0,0.999386,0.999997,0,46,10248,16766922,10248,46,2736176,0.003745,0.0,0.0,ok
lipidnet_scaled,ld,empiar_13420_macrophage_a431,MacrophageSEM,240801_00230,partial,6,FIB/240801_HumanMP_Control/dataset/TIFs/240801_HumanMP_Control_1191.tif,20.0,0.149,0.0,0.0,nan,0.0,0.0,0.999137,1.0,0,0,14478,16762738,14478,0,2936250,0.004931,0.0,0.0,ok
lipidnet_scaled,ld,empiar_13420_macrophage_a431,MacrophageSEM,240801_00231,partial,6,FIB/240801_HumanMP_Control/dataset/TIFs/240801_HumanMP_Control_1191.tif,20.0,0.156,0.0,0.0,nan,0.0,0.0,0.999595,1.0,0,0,6787,16770429,6787,0,2718576,0.002497,0.0,0.0,ok
lipidnet_scaled,ld,empiar_13420_macrophage_a431,MacrophageSEM,240801_00232,partial,6,FIB/240801_HumanMP_Control/dataset/TIFs/240801_HumanMP_Control_1225.tif,20.0,0.239,0.0,0.0,0.0,0.0,0.0,0.998734,0.999843,0,2623,18609,16755984,18609,2623,3230850,0.00576,0.0,0.0,ok
lipidnet_scaled,ld,empiar_13420_macrophage_a431,MacrophageSEM,240801_00233,partial,6,FIB/240801_HumanMP_Control/dataset/TIFs/240801_HumanMP_Control_1225.tif,20.0,0.223,0.0,0.0,0.0,0.0,0.0,0.999325,1.0,0,2,11328,16765886,11328,2,3120350,0.00363,0.0,0.0,ok
lipidnet_scaled,ld,empiar_13420_macrophage_a431,MacrophageSEM,240801_00234,partial,6,FIB/240801_HumanMP_Control/dataset/TIFs/240801_HumanMP_Control_1259.tif,20.0,0.317,0.056543,0.029094,0.133518,0.035866,0.056543,0.998757,0.999758,625,4056,16801,16755734,17426,4681,3271632,0.005326,0.0,0.055215,ok
lipidnet_scaled,ld,empiar_13420_macrophage_a431,MacrophageSEM,240801_00235,partial,6,FIB/240801_HumanMP_Control/dataset/TIFs/240801_HumanMP_Control_1259.tif,20.0,0.275,0.063008,0.032529,0.315227,0.035002,0.063008,0.998693,0.999904,737,1601,20319,16754559,21056,2338,3143232,0.006699,0.0,0.036474,ok
lipidnet_scaled,ld,empiar_13420_macrophage_a431,MacrophageSEM,240801_00236,partial,6,FIB/240801_HumanMP_Control/dataset/TIFs/240801_HumanMP_Control_1293.tif,20.0,0.293,0.0,0.0,0.0,0.0,0.0,0.999664,0.999896,0,1740,3895,16771581,3895,1740,3567375,0.001092,0.0,0.0,ok
lipidnet_scaled,ld,empiar_13420_macrophage_a431,MacrophageSEM,240801_00239,partial,6,FIB/240801_HumanMP_Control/dataset/TIFs/240801_HumanMP_Control_1327.tif,20.0,0.239,0.0,0.0,nan,0.0,0.0,0.999954,1.0,0,0,770,16776446,770,0,3112160,0.000247,0.0,0.0,ok
lipidnet_scaled,ld,empiar_13420_macrophage_a431,MacrophageSEM,240801_00240,partial,6,FIB/240801_HumanMP_Control/dataset/TIFs/240801_HumanMP_Control_1361.tif,20.0,0.308,0.0,0.0,0.0,0.0,0.0,0.999635,0.999922,0,1313,4810,16771093,4810,1313,3211494,0.001498,0.0,0.0,ok
lipidnet_scaled,ld,empiar_13420_macrophage_a431,MacrophageSEM,240801_00241,partial,6,FIB/240801_HumanMP_Control/dataset/TIFs/240801_HumanMP_Control_1361.tif,20.0,0.266,0.0,0.0,0.0,0.0,0.0,0.999755,0.999978,0,367,3737,16773112,3737,367,3108490,0.001202,0.0,0.0,ok
lipidnet_scaled,ld,empiar_13420_macrophage_a431,MacrophageSEM,240801_00242,partial,6,FIB/240801_HumanMP_Control/dataset/TIFs/240801_HumanMP_Control_1395.tif,20.0,0.271,0.0,0.0,0.0,0.0,0.0,0.999554,0.999907,0,1568,5919,16769729,5919,1568,3218708,0.001839,0.0,0.0,ok
lipidnet_scaled,ld,empiar_13420_macrophage_a431,MacrophageSEM,240801_00243,partial,6,FIB/240801_HumanMP_Control/dataset/TIFs/240801_HumanMP_Control_1395.tif,20.0,0.329,0.0,0.0,0.0,0.0,0.0,0.999673,0.999965,0,586,4903,16771727,4903,586,3175038,0.001544,0.0,0.0,ok
lipidnet_scaled,ld,empiar_13420_macrophage_a431,MacrophageSEM,240801_00244,partial,6,FIB/240801_HumanMP_Control/dataset/TIFs/240801_HumanMP_Control_1429.tif,20.0,0.202,0.0,0.0,0.0,0.0,0.0,0.999082,0.999765,0,3940,11463,16761813,11463,3940,3303445,0.00347,0.0,0.0,ok
lipidnet_scaled,ld,empiar_13420_macrophage_a431,MacrophageSEM,240801_00245,partial,6,FIB/240801_HumanMP_Control/dataset/TIFs/240801_HumanMP_Control_1429.tif,20.0,0.294,0.0,0.0,0.0,0.0,0.0,0.99931,0.999618,0,6414,5159,16765643,5159,6414,3328911,0.00155,0.0,0.0,ok
lipidnet_scaled,ld,empiar_13420_macrophage_a431,MacrophageSEM,240801_00246,partial,6,FIB/240801_HumanMP_Control/dataset/TIFs/240801_HumanMP_Control_1463.tif,20.0,0.164,0.0,0.0,nan,0.0,0.0,0.999572,1.0,0,0,7177,16770039,7177,0,3136481,0.002288,0.0,0.0,ok
lipidnet_scaled,ld,empiar_13420_macrophage_a431,MacrophageSEM,240801_00247,partial,6,FIB/240801_HumanMP_Control/dataset/TIFs/240801_HumanMP_Control_1463.tif,20.0,0.225,0.0,0.0,nan,0.0,0.0,0.999671,1.0,0,0,5528,16771688,5528,0,3186650,0.001735,0.0,0.0,ok
lipidnet_scaled,ld,empiar_13420_macrophage_a431,MacrophageSEM,240801_00248,partial,6,FIB/240801_HumanMP_Control/dataset/TIFs/240801_HumanMP_Control_1497.tif,20.0,0.328,0.0,0.0,0.0,0.0,0.0,0.999449,0.999911,0,1489,7750,16767977,7750,1489,3103836,0.002497,0.0,0.0,ok
lipidnet_scaled,ld,empiar_13420_macrophage_a431,MacrophageSEM,240801_00249,partial,6,FIB/240801_HumanMP_Control/dataset/TIFs/240801_HumanMP_Control_1497.tif,20.0,0.27,0.0,0.0,0.0,0.0,0.0,0.999682,0.999982,0,307,5029,16771880,5029,307,3179664,0.001582,0.0,0.0,ok
lipidnet_scaled,ld,empiar_13420_macrophage_a431,MacrophageSEM,240801_00250,partial,6,FIB/240801_HumanMP_Control/dataset/TIFs/240801_HumanMP_Control_1531.tif,20.0,0.205,0.0,0.0,nan,0.0,0.0,0.999749,1.0,0,0,4205,16773011,4205,0,3084648,0.001363,0.0,0.0,ok
lipidnet_scaled,ld,empiar_13420_macrophage_a431,MacrophageSEM,240801_00251,partial,6,FIB/240801_HumanMP_Control/dataset/TIFs/240801_HumanMP_Control_1531.tif,20.0,0.244,0.0,0.0,0.0,0.0,0.0,0.999047,0.999941,0,981,15007,16761228,15007,981,3165844,0.00474,0.0,0.0,ok
lipidnet_scaled,ld,empiar_13420_macrophage_a431,MacrophageSEM,240801_00252,partial,6,FIB/240801_HumanMP_Control/dataset/TIFs/240801_HumanMP_Control_1565.tif,20.0,0.287,0.0,0.0,0.0,0.0,0.0,0.999423,0.999766,0,3918,5768,16767530,5768,3918,3078800,0.001873,0.0,0.0,ok
lipidnet_scaled,ld,empiar_13420_macrophage_a431,MacrophageSEM,240801_00253,partial,6,FIB/240801_HumanMP_Control/dataset/TIFs/240801_HumanMP_Control_1565.tif,20.0,0.288,0.0,0.0,0.0,0.0,0.0,0.999494,0.99963,0,6211,2274,16768731,2274,6211,3202500,0.00071,0.0,0.0,ok
lipidnet_scaled,ld,empiar_13420_macrophage_a431,MacrophageSEM,240801_00254,partial,6,FIB/240801_HumanMP_Control/dataset/TIFs/240801_HumanMP_Control_1599.tif,20.0,0.156,0.0,0.0,nan,0.0,0.0,0.999166,1.0,0,0,13985,16763231,13985,0,2975232,0.0047,0.0,0.0,ok
lipidnet_scaled,ld,empiar_13420_macrophage_a431,MacrophageSEM,240801_00255,partial,6,FIB/240801_HumanMP_Control/dataset/TIFs/240801_HumanMP_Control_1599.tif,20.0,0.162,0.0,0.0,nan,0.0,0.0,0.999668,1.0,0,0,5569,16771647,5569,0,3407872,0.001634,0.0,0.0,ok
lipidnet_scaled,ld,empiar_13420_macrophage_a431,MacrophageSEM,240801_00256,partial,6,FIB/240801_HumanMP_Control/dataset/TIFs/240801_HumanMP_Control_1633.tif,20.0,0.228,0.0,0.0,0.0,0.0,0.0,0.999607,0.99999,0,162,6427,16770627,6427,162,2993475,0.002147,0.0,0.0,ok
lipidnet_scaled,ld,empiar_13420_macrophage_a431,MacrophageSEM,240801_00257,partial,6,FIB/240801_HumanMP_Control/dataset/TIFs/240801_HumanMP_Control_1633.tif,20.0,0.249,0.0,0.0,0.0,0.0,0.0,0.999359,0.999998,0,26,10730,16766460,10730,26,3407872,0.003149,0.0,0.0,ok
lipidnet_scaled,ld,empiar_13420_macrophage_a431,MacrophageSEM,240801_00258,partial,6,FIB/240801_HumanMP_Control/dataset/TIFs/240801_HumanMP_Control_1667.tif,20.0,0.262,0.0,0.0,0.0,0.0,0.0,0.999745,0.999988,0,194,4092,16772930,4092,194,2991626,0.001368,0.0,0.0,ok
lipidnet_scaled,ld,empiar_13420_macrophage_a431,MacrophageSEM,240801_00259,partial,6,FIB/240801_HumanMP_Control/dataset/TIFs/240801_HumanMP_Control_1667.tif,20.0,0.328,0.254223,0.145622,0.990917,0.145817,0.254223,0.999237,0.999999,2182,20,12782,16762232,14964,2202,3411968,0.004386,0.0,0.0,ok
lipidnet_scaled,ld,empiar_13420_macrophage_a431,MacrophageSEM,240801_00261,partial,6,FIB/240801_HumanMP_Control/dataset/TIFs/240801_HumanMP_Control_1701.tif,20.0,0.299,0.0,0.0,nan,0.0,0.0,0.999501,1.0,0,0,8374,16768842,8374,0,3481600,0.002405,0.0,0.0,ok
lipidnet_scaled,ld,empiar_13420_macrophage_a431,MacrophageSEM,240801_00263,partial,6,FIB/240801_HumanMP_Control/dataset/TIFs/240801_HumanMP_Control_1735.tif,20.0,0.28,0.0,0.0,0.0,0.0,0.0,0.999749,0.999953,0,789,3417,16773010,3417,789,3469312,0.000985,0.0,0.0,ok
lipidnet_scaled,ld,empiar_13420_macrophage_a431,MacrophageSEM,240801_00264,partial,6,FIB/240801_HumanMP_Control/dataset/TIFs/240801_HumanMP_Control_1769.tif,20.0,0.241,0.0,0.0,0.0,0.0,0.0,0.999399,0.999987,0,224,9854,16767138,9854,224,3022821,0.00326,0.0,0.0,ok
lipidnet_scaled,ld,empiar_13420_macrophage_a431,MacrophageSEM,240801_00265,partial,6,FIB/240801_HumanMP_Control/dataset/TIFs/240801_HumanMP_Control_1769.tif,20.0,0.241,0.0,0.0,0.0,0.0,0.0,0.998733,0.999992,0,142,21119,16755955,21119,142,3510272,0.006016,0.0,0.0,ok
lipidnet_scaled,ld,empiar_13420_macrophage_a431,MacrophageSEM,240801_00266,partial,6,FIB/240801_HumanMP_Control/dataset/TIFs/240801_HumanMP_Control_1803.tif,20.0,0.199,0.0,0.0,nan,0.0,0.0,0.999323,1.0,0,0,11359,16765857,11359,0,2996072,0.003791,0.0,0.0,ok
lipidnet_scaled,ld,empiar_13420_macrophage_a431,MacrophageSEM,240801_00267,partial,6,FIB/240801_HumanMP_Control/dataset/TIFs/240801_HumanMP_Control_1803.tif,20.0,0.204,0.0,0.0,nan,0.0,0.0,0.998532,1.0,0,0,24626,16752590,24626,0,3510272,0.007015,0.0,0.0,ok
lipidnet_scaled,ld,empiar_13420_macrophage_a431,MacrophageSEM,240801_00268,partial,6,FIB/240801_HumanMP_Control/dataset/TIFs/240801_HumanMP_Control_1837.tif,20.0,0.258,0.0,0.0,0.0,0.0,0.0,0.999795,0.999952,0,812,2630,16773774,2630,812,3336985,0.000788,0.0,0.0,ok
lipidnet_scaled,ld,empiar_13420_macrophage_a431,MacrophageSEM,240801_00269,partial,6,FIB/240801_HumanMP_Control/dataset/TIFs/240801_HumanMP_Control_1837.tif,20.0,0.277,0.0,0.0,0.0,0.0,0.0,0.998888,0.999963,0,621,18037,16758558,18037,621,3555328,0.005073,0.0,0.0,ok
lipidnet_scaled,ld,empiar_13420_macrophage_a431,MacrophageSEM,240801_00270,partial,6,FIB/240801_HumanMP_Control/dataset/TIFs/240801_HumanMP_Control_1871.tif,20.0,0.613,0.0,0.0,0.0,0.0,0.0,0.99893,0.999976,0,400,17558,16759258,17558,400,3233160,0.005431,0.0,0.0,ok
lipidnet_scaled,ld,empiar_13420_macrophage_a431,MacrophageSEM,240801_00271,partial,6,FIB/240801_HumanMP_Control/dataset/TIFs/240801_HumanMP_Control_1871.tif,20.0,0.258,0.0,0.0,0.0,0.0,0.0,0.998382,0.999941,0,995,26151,16750070,26151,995,3440640,0.007601,0.0,0.0,ok
lipidnet_scaled,ld,empiar_13420_macrophage_a431,MacrophageSEM,240801_00272,partial,6,FIB/240801_HumanMP_Control/dataset/TIFs/240801_HumanMP_Control_1905.tif,20.0,0.291,0.0,0.0,0.0,0.0,0.0,0.99948,0.99977,0,3852,4867,16768497,4867,3852,2959476,0.001645,0.0,0.0,ok
lipidnet_scaled,ld,empiar_13420_macrophage_a431,MacrophageSEM,240801_00273,partial,6,FIB/240801_HumanMP_Control/dataset/TIFs/240801_HumanMP_Control_1905.tif,20.0,0.335,0.0,0.0,0.0,0.0,0.0,0.998318,0.999574,0,7130,21091,16748995,21091,7130,3248128,0.006493,0.0,0.0,ok
lipidnet_scaled,ld,empiar_13420_macrophage_a431,MacrophageSEM,240801_00274,partial,6,FIB/240801_HumanMP_Control/dataset/TIFs/240801_HumanMP_Control_1939.tif,20.0,0.22,0.0,0.0,0.0,0.0,0.0,0.999113,0.999601,0,6690,8194,16762332,8194,6690,3102886,0.002641,0.0,0.0,ok
lipidnet_scaled,ld,empiar_13420_macrophage_a431,MacrophageSEM,240801_00275,partial,6,FIB/240801_HumanMP_Control/dataset/TIFs/240801_HumanMP_Control_1939.tif,20.0,0.241,0.0,0.0,0.0,0.0,0.0,0.998443,0.999424,0,9653,16476,16751087,16476,9653,3321856,0.00496,0.0,0.0,ok
lipidnet_scaled,ld,empiar_13420_macrophage_a431,MacrophageSEM,240801_00276,partial,6,FIB/240801_HumanMP_Control/dataset/TIFs/240801_HumanMP_Control_1973.tif,20.0,0.301,0.0,0.0,0.0,0.0,0.0,0.998497,0.999732,0,4488,20728,16752000,20728,4488,3167710,0.006544,0.0,0.0,ok
lipidnet_scaled,ld,empiar_13420_macrophage_a431,MacrophageSEM,240801_00277,partial,6,FIB/240801_HumanMP_Control/dataset/TIFs/240801_HumanMP_Control_1973.tif,20.0,0.263,0.0,0.0,0.0,0.0,0.0,0.997353,0.999707,0,4912,39503,16732801,39503,4912,3383296,0.011676,0.0,0.0,ok
lipidnet_scaled,ld,empiar_13420_macrophage_a431,MacrophageSEM,240801_00278,partial,6,FIB/240801_HumanMP_Control/dataset/TIFs/240801_HumanMP_Control_2007.tif,20.0,0.406,0.0,0.0,nan,0.0,0.0,0.998111,1.0,0,0,31684,16745532,31684,0,3052257,0.010381,0.0,0.0,ok
lipidnet_scaled,ld,empiar_13420_macrophage_a431,MacrophageSEM,240801_00279,partial,6,FIB/240801_HumanMP_Control/dataset/TIFs/240801_HumanMP_Control_2007.tif,20.0,0.264,0.0,0.0,0.0,0.0,0.0,0.997736,0.999939,0,1024,36954,16739238,36954,1024,3248128,0.011377,0.0,0.0,ok
lipidnet_scaled,ld,empiar_13420_macrophage_a431,MacrophageSEM,240801_00280,partial,6,FIB/240801_HumanMP_Control/dataset/TIFs/240801_HumanMP_Control_2041.tif,20.0,0.253,0.0,0.0,0.0,0.0,0.0,0.999196,0.999973,0,450,13045,16763721,13045,450,3686697,0.003538,0.0,0.0,ok
lipidnet_scaled,ld,empiar_13420_macrophage_a431,MacrophageSEM,240801_00281,partial,6,FIB/240801_HumanMP_Control/dataset/TIFs/240801_HumanMP_Control_2041.tif,20.0,0.294,0.0,0.0,0.0,0.0,0.0,0.999139,0.999968,0,536,13917,16762763,13917,536,3985408,0.003492,0.0,0.0,ok
lipidnet_scaled,ld,empiar_13420_macrophage_a431,MacrophageSEM,240801_00282,partial,6,FIB/240801_HumanMP_Control/dataset/TIFs/240801_HumanMP_Control_2075.tif,20.0,0.18,0.0,0.0,0.0,0.0,0.0,0.999393,0.999996,0,75,10110,16767031,10110,75,2722615,0.003713,0.0,0.0,ok
lipidnet_scaled,ld,empiar_13420_macrophage_a431,MacrophageSEM,240801_00283,partial,6,FIB/240801_HumanMP_Control/dataset/TIFs/240801_HumanMP_Control_2075.tif,20.0,0.284,0.0,0.0,0.0,0.0,0.0,0.998551,0.999679,0,5382,18928,16752906,18928,5382,2931049,0.006458,0.0,0.0,ok
lipidnet_scaled,ld,empiar_13420_macrophage_a431,MacrophageSEM,240801_00284,partial,6,FIB/240801_HumanMP_Control/dataset/TIFs/240801_HumanMP_Control_2109.tif,20.0,0.243,0.0,0.0,0.0,0.0,0.0,0.997945,0.999892,0,1806,32676,16742734,32676,1806,2706528,0.012073,0.0,0.0,ok
lipidnet_scaled,ld,empiar_13420_macrophage_a431,MacrophageSEM,240801_00285,partial,6,FIB/240801_HumanMP_Control/dataset/TIFs/240801_HumanMP_Control_2109.tif,20.0,0.227,0.0,0.0,0.0,0.0,0.0,0.997475,0.999481,0,8688,33667,16734861,33667,8688,2959380,0.011376,0.0,0.0,ok
lipidnet_scaled,ld,empiar_13420_macrophage_a431,MacrophageSEM,240801_00286,partial,6,FIB/240801_HumanMP_Control/dataset/TIFs/240801_HumanMP_Control_2143.tif,20.0,0.293,0.0,0.0,0.0,0.0,0.0,0.998789,0.999995,0,82,20242,16756892,20242,82,2651307,0.007635,0.0,0.0,ok
lipidnet_scaled,ld,empiar_13420_macrophage_a431,MacrophageSEM,240801_00287,partial,6,FIB/240801_HumanMP_Control/dataset/TIFs/240801_HumanMP_Control_2143.tif,20.0,0.231,0.0,0.0,0.0,0.0,0.0,0.998064,0.999999,0,21,32452,16744743,32452,21,2830280,0.011466,0.0,0.0,ok
lipidnet_scaled,ld,empiar_13420_macrophage_a431,MacrophageSEM,240801_00288,partial,6,FIB/240801_HumanMP_Control/dataset/TIFs/240801_HumanMP_Control_2177.tif,20.0,0.309,0.151938,0.082215,0.472062,0.09054,0.151938,0.998696,0.999869,1960,2192,19688,16753376,21648,4152,2514362,0.00861,0.066852,0.064335,ok
lipidnet_scaled,ld,empiar_13420_macrophage_a431,MacrophageSEM,240801_00289,partial,6,FIB/240801_HumanMP_Control/dataset/TIFs/240801_HumanMP_Control_2177.tif,20.0,0.423,0.105164,0.055501,0.285328,0.064462,0.105164,0.998179,0.999732,1795,4496,26051,16744874,27846,6291,2842624,0.009796,0.045307,0.034931,ok
lipidnet_scaled,ld,empiar_13420_macrophage_a431,MacrophageSEM,240801_00290,partial,6,FIB/240801_HumanMP_Control/dataset/TIFs/240801_HumanMP_Control_2211.tif,20.0,0.165,0.0,0.0,0.0,0.0,0.0,0.998436,0.999965,0,589,25648,16750979,25648,589,2513024,0.010206,0.0,0.0,ok
lipidnet_scaled,ld,empiar_13420_macrophage_a431,MacrophageSEM,240801_00291,partial,6,FIB/240801_HumanMP_Control/dataset/TIFs/240801_HumanMP_Control_2211.tif,20.0,0.226,0.0,0.0,0.0,0.0,0.0,0.998097,0.999783,0,3636,28298,16745282,28298,3636,2744558,0.010311,0.0,0.0,ok
lipidnet_scaled,ld,empiar_13420_macrophage_a431,MacrophageSEM,240801_00292,partial,6,FIB/240801_HumanMP_Control/dataset/TIFs/240801_HumanMP_Control_2245.tif,20.0,0.3,0.0,0.0,0.0,0.0,0.0,0.99921,0.999837,0,2728,10533,16763955,10533,2728,2545058,0.004139,0.0,0.0,ok
lipidnet_scaled,ld,empiar_13420_macrophage_a431,MacrophageSEM,240801_00293,partial,6,FIB/240801_HumanMP_Control/dataset/TIFs/240801_HumanMP_Control_2245.tif,20.0,0.313,0.006338,0.003179,0.013319,0.004158,0.006338,0.998823,0.999722,63,4667,15087,16757399,15150,4730,2692674,0.005626,0.0,0.0,ok
lipidnet_scaled,ld,empiar_13420_macrophage_a431,MacrophageSEM,240801_00294,partial,6,FIB/240801_HumanMP_Control/dataset/TIFs/240801_HumanMP_Control_2279.tif,20.0,0.181,0.0,0.0,0.0,0.0,0.0,0.997783,0.99984,0,2672,34522,16740022,34522,2672,2395886,0.014409,0.0,0.0,ok
lipidnet_scaled,ld,empiar_13420_macrophage_a431,MacrophageSEM,240801_00295,partial,6,FIB/240801_HumanMP_Control/dataset/TIFs/240801_HumanMP_Control_2279.tif,20.0,0.215,0.0,0.0,0.0,0.0,0.0,0.997342,0.99978,0,3677,40911,16732628,40911,3677,2596864,0.015754,0.0,0.0,ok
lipidnet_scaled,ld,empiar_13420_macrophage_a431,MacrophageSEM,240801_00296,partial,6,FIB/240801_HumanMP_Control/dataset/TIFs/240801_HumanMP_Control_2313.tif,20.0,0.237,0.0,0.0,0.0,0.0,0.0,0.998202,0.99997,0,499,29659,16747058,29659,499,2465262,0.012031,0.0,0.0,ok
lipidnet_scaled,ld,empiar_13420_macrophage_a431,MacrophageSEM,240801_00297,partial,6,FIB/240801_HumanMP_Control/dataset/TIFs/240801_HumanMP_Control_2313.tif,20.0,0.229,0.0,0.0,0.0,0.0,0.0,0.997963,0.999895,0,1755,32419,16743042,32419,1755,2633728,0.012309,0.0,0.0,ok
lipidnet_scaled,ld,empiar_13420_macrophage_a431,MacrophageSEM,240801_00298,partial,6,FIB/240801_HumanMP_Control/dataset/TIFs/240801_HumanMP_Control_2347.tif,20.0,0.173,0.0,0.0,0.0,0.0,0.0,0.998134,0.99996,0,665,30639,16745912,30639,665,2423671,0.012642,0.0,0.0,ok
lipidnet_scaled,ld,empiar_13420_macrophage_a431,MacrophageSEM,240801_00299,partial,6,FIB/240801_HumanMP_Control/dataset/TIFs/240801_HumanMP_Control_2347.tif,20.0,0.27,0.0,0.0,0.0,0.0,0.0,0.996922,0.999521,0,8011,43623,16725582,43623,8011,2584576,0.016878,0.0,0.0,ok
lipidnet_scaled,ld,empiar_13420_macrophage_a431,MacrophageSEM,240801_00300,partial,6,FIB/240801_HumanMP_Control/dataset/TIFs/240801_HumanMP_Control_2381.tif,20.0,0.242,0.0,0.0,0.0,0.0,0.0,0.998683,0.999536,0,7777,14323,16755116,14323,7777,2366940,0.006051,0.0,0.0,ok
lipidnet_scaled,ld,empiar_13420_macrophage_a431,MacrophageSEM,240801_00301,partial,6,FIB/240801_HumanMP_Control/dataset/TIFs/240801_HumanMP_Control_2381.tif,20.0,0.231,0.0,0.0,0.0,0.0,0.0,0.998506,0.99982,0,3014,22055,16752147,22055,3014,2529474,0.008719,0.0,0.0,ok
lipidnet_scaled,ld,empiar_13420_macrophage_a431,MacrophageSEM,240801_00302,partial,6,FIB/240801_HumanMP_Control/dataset/TIFs/240801_HumanMP_Control_2415.tif,20.0,0.235,0.0,0.0,0.0,0.0,0.0,0.99827,0.999989,0,178,28840,16748198,28840,178,2116376,0.013627,0.0,0.0,ok
lipidnet_scaled,ld,empiar_13420_macrophage_a431,MacrophageSEM,240801_00303,partial,6,FIB/240801_HumanMP_Control/dataset/TIFs/240801_HumanMP_Control_2415.tif,20.0,0.245,0.0,0.0,0.0,0.0,0.0,0.997839,0.999954,0,774,35484,16740958,35484,774,2233100,0.01589,0.0,0.0,ok
lipidnet_scaled,ld,empiar_13420_macrophage_a431,MacrophageSEM,240801_00304,partial,6,FIB/240801_HumanMP_Control/dataset/TIFs/240801_HumanMP_Control_2449.tif,20.0,0.239,0.0,0.0,0.0,0.0,0.0,0.998356,0.999976,0,398,27178,16749640,27178,398,1982235,0.013711,0.0,0.0,ok
lipidnet_scaled,ld,empiar_13420_macrophage_a431,MacrophageSEM,240801_00305,partial,6,FIB/240801_HumanMP_Control/dataset/TIFs/240801_HumanMP_Control_2449.tif,20.0,0.212,0.0,0.0,0.0,0.0,0.0,0.997974,0.999951,0,813,33183,16743220,33183,813,2052790,0.016165,0.0,0.0,ok
lipidnet_scaled,ld,empiar_13420_macrophage_a431,MacrophageSEM,240801_00306,partial,6,FIB/240801_HumanMP_Control/dataset/TIFs/240801_HumanMP_Control_2483.tif,20.0,0.18,0.0,0.0,0.0,0.0,0.0,0.997996,0.99999,0,169,33452,16743595,33452,169,1934862,0.017289,0.0,0.0,ok
lipidnet_scaled,ld,empiar_13420_macrophage_a431,MacrophageSEM,240801_00307,partial,6,FIB/240801_HumanMP_Control/dataset/TIFs/240801_HumanMP_Control_2483.tif,20.0,0.189,0.0,0.0,0.0,0.0,0.0,0.997456,0.999645,0,5945,36740,16734531,36740,5945,1958910,0.018755,0.0,0.0,ok
lipidnet_scaled,ld,empiar_13420_macrophage_a431,MacrophageSEM,240801_00308,partial,6,FIB/240801_HumanMP_Control/dataset/TIFs/240801_HumanMP_Control_2517.tif,20.0,0.207,0.0,0.0,0.0,0.0,0.0,0.997817,0.999968,0,530,36091,16740595,36091,530,1685576,0.021412,0.0,0.0,ok
lipidnet_scaled,ld,empiar_13420_macrophage_a431,MacrophageSEM,240801_00309,partial,6,FIB/240801_HumanMP_Control/dataset/TIFs/240801_HumanMP_Control_2517.tif,20.0,0.241,0.0,0.0,0.0,0.0,0.0,0.997416,0.999691,0,5165,38185,16733866,38185,5165,1561752,0.02445,0.0,0.0,ok
lipidnet_scaled,ld,empiar_13420_macrophage_a431,MacrophageSEM,240801_00310,partial,6,FIB/240801_HumanMP_Control/dataset/TIFs/240801_HumanMP_Control_2551.tif,20.0,0.213,0.0,0.0,nan,0.0,0.0,0.999301,1.0,0,0,11725,16765491,11725,0,1601900,0.007319,0.0,0.0,ok
lipidnet_scaled,ld,empiar_13420_macrophage_a431,MacrophageSEM,240801_00311,partial,6,FIB/240801_HumanMP_Control/dataset/TIFs/240801_HumanMP_Control_2551.tif,20.0,0.232,0.0,0.0,0.0,0.0,0.0,0.999039,0.999796,0,3427,12697,16761092,12697,3427,1431335,0.008871,0.0,0.0,ok
lipidnet_scaled,ld,empiar_13420_macrophage_a431,MacrophageSEM,240801_00312,partial,6,FIB/240801_HumanMP_Control/dataset/TIFs/240801_HumanMP_Control_2585.tif,20.0,0.191,0.0,0.0,0.0,0.0,0.0,0.999102,0.999432,0,9532,5532,16762152,5532,9532,3217344,0.001719,0.0,0.0,ok
lipidnet_scaled,ld,empiar_13420_macrophage_a431,MacrophageSEM,240801_00313,partial,6,FIB/240801_HumanMP_Control/dataset/TIFs/240801_HumanMP_Control_2585.tif,20.0,0.161,0.0,0.0,0.0,0.0,0.0,0.999668,0.999998,0,40,5532,16771644,5532,40,2328768,0.002376,0.0,0.0,ok
lipidnet_scaled,ld,empiar_13420_macrophage_a431,MacrophageSEM,240801_00314,partial,6,FIB/240801_HumanMP_Control/dataset/TIFs/240801_HumanMP_Control_2619.tif,20.0,0.159,0.0,0.0,0.0,0.0,0.0,0.99913,1.0,0,7,14585,16762624,14585,7,1372457,0.010627,0.0,0.0,ok
lipidnet_scaled,ld,empiar_13420_macrophage_a431,MacrophageSEM,240801_00315,partial,6,FIB/240801_HumanMP_Control/dataset/TIFs/240801_HumanMP_Control_2619.tif,20.0,0.543,0.052141,0.026768,0.173294,0.030687,0.052141,0.998867,0.999851,523,2495,16520,16757678,17043,3018,1045408,0.016303,0.0,0.0,ok
lipidnet_scaled,ld,empiar_13420_macrophage_a431,MacrophageSEM,240801_00316,partial,6,FIB/240801_HumanMP_Control/dataset/TIFs/240801_HumanMP_Control_2653.tif,20.0,0.276,0.0,0.0,0.0,0.0,0.0,0.999051,0.999941,0,982,14932,16761302,14932,982,1233892,0.012102,0.0,0.0,ok
lipidnet_scaled,ld,empiar_13420_macrophage_a431,MacrophageSEM,240801_00317,partial,6,FIB/240801_HumanMP_Control/dataset/TIFs/240801_HumanMP_Control_2653.tif,20.0,0.228,0.0,0.0,0.0,0.0,0.0,0.998958,0.999925,0,1255,16225,16759736,16225,1255,1100256,0.014747,0.0,0.0,ok
lipidnet_scaled,ld,empiar_13420_macrophage_a431,MacrophageSEM,240801_00318,partial,6,FIB/240801_HumanMP_Control/dataset/TIFs/240801_HumanMP_Control_2687.tif,20.0,0.164,0.0,0.0,nan,0.0,0.0,0.999858,1.0,0,0,2380,16774836,2380,0,370710,0.00642,0.0,0.0,ok
lipidnet_scaled,ld,empiar_13420_macrophage_a431,MacrophageSEM,240801_00319,partial,6,FIB/240801_HumanMP_Control/dataset/TIFs/240801_HumanMP_Control_2687.tif,20.0,0.251,0.0,0.0,nan,0.0,0.0,0.999858,1.0,0,0,2380,16774836,2380,0,623700,0.003816,0.0,0.0,ok
