model,organelle,dataset,dataset_label,crop_id,coverage,voxel_nm,source_image,model_type,infer_s,dice,iou,precision,recall,f1,accuracy,specificity,tp,fp,fn,tn,gt_area,pred_area,eval_area,gt_frac,cldice,boundary_f1,status
microsam_vit_l_em_organelles,ld,deepcontact_cell,DeepContact,cell_00018,partial,5.0,202101-B7_19.tif,vit_l_em_organelles,3.997,0.0,0.0,0.0,0.0,0.0,0.949239,0.953795,0,771492,80132,15925592,80132,771492,4310446,0.01859,0.0,0.005424,ok
microsam_vit_l_em_organelles,ld,deepcontact_cell,DeepContact,cell_00019,partial,5.0,202101-CB8_19.tif,vit_l_em_organelles,4.553,6.5e-05,3.3e-05,5e-05,9.3e-05,6.5e-05,0.903104,0.934848,53,1055955,569684,15151524,569737,1056008,4241268,0.134332,0.0,0.011224,ok
microsam_vit_l_em_organelles,ld,deepcontact_cell,DeepContact,cell_00020,partial,5.0,202101-CB8_28.tif,vit_l_em_organelles,3.604,0.051011,0.026173,0.074953,0.038662,0.051011,0.905275,0.966364,42713,527151,1062070,15145282,1104783,569864,4233000,0.260993,0.093493,0.025615,ok
microsam_vit_l_em_organelles,ld,deepcontact_cell,DeepContact,cell_00047,partial,5.0,U2OS-1_10.tif,vit_l_em_organelles,5.374,0.0,0.0,0.0,0.0,0.0,0.958189,0.958823,0,690387,11092,16075737,11092,690387,5522499,0.002009,0.0,0.0,ok
microsam_vit_l_em_organelles,ld,deepcontact_cell,DeepContact,cell_00050,partial,5.0,U2OS-1_14.tif,vit_l_em_organelles,2.577,0.0,0.0,0.0,0.0,0.0,0.98144,0.981948,0,302699,8691,16465826,8691,302699,4184064,0.002077,0.0,0.0,ok
microsam_vit_l_em_organelles,ld,deepcontact_cell,DeepContact,cell_00057,full,5.0,U2OS-1_3.tif,vit_l_em_organelles,10.432,0.0,0.0,0.0,0.0,0.0,0.971212,0.972346,0,463417,19564,16294235,19564,463417,16777216,0.001166,0.0,0.0,ok
microsam_vit_l_em_organelles,ld,deepcontact_cell,DeepContact,cell_00058,full,5.0,U2OS-1_3.tif,vit_l_em_organelles,11.517,0.0,0.0,0.0,0.0,0.0,0.96521,0.965478,0,579024,4655,16193537,4655,579024,16777216,0.000277,0.0,0.0,ok
microsam_vit_l_em_organelles,ld,deepcontact_cell,DeepContact,cell_00063,full,5.0,U2OS-1_8.tif,vit_l_em_organelles,10.64,0.0,0.0,0.0,0.0,0.0,0.955085,0.955838,0,740337,13216,16023663,13216,740337,16777216,0.000788,0.0,0.0038,ok
microsam_vit_l_em_organelles,ld,deepcontact_cell,DeepContact,cell_00064,full,5.0,U2OS-1_8.tif,vit_l_em_organelles,11.212,0.000401,0.000201,0.000209,0.004923,0.000401,0.95929,0.960876,137,655308,27694,16094077,27831,655445,16777216,0.001659,0.0,0.0037,ok
microsam_vit_l_em_organelles,ld,deepcontact_cell,DeepContact,cell_00065,partial,5.0,U2OS-2_10.tif,vit_l_em_organelles,5.653,0.0,0.0,0.0,0.0,0.0,0.968909,0.969621,0,509304,12318,16255594,12318,509304,5531904,0.002227,0.0,0.0,ok
microsam_vit_l_em_organelles,ld,deepcontact_cell,DeepContact,cell_00069,partial,5.0,U2OS-2_14.tif,vit_l_em_organelles,2.57,0.0,0.0,0.0,0.0,0.0,0.980968,0.984617,0,257124,62182,16457910,62182,257124,4194304,0.014825,0.0,0.0,ok
microsam_vit_l_em_organelles,ld,deepcontact_cell,DeepContact,cell_00072,full,5.0,U2OS-2_3.tif,vit_l_em_organelles,10.653,0.0,0.0,0.0,0.0,0.0,0.898556,0.906246,0,1559592,142352,15075272,142352,1559592,16777216,0.008485,0.0,0.0,ok
microsam_vit_l_em_organelles,ld,deepcontact_cell,DeepContact,cell_00073,full,5.0,U2OS-2_3.tif,vit_l_em_organelles,11.123,0.0,0.0,0.0,0.0,0.0,0.907455,0.945045,0,885327,667314,15224575,667314,885327,16777216,0.039775,0.0,0.000498,ok
microsam_vit_l_em_organelles,ld,deepcontact_cell,DeepContact,cell_00074,partial,5.0,U2OS-2_8.tif,vit_l_em_organelles,5.811,0.0,0.0,0.0,0.0,0.0,0.968846,0.969293,0,514943,7738,16254535,7738,514943,9066120,0.000854,0.0,0.0,ok
microsam_vit_l_em_organelles,ld,deepcontact_cell,DeepContact,cell_00075,full,5.0,U2OS-3_1.tif,vit_l_em_organelles,10.717,0.0,0.0,0.0,0.0,0.0,0.908684,0.934878,0,1061951,470082,15245183,470082,1061951,16777216,0.028019,0.0,0.008198,ok
microsam_vit_l_em_organelles,ld,deepcontact_cell,DeepContact,cell_00076,full,5.0,U2OS-3_1.tif,vit_l_em_organelles,10.817,0.000345,0.000173,0.000261,0.000509,0.000345,0.914697,0.941936,247,945961,485185,15345823,485432,946208,16777216,0.028934,0.0,0.011175,ok
microsam_vit_l_em_organelles,ld,deepcontact_cell,DeepContact,cell_00078,partial,5.0,U2OS-3_11.tif,vit_l_em_organelles,2.593,0.065279,0.033741,0.054738,0.080849,0.065279,0.971102,0.982354,16930,292362,192472,16275452,209402,309292,4194304,0.049925,0.049251,0.034984,ok
microsam_vit_l_em_organelles,ld,deepcontact_cell,DeepContact,cell_00080,partial,5.0,U2OS-3_12.tif,vit_l_em_organelles,2.585,0.151547,0.081986,0.119461,0.207197,0.151547,0.966242,0.977449,50581,372830,193539,16160266,244120,423411,3349335,0.072886,0.146829,0.023454,ok
microsam_vit_l_em_organelles,ld,deepcontact_cell,DeepContact,cell_00082,partial,5.0,U2OS-3_13.tif,vit_l_em_organelles,2.564,0.122136,0.06504,0.089035,0.194416,0.122136,0.963046,0.973345,43129,441276,178710,16114101,221839,484405,3817125,0.058117,0.100918,0.034347,ok
microsam_vit_l_em_organelles,ld,deepcontact_cell,DeepContact,cell_00083,partial,5.0,U2OS-3_14.tif,vit_l_em_organelles,2.604,0.0,0.0,0.0,0.0,0.0,0.941684,0.957169,0,706962,271422,15798832,271422,706962,4194304,0.064712,0.0,0.000981,ok
microsam_vit_l_em_organelles,ld,deepcontact_cell,DeepContact,cell_00084,partial,5.0,U2OS-3_14.tif,vit_l_em_organelles,2.63,0.099082,0.052123,0.072513,0.156378,0.099082,0.947032,0.962038,48867,625037,263625,15839687,312492,673904,3921112,0.079695,0.097813,0.043973,ok
microsam_vit_l_em_organelles,ld,deepcontact_cell,DeepContact,cell_00085,partial,5.0,U2OS-3_16.tif,vit_l_em_organelles,5.124,0.000244,0.000122,0.000185,0.00036,0.000244,0.971711,0.981118,58,313749,160866,16302543,160924,313807,2799272,0.057488,0.0,0.005725,ok
microsam_vit_l_em_organelles,ld,deepcontact_cell,DeepContact,cell_00086,partial,5.0,U2OS-3_17.tif,vit_l_em_organelles,5.504,0.0,0.0,0.0,0.0,0.0,0.972597,0.994254,0,94297,365441,16317478,365441,94297,3403000,0.107388,0.0,0.0,ok
microsam_vit_l_em_organelles,ld,deepcontact_cell,DeepContact,cell_00087,partial,5.0,U2OS-3_18.tif,vit_l_em_organelles,5.409,0.001227,0.000614,0.001131,0.001341,0.001227,0.956641,0.975999,447,394675,332775,16049319,333222,395122,3687872,0.090356,0.0,0.027275,ok
microsam_vit_l_em_organelles,ld,deepcontact_cell,DeepContact,cell_00088,partial,5.0,U2OS-3_19.tif,vit_l_em_organelles,5.126,0.000726,0.000363,0.000932,0.000595,0.000726,0.95423,0.981657,279,299133,468762,16009042,469041,299412,4012000,0.11691,0.0,0.016809,ok
microsam_vit_l_em_organelles,ld,deepcontact_cell,DeepContact,cell_00089,full,5.0,U2OS-3_21.tif,vit_l_em_organelles,10.852,0.000199,0.0001,0.000165,0.000252,0.000199,0.835105,0.893374,276,1672175,1094307,14010458,1094583,1672451,16777216,0.065242,0.0,0.027595,ok
microsam_vit_l_em_organelles,ld,deepcontact_cell,DeepContact,cell_00090,full,5.0,U2OS-3_21.tif,vit_l_em_organelles,10.595,0.000178,8.9e-05,0.000139,0.000247,0.000178,0.838265,0.889938,241,1739286,974169,14063520,974410,1739527,16777216,0.058079,0.0,0.027203,ok
microsam_vit_l_em_organelles,ld,deepcontact_cell,DeepContact,cell_00093,full,5.0,U2OS-3_3.tif,vit_l_em_organelles,10.716,1.1e-05,5e-06,7e-06,2.6e-05,1.1e-05,0.890468,0.911597,10,1448782,388856,14939568,388866,1448792,16777216,0.023178,0.0,0.005329,ok
microsam_vit_l_em_organelles,ld,deepcontact_cell,DeepContact,cell_00094,full,5.0,U2OS-3_3.tif,vit_l_em_organelles,10.424,1.1e-05,5e-06,7e-06,2.1e-05,1.1e-05,0.876479,0.904398,11,1554419,517926,14704860,517937,1554430,16777216,0.030871,0.0,0.006892,ok
microsam_vit_l_em_organelles,ld,deepcontact_cell,DeepContact,cell_00095,sparse,5.0,U2OS-3_6.tif,vit_l_em_organelles,2.59,0.0,0.0,0.0,0.0,0.0,0.956491,0.963864,0,601628,128324,16047264,128324,601628,4186116,0.030655,0.0,0.00145,ok
microsam_vit_l_em_organelles,ld,deepcontact_cell,DeepContact,cell_00097,partial,5.0,U2OS-4_25.tif,vit_l_em_organelles,5.701,0.0,0.0,0.0,0.0,0.0,0.8948,0.91365,0,1418828,346136,15012252,346136,1418828,6303744,0.05491,0.0,0.012621,ok
microsam_vit_l_em_organelles,ld,deepcontact_cell,DeepContact,cell_00104,partial,5.0,U2OS-4_8.tif,vit_l_em_organelles,5.53,0.0,0.0,0.0,0.0,0.0,0.937125,0.944338,0,926721,128144,15722351,128144,926721,6300672,0.020338,0.0,0.004084,ok
microsam_vit_l_em_organelles,ld,deepcontact_cell,DeepContact,cell_00114,partial,5.0,U2OS-7_9.tif,vit_l_em_organelles,3.871,0.0,0.0,0.0,0.0,0.0,0.927039,0.991518,0,133047,1091032,15553137,1091032,133047,4384380,0.248845,0.0,0.00632,ok
microsam_vit_l_em_organelles,ld,deepcontact_cell,DeepContact,cell_00121,partial,5.0,U2OS1-TEM_00_06.jpg,vit_l_em_organelles,9.783,0.0,0.0,0.0,0.0,0.0,0.936377,0.943479,0,941129,126289,15709798,126289,941129,11850768,0.010657,0.0,0.003574,ok
microsam_vit_l_em_organelles,ld,deepcontact_cell,DeepContact,cell_00122,partial,5.0,U2OS1_25.tif,vit_l_em_organelles,5.215,0.0,0.0,0.0,0.0,0.0,0.976162,0.977362,0,379342,20595,16377279,20595,379342,4190205,0.004915,0.0,0.0,ok
microsam_vit_l_em_organelles,ld,deepcontact_cell,DeepContact,cell_00123,partial,5.0,U2OS1_43.tif,vit_l_em_organelles,5.37,0.0,0.0,0.0,0.0,0.0,0.974509,0.975377,0,412737,14933,16349546,14933,412737,4198401,0.003557,0.0,0.0,ok
microsam_vit_l_em_organelles,ld,deepcontact_cell,DeepContact,cell_00124,partial,5.0,U2OS1_51.tif,vit_l_em_organelles,5.127,0.0,0.0,0.0,0.0,0.0,0.953897,0.961931,0,633363,140109,16003744,140109,633363,4198401,0.033372,0.0,0.007537,ok
microsam_vit_l_em_organelles,ld,deepcontact_cell,DeepContact,cell_00125,partial,5.0,U2OS1_52.tif,vit_l_em_organelles,5.158,0.0,0.0,0.0,0.0,0.0,0.973416,0.974469,0,427880,18126,16331210,18126,427880,4198401,0.004317,0.0,0.001393,ok
microsam_vit_l_em_organelles,ld,deepcontact_cell,DeepContact,cell_00126,partial,5.0,U2OS1_53.tif,vit_l_em_organelles,5.098,0.0,0.0,0.0,0.0,0.0,0.973424,0.974469,0,427880,17983,16331353,17983,427880,4196352,0.004285,0.0,0.003834,ok
microsam_vit_l_em_organelles,ld,deepcontact_cell,DeepContact,cell_00127,partial,5.0,U2OS1_54.tif,vit_l_em_organelles,5.518,0.0,0.0,0.0,0.0,0.0,0.955339,0.970996,0,478764,270521,16027931,270521,478764,4198401,0.064434,0.0,0.004727,ok
microsam_vit_l_em_organelles,ld,deepcontact_cell,DeepContact,cell_00128,partial,5.0,..\20201105Training\U2OS3-TEM_22.jpg,vit_l_em_organelles,10.145,0.000212,0.000106,0.00017,0.00028,0.000212,0.919474,0.948305,143,840918,510087,15426068,510230,841061,11950656,0.042695,0.0,0.018853,ok
microsam_vit_l_em_organelles,ld,empiar_12885_aive,AIVE,set1_00000,sparse,6.5104,Set1_-_AIVE_SOURCE_DATA/Dataset1_overview.tif,vit_l_em_organelles,1.795,0.0,0.0,0.0,0.0,0.0,0.987515,0.988322,0,195756,13711,16567749,13711,195756,2098640,0.006533,0.0,0.001429,ok
microsam_vit_l_em_organelles,ld,empiar_12885_aive,AIVE,set1_00001,sparse,6.5104,Set1_-_AIVE_SOURCE_DATA/Dataset1_overview.tif,vit_l_em_organelles,1.937,0.047503,0.024329,0.024716,0.608761,0.047503,0.983557,0.98381,6879,271446,4421,16494470,11300,278325,2074960,0.005446,0.048658,0.067188,ok
microsam_vit_l_em_organelles,ld,empiar_12885_aive,AIVE,set1_00002,sparse,6.5104,Set1_-_AIVE_SOURCE_DATA/Dataset1_overview.tif,vit_l_em_organelles,1.81,0.044384,0.022696,0.022882,0.735732,0.044384,0.985673,0.985786,5582,238364,2005,16531265,7587,243946,1983200,0.003826,0.077731,0.074075,ok
microsam_vit_l_em_organelles,ld,empiar_12885_aive,AIVE,set1_00003,sparse,6.5104,Set1_-_AIVE_SOURCE_DATA/Dataset1_overview.tif,vit_l_em_organelles,1.799,0.000759,0.000379,0.000399,0.007508,0.000759,0.983198,0.984028,107,267744,14144,16495221,14251,267851,1932880,0.007373,0.014005,0.009985,ok
microsam_vit_l_em_organelles,ld,empiar_12885_aive,AIVE,set1_00004,sparse,6.5104,Set1_-_AIVE_SOURCE_DATA/Dataset1_overview.tif,vit_l_em_organelles,1.795,0.019072,0.009628,0.010095,0.17224,0.019072,0.982851,0.983637,2797,274266,13442,16486711,16239,277063,1867760,0.008694,0.048193,0.035768,ok
microsam_vit_l_em_organelles,ld,empiar_12885_aive,AIVE,set1_00005,sparse,6.5104,Set1_-_AIVE_SOURCE_DATA/Dataset1_overview.tif,vit_l_em_organelles,1.776,0.025481,0.012905,0.013405,0.257031,0.025481,0.985625,0.986158,3153,232062,9114,16532887,12267,235215,1850000,0.006631,0.022759,0.029568,ok
microsam_vit_l_em_organelles,ld,empiar_12885_aive,AIVE,set1_00006,sparse,6.5104,Set1_-_AIVE_SOURCE_DATA/Dataset1_overview.tif,vit_l_em_organelles,1.819,0.0,0.0,0.0,0.0,0.0,0.986386,0.987229,0,214087,14323,16548806,14323,214087,1844080,0.007767,0.0,0.0,ok
microsam_vit_l_em_organelles,ld,empiar_12885_aive,AIVE,set1_00007,sparse,6.5104,Set1_-_AIVE_SOURCE_DATA/Dataset1_overview.tif,vit_l_em_organelles,1.769,0.0,0.0,0.0,0.0,0.0,0.983847,0.984144,0,265942,5065,16506209,5065,265942,1835200,0.00276,0.0,0.0,ok
microsam_vit_l_em_organelles,ld,empiar_12885_aive,AIVE,set1_00008,sparse,6.5104,Set1_-_AIVE_SOURCE_DATA/Dataset1_overview.tif,vit_l_em_organelles,2.256,0.043858,0.022421,0.023746,0.286561,0.043858,0.987066,0.987791,4977,204613,12391,16555235,17368,209590,1778960,0.009763,0.035654,0.055439,ok
microsam_vit_l_em_organelles,ld,empiar_12885_aive,AIVE,set1_00009,sparse,6.5104,Set1_-_AIVE_SOURCE_DATA/Dataset1_overview.tif,vit_l_em_organelles,2.06,0.01886,0.00952,0.009858,0.216947,0.01886,0.989997,0.99034,1613,162004,5822,16607777,7435,163617,1704522,0.004362,0.012789,0.025298,ok
microsam_vit_l_em_organelles,ld,empiar_12885_aive,AIVE,set1_00010,sparse,6.5104,Set1_-_AIVE_SOURCE_DATA/Dataset1_overview.tif,vit_l_em_organelles,1.801,0.028821,0.014621,0.016632,0.107879,0.028821,0.992388,0.993315,1895,112041,15671,16647609,17566,113936,1617404,0.010861,0.04473,0.03255,ok
microsam_vit_l_em_organelles,ld,empiar_12885_aive,AIVE,set1_00011,sparse,6.5104,Set1_-_AIVE_SOURCE_DATA/Dataset1_overview.tif,vit_l_em_organelles,1.783,0.112544,0.059628,0.060567,0.793587,0.112544,0.992602,0.99272,7870,122069,2047,16645230,9917,129939,1592480,0.006227,0.044947,0.116653,ok
microsam_vit_l_em_organelles,ld,empiar_12885_aive,AIVE,set1_00012,sparse,6.5104,Set1_-_AIVE_SOURCE_DATA/Dataset1_overview.tif,vit_l_em_organelles,1.772,0.000136,6.8e-05,7.5e-05,0.000774,0.000136,0.993003,0.993615,8,107056,10333,16659819,10341,107064,1536240,0.006731,0.0,0.007444,ok
microsam_vit_l_em_organelles,ld,empiar_12885_aive,AIVE,set1_00013,sparse,6.5104,Set1_-_AIVE_SOURCE_DATA/Dataset1_overview.tif,vit_l_em_organelles,1.785,0.141544,0.076162,0.084118,0.446076,0.141544,0.996815,0.99714,4405,47962,5470,16719379,9875,52367,1431756,0.006897,0.069749,0.099535,ok
microsam_vit_l_em_organelles,ld,empiar_12885_aive,AIVE,set1_00014,sparse,6.5104,Set1_-_AIVE_SOURCE_DATA/Dataset1_overview.tif,vit_l_em_organelles,2.007,0.094427,0.049553,0.088581,0.101099,0.094427,0.998485,0.999187,1325,13633,11781,16750477,13106,14958,1316310,0.009957,0.123457,0.174564,ok
microsam_vit_l_em_organelles,ld,empiar_12885_aive,AIVE,set1_00016,sparse,6.5104,Set1_-_AIVE_SOURCE_DATA/Dataset1_overview.tif,vit_l_em_organelles,1.781,0.0,0.0,0.0,0.0,0.0,0.999568,0.999644,0,5970,1275,16769971,1275,5970,1074480,0.001187,0.0,0.0,ok
microsam_vit_l_em_organelles,ld,empiar_12885_aive,AIVE,set1_00017,sparse,6.5104,Set1_-_AIVE_SOURCE_DATA/Dataset1_overview.tif,vit_l_em_organelles,1.766,0.0,0.0,0.0,0.0,0.0,0.999051,0.999281,0,12059,3858,16761299,3858,12059,976800,0.00395,0.0,0.0,ok
microsam_vit_l_em_organelles,ld,empiar_12885_aive,AIVE,set2_00020,sparse,6.5104,Set2_-_AIVE_SOURCE_DATA/Dataset2_overview.tif,vit_l_em_organelles,1.803,0.042954,0.021949,0.022307,0.576968,0.042954,0.989408,0.989578,3988,174786,2924,16595518,6912,178774,2053930,0.003365,0.022936,0.005755,ok
microsam_vit_l_em_organelles,ld,empiar_12885_aive,AIVE,set2_00021,sparse,6.5104,Set2_-_AIVE_SOURCE_DATA/Dataset2_overview.tif,vit_l_em_organelles,1.795,0.0,0.0,0.0,0.0,0.0,0.991986,0.992316,0,128865,5584,16642767,5584,128865,2100810,0.002658,0.0,0.0,ok
microsam_vit_l_em_organelles,ld,empiar_12885_aive,AIVE,set2_00022,sparse,6.5104,Set2_-_AIVE_SOURCE_DATA/Dataset2_overview.tif,vit_l_em_organelles,1.827,0.148282,0.080078,0.08491,0.584583,0.148282,0.995835,0.996091,6082,65547,4322,16701265,10404,71629,2162340,0.004811,0.328412,0.129936,ok
microsam_vit_l_em_organelles,ld,empiar_12885_aive,AIVE,set2_00023,sparse,6.5104,Set2_-_AIVE_SOURCE_DATA/Dataset2_overview.tif,vit_l_em_organelles,1.792,0.0,0.0,0.0,0.0,0.0,0.996658,0.996783,0,53959,2107,16721150,2107,53959,2118390,0.000995,0.0,0.0,ok
microsam_vit_l_em_organelles,ld,empiar_12885_aive,AIVE,set2_00025,sparse,6.5104,Set2_-_AIVE_SOURCE_DATA/Dataset2_overview.tif,vit_l_em_organelles,2.138,0.155612,0.084371,0.086515,0.772946,0.155612,0.998023,0.998076,3057,32278,898,16740983,3955,35335,2080300,0.001901,0.122111,0.0997,ok
microsam_vit_l_em_organelles,ld,empiar_12885_aive,AIVE,set2_00026,sparse,6.5104,Set2_-_AIVE_SOURCE_DATA/Dataset2_overview.tif,vit_l_em_organelles,2.017,0.166823,0.091002,0.096538,0.613432,0.166823,0.997727,0.997869,3818,35731,2406,16735261,6224,39549,2080386,0.002992,0.101273,0.0,ok
microsam_vit_l_em_organelles,ld,empiar_12885_aive,AIVE,set2_00030,sparse,6.5104,Set2_-_AIVE_SOURCE_DATA/Dataset2_overview.tif,vit_l_em_organelles,1.822,0.060925,0.03142,0.035472,0.215695,0.060925,0.997308,0.997625,1465,39835,5327,16730589,6792,41300,2048070,0.003316,0.374046,0.0,ok
microsam_vit_l_em_organelles,ld,empiar_12885_aive,AIVE,set2_00031,sparse,6.5104,Set2_-_AIVE_SOURCE_DATA/Dataset2_overview.tif,vit_l_em_organelles,1.827,0.0,0.0,0.0,0.0,0.0,0.998065,0.998511,0,24962,7504,16744750,7504,24962,2056860,0.003648,0.0,0.0,ok
microsam_vit_l_em_organelles,ld,empiar_12885_aive,AIVE,set2_00034,sparse,6.5104,Set2_-_AIVE_SOURCE_DATA/Dataset2_overview.tif,vit_l_em_organelles,1.834,0.0,0.0,0.0,0.0,0.0,0.995398,0.995981,0,67391,9824,16700001,9824,67391,2009980,0.004888,0.0,0.0,ok
microsam_vit_l_em_organelles,ld,empiar_12885_aive,AIVE,set2_00035,sparse,6.5104,Set2_-_AIVE_SOURCE_DATA/Dataset2_overview.tif,vit_l_em_organelles,1.813,0.0,0.0,0.0,0.0,0.0,0.992698,0.993113,0,115493,7016,16654707,7016,115493,2012910,0.003486,0.0,0.0,ok
microsam_vit_l_em_organelles,ld,empiar_12885_aive,AIVE,set2_00038,sparse,6.5104,Set2_-_AIVE_SOURCE_DATA/Dataset2_overview.tif,vit_l_em_organelles,1.851,0.0,0.0,0.0,0.0,0.0,0.994145,0.994526,0,91799,6427,16678990,6427,91799,1954310,0.003289,0.0,0.006788,ok
microsam_vit_l_em_organelles,ld,empiar_12885_aive,AIVE,set2_00039,sparse,6.5104,Set2_-_AIVE_SOURCE_DATA/Dataset2_overview.tif,vit_l_em_organelles,1.804,0.0,0.0,0.0,0.0,0.0,0.9937,0.993763,0,104640,1055,16671521,1055,104640,1892780,0.000557,0.0,0.01437,ok
microsam_vit_l_em_organelles,ld,empiar_12885_aive,AIVE,set3_00041,sparse,6.5104,Set3_-_AIVE_SOURCE_DATA/Dataset3_overview.tif,vit_l_em_organelles,1.827,0.108033,0.057101,0.057297,0.943454,0.108033,0.99729,0.9973,2753,45295,165,16729003,2918,48048,2366330,0.001233,0.082759,0.141772,ok
microsam_vit_l_em_organelles,ld,empiar_12885_aive,AIVE,set3_00042,sparse,6.5104,Set3_-_AIVE_SOURCE_DATA/Dataset3_overview.tif,vit_l_em_organelles,1.813,0.0,0.0,0.0,0.0,0.0,0.994646,0.99508,0,82504,7315,16687397,7315,82504,2400360,0.003047,0.0,0.0,ok
microsam_vit_l_em_organelles,ld,empiar_12885_aive,AIVE,set3_00043,sparse,6.5104,Set3_-_AIVE_SOURCE_DATA/Dataset3_overview.tif,vit_l_em_organelles,1.818,0.0,0.0,0.0,0.0,0.0,0.997394,0.997787,0,37106,6614,16733496,6614,37106,2443520,0.002707,0.0,0.0,ok
microsam_vit_l_em_organelles,ld,empiar_12885_aive,AIVE,set3_00044,sparse,6.5104,Set3_-_AIVE_SOURCE_DATA/Dataset3_overview.tif,vit_l_em_organelles,1.805,0.0,0.0,0.0,0.0,0.0,0.99793,0.998417,0,26546,8181,16742489,8181,26546,2432100,0.003364,0.0,0.0,ok
microsam_vit_l_em_organelles,ld,empiar_12885_aive,AIVE,set3_00047,sparse,6.5104,Set3_-_AIVE_SOURCE_DATA/Dataset3_overview.tif,vit_l_em_organelles,1.825,0.1347,0.072214,0.072377,0.969653,0.1347,0.995889,0.995898,5368,68799,168,16702881,5536,74167,2446840,0.002263,0.077739,0.150979,ok
microsam_vit_l_em_organelles,ld,empiar_12885_aive,AIVE,set3_00051,sparse,6.5104,Set3_-_AIVE_SOURCE_DATA/Dataset3_overview.tif,vit_l_em_organelles,2.083,0.15764,0.085564,0.089239,0.675068,0.15764,0.997168,0.997294,4446,45375,2140,16725255,6586,49821,2446840,0.002692,0.181034,0.064959,ok
microsam_vit_l_em_organelles,ld,empiar_13420_macrophage_a431,MacrophageSEM,231106_00330,partial,15,SBFSEM/231106_A431_CLEM_CM1_3J/dataset/TIFs/231106_A431_CLEM_CM1_3J_R01_015.tif,vit_l_em_organelles,7.622,0.0,0.0,0.0,0.0,0.0,0.999788,0.999924,0,1271,2286,16773659,2286,1271,237744,0.009615,0.0,0.0,ok
microsam_vit_l_em_organelles,ld,empiar_13420_macrophage_a431,MacrophageSEM,231106_00331,partial,15,SBFSEM/231106_A431_CLEM_CM1_3J/dataset/TIFs/231106_A431_CLEM_CM1_3J_R01_029.tif,vit_l_em_organelles,7.538,0.047562,0.02436,0.029873,0.116616,0.047562,0.997966,0.99835,852,27669,6454,16742241,7306,28521,1120378,0.006521,0.014545,0.028369,ok
microsam_vit_l_em_organelles,ld,empiar_13420_macrophage_a431,MacrophageSEM,231106_00332,partial,15,SBFSEM/231106_A431_CLEM_CM1_3J/dataset/TIFs/231106_A431_CLEM_CM1_3J_R01_043.tif,vit_l_em_organelles,7.343,0.042922,0.021932,0.023556,0.241304,0.042922,0.997935,0.99808,777,32208,2443,16741788,3220,32985,1660968,0.001939,0.037284,0.007793,ok
microsam_vit_l_em_organelles,ld,empiar_13420_macrophage_a431,MacrophageSEM,231106_00333,partial,15,SBFSEM/231106_A431_CLEM_CM1_3J/dataset/TIFs/231106_A431_CLEM_CM1_3J_R01_057.tif,vit_l_em_organelles,8.067,0.080786,0.042093,0.042488,0.819217,0.080786,0.998439,0.998454,1151,25939,254,16749872,1405,27090,1758599,0.000799,0.022814,0.055128,ok
microsam_vit_l_em_organelles,ld,empiar_13420_macrophage_a431,MacrophageSEM,231106_00334,partial,15,SBFSEM/231106_A431_CLEM_CM1_3J/dataset/TIFs/231106_A431_CLEM_CM1_3J_R01_071.tif,vit_l_em_organelles,7.643,0.0,0.0,0.0,0.0,0.0,0.998004,0.998005,0,33478,1,16743737,1,33478,1788647,1e-06,0.0,0.0,ok
microsam_vit_l_em_organelles,ld,empiar_13420_macrophage_a431,MacrophageSEM,231106_00338,partial,15,SBFSEM/231106_A431_CLEM_CM1_3J/dataset/TIFs/231106_A431_CLEM_CM1_3J_R01_127.tif,vit_l_em_organelles,7.476,0.0,0.0,0.0,0.0,0.0,0.999762,0.999852,0,2491,1499,16773226,1499,2491,409200,0.003663,0.0,0.0,ok
microsam_vit_l_em_organelles,ld,empiar_13420_macrophage_a431,MacrophageSEM,231106_00339,partial,15,SBFSEM/231106_A431_CLEM_CM1_3J/dataset/TIFs/231106_A431_CLEM_CM1_3J_R01_141.tif,vit_l_em_organelles,7.276,0.0,0.0,nan,0.0,0.0,0.999979,1.0,0,0,349,16776867,349,0,441,0.791383,0.0,0.0,ok
microsam_vit_l_em_organelles,ld,empiar_13420_macrophage_a431,MacrophageSEM,240306_00340,partial,15,SBFSEM/240306_Microphages_OA-Chol_7T/dataset/TIFs/240306_OA-Chol_7T_R02_015.tif,vit_l_em_organelles,7.961,0.0,0.0,0.0,0.0,0.0,0.999638,0.999823,0,2976,3099,16771141,3099,2976,160737,0.01928,0.0,0.0,ok
microsam_vit_l_em_organelles,ld,empiar_13420_macrophage_a431,MacrophageSEM,240306_00341,partial,15,SBFSEM/240306_Microphages_OA-Chol_7T/dataset/TIFs/240306_OA-Chol_7T_R02_029.tif,vit_l_em_organelles,7.485,0.0,0.0,0.0,0.0,0.0,0.99891,0.999151,0,14233,4057,16758926,4057,14233,673200,0.006026,0.0,0.0,ok
microsam_vit_l_em_organelles,ld,empiar_13420_macrophage_a431,MacrophageSEM,240306_00344,partial,15,SBFSEM/240306_Microphages_OA-Chol_7T/dataset/TIFs/240306_OA-Chol_7T_R02_071.tif,vit_l_em_organelles,7.421,0.0,0.0,0.0,0.0,0.0,0.999701,0.999726,0,4594,416,16772206,416,4594,620583,0.00067,0.0,0.0,ok
microsam_vit_l_em_organelles,ld,empiar_13420_macrophage_a431,MacrophageSEM,240306_00345,partial,15,SBFSEM/240306_Microphages_OA-Chol_7T/dataset/TIFs/240306_OA-Chol_7T_R02_085.tif,vit_l_em_organelles,7.192,0.0,0.0,0.0,0.0,0.0,0.999788,0.999935,0,1087,2475,16773654,2475,1087,424116,0.005836,0.0,0.0,ok
microsam_vit_l_em_organelles,ld,empiar_13420_macrophage_a431,MacrophageSEM,240306_00346,partial,15,SBFSEM/240306_Microphages_OA-Chol_7T/dataset/TIFs/240306_OA-Chol_7T_R02_099.tif,vit_l_em_organelles,8.241,0.0,0.0,0.0,0.0,0.0,0.99986,0.999971,0,488,1869,16774859,1869,488,164825,0.011339,0.0,0.0,ok
microsam_vit_l_em_organelles,ld,empiar_13420_macrophage_a431,MacrophageSEM,240307_00347,partial,15,SBFSEM/240307_Microphages_OA-Chol_AV-3/dataset/TIFs/240307_OA-Chol_AV_R01_AV-3_015.tif,vit_l_em_organelles,9.991,0.784489,0.645398,1.0,0.645398,0.784489,0.999963,1.0,1143,0,628,16775445,1771,1143,20826,0.085038,1.0,0.154011,ok
microsam_vit_l_em_organelles,ld,empiar_13420_macrophage_a431,MacrophageSEM,240307_00348,partial,15,SBFSEM/240307_Microphages_OA-Chol_AV-3/dataset/TIFs/240307_OA-Chol_AV_R01_AV-3_029.tif,vit_l_em_organelles,9.725,0.13429,0.071978,0.158124,0.1167,0.13429,0.999777,0.999908,290,1544,2195,16773187,2485,1834,224155,0.011086,0.036649,0.003125,ok
microsam_vit_l_em_organelles,ld,empiar_13420_macrophage_a431,MacrophageSEM,240307_00349,partial,15,SBFSEM/240307_Microphages_OA-Chol_AV-3/dataset/TIFs/240307_OA-Chol_AV_R01_AV-3_043.tif,vit_l_em_organelles,10.775,0.014984,0.007548,0.010288,0.027569,0.014984,0.998621,0.99899,176,16932,6208,16753900,6384,17108,453150,0.014088,0.068267,0.006417,ok
microsam_vit_l_em_organelles,ld,empiar_13420_macrophage_a431,MacrophageSEM,240307_00350,partial,15,SBFSEM/240307_Microphages_OA-Chol_AV-3/dataset/TIFs/240307_OA-Chol_AV_R01_AV-3_057.tif,vit_l_em_organelles,9.841,0.0,0.0,0.0,0.0,0.0,0.998613,0.999285,0,11989,11285,16753942,11285,11989,648186,0.01741,0.0,0.0,ok
microsam_vit_l_em_organelles,ld,empiar_13420_macrophage_a431,MacrophageSEM,240307_00351,partial,15,SBFSEM/240307_Microphages_OA-Chol_AV-3/dataset/TIFs/240307_OA-Chol_AV_R01_AV-3_071.tif,vit_l_em_organelles,9.844,0.117194,0.062244,0.130268,0.106505,0.117194,0.999481,0.99977,578,3859,4849,16767930,5427,4437,701888,0.007732,0.04331,0.024651,ok
microsam_vit_l_em_organelles,ld,empiar_13420_macrophage_a431,MacrophageSEM,240307_00354,partial,15,SBFSEM/240307_Microphages_OA-Chol_AV-3/dataset/TIFs/240307_OA-Chol_AV_R01_AV-3_113.tif,vit_l_em_organelles,10.731,0.0,0.0,0.0,0.0,0.0,0.999819,0.999956,0,743,2294,16774179,2294,743,612927,0.003743,0.0,0.0,ok
microsam_vit_l_em_organelles,ld,empiar_13420_macrophage_a431,MacrophageSEM,240307_00355,partial,15,SBFSEM/240307_Microphages_OA-Chol_AV-3/dataset/TIFs/240307_OA-Chol_AV_R01_AV-3_127.tif,vit_l_em_organelles,10.011,0.0,0.0,0.0,0.0,0.0,0.999805,0.999918,0,1375,1904,16773937,1904,1375,539032,0.003532,0.0,0.0,ok
microsam_vit_l_em_organelles,ld,empiar_13420_macrophage_a431,MacrophageSEM,240307_00357,partial,15,SBFSEM/240307_Microphages_OA-Chol_AV-3/dataset/TIFs/240307_OA-Chol_AV_R01_AV-3_155.tif,vit_l_em_organelles,9.876,0.0,0.0,0.0,0.0,0.0,0.99954,0.999558,0,7423,287,16769506,287,7423,265644,0.00108,0.0,0.0,ok
microsam_vit_l_em_organelles,ld,empiar_13420_macrophage_a431,MacrophageSEM,240307_00358,partial,15,SBFSEM/240307_Microphages_OA-Chol_AV-3/dataset/TIFs/240307_OA-Chol_AV_R01_AV-3_169.tif,vit_l_em_organelles,10.832,0.0,0.0,nan,0.0,0.0,0.999907,1.0,0,0,1567,16775649,1567,0,108882,0.014392,0.0,0.0,ok
microsam_vit_l_em_organelles,ld,empiar_13420_macrophage_a431,MacrophageSEM,240424_00359,full,10,SBFSEM/240424_Microphages_no_load/dataset/TIFs/240424_Microphages_no_load_R02_015.tif,vit_l_em_organelles,10.532,0.0,0.0,0.0,0.0,0.0,0.981835,0.982,0,301945,2819,16472452,2819,301945,16777216,0.000168,0.0,0.0,ok
microsam_vit_l_em_organelles,ld,empiar_13420_macrophage_a431,MacrophageSEM,240424_00360,full,10,SBFSEM/240424_Microphages_no_load/dataset/TIFs/240424_Microphages_no_load_R02_015.tif,vit_l_em_organelles,11.023,0.0,0.0,0.0,0.0,0.0,0.995174,0.995341,0,78147,2819,16696250,2819,78147,16777216,0.000168,0.0,0.0,ok
microsam_vit_l_em_organelles,ld,empiar_13420_macrophage_a431,MacrophageSEM,240424_00361,full,10,SBFSEM/240424_Microphages_no_load/dataset/TIFs/240424_Microphages_no_load_R02_029.tif,vit_l_em_organelles,11.063,0.0,0.0,0.0,0.0,0.0,0.9699,0.970742,0,490441,14546,16272229,14546,490441,16777216,0.000867,0.0,0.0,ok
microsam_vit_l_em_organelles,ld,empiar_13420_macrophage_a431,MacrophageSEM,240424_00362,full,10,SBFSEM/240424_Microphages_no_load/dataset/TIFs/240424_Microphages_no_load_R02_029.tif,vit_l_em_organelles,10.644,0.0,0.0,0.0,0.0,0.0,0.983005,0.983858,0,270579,14546,16492091,14546,270579,16777216,0.000867,0.0,0.0,ok
microsam_vit_l_em_organelles,ld,empiar_13420_macrophage_a431,MacrophageSEM,240424_00363,full,10,SBFSEM/240424_Microphages_no_load/dataset/TIFs/240424_Microphages_no_load_R02_043.tif,vit_l_em_organelles,11.451,2.9e-05,1.4e-05,1.5e-05,0.000951,2.9e-05,0.962912,0.963455,9,612785,9453,16154969,9462,612794,16777216,0.000564,0.0,0.001443,ok
microsam_vit_l_em_organelles,ld,empiar_13420_macrophage_a431,MacrophageSEM,240424_00364,full,10,SBFSEM/240424_Microphages_no_load/dataset/TIFs/240424_Microphages_no_load_R02_043.tif,vit_l_em_organelles,10.694,4e-06,2e-06,2e-06,0.000106,4e-06,0.972118,0.972667,1,458320,9461,16309434,9462,458321,16777216,0.000564,0.0,0.002885,ok
microsam_vit_l_em_organelles,ld,empiar_13420_macrophage_a431,MacrophageSEM,240424_00365,full,10,SBFSEM/240424_Microphages_no_load/dataset/TIFs/240424_Microphages_no_load_R02_057.tif,vit_l_em_organelles,10.424,0.0,0.0,0.0,0.0,0.0,0.960335,0.960581,0,661173,4301,16111742,4301,661173,16777216,0.000256,0.0,0.0,ok
microsam_vit_l_em_organelles,ld,empiar_13420_macrophage_a431,MacrophageSEM,240424_00366,full,10,SBFSEM/240424_Microphages_no_load/dataset/TIFs/240424_Microphages_no_load_R02_057.tif,vit_l_em_organelles,11.4,0.0,0.0,0.0,0.0,0.0,0.964091,0.964338,0,598160,4301,16174755,4301,598160,16777216,0.000256,0.0,0.0,ok
microsam_vit_l_em_organelles,ld,empiar_13420_macrophage_a431,MacrophageSEM,240424_00367,full,10,SBFSEM/240424_Microphages_no_load/dataset/TIFs/240424_Microphages_no_load_R02_071.tif,vit_l_em_organelles,10.356,0.0,0.0,0.0,0.0,0.0,0.964236,0.964314,0,598664,1356,16177196,1356,598664,16777216,8.1e-05,0.0,0.0,ok
microsam_vit_l_em_organelles,ld,empiar_13420_macrophage_a431,MacrophageSEM,240424_00368,full,10,SBFSEM/240424_Microphages_no_load/dataset/TIFs/240424_Microphages_no_load_R02_071.tif,vit_l_em_organelles,10.931,0.0,0.0,0.0,0.0,0.0,0.960514,0.960749,0,658362,4110,16114744,4110,658362,16777216,0.000245,0.0,0.000181,ok
microsam_vit_l_em_organelles,ld,empiar_13420_macrophage_a431,MacrophageSEM,240424_00370,full,10,SBFSEM/240424_Microphages_no_load/dataset/TIFs/240424_Microphages_no_load_R02_085.tif,vit_l_em_organelles,10.473,0.0,0.0,0.0,0.0,0.0,0.962319,0.962482,0,629340,2846,16145030,2846,629340,16777216,0.00017,0.0,0.0,ok
microsam_vit_l_em_organelles,ld,empiar_13420_macrophage_a431,MacrophageSEM,240424_00371,full,10,SBFSEM/240424_Microphages_no_load/dataset/TIFs/240424_Microphages_no_load_R02_085.tif,vit_l_em_organelles,10.666,0.0,0.0,0.0,0.0,0.0,0.960169,0.960332,0,665405,2846,16108965,2846,665405,16777216,0.00017,0.0,0.0,ok
microsam_vit_l_em_organelles,ld,empiar_13420_macrophage_a431,MacrophageSEM,240424_00373,full,10,SBFSEM/240424_Microphages_no_load/dataset/TIFs/240424_Microphages_no_load_R02_099.tif,vit_l_em_organelles,11.188,0.0,0.0,0.0,0.0,0.0,0.964876,0.96501,0,586954,2321,16187941,2321,586954,16777216,0.000138,0.0,0.000591,ok
microsam_vit_l_em_organelles,ld,empiar_13420_macrophage_a431,MacrophageSEM,240424_00379,full,10,SBFSEM/240424_Microphages_no_load/dataset/TIFs/240424_Microphages_no_load_R02_127.tif,vit_l_em_organelles,10.944,0.0,0.0,0.0,0.0,0.0,0.981957,0.982158,0,299283,3428,16474505,3428,299283,16777216,0.000204,0.0,0.002118,ok
microsam_vit_l_em_organelles,ld,empiar_13420_macrophage_a431,MacrophageSEM,240424_00381,full,10,SBFSEM/240424_Microphages_no_load/dataset/TIFs/240424_Microphages_no_load_R02_127.tif,vit_l_em_organelles,10.389,0.0,0.0,0.0,0.0,0.0,0.979787,0.979987,0,335689,3428,16438099,3428,335689,16777216,0.000204,0.0,0.001258,ok
microsam_vit_l_em_organelles,ld,empiar_13420_macrophage_a431,MacrophageSEM,240424_00383,full,10,SBFSEM/240424_Microphages_no_load/dataset/TIFs/240424_Microphages_no_load_R02_141.tif,vit_l_em_organelles,11.594,0.0,0.0,0.0,0.0,0.0,0.984919,0.985303,0,246480,6538,16524198,6538,246480,16777216,0.00039,0.0,0.0,ok
microsam_vit_l_em_organelles,ld,empiar_13420_macrophage_a431,MacrophageSEM,240424_00385,full,10,SBFSEM/240424_Microphages_no_load/dataset/TIFs/240424_Microphages_no_load_R02_141.tif,vit_l_em_organelles,10.532,0.0,0.0,0.0,0.0,0.0,0.980753,0.98116,0,315947,6966,16454303,6966,315947,16777216,0.000415,0.0,0.0,ok
microsam_vit_l_em_organelles,ld,empiar_13420_macrophage_a431,MacrophageSEM,240424_00386,full,10,SBFSEM/240424_Microphages_no_load/dataset/TIFs/240424_Microphages_no_load_R02_141.tif,vit_l_em_organelles,10.462,0.0,0.0,0.0,0.0,0.0,0.980221,0.980246,0,331401,428,16445387,428,331401,16777216,2.6e-05,0.0,0.0,ok
microsam_vit_l_em_organelles,ld,empiar_13420_macrophage_a431,MacrophageSEM,240424_00387,full,10,SBFSEM/240424_Microphages_no_load/dataset/TIFs/240424_Microphages_no_load_R02_155.tif,vit_l_em_organelles,10.74,0.0,0.0,0.0,0.0,0.0,0.985516,0.985556,0,242316,677,16534223,677,242316,16777216,4e-05,0.0,0.0,ok
microsam_vit_l_em_organelles,ld,empiar_13420_macrophage_a431,MacrophageSEM,240424_00388,full,10,SBFSEM/240424_Microphages_no_load/dataset/TIFs/240424_Microphages_no_load_R02_155.tif,vit_l_em_organelles,10.571,0.0,0.0,0.0,0.0,0.0,0.992729,0.992868,0,119639,2350,16655227,2350,119639,16777216,0.00014,0.0,0.0,ok
microsam_vit_l_em_organelles,ld,empiar_13420_macrophage_a431,MacrophageSEM,240424_00389,full,10,SBFSEM/240424_Microphages_no_load/dataset/TIFs/240424_Microphages_no_load_R02_155.tif,vit_l_em_organelles,11.169,0.0,0.0,0.0,0.0,0.0,0.981022,0.981453,0,311028,7370,16458818,7370,311028,16777216,0.000439,0.0,0.001308,ok
microsam_vit_l_em_organelles,ld,empiar_13420_macrophage_a431,MacrophageSEM,240424_00390,full,10,SBFSEM/240424_Microphages_no_load/dataset/TIFs/240424_Microphages_no_load_R02_155.tif,vit_l_em_organelles,10.63,0.0,0.0,0.0,0.0,0.0,0.982864,0.983182,0,282062,5429,16489725,5429,282062,16777216,0.000324,0.0,0.002233,ok
microsam_vit_l_em_organelles,ld,empiar_13420_macrophage_a431,MacrophageSEM,240424_00397,full,10,SBFSEM/240424_Microphages_no_load/dataset/TIFs/240424_Microphages_no_load_R02_183.tif,vit_l_em_organelles,10.421,0.0,0.0,0.0,0.0,0.0,0.983003,0.983113,0,283279,1888,16492049,1888,283279,16777216,0.000113,0.0,0.0,ok
microsam_vit_l_em_organelles,ld,empiar_13420_macrophage_a431,MacrophageSEM,240424_00401,full,10,SBFSEM/240424_Microphages_no_load/dataset/TIFs/240424_Microphages_no_load_R02_197.tif,vit_l_em_organelles,11.711,0.0,0.0,0.0,0.0,0.0,0.980422,0.980505,0,327051,1410,16448755,1410,327051,16777216,8.4e-05,0.0,0.0,ok
microsam_vit_l_em_organelles,ld,empiar_13420_macrophage_a431,MacrophageSEM,240424_00402,full,10,SBFSEM/240424_Microphages_no_load/dataset/TIFs/240424_Microphages_no_load_R02_197.tif,vit_l_em_organelles,10.457,0.0,0.0,0.0,0.0,0.0,0.987034,0.987058,0,217119,422,16559675,422,217119,16777216,2.5e-05,0.0,0.0,ok
microsam_vit_l_em_organelles,ld,empiar_13420_macrophage_a431,MacrophageSEM,240424_00404,full,10,SBFSEM/240424_Microphages_no_load/dataset/TIFs/240424_Microphages_no_load_R02_211.tif,vit_l_em_organelles,10.274,0.0,0.0,0.0,0.0,0.0,0.997145,0.997264,0,45889,2009,16729318,2009,45889,16777216,0.00012,0.0,0.0,ok
microsam_vit_l_em_organelles,ld,empiar_13420_macrophage_a431,MacrophageSEM,240424_00405,full,10,SBFSEM/240424_Microphages_no_load/dataset/TIFs/240424_Microphages_no_load_R02_211.tif,vit_l_em_organelles,10.714,0.0,0.0,0.0,0.0,0.0,0.979105,0.979196,0,349007,1548,16426661,1548,349007,16777216,9.2e-05,0.0,0.000311,ok
microsam_vit_l_em_organelles,ld,empiar_13420_macrophage_a431,MacrophageSEM,240424_00406,full,10,SBFSEM/240424_Microphages_no_load/dataset/TIFs/240424_Microphages_no_load_R02_211.tif,vit_l_em_organelles,10.506,6.7e-05,3.4e-05,3.4e-05,0.001977,6.7e-05,0.987561,0.987769,7,205156,3533,16568520,3540,205163,16777216,0.000211,0.0,0.00269,ok
microsam_vit_l_em_organelles,ld,empiar_13420_macrophage_a431,MacrophageSEM,240424_00407,full,10,SBFSEM/240424_Microphages_no_load/dataset/TIFs/240424_Microphages_no_load_R02_225.tif,vit_l_em_organelles,10.42,0.0,0.0,0.0,0.0,0.0,0.991531,0.992031,0,133632,8446,16635138,8446,133632,16777216,0.000503,0.0,0.0,ok
microsam_vit_l_em_organelles,ld,empiar_13420_macrophage_a431,MacrophageSEM,240424_00408,full,10,SBFSEM/240424_Microphages_no_load/dataset/TIFs/240424_Microphages_no_load_R02_225.tif,vit_l_em_organelles,10.588,0.0,0.0,0.0,0.0,0.0,0.997835,0.998262,0,29143,7186,16740887,7186,29143,16777216,0.000428,0.0,0.0,ok
microsam_vit_l_em_organelles,ld,empiar_13420_macrophage_a431,MacrophageSEM,240424_00409,full,10,SBFSEM/240424_Microphages_no_load/dataset/TIFs/240424_Microphages_no_load_R02_225.tif,vit_l_em_organelles,10.453,0.0,0.0,0.0,0.0,0.0,0.977092,0.977669,0,374433,9899,16392884,9899,374433,16777216,0.00059,0.0,0.001372,ok
microsam_vit_l_em_organelles,ld,empiar_13420_macrophage_a431,MacrophageSEM,240424_00410,full,10,SBFSEM/240424_Microphages_no_load/dataset/TIFs/240424_Microphages_no_load_R02_225.tif,vit_l_em_organelles,10.953,0.0,0.0,0.0,0.0,0.0,0.989294,0.989803,0,170982,8639,16597595,8639,170982,16777216,0.000515,0.0,0.0,ok
microsam_vit_l_em_organelles,ld,empiar_13420_macrophage_a431,MacrophageSEM,240424_00411,full,10,SBFSEM/240424_Microphages_no_load/dataset/TIFs/240424_Microphages_no_load_R02_239.tif,vit_l_em_organelles,10.648,0.0,0.0,0.0,0.0,0.0,0.993662,0.993916,0,102048,4291,16670877,4291,102048,16777216,0.000256,0.0,0.0,ok
microsam_vit_l_em_organelles,ld,empiar_13420_macrophage_a431,MacrophageSEM,240424_00412,full,10,SBFSEM/240424_Microphages_no_load/dataset/TIFs/240424_Microphages_no_load_R02_239.tif,vit_l_em_organelles,10.311,0.0,0.0,0.0,0.0,0.0,0.998852,0.998982,0,17084,2171,16757961,2171,17084,16777216,0.000129,0.0,0.0,ok
microsam_vit_l_em_organelles,ld,empiar_13420_macrophage_a431,MacrophageSEM,240424_00413,full,10,SBFSEM/240424_Microphages_no_load/dataset/TIFs/240424_Microphages_no_load_R02_239.tif,vit_l_em_organelles,11.193,0.0,0.0,0.0,0.0,0.0,0.980879,0.98113,0,316498,4291,16456427,4291,316498,16777216,0.000256,0.0,0.0,ok
microsam_vit_l_em_organelles,ld,empiar_13420_macrophage_a431,MacrophageSEM,240424_00414,full,10,SBFSEM/240424_Microphages_no_load/dataset/TIFs/240424_Microphages_no_load_R02_239.tif,vit_l_em_organelles,10.557,0.0,0.0,0.0,0.0,0.0,0.993747,0.993875,0,102740,2171,16672305,2171,102740,16777216,0.000129,0.0,0.0,ok
microsam_vit_l_em_organelles,ld,empiar_13420_macrophage_a431,MacrophageSEM,240424_00415,full,10,SBFSEM/240424_Microphages_no_load/dataset/TIFs/240424_Microphages_no_load_R02_253.tif,vit_l_em_organelles,10.389,0.0,0.0,0.0,0.0,0.0,0.996703,0.996895,0,52086,3224,16721906,3224,52086,16777216,0.000192,0.0,0.0,ok
microsam_vit_l_em_organelles,ld,empiar_13420_macrophage_a431,MacrophageSEM,240424_00416,full,10,SBFSEM/240424_Microphages_no_load/dataset/TIFs/240424_Microphages_no_load_R02_253.tif,vit_l_em_organelles,10.489,0.0,0.0,0.0,0.0,0.0,0.991459,0.991649,0,140078,3224,16633914,3224,140078,16777216,0.000192,0.0,0.0,ok
microsam_vit_l_em_organelles,ld,empiar_13420_macrophage_a431,MacrophageSEM,240729_00000,sparse,6,FIB/240729_HumanMP_TNFa_1U/dataset/TIFs/240729_HumanMP_TNFa_1U_0001.tif,vit_l_em_organelles,2.438,0.00951,0.004778,0.015669,0.006826,0.00951,0.996933,0.999073,247,15517,35936,16725516,36183,15764,338664,0.10684,0.0,0.009277,ok
microsam_vit_l_em_organelles,ld,empiar_13420_macrophage_a431,MacrophageSEM,240729_00001,sparse,6,FIB/240729_HumanMP_TNFa_1U/dataset/TIFs/240729_HumanMP_TNFa_1U_0001.tif,vit_l_em_organelles,2.612,0.0,0.0,nan,0.0,0.0,0.999461,1.0,0,0,9043,16768173,9043,0,11440,0.790472,0.0,0.0,ok
microsam_vit_l_em_organelles,ld,empiar_13420_macrophage_a431,MacrophageSEM,240729_00002,sparse,6,FIB/240729_HumanMP_TNFa_1U/dataset/TIFs/240729_HumanMP_TNFa_1U_0035.tif,vit_l_em_organelles,2.416,0.002515,0.001259,0.006994,0.001533,0.002515,0.997636,0.999576,50,7099,32559,16737508,32609,7149,619020,0.052678,0.0,0.029455,ok
microsam_vit_l_em_organelles,ld,empiar_13420_macrophage_a431,MacrophageSEM,240729_00003,sparse,6,FIB/240729_HumanMP_TNFa_1U/dataset/TIFs/240729_HumanMP_TNFa_1U_0035.tif,vit_l_em_organelles,2.4,0.0,0.0,nan,0.0,0.0,0.999758,1.0,0,0,4058,16773158,4058,0,5032,0.806439,0.0,0.0,ok
microsam_vit_l_em_organelles,ld,empiar_13420_macrophage_a431,MacrophageSEM,240729_00004,sparse,6,FIB/240729_HumanMP_TNFa_1U/dataset/TIFs/240729_HumanMP_TNFa_1U_0069.tif,vit_l_em_organelles,2.368,1.1e-05,5e-06,2.1e-05,7e-06,1.1e-05,0.989161,0.99714,1,47598,134242,16595375,134243,47599,1183906,0.11339,0.0,0.016062,ok
microsam_vit_l_em_organelles,ld,empiar_13420_macrophage_a431,MacrophageSEM,240729_00005,sparse,6,FIB/240729_HumanMP_TNFa_1U/dataset/TIFs/240729_HumanMP_TNFa_1U_0069.tif,vit_l_em_organelles,2.389,0.0,0.0,0.0,0.0,0.0,0.993351,0.999518,0,8040,103513,16665663,103513,8040,519970,0.199075,0.0,0.005076,ok
microsam_vit_l_em_organelles,ld,empiar_13420_macrophage_a431,MacrophageSEM,240729_00006,sparse,6,FIB/240729_HumanMP_TNFa_1U/dataset/TIFs/240729_HumanMP_TNFa_1U_0103.tif,vit_l_em_organelles,3.197,0.0,0.0,0.0,0.0,0.0,0.985901,0.997492,0,41593,194955,16540668,194955,41593,1355598,0.143815,0.0,0.008194,ok
microsam_vit_l_em_organelles,ld,empiar_13420_macrophage_a431,MacrophageSEM,240729_00007,sparse,6,FIB/240729_HumanMP_TNFa_1U/dataset/TIFs/240729_HumanMP_TNFa_1U_0103.tif,vit_l_em_organelles,2.713,0.0,0.0,0.0,0.0,0.0,0.988913,0.999017,0,16328,169686,16591202,169686,16328,1036260,0.163748,0.0,0.004446,ok
microsam_vit_l_em_organelles,ld,empiar_13420_macrophage_a431,MacrophageSEM,240729_00008,sparse,6,FIB/240729_HumanMP_TNFa_1U/dataset/TIFs/240729_HumanMP_TNFa_1U_0137.tif,vit_l_em_organelles,2.397,0.0,0.0,0.0,0.0,0.0,0.985216,0.994052,0,98909,149130,16529177,149130,98909,1435486,0.103888,0.0,0.01685,ok
microsam_vit_l_em_organelles,ld,empiar_13420_macrophage_a431,MacrophageSEM,240729_00009,sparse,6,FIB/240729_HumanMP_TNFa_1U/dataset/TIFs/240729_HumanMP_TNFa_1U_0137.tif,vit_l_em_organelles,2.395,0.0,0.0,0.0,0.0,0.0,0.98537,0.994072,0,98582,146871,16531763,146871,98582,1547892,0.094885,0.0,0.011811,ok
microsam_vit_l_em_organelles,ld,empiar_13420_macrophage_a431,MacrophageSEM,240729_00010,sparse,6,FIB/240729_HumanMP_TNFa_1U/dataset/TIFs/240729_HumanMP_TNFa_1U_0171.tif,vit_l_em_organelles,2.406,9.1e-05,4.5e-05,0.000129,7e-05,9.1e-05,0.988171,0.995815,9,69676,128789,16578742,128798,69685,1959636,0.065725,0.0,0.011101,ok
microsam_vit_l_em_organelles,ld,empiar_13420_macrophage_a431,MacrophageSEM,240729_00011,sparse,6,FIB/240729_HumanMP_TNFa_1U/dataset/TIFs/240729_HumanMP_TNFa_1U_0171.tif,vit_l_em_organelles,2.511,0.013687,0.00689,0.021133,0.010121,0.013687,0.990524,0.996935,1103,51091,107882,16617140,108985,52194,1365792,0.079796,0.012403,0.050249,ok
microsam_vit_l_em_organelles,ld,empiar_13420_macrophage_a431,MacrophageSEM,240729_00012,sparse,6,FIB/240729_HumanMP_TNFa_1U/dataset/TIFs/240729_HumanMP_TNFa_1U_0205.tif,vit_l_em_organelles,2.408,0.0,0.0,0.0,0.0,0.0,0.986973,0.995515,0,74593,143969,16558654,143969,74593,2045424,0.070386,0.0,0.0,ok
microsam_vit_l_em_organelles,ld,empiar_13420_macrophage_a431,MacrophageSEM,240729_00013,sparse,6,FIB/240729_HumanMP_TNFa_1U/dataset/TIFs/240729_HumanMP_TNFa_1U_0205.tif,vit_l_em_organelles,2.418,0.0,0.0,0.0,0.0,0.0,0.988487,0.996593,0,56698,136453,16584065,136453,56698,1853988,0.0736,0.0,0.0,ok
microsam_vit_l_em_organelles,ld,empiar_13420_macrophage_a431,MacrophageSEM,240729_00014,sparse,6,FIB/240729_HumanMP_TNFa_1U/dataset/TIFs/240729_HumanMP_TNFa_1U_0239.tif,vit_l_em_organelles,2.401,0.0,0.0,0.0,0.0,0.0,0.990146,0.997543,0,40908,124418,16611890,124418,40908,1571878,0.079152,0.0,0.011236,ok
microsam_vit_l_em_organelles,ld,empiar_13420_macrophage_a431,MacrophageSEM,240729_00015,sparse,6,FIB/240729_HumanMP_TNFa_1U/dataset/TIFs/240729_HumanMP_TNFa_1U_0239.tif,vit_l_em_organelles,2.399,1.4e-05,7e-06,2.9e-05,9e-06,1.4e-05,0.991207,0.997953,1,34112,113408,16629695,113409,34113,1172920,0.096689,0.0,0.007663,ok
microsam_vit_l_em_organelles,ld,empiar_13420_macrophage_a431,MacrophageSEM,240729_00016,sparse,6,FIB/240729_HumanMP_TNFa_1U/dataset/TIFs/240729_HumanMP_TNFa_1U_0273.tif,vit_l_em_organelles,2.392,0.0,0.0,0.0,0.0,0.0,0.9922,0.998179,0,30375,100485,16646356,100485,30375,1329736,0.075568,0.0,0.0,ok
microsam_vit_l_em_organelles,ld,empiar_13420_macrophage_a431,MacrophageSEM,240729_00017,sparse,6,FIB/240729_HumanMP_TNFa_1U/dataset/TIFs/240729_HumanMP_TNFa_1U_0273.tif,vit_l_em_organelles,2.381,0.0,0.0,0.0,0.0,0.0,0.991573,0.99781,0,36514,104865,16635837,104865,36514,1513547,0.069284,0.0,0.00694,ok
microsam_vit_l_em_organelles,ld,empiar_13420_macrophage_a431,MacrophageSEM,240729_00018,sparse,6,FIB/240729_HumanMP_TNFa_1U/dataset/TIFs/240729_HumanMP_TNFa_1U_0307.tif,vit_l_em_organelles,2.394,0.002308,0.001155,0.002969,0.001888,0.002308,0.992477,0.997064,146,49036,77172,16650862,77318,49182,1757451,0.043994,0.0,0.01318,ok
microsam_vit_l_em_organelles,ld,empiar_13420_macrophage_a431,MacrophageSEM,240729_00019,sparse,6,FIB/240729_HumanMP_TNFa_1U/dataset/TIFs/240729_HumanMP_TNFa_1U_0307.tif,vit_l_em_organelles,2.385,0.0,0.0,0.0,0.0,0.0,0.993503,0.997533,0,41215,67781,16668220,67781,41215,1365150,0.049651,0.0,0.0,ok
microsam_vit_l_em_organelles,ld,empiar_13420_macrophage_a431,MacrophageSEM,240729_00020,sparse,6,FIB/240729_HumanMP_TNFa_1U/dataset/TIFs/240729_HumanMP_TNFa_1U_0341.tif,vit_l_em_organelles,2.402,0.0,0.0,0.0,0.0,0.0,0.994112,0.997643,0,39404,59376,16678436,59376,39404,1327981,0.044711,0.0,0.011388,ok
microsam_vit_l_em_organelles,ld,empiar_13420_macrophage_a431,MacrophageSEM,240729_00021,sparse,6,FIB/240729_HumanMP_TNFa_1U/dataset/TIFs/240729_HumanMP_TNFa_1U_0341.tif,vit_l_em_organelles,2.392,0.0,0.0,0.0,0.0,0.0,0.994115,0.997645,0,39364,59376,16678476,59376,39364,1327981,0.044711,0.0,0.009986,ok
microsam_vit_l_em_organelles,ld,empiar_13420_macrophage_a431,MacrophageSEM,240729_00022,sparse,6,FIB/240729_HumanMP_TNFa_1U/dataset/TIFs/240729_HumanMP_TNFa_1U_0375.tif,vit_l_em_organelles,2.39,0.0,0.0,0.0,0.0,0.0,0.992152,0.997956,0,34096,97568,16645552,97568,34096,1746699,0.055859,0.0,0.0,ok
microsam_vit_l_em_organelles,ld,empiar_13420_macrophage_a431,MacrophageSEM,240729_00023,sparse,6,FIB/240729_HumanMP_TNFa_1U/dataset/TIFs/240729_HumanMP_TNFa_1U_0375.tif,vit_l_em_organelles,2.394,0.0,0.0,0.0,0.0,0.0,0.992933,0.998107,0,31588,86980,16658648,86980,31588,1395683,0.062321,0.0,0.0,ok
microsam_vit_l_em_organelles,ld,empiar_13420_macrophage_a431,MacrophageSEM,240729_00024,sparse,6,FIB/240729_HumanMP_TNFa_1U/dataset/TIFs/240729_HumanMP_TNFa_1U_0409.tif,vit_l_em_organelles,2.419,0.0,0.0,0.0,0.0,0.0,0.99403,0.995894,0,68762,31402,16677052,31402,68762,1663578,0.018876,0.0,0.0,ok
microsam_vit_l_em_organelles,ld,empiar_13420_macrophage_a431,MacrophageSEM,240729_00025,sparse,6,FIB/240729_HumanMP_TNFa_1U/dataset/TIFs/240729_HumanMP_TNFa_1U_0409.tif,vit_l_em_organelles,2.416,0.0,0.0,0.0,0.0,0.0,0.993417,0.995785,0,70554,39895,16666767,39895,70554,1911501,0.020871,0.0,0.0,ok
microsam_vit_l_em_organelles,ld,empiar_13420_macrophage_a431,MacrophageSEM,240729_00026,sparse,6,FIB/240729_HumanMP_TNFa_1U/dataset/TIFs/240729_HumanMP_TNFa_1U_0443.tif,vit_l_em_organelles,2.408,0.0,0.0,0.0,0.0,0.0,0.994825,0.997586,0,40396,46429,16690391,46429,40396,1667655,0.027841,0.0,0.013944,ok
microsam_vit_l_em_organelles,ld,empiar_13420_macrophage_a431,MacrophageSEM,240729_00027,sparse,6,FIB/240729_HumanMP_TNFa_1U/dataset/TIFs/240729_HumanMP_TNFa_1U_0443.tif,vit_l_em_organelles,3.327,0.0,0.0,0.0,0.0,0.0,0.995374,0.997384,0,43794,33821,16699601,33821,43794,1717650,0.01969,0.0,0.0,ok
microsam_vit_l_em_organelles,ld,empiar_13420_macrophage_a431,MacrophageSEM,240729_00028,sparse,6,FIB/240729_HumanMP_TNFa_1U/dataset/TIFs/240729_HumanMP_TNFa_1U_0477.tif,vit_l_em_organelles,2.731,0.0,0.0,0.0,0.0,0.0,0.993857,0.997842,0,36065,66990,16674161,66990,36065,1623240,0.041269,0.0,0.01259,ok
microsam_vit_l_em_organelles,ld,empiar_13420_macrophage_a431,MacrophageSEM,240729_00029,sparse,6,FIB/240729_HumanMP_TNFa_1U/dataset/TIFs/240729_HumanMP_TNFa_1U_0477.tif,vit_l_em_organelles,2.521,0.0,0.0,0.0,0.0,0.0,0.994678,0.996981,0,50526,38767,16687923,38767,50526,1935363,0.020031,0.0,0.00597,ok
microsam_vit_l_em_organelles,ld,empiar_13420_macrophage_a431,MacrophageSEM,240729_00030,sparse,6,FIB/240729_HumanMP_TNFa_1U/dataset/TIFs/240729_HumanMP_TNFa_1U_0511.tif,vit_l_em_organelles,2.396,0.002495,0.001249,0.002541,0.00245,0.002495,0.995281,0.997678,99,38867,40308,16697942,40407,38966,1811446,0.022306,0.0,0.027805,ok
microsam_vit_l_em_organelles,ld,empiar_13420_macrophage_a431,MacrophageSEM,240729_00031,sparse,6,FIB/240729_HumanMP_TNFa_1U/dataset/TIFs/240729_HumanMP_TNFa_1U_0511.tif,vit_l_em_organelles,2.4,0.003464,0.001735,0.00316,0.003832,0.003464,0.995336,0.997438,136,42899,35351,16698830,35487,43035,2008804,0.017666,0.0,0.02935,ok
microsam_vit_l_em_organelles,ld,empiar_13420_macrophage_a431,MacrophageSEM,240729_00032,sparse,6,FIB/240729_HumanMP_TNFa_1U/dataset/TIFs/240729_HumanMP_TNFa_1U_0545.tif,vit_l_em_organelles,2.461,0.000859,0.000429,0.001266,0.000649,0.000859,0.995283,0.998397,34,26813,52321,16698048,52355,26847,1983600,0.026394,0.0,0.02272,ok
microsam_vit_l_em_organelles,ld,empiar_13420_macrophage_a431,MacrophageSEM,240729_00033,sparse,6,FIB/240729_HumanMP_TNFa_1U/dataset/TIFs/240729_HumanMP_TNFa_1U_0545.tif,vit_l_em_organelles,2.43,0.0,0.0,0.0,0.0,0.0,0.994861,0.996779,0,53940,32286,16690990,32286,53940,2234495,0.014449,0.0,0.007024,ok
microsam_vit_l_em_organelles,ld,empiar_13420_macrophage_a431,MacrophageSEM,240729_00034,sparse,6,FIB/240729_HumanMP_TNFa_1U/dataset/TIFs/240729_HumanMP_TNFa_1U_0579.tif,vit_l_em_organelles,2.414,0.001106,0.000553,0.002018,0.000761,0.001106,0.993216,0.998134,63,31151,82673,16663329,82736,31214,2117584,0.039071,0.0,0.032415,ok
microsam_vit_l_em_organelles,ld,empiar_13420_macrophage_a431,MacrophageSEM,240729_00035,sparse,6,FIB/240729_HumanMP_TNFa_1U/dataset/TIFs/240729_HumanMP_TNFa_1U_0579.tif,vit_l_em_organelles,2.416,0.001049,0.000525,0.001722,0.000754,0.001049,0.99455,0.998335,48,27820,63609,16685739,63657,27868,1872807,0.03399,0.0,0.017796,ok
microsam_vit_l_em_organelles,ld,empiar_13420_macrophage_a431,MacrophageSEM,240729_00036,sparse,6,FIB/240729_HumanMP_TNFa_1U/dataset/TIFs/240729_HumanMP_TNFa_1U_0613.tif,vit_l_em_organelles,2.383,0.000109,5.5e-05,0.000207,7.4e-05,0.000109,0.995635,0.998843,4,19352,53887,16703973,53891,19356,2177505,0.024749,0.0,0.022676,ok
microsam_vit_l_em_organelles,ld,empiar_13420_macrophage_a431,MacrophageSEM,240729_00037,sparse,6,FIB/240729_HumanMP_TNFa_1U/dataset/TIFs/240729_HumanMP_TNFa_1U_0613.tif,vit_l_em_organelles,2.436,0.001419,0.00071,0.003067,0.000923,0.001419,0.996226,0.999126,45,14625,48699,16713847,48744,14670,1896750,0.025699,0.0,0.02454,ok
microsam_vit_l_em_organelles,ld,empiar_13420_macrophage_a431,MacrophageSEM,240729_00038,sparse,6,FIB/240729_HumanMP_TNFa_1U/dataset/TIFs/240729_HumanMP_TNFa_1U_0647.tif,vit_l_em_organelles,2.792,0.0,0.0,0.0,0.0,0.0,0.995332,0.999113,0,14829,63485,16698902,63485,14829,2174934,0.029189,0.0,0.0,ok
microsam_vit_l_em_organelles,ld,empiar_13420_macrophage_a431,MacrophageSEM,240729_00039,sparse,6,FIB/240729_HumanMP_TNFa_1U/dataset/TIFs/240729_HumanMP_TNFa_1U_0647.tif,vit_l_em_organelles,2.444,0.0,0.0,0.0,0.0,0.0,0.99582,0.999597,0,6737,63394,16707085,63394,6737,1946208,0.032573,0.0,0.0,ok
microsam_vit_l_em_organelles,ld,empiar_13420_macrophage_a431,MacrophageSEM,240729_00040,sparse,6,FIB/240729_HumanMP_TNFa_1U/dataset/TIFs/240729_HumanMP_TNFa_1U_0681.tif,vit_l_em_organelles,2.372,0.0,0.0,0.0,0.0,0.0,0.996733,0.999287,0,11934,42881,16722401,42881,11934,1961443,0.021862,0.0,0.002972,ok
microsam_vit_l_em_organelles,ld,empiar_13420_macrophage_a431,MacrophageSEM,240729_00041,sparse,6,FIB/240729_HumanMP_TNFa_1U/dataset/TIFs/240729_HumanMP_TNFa_1U_0681.tif,vit_l_em_organelles,2.414,0.0,0.0,0.0,0.0,0.0,0.996934,0.999122,0,14700,36731,16725785,36731,14700,1778811,0.020649,0.0,0.0,ok
microsam_vit_l_em_organelles,ld,empiar_13420_macrophage_a431,MacrophageSEM,240729_00042,sparse,6,FIB/240729_HumanMP_TNFa_1U/dataset/TIFs/240729_HumanMP_TNFa_1U_0715.tif,vit_l_em_organelles,2.426,0.064386,0.033264,0.101347,0.047179,0.064386,0.996664,0.99898,1926,17078,38897,16719315,40823,19004,2152052,0.018969,0.033898,0.127045,ok
microsam_vit_l_em_organelles,ld,empiar_13420_macrophage_a431,MacrophageSEM,240729_00043,sparse,6,FIB/240729_HumanMP_TNFa_1U/dataset/TIFs/240729_HumanMP_TNFa_1U_0715.tif,vit_l_em_organelles,2.471,0.000363,0.000182,0.000433,0.000313,0.000363,0.996718,0.998622,10,23081,31990,16722135,32000,23091,1899495,0.016847,0.0,0.031146,ok
microsam_vit_l_em_organelles,ld,empiar_13420_macrophage_a431,MacrophageSEM,240729_00044,sparse,6,FIB/240729_HumanMP_TNFa_1U/dataset/TIFs/240729_HumanMP_TNFa_1U_0749.tif,vit_l_em_organelles,2.407,0.0,0.0,0.0,0.0,0.0,0.99329,0.99878,0,20354,92223,16664639,92223,20354,2341350,0.039389,0.0,0.0,ok
microsam_vit_l_em_organelles,ld,empiar_13420_macrophage_a431,MacrophageSEM,240729_00045,sparse,6,FIB/240729_HumanMP_TNFa_1U/dataset/TIFs/240729_HumanMP_TNFa_1U_0749.tif,vit_l_em_organelles,2.396,0.0,0.0,0.0,0.0,0.0,0.995265,0.998319,0,28118,51326,16697772,51326,28118,2091573,0.024539,0.0,0.0,ok
microsam_vit_l_em_organelles,ld,empiar_13420_macrophage_a431,MacrophageSEM,240729_00046,sparse,6,FIB/240729_HumanMP_TNFa_1U/dataset/TIFs/240729_HumanMP_TNFa_1U_0783.tif,vit_l_em_organelles,2.424,0.0,0.0,0.0,0.0,0.0,0.994067,0.999376,0,10421,89118,16677677,89118,10421,2172302,0.041025,0.0,0.0,ok
microsam_vit_l_em_organelles,ld,empiar_13420_macrophage_a431,MacrophageSEM,240729_00047,sparse,6,FIB/240729_HumanMP_TNFa_1U/dataset/TIFs/240729_HumanMP_TNFa_1U_0783.tif,vit_l_em_organelles,2.389,0.0,0.0,0.0,0.0,0.0,0.997036,0.999529,0,7880,41841,16727495,41841,7880,1789644,0.02338,0.0,0.0,ok
microsam_vit_l_em_organelles,ld,empiar_13420_macrophage_a431,MacrophageSEM,240729_00048,sparse,6,FIB/240729_HumanMP_TNFa_1U/dataset/TIFs/240729_HumanMP_TNFa_1U_0817.tif,vit_l_em_organelles,2.335,0.0,0.0,0.0,0.0,0.0,0.993396,0.999232,0,12805,97985,16666426,97985,12805,2359800,0.041523,0.0,0.0,ok
microsam_vit_l_em_organelles,ld,empiar_13420_macrophage_a431,MacrophageSEM,240729_00049,sparse,6,FIB/240729_HumanMP_TNFa_1U/dataset/TIFs/240729_HumanMP_TNFa_1U_0817.tif,vit_l_em_organelles,2.758,0.0,0.0,0.0,0.0,0.0,0.996292,0.998907,0,18292,43911,16715013,43911,18292,1998588,0.021971,0.0,0.0,ok
microsam_vit_l_em_organelles,ld,empiar_13420_macrophage_a431,MacrophageSEM,240729_00050,sparse,6,FIB/240729_HumanMP_TNFa_1U/dataset/TIFs/240729_HumanMP_TNFa_1U_0851.tif,vit_l_em_organelles,2.696,0.0,0.0,0.0,0.0,0.0,0.991732,0.999074,0,15422,123291,16638503,123291,15422,2294788,0.053727,0.0,0.0,ok
microsam_vit_l_em_organelles,ld,empiar_13420_macrophage_a431,MacrophageSEM,240729_00051,sparse,6,FIB/240729_HumanMP_TNFa_1U/dataset/TIFs/240729_HumanMP_TNFa_1U_0851.tif,vit_l_em_organelles,2.403,0.0,0.0,0.0,0.0,0.0,0.994341,0.999124,0,14619,80324,16682273,80324,14619,2067336,0.038854,0.0,0.0,ok
microsam_vit_l_em_organelles,ld,empiar_13420_macrophage_a431,MacrophageSEM,240729_00052,sparse,6,FIB/240729_HumanMP_TNFa_1U/dataset/TIFs/240729_HumanMP_TNFa_1U_0885.tif,vit_l_em_organelles,2.409,0.0,0.0,0.0,0.0,0.0,0.993725,0.997929,0,34605,70676,16671935,70676,34605,2221596,0.031813,0.0,0.0,ok
microsam_vit_l_em_organelles,ld,empiar_13420_macrophage_a431,MacrophageSEM,240729_00053,sparse,6,FIB/240729_HumanMP_TNFa_1U/dataset/TIFs/240729_HumanMP_TNFa_1U_0885.tif,vit_l_em_organelles,2.558,0.0,0.0,0.0,0.0,0.0,0.995135,0.998077,0,32165,49461,16695590,49461,32165,2114200,0.023395,0.0,0.0,ok
microsam_vit_l_em_organelles,ld,empiar_13420_macrophage_a431,MacrophageSEM,240729_00054,sparse,6,FIB/240729_HumanMP_TNFa_1U/dataset/TIFs/240729_HumanMP_TNFa_1U_0919.tif,vit_l_em_organelles,2.408,0.0,0.0,0.0,0.0,0.0,0.994109,0.997405,0,43401,55438,16678377,55438,43401,2244608,0.024698,0.0,0.032423,ok
microsam_vit_l_em_organelles,ld,empiar_13420_macrophage_a431,MacrophageSEM,240729_00055,sparse,6,FIB/240729_HumanMP_TNFa_1U/dataset/TIFs/240729_HumanMP_TNFa_1U_0919.tif,vit_l_em_organelles,2.396,0.0,0.0,0.0,0.0,0.0,0.99596,0.997502,0,41848,25931,16709437,25931,41848,1904848,0.013613,0.0,0.021382,ok
microsam_vit_l_em_organelles,ld,empiar_13420_macrophage_a431,MacrophageSEM,240729_00056,sparse,6,FIB/240729_HumanMP_TNFa_1U/dataset/TIFs/240729_HumanMP_TNFa_1U_0953.tif,vit_l_em_organelles,2.4,0.001322,0.000661,0.001546,0.001154,0.001322,0.995046,0.997876,55,35529,47587,16694045,47642,35584,1931744,0.024663,0.0,0.026323,ok
microsam_vit_l_em_organelles,ld,empiar_13420_macrophage_a431,MacrophageSEM,240729_00057,sparse,6,FIB/240729_HumanMP_TNFa_1U/dataset/TIFs/240729_HumanMP_TNFa_1U_0953.tif,vit_l_em_organelles,2.405,0.000152,7.6e-05,0.000126,0.000191,0.000152,0.993736,0.996219,8,63271,41822,16672115,41830,63279,2116704,0.019762,0.0,0.015111,ok
microsam_vit_l_em_organelles,ld,empiar_13420_macrophage_a431,MacrophageSEM,240729_00058,sparse,6,FIB/240729_HumanMP_TNFa_1U/dataset/TIFs/240729_HumanMP_TNFa_1U_0987.tif,vit_l_em_organelles,2.406,9.6e-05,4.8e-05,0.000145,7.2e-05,9.6e-05,0.99134,0.997102,7,48336,96954,16631919,96961,48343,2485624,0.039009,0.0,0.006723,ok
microsam_vit_l_em_organelles,ld,empiar_13420_macrophage_a431,MacrophageSEM,240729_00059,sparse,6,FIB/240729_HumanMP_TNFa_1U/dataset/TIFs/240729_HumanMP_TNFa_1U_0987.tif,vit_l_em_organelles,2.98,0.0,0.0,0.0,0.0,0.0,0.994295,0.997412,0,43285,52424,16681507,52424,43285,2078454,0.025223,0.0,0.003127,ok
microsam_vit_l_em_organelles,ld,empiar_13420_macrophage_a431,MacrophageSEM,240729_00060,sparse,6,FIB/240729_HumanMP_TNFa_1U/dataset/TIFs/240729_HumanMP_TNFa_1U_1021.tif,vit_l_em_organelles,2.407,0.0,0.0,0.0,0.0,0.0,0.991541,0.998266,0,28895,113017,16635304,113017,28895,2360960,0.047869,0.0,0.009732,ok
microsam_vit_l_em_organelles,ld,empiar_13420_macrophage_a431,MacrophageSEM,240729_00061,sparse,6,FIB/240729_HumanMP_TNFa_1U/dataset/TIFs/240729_HumanMP_TNFa_1U_1021.tif,vit_l_em_organelles,2.569,0.0,0.0,0.0,0.0,0.0,0.994954,0.997361,0,44167,40492,16692557,40492,44167,1914921,0.021146,0.0,0.006885,ok
microsam_vit_l_em_organelles,ld,empiar_13420_macrophage_a431,MacrophageSEM,240729_00062,sparse,6,FIB/240729_HumanMP_TNFa_1U/dataset/TIFs/240729_HumanMP_TNFa_1U_1055.tif,vit_l_em_organelles,2.436,0.000226,0.000113,0.000464,0.00015,0.000226,0.991572,0.997932,16,34481,106924,16635795,106940,34497,2413616,0.044307,0.0,0.020488,ok
microsam_vit_l_em_organelles,ld,empiar_13420_macrophage_a431,MacrophageSEM,240729_00063,sparse,6,FIB/240729_HumanMP_TNFa_1U/dataset/TIFs/240729_HumanMP_TNFa_1U_1055.tif,vit_l_em_organelles,2.487,0.0,0.0,0.0,0.0,0.0,0.994609,0.997855,0,35877,54575,16686764,54575,35877,2253476,0.024218,0.0,0.003051,ok
microsam_vit_l_em_organelles,ld,empiar_13420_macrophage_a431,MacrophageSEM,240729_00064,sparse,6,FIB/240729_HumanMP_TNFa_1U/dataset/TIFs/240729_HumanMP_TNFa_1U_1089.tif,vit_l_em_organelles,2.392,0.0,0.0,0.0,0.0,0.0,0.992193,0.996765,0,54029,76953,16646234,76953,54029,2259584,0.034056,0.0,0.004417,ok
microsam_vit_l_em_organelles,ld,empiar_13420_macrophage_a431,MacrophageSEM,240729_00065,sparse,6,FIB/240729_HumanMP_TNFa_1U/dataset/TIFs/240729_HumanMP_TNFa_1U_1089.tif,vit_l_em_organelles,2.409,0.0,0.0,0.0,0.0,0.0,0.994703,0.997133,0,47982,40890,16688344,40890,47982,2108601,0.019392,0.0,0.006117,ok
microsam_vit_l_em_organelles,ld,empiar_13420_macrophage_a431,MacrophageSEM,240729_00066,sparse,6,FIB/240729_HumanMP_TNFa_1U/dataset/TIFs/240729_HumanMP_TNFa_1U_1123.tif,vit_l_em_organelles,2.452,0.0,0.0,0.0,0.0,0.0,0.992087,0.996456,0,59200,73556,16644460,73556,59200,2278560,0.032282,0.0,0.00349,ok
microsam_vit_l_em_organelles,ld,empiar_13420_macrophage_a431,MacrophageSEM,240729_00067,sparse,6,FIB/240729_HumanMP_TNFa_1U/dataset/TIFs/240729_HumanMP_TNFa_1U_1123.tif,vit_l_em_organelles,2.375,0.0,0.0,0.0,0.0,0.0,0.995023,0.997811,0,36625,46879,16693712,46879,36625,2100393,0.022319,0.0,0.003135,ok
microsam_vit_l_em_organelles,ld,empiar_13420_macrophage_a431,MacrophageSEM,240729_00068,sparse,6,FIB/240729_HumanMP_TNFa_1U/dataset/TIFs/240729_HumanMP_TNFa_1U_1157.tif,vit_l_em_organelles,2.425,0.000611,0.000306,0.001029,0.000434,0.000611,0.992201,0.997674,40,38817,92022,16646337,92062,38857,2298051,0.040061,0.0,0.009856,ok
microsam_vit_l_em_organelles,ld,empiar_13420_macrophage_a431,MacrophageSEM,240729_00069,sparse,6,FIB/240729_HumanMP_TNFa_1U/dataset/TIFs/240729_HumanMP_TNFa_1U_1157.tif,vit_l_em_organelles,3.121,0.0,0.0,0.0,0.0,0.0,0.996508,0.998816,0,19811,38769,16718636,38769,19811,2102928,0.018436,0.0,0.0,ok
microsam_vit_l_em_organelles,ld,empiar_13420_macrophage_a431,MacrophageSEM,240729_00070,sparse,6,FIB/240729_HumanMP_TNFa_1U/dataset/TIFs/240729_HumanMP_TNFa_1U_1191.tif,vit_l_em_organelles,2.384,0.0,0.0,0.0,0.0,0.0,0.99223,0.997733,0,37828,92539,16646849,92539,37828,2143221,0.043178,0.0,0.0,ok
microsam_vit_l_em_organelles,ld,empiar_13420_macrophage_a431,MacrophageSEM,240729_00071,sparse,6,FIB/240729_HumanMP_TNFa_1U/dataset/TIFs/240729_HumanMP_TNFa_1U_1191.tif,vit_l_em_organelles,2.446,0.0,0.0,0.0,0.0,0.0,0.993998,0.996737,0,54595,46095,16676526,46095,54595,2130189,0.021639,0.0,0.0,ok
microsam_vit_l_em_organelles,ld,empiar_13420_macrophage_a431,MacrophageSEM,240729_00072,sparse,6,FIB/240729_HumanMP_TNFa_1U/dataset/TIFs/240729_HumanMP_TNFa_1U_1225.tif,vit_l_em_organelles,2.388,0.0,0.0,0.0,0.0,0.0,0.99151,0.996071,0,65624,76809,16634783,76809,65624,1921024,0.039983,0.0,0.001314,ok
microsam_vit_l_em_organelles,ld,empiar_13420_macrophage_a431,MacrophageSEM,240729_00073,sparse,6,FIB/240729_HumanMP_TNFa_1U/dataset/TIFs/240729_HumanMP_TNFa_1U_1225.tif,vit_l_em_organelles,2.385,0.0,0.0,0.0,0.0,0.0,0.993389,0.996654,0,55951,54971,16666294,54971,55951,1853681,0.029655,0.0,0.003028,ok
microsam_vit_l_em_organelles,ld,empiar_13420_macrophage_a431,MacrophageSEM,240729_00074,sparse,6,FIB/240729_HumanMP_TNFa_1U/dataset/TIFs/240729_HumanMP_TNFa_1U_1259.tif,vit_l_em_organelles,2.632,0.000214,0.000107,0.000201,0.000229,0.000214,0.991652,0.995536,15,74606,65456,16637139,65471,74621,1437140,0.045556,0.0,0.007718,ok
microsam_vit_l_em_organelles,ld,empiar_13420_macrophage_a431,MacrophageSEM,240729_00075,sparse,6,FIB/240729_HumanMP_TNFa_1U/dataset/TIFs/240729_HumanMP_TNFa_1U_1259.tif,vit_l_em_organelles,2.397,8.6e-05,4.3e-05,8.1e-05,9.3e-05,8.6e-05,0.991707,0.995541,6,74523,64618,16638069,64624,74529,1318007,0.049032,0.0,0.006562,ok
microsam_vit_l_em_organelles,ld,empiar_13420_macrophage_a431,MacrophageSEM,240729_00076,sparse,6,FIB/240729_HumanMP_TNFa_1U/dataset/TIFs/240729_HumanMP_TNFa_1U_1293.tif,vit_l_em_organelles,2.395,0.0,0.0,0.0,0.0,0.0,0.990648,0.99601,0,66584,90319,16620313,90319,66584,1548288,0.058335,0.0,0.003132,ok
microsam_vit_l_em_organelles,ld,empiar_13420_macrophage_a431,MacrophageSEM,240729_00077,sparse,6,FIB/240729_HumanMP_TNFa_1U/dataset/TIFs/240729_HumanMP_TNFa_1U_1293.tif,vit_l_em_organelles,2.43,0.0,0.0,0.0,0.0,0.0,0.99232,0.996198,0,63540,65307,16648369,65307,63540,1436415,0.045465,0.0,0.007524,ok
microsam_vit_l_em_organelles,ld,empiar_13420_macrophage_a431,MacrophageSEM,240729_00078,sparse,6,FIB/240729_HumanMP_TNFa_1U/dataset/TIFs/240729_HumanMP_TNFa_1U_1327.tif,vit_l_em_organelles,2.387,0.000663,0.000332,0.00065,0.000677,0.000663,0.990295,0.995024,54,83083,79738,16614341,79792,83137,1650724,0.048338,0.0,0.024578,ok
microsam_vit_l_em_organelles,ld,empiar_13420_macrophage_a431,MacrophageSEM,240729_00079,sparse,6,FIB/240729_HumanMP_TNFa_1U/dataset/TIFs/240729_HumanMP_TNFa_1U_1327.tif,vit_l_em_organelles,2.425,0.000457,0.000229,0.000489,0.000429,0.000457,0.994005,0.99719,23,46991,53587,16676615,53610,47014,1235304,0.043398,0.0,0.010019,ok
microsam_vit_l_em_organelles,ld,empiar_13420_macrophage_a431,MacrophageSEM,240729_00080,sparse,6,FIB/240729_HumanMP_TNFa_1U/dataset/TIFs/240729_HumanMP_TNFa_1U_1361.tif,vit_l_em_organelles,3.002,0.0,0.0,0.0,0.0,0.0,0.993304,0.997256,0,45846,66488,16664882,66488,45846,1437696,0.046246,0.0,0.0,ok
microsam_vit_l_em_organelles,ld,empiar_13420_macrophage_a431,MacrophageSEM,240729_00081,sparse,6,FIB/240729_HumanMP_TNFa_1U/dataset/TIFs/240729_HumanMP_TNFa_1U_1361.tif,vit_l_em_organelles,2.408,0.000905,0.000453,0.000873,0.00094,0.000905,0.995527,0.997676,34,38907,36144,16702131,36178,38941,1296510,0.027904,0.0,0.014424,ok
microsam_vit_l_em_organelles,ld,empiar_13420_macrophage_a431,MacrophageSEM,240729_00082,sparse,6,FIB/240729_HumanMP_TNFa_1U/dataset/TIFs/240729_HumanMP_TNFa_1U_1395.tif,vit_l_em_organelles,2.41,0.000124,6.2e-05,0.000153,0.000104,0.000124,0.991354,0.996483,9,58697,86364,16632146,86373,58706,1436760,0.060117,0.0,0.014604,ok
microsam_vit_l_em_organelles,ld,empiar_13420_macrophage_a431,MacrophageSEM,240729_00083,sparse,6,FIB/240729_HumanMP_TNFa_1U/dataset/TIFs/240729_HumanMP_TNFa_1U_1395.tif,vit_l_em_organelles,2.427,0.000962,0.000481,0.000927,0.000999,0.000962,0.997152,0.99852,23,24792,22991,16729410,23014,24815,1046460,0.021992,0.0,0.019441,ok
microsam_vit_l_em_organelles,ld,empiar_13420_macrophage_a431,MacrophageSEM,240729_00084,sparse,6,FIB/240729_HumanMP_TNFa_1U/dataset/TIFs/240729_HumanMP_TNFa_1U_1429.tif,vit_l_em_organelles,2.586,0.0,0.0,0.0,0.0,0.0,0.995472,0.997005,0,50173,25794,16701249,25794,50173,1204602,0.021413,0.0,0.0,ok
microsam_vit_l_em_organelles,ld,empiar_13420_macrophage_a431,MacrophageSEM,240729_00085,sparse,6,FIB/240729_HumanMP_TNFa_1U/dataset/TIFs/240729_HumanMP_TNFa_1U_1429.tif,vit_l_em_organelles,2.422,0.0,0.0,0.0,0.0,0.0,0.996861,0.998921,0,18060,34608,16724548,34608,18060,1169850,0.029583,0.0,0.027894,ok
microsam_vit_l_em_organelles,ld,empiar_13420_macrophage_a431,MacrophageSEM,240729_00086,sparse,6,FIB/240729_HumanMP_TNFa_1U/dataset/TIFs/240729_HumanMP_TNFa_1U_1463.tif,vit_l_em_organelles,2.389,0.0,0.0,0.0,0.0,0.0,0.994209,0.997581,0,40448,56708,16680060,56708,40448,1174958,0.048264,0.0,0.017843,ok
microsam_vit_l_em_organelles,ld,empiar_13420_macrophage_a431,MacrophageSEM,240729_00087,sparse,6,FIB/240729_HumanMP_TNFa_1U/dataset/TIFs/240729_HumanMP_TNFa_1U_1463.tif,vit_l_em_organelles,2.389,0.0,0.0,0.0,0.0,0.0,0.99387,0.996896,0,51915,50929,16674372,50929,51915,1098305,0.046371,0.0,0.004957,ok
microsam_vit_l_em_organelles,ld,empiar_13420_macrophage_a431,MacrophageSEM,240729_00088,sparse,6,FIB/240729_HumanMP_TNFa_1U/dataset/TIFs/240729_HumanMP_TNFa_1U_1497.tif,vit_l_em_organelles,2.404,0.0,0.0,0.0,0.0,0.0,0.991748,0.996344,0,61058,77386,16638772,77386,61058,1305667,0.059269,0.0,0.005362,ok
microsam_vit_l_em_organelles,ld,empiar_13420_macrophage_a431,MacrophageSEM,240729_00089,sparse,6,FIB/240729_HumanMP_TNFa_1U/dataset/TIFs/240729_HumanMP_TNFa_1U_1497.tif,vit_l_em_organelles,2.389,0.0,0.0,0.0,0.0,0.0,0.995986,0.99811,0,31641,35706,16709869,35706,31641,893650,0.039955,0.0,0.0,ok
microsam_vit_l_em_organelles,ld,empiar_13420_macrophage_a431,MacrophageSEM,240729_00090,sparse,6,FIB/240729_HumanMP_TNFa_1U/dataset/TIFs/240729_HumanMP_TNFa_1U_1531.tif,vit_l_em_organelles,3.085,0.0,0.0,0.0,0.0,0.0,0.993723,0.996022,0,66578,38731,16671907,38731,66578,769921,0.050305,0.0,0.01707,ok
microsam_vit_l_em_organelles,ld,empiar_13420_macrophage_a431,MacrophageSEM,240729_00091,sparse,6,FIB/240729_HumanMP_TNFa_1U/dataset/TIFs/240729_HumanMP_TNFa_1U_1531.tif,vit_l_em_organelles,2.516,0.0,0.0,0.0,0.0,0.0,0.997127,0.998131,0,31331,16877,16729008,16877,31331,593370,0.028443,0.0,0.008086,ok
microsam_vit_l_em_organelles,ld,empiar_13420_macrophage_a431,MacrophageSEM,240729_00092,sparse,6,FIB/240729_HumanMP_TNFa_1U/dataset/TIFs/240729_HumanMP_TNFa_1U_1565.tif,vit_l_em_organelles,2.566,0.001763,0.000882,0.001686,0.001847,0.001763,0.993925,0.996815,90,53276,48639,16675211,48729,53366,991494,0.049147,0.0,0.045724,ok
microsam_vit_l_em_organelles,ld,empiar_13420_macrophage_a431,MacrophageSEM,240729_00093,sparse,6,FIB/240729_HumanMP_TNFa_1U/dataset/TIFs/240729_HumanMP_TNFa_1U_1565.tif,vit_l_em_organelles,2.415,0.0,0.0,0.0,0.0,0.0,0.995446,0.997921,0,34788,41619,16700809,41619,34788,915900,0.045441,0.0,0.006985,ok
microsam_vit_l_em_organelles,ld,empiar_13420_macrophage_a431,MacrophageSEM,240729_00094,sparse,6,FIB/240729_HumanMP_TNFa_1U/dataset/TIFs/240729_HumanMP_TNFa_1U_1599.tif,vit_l_em_organelles,2.397,0.002364,0.001183,0.00232,0.002409,0.002364,0.993208,0.996528,135,58058,55896,16663127,56031,58193,1327104,0.042221,0.0,0.014975,ok
microsam_vit_l_em_organelles,ld,empiar_13420_macrophage_a431,MacrophageSEM,240729_00095,sparse,6,FIB/240729_HumanMP_TNFa_1U/dataset/TIFs/240729_HumanMP_TNFa_1U_1599.tif,vit_l_em_organelles,2.462,0.0,0.0,0.0,0.0,0.0,0.99419,0.996961,0,50843,46636,16679737,46636,50843,1267488,0.036794,0.0,0.006656,ok
microsam_vit_l_em_organelles,ld,empiar_13420_macrophage_a431,MacrophageSEM,240729_00096,sparse,6,FIB/240729_HumanMP_TNFa_1U/dataset/TIFs/240729_HumanMP_TNFa_1U_1633.tif,vit_l_em_organelles,2.395,0.000179,9e-05,0.000179,0.00018,0.000179,0.992028,0.995982,12,67137,66613,16643454,66625,67149,1175315,0.056687,0.0,0.02195,ok
microsam_vit_l_em_organelles,ld,empiar_13420_macrophage_a431,MacrophageSEM,240729_00097,sparse,6,FIB/240729_HumanMP_TNFa_1U/dataset/TIFs/240729_HumanMP_TNFa_1U_1633.tif,vit_l_em_organelles,2.389,0.0,0.0,0.0,0.0,0.0,0.993605,0.99664,0,56195,51094,16669927,51094,56195,1244488,0.041056,0.0,0.025758,ok
microsam_vit_l_em_organelles,ld,empiar_13420_macrophage_a431,MacrophageSEM,240729_00098,sparse,6,FIB/240729_HumanMP_TNFa_1U/dataset/TIFs/240729_HumanMP_TNFa_1U_1667.tif,vit_l_em_organelles,2.418,0.0,0.0,0.0,0.0,0.0,0.990895,0.993943,0,101314,51443,16624459,51443,101314,1286144,0.039998,0.0,0.009679,ok
microsam_vit_l_em_organelles,ld,empiar_13420_macrophage_a431,MacrophageSEM,240729_00099,sparse,6,FIB/240729_HumanMP_TNFa_1U/dataset/TIFs/240729_HumanMP_TNFa_1U_1667.tif,vit_l_em_organelles,2.395,0.0,0.0,0.0,0.0,0.0,0.993717,0.996518,0,58248,47160,16671808,47160,58248,1060692,0.044462,0.0,0.015267,ok
microsam_vit_l_em_organelles,ld,empiar_13420_macrophage_a431,MacrophageSEM,240729_00100,sparse,6,FIB/240729_HumanMP_TNFa_1U/dataset/TIFs/240729_HumanMP_TNFa_1U_1701.tif,vit_l_em_organelles,3.105,8.1e-05,4e-05,9.2e-05,7.2e-05,8.1e-05,0.98674,0.994097,9,98302,124171,16554734,124180,98311,1872835,0.066306,0.0,0.017595,ok
microsam_vit_l_em_organelles,ld,empiar_13420_macrophage_a431,MacrophageSEM,240729_00101,sparse,6,FIB/240729_HumanMP_TNFa_1U/dataset/TIFs/240729_HumanMP_TNFa_1U_1701.tif,vit_l_em_organelles,2.707,0.0,0.0,0.0,0.0,0.0,0.990713,0.995743,0,71060,84754,16621402,84754,71060,1412460,0.060005,0.0,0.0096,ok
microsam_vit_l_em_organelles,ld,empiar_13420_macrophage_a431,MacrophageSEM,240729_00102,sparse,6,FIB/240729_HumanMP_TNFa_1U/dataset/TIFs/240729_HumanMP_TNFa_1U_1735.tif,vit_l_em_organelles,2.693,0.000491,0.000245,0.000559,0.000437,0.000491,0.987863,0.994638,50,89345,114273,16573548,114323,89395,1522587,0.075085,0.0,0.024086,ok
microsam_vit_l_em_organelles,ld,empiar_13420_macrophage_a431,MacrophageSEM,240729_00103,sparse,6,FIB/240729_HumanMP_TNFa_1U/dataset/TIFs/240729_HumanMP_TNFa_1U_1735.tif,vit_l_em_organelles,2.396,1.2e-05,6e-06,1.1e-05,1.2e-05,1.2e-05,0.989812,0.994756,1,87541,83385,16606289,83386,87542,1424500,0.058537,0.0,0.027672,ok
microsam_vit_l_em_organelles,ld,empiar_13420_macrophage_a431,MacrophageSEM,240729_00104,sparse,6,FIB/240729_HumanMP_TNFa_1U/dataset/TIFs/240729_HumanMP_TNFa_1U_1769.tif,vit_l_em_organelles,2.449,0.00057,0.000285,0.000554,0.000587,0.00057,0.985371,0.992416,70,126331,119098,16531717,119168,126401,1610480,0.073995,0.0,0.018613,ok
microsam_vit_l_em_organelles,ld,empiar_13420_macrophage_a431,MacrophageSEM,240729_00105,sparse,6,FIB/240729_HumanMP_TNFa_1U/dataset/TIFs/240729_HumanMP_TNFa_1U_1769.tif,vit_l_em_organelles,2.618,0.003331,0.001669,0.00342,0.003248,0.003331,0.986662,0.993459,374,108985,114791,16553066,115165,109359,1459600,0.078902,0.0,0.035479,ok
microsam_vit_l_em_organelles,ld,empiar_13420_macrophage_a431,MacrophageSEM,240729_00106,sparse,6,FIB/240729_HumanMP_TNFa_1U/dataset/TIFs/240729_HumanMP_TNFa_1U_1803.tif,vit_l_em_organelles,2.383,0.000942,0.000471,0.000866,0.001032,0.000942,0.986469,0.992597,107,123427,103586,16550096,103693,123534,1814528,0.057146,0.0,0.017419,ok
microsam_vit_l_em_organelles,ld,empiar_13420_macrophage_a431,MacrophageSEM,240729_00107,sparse,6,FIB/240729_HumanMP_TNFa_1U/dataset/TIFs/240729_HumanMP_TNFa_1U_1803.tif,vit_l_em_organelles,2.431,0.010367,0.00521,0.010136,0.010608,0.010367,0.987869,0.993758,1066,104104,99420,16572626,100486,105170,1542083,0.065163,0.019802,0.017794,ok
microsam_vit_l_em_organelles,ld,empiar_13420_macrophage_a431,MacrophageSEM,240729_00108,sparse,6,FIB/240729_HumanMP_TNFa_1U/dataset/TIFs/240729_HumanMP_TNFa_1U_1837.tif,vit_l_em_organelles,2.382,0.0,0.0,0.0,0.0,0.0,0.991017,0.996298,0,61779,88926,16626511,88926,61779,1641900,0.05416,0.0,0.004816,ok
microsam_vit_l_em_organelles,ld,empiar_13420_macrophage_a431,MacrophageSEM,240729_00109,sparse,6,FIB/240729_HumanMP_TNFa_1U/dataset/TIFs/240729_HumanMP_TNFa_1U_1837.tif,vit_l_em_organelles,2.392,0.0,0.0,0.0,0.0,0.0,0.993718,0.996256,0,62660,42741,16671815,42741,62660,1339880,0.031899,0.0,0.002965,ok
microsam_vit_l_em_organelles,ld,empiar_13420_macrophage_a431,MacrophageSEM,240729_00110,sparse,6,FIB/240729_HumanMP_TNFa_1U/dataset/TIFs/240729_HumanMP_TNFa_1U_1871.tif,vit_l_em_organelles,2.78,0.0,0.0,0.0,0.0,0.0,0.990175,0.9945,0,91872,72956,16612388,72956,91872,1550295,0.047059,0.0,0.017311,ok
microsam_vit_l_em_organelles,ld,empiar_13420_macrophage_a431,MacrophageSEM,240729_00111,sparse,6,FIB/240729_HumanMP_TNFa_1U/dataset/TIFs/240729_HumanMP_TNFa_1U_1871.tif,vit_l_em_organelles,2.464,0.000156,7.8e-05,0.000145,0.000168,0.000156,0.990063,0.994648,13,89385,77326,16610492,77339,89398,1397169,0.055354,0.0,0.024775,ok
microsam_vit_l_em_organelles,ld,empiar_13420_macrophage_a431,MacrophageSEM,240729_00112,sparse,6,FIB/240729_HumanMP_TNFa_1U/dataset/TIFs/240729_HumanMP_TNFa_1U_1905.tif,vit_l_em_organelles,2.417,0.000282,0.000141,0.000251,0.000321,0.000282,0.990687,0.994755,22,87641,68601,16620952,68623,87663,1422960,0.048226,0.0,0.018686,ok
microsam_vit_l_em_organelles,ld,empiar_13420_macrophage_a431,MacrophageSEM,240729_00113,sparse,6,FIB/240729_HumanMP_TNFa_1U/dataset/TIFs/240729_HumanMP_TNFa_1U_1905.tif,vit_l_em_organelles,2.658,0.0,0.0,0.0,0.0,0.0,0.991775,0.99583,0,69676,68319,16639221,68319,69676,1357888,0.050313,0.0,0.004383,ok
microsam_vit_l_em_organelles,ld,empiar_13420_macrophage_a431,MacrophageSEM,240729_00114,sparse,6,FIB/240729_HumanMP_TNFa_1U/dataset/TIFs/240729_HumanMP_TNFa_1U_1939.tif,vit_l_em_organelles,2.433,0.000893,0.000447,0.000987,0.000815,0.000893,0.986395,0.993799,102,103252,125001,16548861,125103,103354,1276560,0.098,0.0,0.024389,ok
microsam_vit_l_em_organelles,ld,empiar_13420_macrophage_a431,MacrophageSEM,240729_00115,sparse,6,FIB/240729_HumanMP_TNFa_1U/dataset/TIFs/240729_HumanMP_TNFa_1U_1939.tif,vit_l_em_organelles,2.646,0.0,0.0,0.0,0.0,0.0,0.987874,0.994202,0,96655,106787,16573774,106787,96655,1262520,0.084582,0.0,0.006162,ok
microsam_vit_l_em_organelles,ld,empiar_13420_macrophage_a431,MacrophageSEM,240729_00116,sparse,6,FIB/240729_HumanMP_TNFa_1U/dataset/TIFs/240729_HumanMP_TNFa_1U_1973.tif,vit_l_em_organelles,2.397,0.0,0.0,0.0,0.0,0.0,0.986149,0.991972,0,133890,98497,16544829,98497,133890,1154934,0.085284,0.0,0.022379,ok
microsam_vit_l_em_organelles,ld,empiar_13420_macrophage_a431,MacrophageSEM,240729_00117,sparse,6,FIB/240729_HumanMP_TNFa_1U/dataset/TIFs/240729_HumanMP_TNFa_1U_1973.tif,vit_l_em_organelles,2.41,0.0,0.0,0.0,0.0,0.0,0.987848,0.992506,0,125132,78750,16573334,78750,125132,1099060,0.071652,0.0,0.027881,ok
microsam_vit_l_em_organelles,ld,empiar_13420_macrophage_a431,MacrophageSEM,240729_00118,sparse,6,FIB/240729_HumanMP_TNFa_1U/dataset/TIFs/240729_HumanMP_TNFa_1U_2007.tif,vit_l_em_organelles,2.408,0.00034,0.00017,0.000343,0.000337,0.00034,0.986682,0.993349,38,110843,112602,16553733,112640,110881,1538940,0.073193,0.0,0.021113,ok
microsam_vit_l_em_organelles,ld,empiar_13420_macrophage_a431,MacrophageSEM,240729_00119,sparse,6,FIB/240729_HumanMP_TNFa_1U/dataset/TIFs/240729_HumanMP_TNFa_1U_2007.tif,vit_l_em_organelles,2.435,4.6e-05,2.3e-05,4e-05,5.5e-05,4.6e-05,0.98966,0.993973,4,100675,72805,16603732,72809,100679,1265550,0.057532,0.0,0.015869,ok
microsam_vit_l_em_organelles,ld,empiar_13420_macrophage_a431,MacrophageSEM,240729_00120,sparse,6,FIB/240729_HumanMP_TNFa_1U/dataset/TIFs/240729_HumanMP_TNFa_1U_2041.tif,vit_l_em_organelles,2.391,0.000347,0.000174,0.000331,0.000365,0.000347,0.984204,0.99166,46,138865,126140,16512165,126186,138911,1543228,0.081768,0.0,0.009006,ok
microsam_vit_l_em_organelles,ld,empiar_13420_macrophage_a431,MacrophageSEM,240729_00121,sparse,6,FIB/240729_HumanMP_TNFa_1U/dataset/TIFs/240729_HumanMP_TNFa_1U_2041.tif,vit_l_em_organelles,3.134,0.000339,0.000169,0.000331,0.000347,0.000339,0.986276,0.992926,39,117885,112358,16546934,112397,117924,1230568,0.091337,0.0,0.01166,ok
microsam_vit_l_em_organelles,ld,empiar_13420_macrophage_a431,MacrophageSEM,240729_00122,sparse,6,FIB/240729_HumanMP_TNFa_1U/dataset/TIFs/240729_HumanMP_TNFa_1U_2075.tif,vit_l_em_organelles,2.706,0.000147,7.3e-05,0.000113,0.00021,0.000147,0.987811,0.992028,15,133176,71327,16572698,71342,133191,1134720,0.062872,0.0,0.009795,ok
microsam_vit_l_em_organelles,ld,empiar_13420_macrophage_a431,MacrophageSEM,240729_00123,sparse,6,FIB/240729_HumanMP_TNFa_1U/dataset/TIFs/240729_HumanMP_TNFa_1U_2075.tif,vit_l_em_organelles,2.701,0.000105,5.2e-05,8.4e-05,0.000139,0.000105,0.987467,0.992136,11,131313,78954,16566938,78965,131324,1284120,0.061493,0.0,0.00967,ok
microsam_vit_l_em_organelles,ld,empiar_13420_macrophage_a431,MacrophageSEM,240729_00124,sparse,6,FIB/240729_HumanMP_TNFa_1U/dataset/TIFs/240729_HumanMP_TNFa_1U_2109.tif,vit_l_em_organelles,2.388,0.0,0.0,0.0,0.0,0.0,0.989368,0.993654,0,106011,72357,16598848,72357,106011,884224,0.081831,0.0,0.007138,ok
microsam_vit_l_em_organelles,ld,empiar_13420_macrophage_a431,MacrophageSEM,240729_00125,sparse,6,FIB/240729_HumanMP_TNFa_1U/dataset/TIFs/240729_HumanMP_TNFa_1U_2109.tif,vit_l_em_organelles,2.396,8.8e-05,4.4e-05,7.2e-05,0.000114,8.8e-05,0.990557,0.994182,7,97259,61176,16618774,61183,97266,732672,0.083507,0.0,0.008502,ok
microsam_vit_l_em_organelles,ld,empiar_13420_macrophage_a431,MacrophageSEM,240729_00126,sparse,6,FIB/240729_HumanMP_TNFa_1U/dataset/TIFs/240729_HumanMP_TNFa_1U_2143.tif,vit_l_em_organelles,2.418,0.0,0.0,0.0,0.0,0.0,0.988676,0.996137,0,64317,125662,16587237,125662,64317,962598,0.130545,0.0,0.011078,ok
microsam_vit_l_em_organelles,ld,empiar_13420_macrophage_a431,MacrophageSEM,240729_00127,sparse,6,FIB/240729_HumanMP_TNFa_1U/dataset/TIFs/240729_HumanMP_TNFa_1U_2143.tif,vit_l_em_organelles,2.404,5.6e-05,2.8e-05,9.2e-05,4e-05,5.6e-05,0.989347,0.99672,5,54617,124116,16598478,124121,54622,861763,0.144031,0.0,0.008804,ok
microsam_vit_l_em_organelles,ld,empiar_13420_macrophage_a431,MacrophageSEM,240729_00128,sparse,6,FIB/240729_HumanMP_TNFa_1U/dataset/TIFs/240729_HumanMP_TNFa_1U_2177.tif,vit_l_em_organelles,2.413,2.8e-05,1.4e-05,4.1e-05,2.1e-05,2.8e-05,0.987172,0.995604,3,73120,142098,16561995,142101,73123,1022400,0.138988,0.0,0.008193,ok
microsam_vit_l_em_organelles,ld,empiar_13420_macrophage_a431,MacrophageSEM,240729_00129,sparse,6,FIB/240729_HumanMP_TNFa_1U/dataset/TIFs/240729_HumanMP_TNFa_1U_2177.tif,vit_l_em_organelles,2.436,0.0,0.0,0.0,0.0,0.0,0.989133,0.996822,0,52915,129396,16594905,129396,52915,773100,0.167373,0.0,0.003989,ok
microsam_vit_l_em_organelles,ld,empiar_13420_macrophage_a431,MacrophageSEM,240729_00130,sparse,6,FIB/240729_HumanMP_TNFa_1U/dataset/TIFs/240729_HumanMP_TNFa_1U_2211.tif,vit_l_em_organelles,2.451,0.000421,0.000211,0.000544,0.000344,0.000421,0.990385,0.996254,34,62474,98844,16615864,98878,62508,939645,0.105229,0.0,0.013183,ok
microsam_vit_l_em_organelles,ld,empiar_13420_macrophage_a431,MacrophageSEM,240729_00131,sparse,6,FIB/240729_HumanMP_TNFa_1U/dataset/TIFs/240729_HumanMP_TNFa_1U_2211.tif,vit_l_em_organelles,3.098,0.000511,0.000255,0.000727,0.000393,0.000511,0.991131,0.99687,38,52216,96577,16628385,96615,52254,630630,0.153204,0.0,0.011425,ok
microsam_vit_l_em_organelles,ld,empiar_13420_macrophage_a431,MacrophageSEM,240729_00132,sparse,6,FIB/240729_HumanMP_TNFa_1U/dataset/TIFs/240729_HumanMP_TNFa_1U_2245.tif,vit_l_em_organelles,2.834,0.00134,0.00067,0.001302,0.001379,0.00134,0.989513,0.994578,118,90508,85438,16601152,85556,90626,1134190,0.075434,0.0,0.030785,ok
microsam_vit_l_em_organelles,ld,empiar_13420_macrophage_a431,MacrophageSEM,240729_00133,sparse,6,FIB/240729_HumanMP_TNFa_1U/dataset/TIFs/240729_HumanMP_TNFa_1U_2245.tif,vit_l_em_organelles,2.684,0.0,0.0,0.0,0.0,0.0,0.991862,0.995483,0,75508,61017,16640691,61017,75508,946270,0.064482,0.0,0.012829,ok
microsam_vit_l_em_organelles,ld,empiar_13420_macrophage_a431,MacrophageSEM,240729_00134,sparse,6,FIB/240729_HumanMP_TNFa_1U/dataset/TIFs/240729_HumanMP_TNFa_1U_2279.tif,vit_l_em_organelles,2.433,0.0,0.0,0.0,0.0,0.0,0.990688,0.99649,0,58542,97691,16620983,97691,58542,832524,0.117343,0.0,0.005638,ok
microsam_vit_l_em_organelles,ld,empiar_13420_macrophage_a431,MacrophageSEM,240729_00135,sparse,6,FIB/240729_HumanMP_TNFa_1U/dataset/TIFs/240729_HumanMP_TNFa_1U_2279.tif,vit_l_em_organelles,2.442,0.0,0.0,0.0,0.0,0.0,0.990802,0.996533,0,57833,96489,16622894,96489,57833,804858,0.119883,0.0,0.004884,ok
microsam_vit_l_em_organelles,ld,empiar_13420_macrophage_a431,MacrophageSEM,240729_00136,sparse,6,FIB/240729_HumanMP_TNFa_1U/dataset/TIFs/240729_HumanMP_TNFa_1U_2313.tif,vit_l_em_organelles,2.576,0.000143,7.2e-05,0.000166,0.000126,0.000143,0.99086,0.996042,11,66066,87286,16623853,87297,66077,795910,0.109682,0.0,0.013671,ok
microsam_vit_l_em_organelles,ld,empiar_13420_macrophage_a431,MacrophageSEM,240729_00137,sparse,6,FIB/240729_HumanMP_TNFa_1U/dataset/TIFs/240729_HumanMP_TNFa_1U_2313.tif,vit_l_em_organelles,2.427,0.0,0.0,0.0,0.0,0.0,0.992314,0.996169,0,64025,64927,16648264,64927,64025,556370,0.116698,0.0,0.006239,ok
microsam_vit_l_em_organelles,ld,empiar_13420_macrophage_a431,MacrophageSEM,240729_00138,sparse,6,FIB/240729_HumanMP_TNFa_1U/dataset/TIFs/240729_HumanMP_TNFa_1U_2347.tif,vit_l_em_organelles,2.41,0.0,0.0,0.0,0.0,0.0,0.992148,0.996189,0,63683,68044,16645489,68044,63683,738746,0.092107,0.0,0.002169,ok
microsam_vit_l_em_organelles,ld,empiar_13420_macrophage_a431,MacrophageSEM,240729_00139,sparse,6,FIB/240729_HumanMP_TNFa_1U/dataset/TIFs/240729_HumanMP_TNFa_1U_2347.tif,vit_l_em_organelles,2.443,0.0,0.0,0.0,0.0,0.0,0.993272,0.996507,0,58408,54471,16664337,54471,58408,518694,0.105016,0.0,0.0,ok
microsam_vit_l_em_organelles,ld,empiar_13420_macrophage_a431,MacrophageSEM,240729_00140,sparse,6,FIB/240729_HumanMP_TNFa_1U/dataset/TIFs/240729_HumanMP_TNFa_1U_2381.tif,vit_l_em_organelles,2.443,0.0,0.0,0.0,0.0,0.0,0.992506,0.99705,0,49270,76453,16651493,76453,49270,706225,0.108256,0.0,0.0023,ok
microsam_vit_l_em_organelles,ld,empiar_13420_macrophage_a431,MacrophageSEM,240729_00141,sparse,6,FIB/240729_HumanMP_TNFa_1U/dataset/TIFs/240729_HumanMP_TNFa_1U_2381.tif,vit_l_em_organelles,2.778,0.0,0.0,0.0,0.0,0.0,0.995547,0.999383,0,10307,64394,16702515,64394,10307,394320,0.163304,0.0,0.007109,ok
microsam_vit_l_em_organelles,ld,empiar_13420_macrophage_a431,MacrophageSEM,240729_00142,sparse,6,FIB/240729_HumanMP_TNFa_1U/dataset/TIFs/240729_HumanMP_TNFa_1U_2415.tif,vit_l_em_organelles,2.753,5.9e-05,3e-05,8.2e-05,4.6e-05,5.9e-05,0.993948,0.997814,3,36540,65001,16675672,65004,36543,637000,0.102047,0.0,0.014925,ok
microsam_vit_l_em_organelles,ld,empiar_13420_macrophage_a431,MacrophageSEM,240729_00143,sparse,6,FIB/240729_HumanMP_TNFa_1U/dataset/TIFs/240729_HumanMP_TNFa_1U_2415.tif,vit_l_em_organelles,2.688,0.000211,0.000105,0.000301,0.000162,0.000211,0.993211,0.997616,12,39822,74086,16663296,74098,39834,1027608,0.072107,0.0,0.019538,ok
microsam_vit_l_em_organelles,ld,empiar_13420_macrophage_a431,MacrophageSEM,240729_00144,sparse,6,FIB/240729_HumanMP_TNFa_1U/dataset/TIFs/240729_HumanMP_TNFa_1U_2449.tif,vit_l_em_organelles,2.47,0.0,0.0,0.0,0.0,0.0,0.99504,0.998255,0,29175,54046,16693995,54046,29175,626416,0.086278,0.0,0.007192,ok
microsam_vit_l_em_organelles,ld,empiar_13420_macrophage_a431,MacrophageSEM,240729_00145,sparse,6,FIB/240729_HumanMP_TNFa_1U/dataset/TIFs/240729_HumanMP_TNFa_1U_2449.tif,vit_l_em_organelles,2.416,0.0,0.0,0.0,0.0,0.0,0.99437,0.99822,0,29750,64713,16682753,64713,29750,1242864,0.052068,0.0,0.011472,ok
microsam_vit_l_em_organelles,ld,empiar_13420_macrophage_a431,MacrophageSEM,240729_00146,sparse,6,FIB/240729_HumanMP_TNFa_1U/dataset/TIFs/240729_HumanMP_TNFa_1U_2483.tif,vit_l_em_organelles,2.412,0.0,0.0,0.0,0.0,0.0,0.995178,0.99834,0,27763,53145,16696308,53145,27763,547560,0.097058,0.0,0.01998,ok
microsam_vit_l_em_organelles,ld,empiar_13420_macrophage_a431,MacrophageSEM,240729_00147,sparse,6,FIB/240729_HumanMP_TNFa_1U/dataset/TIFs/240729_HumanMP_TNFa_1U_2483.tif,vit_l_em_organelles,2.441,0.000182,9.1e-05,0.000238,0.000148,0.000182,0.994121,0.997738,9,37811,60826,16678570,60835,37820,820226,0.074169,0.0,0.016423,ok
microsam_vit_l_em_organelles,ld,empiar_13420_macrophage_a431,MacrophageSEM,240729_00148,sparse,6,FIB/240729_HumanMP_TNFa_1U/dataset/TIFs/240729_HumanMP_TNFa_1U_2517.tif,vit_l_em_organelles,2.391,0.0,0.0,0.0,0.0,0.0,0.998004,0.999646,0,5930,27560,16743726,27560,5930,290601,0.094838,0.0,0.0,ok
microsam_vit_l_em_organelles,ld,empiar_13420_macrophage_a431,MacrophageSEM,240729_00149,sparse,6,FIB/240729_HumanMP_TNFa_1U/dataset/TIFs/240729_HumanMP_TNFa_1U_2517.tif,vit_l_em_organelles,2.415,0.0,0.0,0.0,0.0,0.0,0.996407,0.998099,0,31834,28446,16716936,28446,31834,820846,0.034654,0.0,0.0,ok
microsam_vit_l_em_organelles,ld,empiar_13420_macrophage_a431,MacrophageSEM,240729_00150,sparse,6,FIB/240729_HumanMP_TNFa_1U/dataset/TIFs/240729_HumanMP_TNFa_1U_2551.tif,vit_l_em_organelles,2.397,0.0,0.0,0.0,0.0,0.0,0.999625,0.999888,0,1884,4400,16770932,4400,1884,34823,0.126353,0.0,0.0,ok
microsam_vit_l_em_organelles,ld,empiar_13420_macrophage_a431,MacrophageSEM,240729_00151,sparse,6,FIB/240729_HumanMP_TNFa_1U/dataset/TIFs/240729_HumanMP_TNFa_1U_2551.tif,vit_l_em_organelles,2.4,0.0,0.0,0.0,0.0,0.0,0.998058,0.998518,0,24850,7738,16744628,7738,24850,333184,0.023224,0.0,0.0,ok
microsam_vit_l_em_organelles,ld,empiar_13420_macrophage_a431,MacrophageSEM,240729_00152,sparse,6,FIB/240729_HumanMP_TNFa_1U/dataset/TIFs/240729_HumanMP_TNFa_1U_2585.tif,vit_l_em_organelles,2.393,0.0,0.0,0.0,0.0,0.0,0.997426,0.998455,0,25888,17295,16734033,17295,25888,346066,0.049976,0.0,0.005413,ok
microsam_vit_l_em_organelles,ld,empiar_13420_macrophage_a431,MacrophageSEM,240729_00153,sparse,6,FIB/240729_HumanMP_TNFa_1U/dataset/TIFs/240729_HumanMP_TNFa_1U_2585.tif,vit_l_em_organelles,2.422,0.0,0.0,0.0,0.0,0.0,0.996222,0.997956,0,34233,29157,16713826,29157,34233,725642,0.040181,0.0,0.014641,ok
microsam_vit_l_em_organelles,ld,empiar_13420_macrophage_a431,MacrophageSEM,240729_00154,sparse,6,FIB/240729_HumanMP_TNFa_1U/dataset/TIFs/240729_HumanMP_TNFa_1U_2619.tif,vit_l_em_organelles,2.693,0.0,0.0,nan,0.0,0.0,0.999641,1.0,0,0,6031,16771185,6031,0,7812,0.772017,0.0,0.0,ok
microsam_vit_l_em_organelles,ld,empiar_13420_macrophage_a431,MacrophageSEM,240729_00155,sparse,6,FIB/240729_HumanMP_TNFa_1U/dataset/TIFs/240729_HumanMP_TNFa_1U_2619.tif,vit_l_em_organelles,2.429,0.0,0.0,0.0,0.0,0.0,0.997665,0.999044,0,16020,23163,16738033,23163,16020,230112,0.10066,0.0,0.003538,ok
microsam_vit_l_em_organelles,ld,empiar_13420_macrophage_a431,MacrophageSEM,240729_00156,sparse,6,FIB/240729_HumanMP_TNFa_1U/dataset/TIFs/240729_HumanMP_TNFa_1U_2653.tif,vit_l_em_organelles,2.385,0.114274,0.060599,1.0,0.060599,0.114274,0.998741,1.0,1363,0,21129,16754724,22492,1363,446394,0.050386,0.656,0.301482,ok
microsam_vit_l_em_organelles,ld,empiar_13420_macrophage_a431,MacrophageSEM,240729_00157,sparse,6,FIB/240729_HumanMP_TNFa_1U/dataset/TIFs/240729_HumanMP_TNFa_1U_2653.tif,vit_l_em_organelles,2.389,0.001135,0.000568,0.002726,0.000717,0.001135,0.996328,0.999235,35,12802,48807,16715572,48842,12837,708253,0.068961,0.0,0.018307,ok
microsam_vit_l_em_organelles,ld,empiar_13420_macrophage_a431,MacrophageSEM,240729_00158,sparse,6,FIB/240729_HumanMP_TNFa_1U/dataset/TIFs/240729_HumanMP_TNFa_1U_2687.tif,vit_l_em_organelles,2.384,0.0,0.0,nan,0.0,0.0,0.998885,1.0,0,0,18706,16758510,18706,0,25134,0.744251,0.0,0.0,ok
microsam_vit_l_em_organelles,ld,empiar_13420_macrophage_a431,MacrophageSEM,240729_00159,sparse,6,FIB/240729_HumanMP_TNFa_1U/dataset/TIFs/240729_HumanMP_TNFa_1U_2687.tif,vit_l_em_organelles,2.414,9.7e-05,4.8e-05,0.0002,6.4e-05,9.7e-05,0.997531,0.999404,2,9975,31455,16735784,31457,9977,200200,0.157128,0.0,0.035865,ok
microsam_vit_l_em_organelles,ld,empiar_13420_macrophage_a431,MacrophageSEM,240801_00164,partial,6,FIB/240801_HumanMP_Control/dataset/TIFs/240801_HumanMP_Control_0069.tif,vit_l_em_organelles,4.533,0.0,0.0,0.0,0.0,0.0,0.99968,0.999932,0,1136,4240,16771840,4240,1136,575439,0.007368,0.0,0.0,ok
microsam_vit_l_em_organelles,ld,empiar_13420_macrophage_a431,MacrophageSEM,240801_00165,partial,6,FIB/240801_HumanMP_Control/dataset/TIFs/240801_HumanMP_Control_0069.tif,vit_l_em_organelles,5.517,0.0,0.0,0.0,0.0,0.0,0.999737,0.99999,0,171,4240,16772805,4240,171,544563,0.007786,0.0,0.0,ok
microsam_vit_l_em_organelles,ld,empiar_13420_macrophage_a431,MacrophageSEM,240801_00166,partial,6,FIB/240801_HumanMP_Control/dataset/TIFs/240801_HumanMP_Control_0103.tif,vit_l_em_organelles,4.901,0.0,0.0,0.0,0.0,0.0,0.999361,0.999945,0,928,9793,16766495,9793,928,651750,0.015026,0.0,0.0,ok
microsam_vit_l_em_organelles,ld,empiar_13420_macrophage_a431,MacrophageSEM,240801_00167,partial,6,FIB/240801_HumanMP_Control/dataset/TIFs/240801_HumanMP_Control_0103.tif,vit_l_em_organelles,4.597,0.0,0.0,0.0,0.0,0.0,0.999384,0.999968,0,543,9793,16766880,9793,543,606100,0.016157,0.0,0.0,ok
microsam_vit_l_em_organelles,ld,empiar_13420_macrophage_a431,MacrophageSEM,240801_00168,partial,6,FIB/240801_HumanMP_Control/dataset/TIFs/240801_HumanMP_Control_0137.tif,vit_l_em_organelles,4.828,0.0,0.0,0.0,0.0,0.0,0.999039,0.999574,0,7148,8973,16761095,8973,7148,740715,0.012114,0.0,0.0,ok
microsam_vit_l_em_organelles,ld,empiar_13420_macrophage_a431,MacrophageSEM,240801_00169,partial,6,FIB/240801_HumanMP_Control/dataset/TIFs/240801_HumanMP_Control_0137.tif,vit_l_em_organelles,4.582,0.0,0.0,0.0,0.0,0.0,0.999051,0.999586,0,6946,8973,16761297,8973,6946,647805,0.013851,0.0,0.0,ok
microsam_vit_l_em_organelles,ld,empiar_13420_macrophage_a431,MacrophageSEM,240801_00170,partial,6,FIB/240801_HumanMP_Control/dataset/TIFs/240801_HumanMP_Control_0171.tif,vit_l_em_organelles,4.586,0.0,0.0,0.0,0.0,0.0,0.998294,0.998708,0,21673,6956,16748587,6956,21673,883272,0.007875,0.0,0.0,ok
microsam_vit_l_em_organelles,ld,empiar_13420_macrophage_a431,MacrophageSEM,240801_00171,partial,6,FIB/240801_HumanMP_Control/dataset/TIFs/240801_HumanMP_Control_0171.tif,vit_l_em_organelles,5.494,0.0,0.0,0.0,0.0,0.0,0.998321,0.998735,0,21206,6956,16749054,6956,21206,713232,0.009753,0.0,0.0,ok
microsam_vit_l_em_organelles,ld,empiar_13420_macrophage_a431,MacrophageSEM,240801_00172,partial,6,FIB/240801_HumanMP_Control/dataset/TIFs/240801_HumanMP_Control_0205.tif,vit_l_em_organelles,4.808,0.0,0.0,0.0,0.0,0.0,0.997218,0.997772,0,37355,9327,16730534,9327,37355,1023050,0.009117,0.0,0.0,ok
microsam_vit_l_em_organelles,ld,empiar_13420_macrophage_a431,MacrophageSEM,240801_00173,partial,6,FIB/240801_HumanMP_Control/dataset/TIFs/240801_HumanMP_Control_0205.tif,vit_l_em_organelles,4.605,0.0,0.0,0.0,0.0,0.0,0.997279,0.997833,0,36330,9327,16731559,9327,36330,862840,0.01081,0.0,0.0,ok
microsam_vit_l_em_organelles,ld,empiar_13420_macrophage_a431,MacrophageSEM,240801_00174,partial,6,FIB/240801_HumanMP_Control/dataset/TIFs/240801_HumanMP_Control_0239.tif,vit_l_em_organelles,4.602,0.0,0.0,0.0,0.0,0.0,0.996744,0.997935,0,34601,20033,16722582,20033,34601,1137776,0.017607,0.0,0.0,ok
microsam_vit_l_em_organelles,ld,empiar_13420_macrophage_a431,MacrophageSEM,240801_00175,partial,6,FIB/240801_HumanMP_Control/dataset/TIFs/240801_HumanMP_Control_0239.tif,vit_l_em_organelles,4.57,0.0,0.0,0.0,0.0,0.0,0.99681,0.998002,0,33485,20033,16723698,20033,33485,908792,0.022044,0.0,0.0,ok
microsam_vit_l_em_organelles,ld,empiar_13420_macrophage_a431,MacrophageSEM,240801_00176,partial,6,FIB/240801_HumanMP_Control/dataset/TIFs/240801_HumanMP_Control_0273.tif,vit_l_em_organelles,4.634,0.0,0.0,0.0,0.0,0.0,0.995679,0.99723,0,46394,26102,16704720,26102,46394,1216116,0.021463,0.0,0.0,ok
microsam_vit_l_em_organelles,ld,empiar_13420_macrophage_a431,MacrophageSEM,240801_00177,partial,6,FIB/240801_HumanMP_Control/dataset/TIFs/240801_HumanMP_Control_0273.tif,vit_l_em_organelles,5.375,0.0,0.0,0.0,0.0,0.0,0.99573,0.997282,0,45531,26102,16705583,26102,45531,990231,0.02636,0.0,0.0,ok
microsam_vit_l_em_organelles,ld,empiar_13420_macrophage_a431,MacrophageSEM,240801_00178,partial,6,FIB/240801_HumanMP_Control/dataset/TIFs/240801_HumanMP_Control_0307.tif,vit_l_em_organelles,4.865,0.0,0.0,0.0,0.0,0.0,0.994989,0.995989,0,67234,16836,16693146,16836,67234,1278000,0.013174,0.0,0.0,ok
microsam_vit_l_em_organelles,ld,empiar_13420_macrophage_a431,MacrophageSEM,240801_00179,partial,6,FIB/240801_HumanMP_Control/dataset/TIFs/240801_HumanMP_Control_0307.tif,vit_l_em_organelles,4.649,0.0,0.0,0.0,0.0,0.0,0.994912,0.995912,0,68521,16836,16691859,16836,68521,1037736,0.016224,0.0,0.0,ok
microsam_vit_l_em_organelles,ld,empiar_13420_macrophage_a431,MacrophageSEM,240801_00180,partial,6,FIB/240801_HumanMP_Control/dataset/TIFs/240801_HumanMP_Control_0341.tif,vit_l_em_organelles,4.61,0.0,0.0,0.0,0.0,0.0,0.995391,0.997273,0,45660,31668,16699888,31668,45660,1494716,0.021187,0.0,0.0,ok
microsam_vit_l_em_organelles,ld,empiar_13420_macrophage_a431,MacrophageSEM,240801_00181,partial,6,FIB/240801_HumanMP_Control/dataset/TIFs/240801_HumanMP_Control_0341.tif,vit_l_em_organelles,4.61,0.0,0.0,0.0,0.0,0.0,0.995506,0.997389,0,43726,31668,16701822,31668,43726,1248772,0.025359,0.0,0.0,ok
microsam_vit_l_em_organelles,ld,empiar_13420_macrophage_a431,MacrophageSEM,240801_00182,partial,6,FIB/240801_HumanMP_Control/dataset/TIFs/240801_HumanMP_Control_0375.tif,vit_l_em_organelles,4.615,0.0,0.0,0.0,0.0,0.0,0.995264,0.996557,0,57693,21762,16697761,21762,57693,1700842,0.012795,0.0,0.0,ok
microsam_vit_l_em_organelles,ld,empiar_13420_macrophage_a431,MacrophageSEM,240801_00183,partial,6,FIB/240801_HumanMP_Control/dataset/TIFs/240801_HumanMP_Control_0375.tif,vit_l_em_organelles,5.465,0.0,0.0,0.0,0.0,0.0,0.995662,0.996899,0,51956,20828,16704432,20828,51956,1427660,0.014589,0.0,0.0,ok
microsam_vit_l_em_organelles,ld,empiar_13420_macrophage_a431,MacrophageSEM,240801_00184,partial,6,FIB/240801_HumanMP_Control/dataset/TIFs/240801_HumanMP_Control_0409.tif,vit_l_em_organelles,4.865,0.0,0.0,0.0,0.0,0.0,0.995231,0.996191,0,63844,16162,16697210,16162,63844,1752699,0.009221,0.0,0.0,ok
microsam_vit_l_em_organelles,ld,empiar_13420_macrophage_a431,MacrophageSEM,240801_00185,partial,6,FIB/240801_HumanMP_Control/dataset/TIFs/240801_HumanMP_Control_0409.tif,vit_l_em_organelles,4.801,0.0,0.0,0.0,0.0,0.0,0.995529,0.996301,0,62007,12996,16702213,12996,62007,1460160,0.0089,0.0,0.0,ok
microsam_vit_l_em_organelles,ld,empiar_13420_macrophage_a431,MacrophageSEM,240801_00186,partial,6,FIB/240801_HumanMP_Control/dataset/TIFs/240801_HumanMP_Control_0443.tif,vit_l_em_organelles,4.616,6.1e-05,3.1e-05,4.8e-05,8.3e-05,6.1e-05,0.992196,0.995044,4,82910,48019,16646283,48023,82914,1756050,0.027347,0.0,0.008961,ok
microsam_vit_l_em_organelles,ld,empiar_13420_macrophage_a431,MacrophageSEM,240801_00187,partial,6,FIB/240801_HumanMP_Control/dataset/TIFs/240801_HumanMP_Control_0443.tif,vit_l_em_organelles,4.616,0.000418,0.000209,0.000311,0.000637,0.000418,0.992588,0.995005,26,83596,40762,16652832,40788,83622,1467956,0.027786,0.0,0.010916,ok
microsam_vit_l_em_organelles,ld,empiar_13420_macrophage_a431,MacrophageSEM,240801_00188,partial,6,FIB/240801_HumanMP_Control/dataset/TIFs/240801_HumanMP_Control_0477.tif,vit_l_em_organelles,4.63,0.0,0.0,0.0,0.0,0.0,0.992163,0.994046,0,99703,31772,16645741,31772,99703,1745920,0.018198,0.0,0.003125,ok
microsam_vit_l_em_organelles,ld,empiar_13420_macrophage_a431,MacrophageSEM,240801_00189,partial,6,FIB/240801_HumanMP_Control/dataset/TIFs/240801_HumanMP_Control_0477.tif,vit_l_em_organelles,5.195,0.0,0.0,0.0,0.0,0.0,0.992515,0.994173,0,97590,27988,16651638,27988,97590,1478656,0.018928,0.0,0.004068,ok
microsam_vit_l_em_organelles,ld,empiar_13420_macrophage_a431,MacrophageSEM,240801_00190,partial,6,FIB/240801_HumanMP_Control/dataset/TIFs/240801_HumanMP_Control_0511.tif,vit_l_em_organelles,4.863,0.006024,0.003021,0.003869,0.013605,0.006024,0.992801,0.994374,366,94239,26535,16656076,26901,94605,2242640,0.011995,0.018541,0.027263,ok
microsam_vit_l_em_organelles,ld,empiar_13420_macrophage_a431,MacrophageSEM,240801_00191,partial,6,FIB/240801_HumanMP_Control/dataset/TIFs/240801_HumanMP_Control_0511.tif,vit_l_em_organelles,4.744,0.0,0.0,0.0,0.0,0.0,0.993948,0.995012,0,83600,17941,16675675,17941,83600,1664640,0.010778,0.0,0.005988,ok
microsam_vit_l_em_organelles,ld,empiar_13420_macrophage_a431,MacrophageSEM,240801_00192,partial,6,FIB/240801_HumanMP_Control/dataset/TIFs/240801_HumanMP_Control_0545.tif,vit_l_em_organelles,4.59,0.0,0.0,0.0,0.0,0.0,0.991919,0.994088,0,98968,36611,16641637,36611,98968,2207238,0.016587,0.0,0.001159,ok
microsam_vit_l_em_organelles,ld,empiar_13420_macrophage_a431,MacrophageSEM,240801_00193,partial,6,FIB/240801_HumanMP_Control/dataset/TIFs/240801_HumanMP_Control_0545.tif,vit_l_em_organelles,4.566,0.0,0.0,0.0,0.0,0.0,0.993367,0.995222,0,80016,31262,16665938,31262,80016,1684870,0.018555,0.0,0.002687,ok
microsam_vit_l_em_organelles,ld,empiar_13420_macrophage_a431,MacrophageSEM,240801_00194,partial,6,FIB/240801_HumanMP_Control/dataset/TIFs/240801_HumanMP_Control_0579.tif,vit_l_em_organelles,4.687,0.0,0.0,0.0,0.0,0.0,0.989976,0.99276,0,121118,47065,16609033,47065,121118,2585184,0.018206,0.0,0.009209,ok
microsam_vit_l_em_organelles,ld,empiar_13420_macrophage_a431,MacrophageSEM,240801_00195,partial,6,FIB/240801_HumanMP_Control/dataset/TIFs/240801_HumanMP_Control_0579.tif,vit_l_em_organelles,4.917,0.0,0.0,0.0,0.0,0.0,0.991009,0.993551,0,107921,42919,16626376,42919,107921,1938048,0.022145,0.0,0.006961,ok
microsam_vit_l_em_organelles,ld,empiar_13420_macrophage_a431,MacrophageSEM,240801_00196,partial,6,FIB/240801_HumanMP_Control/dataset/TIFs/240801_HumanMP_Control_0613.tif,vit_l_em_organelles,4.83,4.3e-05,2.2e-05,3.1e-05,7.3e-05,4.3e-05,0.991736,0.994169,3,97596,41046,16638571,41049,97599,2465120,0.016652,0.0,0.009747,ok
microsam_vit_l_em_organelles,ld,empiar_13420_macrophage_a431,MacrophageSEM,240801_00197,partial,6,FIB/240801_HumanMP_Control/dataset/TIFs/240801_HumanMP_Control_0613.tif,vit_l_em_organelles,4.826,0.0,0.0,0.0,0.0,0.0,0.992694,0.995017,0,83401,39166,16654649,39166,83401,1791800,0.021858,0.0,0.008091,ok
microsam_vit_l_em_organelles,ld,empiar_13420_macrophage_a431,MacrophageSEM,240801_00198,partial,6,FIB/240801_HumanMP_Control/dataset/TIFs/240801_HumanMP_Control_0647.tif,vit_l_em_organelles,4.638,0.0,0.0,0.0,0.0,0.0,0.990382,0.993772,0,104140,57218,16615858,57218,104140,2485158,0.023024,0.0,0.002885,ok
microsam_vit_l_em_organelles,ld,empiar_13420_macrophage_a431,MacrophageSEM,240801_00199,partial,6,FIB/240801_HumanMP_Control/dataset/TIFs/240801_HumanMP_Control_0647.tif,vit_l_em_organelles,4.597,0.0,0.0,0.0,0.0,0.0,0.990684,0.994074,0,99086,57218,16620912,57218,99086,1814811,0.031528,0.0,0.0,ok
microsam_vit_l_em_organelles,ld,empiar_13420_macrophage_a431,MacrophageSEM,240801_00200,partial,6,FIB/240801_HumanMP_Control/dataset/TIFs/240801_HumanMP_Control_0681.tif,vit_l_em_organelles,5.338,0.0,0.0,0.0,0.0,0.0,0.990711,0.992436,0,126687,29155,16621374,29155,126687,2480478,0.011754,0.0,0.0,ok
microsam_vit_l_em_organelles,ld,empiar_13420_macrophage_a431,MacrophageSEM,240801_00201,partial,6,FIB/240801_HumanMP_Control/dataset/TIFs/240801_HumanMP_Control_0681.tif,vit_l_em_organelles,4.935,0.0,0.0,0.0,0.0,0.0,0.991701,0.993366,0,111115,28113,16637988,28113,111115,2176512,0.012917,0.0,0.0,ok
microsam_vit_l_em_organelles,ld,empiar_13420_macrophage_a431,MacrophageSEM,240801_00202,partial,6,FIB/240801_HumanMP_Control/dataset/TIFs/240801_HumanMP_Control_0715.tif,vit_l_em_organelles,4.6,0.0,0.0,0.0,0.0,0.0,0.991461,0.992108,0,132323,10938,16633955,10938,132323,2448368,0.004467,0.0,0.0,ok
microsam_vit_l_em_organelles,ld,empiar_13420_macrophage_a431,MacrophageSEM,240801_00203,partial,6,FIB/240801_HumanMP_Control/dataset/TIFs/240801_HumanMP_Control_0715.tif,vit_l_em_organelles,4.751,0.0,0.0,0.0,0.0,0.0,0.992739,0.99323,0,113521,8301,16655394,8301,113521,2220489,0.003738,0.0,0.0,ok
microsam_vit_l_em_organelles,ld,empiar_13420_macrophage_a431,MacrophageSEM,240801_00204,partial,6,FIB/240801_HumanMP_Control/dataset/TIFs/240801_HumanMP_Control_0749.tif,vit_l_em_organelles,4.621,0.0,0.0,0.0,0.0,0.0,0.992272,0.993804,0,103785,25863,16647568,25863,103785,2626840,0.009846,0.0,0.0,ok
microsam_vit_l_em_organelles,ld,empiar_13420_macrophage_a431,MacrophageSEM,240801_00205,partial,6,FIB/240801_HumanMP_Control/dataset/TIFs/240801_HumanMP_Control_0749.tif,vit_l_em_organelles,4.583,0.0,0.0,0.0,0.0,0.0,0.99292,0.993821,0,103580,15197,16658439,15197,103580,2334996,0.006508,0.0,0.001103,ok
microsam_vit_l_em_organelles,ld,empiar_13420_macrophage_a431,MacrophageSEM,240801_00206,partial,6,FIB/240801_HumanMP_Control/dataset/TIFs/240801_HumanMP_Control_0783.tif,vit_l_em_organelles,5.413,0.0,0.0,0.0,0.0,0.0,0.99084,0.992351,0,128135,25545,16623536,25545,128135,2672901,0.009557,0.0,0.0,ok
microsam_vit_l_em_organelles,ld,empiar_13420_macrophage_a431,MacrophageSEM,240801_00207,partial,6,FIB/240801_HumanMP_Control/dataset/TIFs/240801_HumanMP_Control_0783.tif,vit_l_em_organelles,5.145,0.0,0.0,0.0,0.0,0.0,0.991947,0.993174,0,114379,20736,16642101,20736,114379,2435084,0.008516,0.0,0.0,ok
microsam_vit_l_em_organelles,ld,empiar_13420_macrophage_a431,MacrophageSEM,240801_00208,partial,6,FIB/240801_HumanMP_Control/dataset/TIFs/240801_HumanMP_Control_0817.tif,vit_l_em_organelles,4.657,0.0,0.0,0.0,0.0,0.0,0.991262,0.991516,0,142295,4296,16630625,4296,142295,2651307,0.00162,0.0,0.0,ok
microsam_vit_l_em_organelles,ld,empiar_13420_macrophage_a431,MacrophageSEM,240801_00209,partial,6,FIB/240801_HumanMP_Control/dataset/TIFs/240801_HumanMP_Control_0817.tif,vit_l_em_organelles,4.769,0.0,0.0,0.0,0.0,0.0,0.992046,0.9923,0,129152,4296,16643768,4296,129152,2459082,0.001747,0.0,0.0,ok
microsam_vit_l_em_organelles,ld,empiar_13420_macrophage_a431,MacrophageSEM,240801_00210,partial,6,FIB/240801_HumanMP_Control/dataset/TIFs/240801_HumanMP_Control_0851.tif,vit_l_em_organelles,4.622,0.0,0.0,0.0,0.0,0.0,0.988092,0.989838,0,170190,29589,16577437,29589,170190,2804960,0.010549,0.0,0.004845,ok
microsam_vit_l_em_organelles,ld,empiar_13420_macrophage_a431,MacrophageSEM,240801_00211,partial,6,FIB/240801_HumanMP_Control/dataset/TIFs/240801_HumanMP_Control_0851.tif,vit_l_em_organelles,4.597,0.0,0.0,0.0,0.0,0.0,0.990422,0.991014,0,150662,10031,16616523,10031,150662,2614730,0.003836,0.0,0.004267,ok
microsam_vit_l_em_organelles,ld,empiar_13420_macrophage_a431,MacrophageSEM,240801_00212,partial,6,FIB/240801_HumanMP_Control/dataset/TIFs/240801_HumanMP_Control_0885.tif,vit_l_em_organelles,5.071,0.0,0.0,0.0,0.0,0.0,0.990979,0.992257,0,129739,21613,16625864,21613,129739,2668383,0.0081,0.0,0.000871,ok
microsam_vit_l_em_organelles,ld,empiar_13420_macrophage_a431,MacrophageSEM,240801_00213,partial,6,FIB/240801_HumanMP_Control/dataset/TIFs/240801_HumanMP_Control_0885.tif,vit_l_em_organelles,4.852,0.012659,0.00637,0.006763,0.09883,0.012659,0.992227,0.992678,836,122782,7623,16645975,8459,123618,2500587,0.003383,0.007313,0.021102,ok
microsam_vit_l_em_organelles,ld,empiar_13420_macrophage_a431,MacrophageSEM,240801_00214,partial,6,FIB/240801_HumanMP_Control/dataset/TIFs/240801_HumanMP_Control_0919.tif,vit_l_em_organelles,4.64,0.0,0.0,0.0,0.0,0.0,0.989782,0.989902,0,169397,2038,16605781,2038,169397,2714855,0.000751,0.0,0.0,ok
microsam_vit_l_em_organelles,ld,empiar_13420_macrophage_a431,MacrophageSEM,240801_00215,partial,6,FIB/240801_HumanMP_Control/dataset/TIFs/240801_HumanMP_Control_0919.tif,vit_l_em_organelles,4.855,0.0,0.0,0.0,0.0,0.0,0.990999,0.99128,0,146254,4751,16626211,4751,146254,2494284,0.001905,0.0,0.0,ok
microsam_vit_l_em_organelles,ld,empiar_13420_macrophage_a431,MacrophageSEM,240801_00216,partial,6,FIB/240801_HumanMP_Control/dataset/TIFs/240801_HumanMP_Control_0953.tif,vit_l_em_organelles,4.603,0.0,0.0,0.0,0.0,0.0,0.989873,0.991951,0,134759,35136,16607321,35136,134759,2635357,0.013333,0.0,0.0,ok
microsam_vit_l_em_organelles,ld,empiar_13420_macrophage_a431,MacrophageSEM,240801_00217,partial,6,FIB/240801_HumanMP_Control/dataset/TIFs/240801_HumanMP_Control_0953.tif,vit_l_em_organelles,4.61,0.0,0.0,0.0,0.0,0.0,0.99079,0.991771,0,137929,16590,16622697,16590,137929,2375176,0.006985,0.0,0.0,ok
microsam_vit_l_em_organelles,ld,empiar_13420_macrophage_a431,MacrophageSEM,240801_00218,partial,6,FIB/240801_HumanMP_Control/dataset/TIFs/240801_HumanMP_Control_0987.tif,vit_l_em_organelles,4.648,0.0,0.0,0.0,0.0,0.0,0.991693,0.992707,0,122232,17135,16637849,17135,122232,2738960,0.006256,0.0,0.0,ok
microsam_vit_l_em_organelles,ld,empiar_13420_macrophage_a431,MacrophageSEM,240801_00219,partial,6,FIB/240801_HumanMP_Control/dataset/TIFs/240801_HumanMP_Control_0987.tif,vit_l_em_organelles,4.581,0.0,0.0,0.0,0.0,0.0,0.992652,0.992906,0,118986,4298,16653932,4298,118986,2573250,0.00167,0.0,0.0,ok
microsam_vit_l_em_organelles,ld,empiar_13420_macrophage_a431,MacrophageSEM,240801_00220,partial,6,FIB/240801_HumanMP_Control/dataset/TIFs/240801_HumanMP_Control_1021.tif,vit_l_em_organelles,4.61,0.0,0.0,0.0,0.0,0.0,0.991064,0.991803,0,137426,12491,16627299,12491,137426,2923074,0.004273,0.0,0.0,ok
microsam_vit_l_em_organelles,ld,empiar_13420_macrophage_a431,MacrophageSEM,240801_00221,partial,6,FIB/240801_HumanMP_Control/dataset/TIFs/240801_HumanMP_Control_1021.tif,vit_l_em_organelles,4.817,0.0,0.0,0.0,0.0,0.0,0.991235,0.991656,0,139934,7119,16630163,7119,139934,2722506,0.002615,0.0,0.0,ok
microsam_vit_l_em_organelles,ld,empiar_13420_macrophage_a431,MacrophageSEM,240801_00222,partial,6,FIB/240801_HumanMP_Control/dataset/TIFs/240801_HumanMP_Control_1055.tif,vit_l_em_organelles,4.586,0.0,0.0,0.0,0.0,0.0,0.992752,0.993164,0,114637,6961,16655618,6961,114637,2906370,0.002395,0.0,0.0,ok
microsam_vit_l_em_organelles,ld,empiar_13420_macrophage_a431,MacrophageSEM,240801_00224,partial,6,FIB/240801_HumanMP_Control/dataset/TIFs/240801_HumanMP_Control_1089.tif,vit_l_em_organelles,4.626,0.0,0.0,0.0,0.0,0.0,0.991723,0.992544,0,124987,13879,16638350,13879,124987,2945180,0.004712,0.0,0.006893,ok
microsam_vit_l_em_organelles,ld,empiar_13420_macrophage_a431,MacrophageSEM,240801_00225,partial,6,FIB/240801_HumanMP_Control/dataset/TIFs/240801_HumanMP_Control_1089.tif,vit_l_em_organelles,4.981,0.0,0.0,0.0,0.0,0.0,0.992255,0.992628,0,123633,6309,16647274,6309,123633,2719756,0.00232,0.0,0.0,ok
microsam_vit_l_em_organelles,ld,empiar_13420_macrophage_a431,MacrophageSEM,240801_00226,partial,6,FIB/240801_HumanMP_Control/dataset/TIFs/240801_HumanMP_Control_1123.tif,vit_l_em_organelles,4.872,0.0,0.0,0.0,0.0,0.0,0.993142,0.993579,0,107675,7390,16662151,7390,107675,2983570,0.002477,0.0,0.003446,ok
microsam_vit_l_em_organelles,ld,empiar_13420_macrophage_a431,MacrophageSEM,240801_00227,partial,6,FIB/240801_HumanMP_Control/dataset/TIFs/240801_HumanMP_Control_1123.tif,vit_l_em_organelles,4.608,0.0,0.0,0.0,0.0,0.0,0.992894,0.993155,0,114816,4406,16657994,4406,114816,2738185,0.001609,0.0,0.0,ok
microsam_vit_l_em_organelles,ld,empiar_13420_macrophage_a431,MacrophageSEM,240801_00228,partial,6,FIB/240801_HumanMP_Control/dataset/TIFs/240801_HumanMP_Control_1157.tif,vit_l_em_organelles,4.801,0.0,0.0,0.0,0.0,0.0,0.994174,0.994586,0,90792,6956,16679468,6956,90792,2948024,0.00236,0.0,0.0,ok
microsam_vit_l_em_organelles,ld,empiar_13420_macrophage_a431,MacrophageSEM,240801_00229,partial,6,FIB/240801_HumanMP_Control/dataset/TIFs/240801_HumanMP_Control_1157.tif,vit_l_em_organelles,4.63,0.0,0.0,0.0,0.0,0.0,0.992909,0.993515,0,108727,10248,16658241,10248,108727,2736176,0.003745,0.0,0.0,ok
microsam_vit_l_em_organelles,ld,empiar_13420_macrophage_a431,MacrophageSEM,240801_00230,partial,6,FIB/240801_HumanMP_Control/dataset/TIFs/240801_HumanMP_Control_1191.tif,vit_l_em_organelles,4.61,0.0,0.0,0.0,0.0,0.0,0.993508,0.994366,0,94440,14478,16668298,14478,94440,2936250,0.004931,0.0,0.0,ok
microsam_vit_l_em_organelles,ld,empiar_13420_macrophage_a431,MacrophageSEM,240801_00231,partial,6,FIB/240801_HumanMP_Control/dataset/TIFs/240801_HumanMP_Control_1191.tif,vit_l_em_organelles,4.994,0.0,0.0,0.0,0.0,0.0,0.992985,0.993387,0,110906,6787,16659523,6787,110906,2718576,0.002497,0.0,0.0,ok
microsam_vit_l_em_organelles,ld,empiar_13420_macrophage_a431,MacrophageSEM,240801_00232,partial,6,FIB/240801_HumanMP_Control/dataset/TIFs/240801_HumanMP_Control_1225.tif,vit_l_em_organelles,4.714,0.0,0.0,0.0,0.0,0.0,0.992017,0.993118,0,115325,18609,16643282,18609,115325,3230850,0.00576,0.0,0.0,ok
microsam_vit_l_em_organelles,ld,empiar_13420_macrophage_a431,MacrophageSEM,240801_00233,partial,6,FIB/240801_HumanMP_Control/dataset/TIFs/240801_HumanMP_Control_1225.tif,vit_l_em_organelles,4.542,0.0,0.0,0.0,0.0,0.0,0.991927,0.992597,0,124122,11328,16641766,11328,124122,3120350,0.00363,0.0,0.0,ok
microsam_vit_l_em_organelles,ld,empiar_13420_macrophage_a431,MacrophageSEM,240801_00234,partial,6,FIB/240801_HumanMP_Control/dataset/TIFs/240801_HumanMP_Control_1259.tif,vit_l_em_organelles,4.84,0.0,0.0,0.0,0.0,0.0,0.994911,0.995945,0,67957,17426,16691833,17426,67957,3271632,0.005326,0.0,0.007918,ok
microsam_vit_l_em_organelles,ld,empiar_13420_macrophage_a431,MacrophageSEM,240801_00235,partial,6,FIB/240801_HumanMP_Control/dataset/TIFs/240801_HumanMP_Control_1259.tif,vit_l_em_organelles,4.552,0.0,0.0,0.0,0.0,0.0,0.993153,0.994401,0,93824,21056,16662336,21056,93824,3143232,0.006699,0.0,0.0,ok
microsam_vit_l_em_organelles,ld,empiar_13420_macrophage_a431,MacrophageSEM,240801_00236,partial,6,FIB/240801_HumanMP_Control/dataset/TIFs/240801_HumanMP_Control_1293.tif,vit_l_em_organelles,4.602,0.0,0.0,0.0,0.0,0.0,0.995124,0.995355,0,77917,3895,16695404,3895,77917,3567375,0.001092,0.0,0.0,ok
microsam_vit_l_em_organelles,ld,empiar_13420_macrophage_a431,MacrophageSEM,240801_00239,partial,6,FIB/240801_HumanMP_Control/dataset/TIFs/240801_HumanMP_Control_1327.tif,vit_l_em_organelles,5.392,0.001391,0.000696,0.000701,0.088312,0.001391,0.994182,0.994224,68,96908,702,16679538,770,96976,3112160,0.000247,0.011696,0.007022,ok
microsam_vit_l_em_organelles,ld,empiar_13420_macrophage_a431,MacrophageSEM,240801_00240,partial,6,FIB/240801_HumanMP_Control/dataset/TIFs/240801_HumanMP_Control_1361.tif,vit_l_em_organelles,4.892,0.0,0.0,0.0,0.0,0.0,0.994814,0.9951,0,82193,4810,16690213,4810,82193,3211494,0.001498,0.0,0.0,ok
microsam_vit_l_em_organelles,ld,empiar_13420_macrophage_a431,MacrophageSEM,240801_00241,partial,6,FIB/240801_HumanMP_Control/dataset/TIFs/240801_HumanMP_Control_1361.tif,vit_l_em_organelles,4.628,0.0,0.0,0.0,0.0,0.0,0.992801,0.993022,0,117046,3737,16656433,3737,117046,3108490,0.001202,0.0,0.001039,ok
microsam_vit_l_em_organelles,ld,empiar_13420_macrophage_a431,MacrophageSEM,240801_00242,partial,6,FIB/240801_HumanMP_Control/dataset/TIFs/240801_HumanMP_Control_1395.tif,vit_l_em_organelles,4.655,0.0,0.0,0.0,0.0,0.0,0.995929,0.996281,0,62378,5919,16708919,5919,62378,3218708,0.001839,0.0,0.0,ok
microsam_vit_l_em_organelles,ld,empiar_13420_macrophage_a431,MacrophageSEM,240801_00243,partial,6,FIB/240801_HumanMP_Control/dataset/TIFs/240801_HumanMP_Control_1395.tif,vit_l_em_organelles,4.626,0.0,0.0,0.0,0.0,0.0,0.994896,0.995187,0,80727,4903,16691586,4903,80727,3175038,0.001544,0.0,0.0,ok
microsam_vit_l_em_organelles,ld,empiar_13420_macrophage_a431,MacrophageSEM,240801_00244,partial,6,FIB/240801_HumanMP_Control/dataset/TIFs/240801_HumanMP_Control_1429.tif,vit_l_em_organelles,4.625,0.0,0.0,0.0,0.0,0.0,0.996901,0.997582,0,40534,11463,16725219,11463,40534,3303445,0.00347,0.0,0.0,ok
microsam_vit_l_em_organelles,ld,empiar_13420_macrophage_a431,MacrophageSEM,240801_00245,partial,6,FIB/240801_HumanMP_Control/dataset/TIFs/240801_HumanMP_Control_1429.tif,vit_l_em_organelles,5.115,0.0,0.0,0.0,0.0,0.0,0.996561,0.996867,0,52545,5159,16719512,5159,52545,3328911,0.00155,0.0,0.0,ok
microsam_vit_l_em_organelles,ld,empiar_13420_macrophage_a431,MacrophageSEM,240801_00246,partial,6,FIB/240801_HumanMP_Control/dataset/TIFs/240801_HumanMP_Control_1463.tif,vit_l_em_organelles,4.892,0.0,0.0,0.0,0.0,0.0,0.99687,0.997297,0,45328,7177,16724711,7177,45328,3136481,0.002288,0.0,0.0,ok
microsam_vit_l_em_organelles,ld,empiar_13420_macrophage_a431,MacrophageSEM,240801_00247,partial,6,FIB/240801_HumanMP_Control/dataset/TIFs/240801_HumanMP_Control_1463.tif,vit_l_em_organelles,4.811,0.0,0.0,0.0,0.0,0.0,0.995866,0.996194,0,63830,5528,16707858,5528,63830,3186650,0.001735,0.0,0.0,ok
microsam_vit_l_em_organelles,ld,empiar_13420_macrophage_a431,MacrophageSEM,240801_00248,partial,6,FIB/240801_HumanMP_Control/dataset/TIFs/240801_HumanMP_Control_1497.tif,vit_l_em_organelles,4.655,0.0,0.0,0.0,0.0,0.0,0.996864,0.997325,0,44866,7750,16724600,7750,44866,3103836,0.002497,0.0,0.0,ok
microsam_vit_l_em_organelles,ld,empiar_13420_macrophage_a431,MacrophageSEM,240801_00249,partial,6,FIB/240801_HumanMP_Control/dataset/TIFs/240801_HumanMP_Control_1497.tif,vit_l_em_organelles,4.616,0.0,0.0,0.0,0.0,0.0,0.996477,0.996776,0,54081,5029,16718106,5029,54081,3179664,0.001582,0.0,0.0,ok
microsam_vit_l_em_organelles,ld,empiar_13420_macrophage_a431,MacrophageSEM,240801_00250,partial,6,FIB/240801_HumanMP_Control/dataset/TIFs/240801_HumanMP_Control_1531.tif,vit_l_em_organelles,4.624,0.0,0.0,0.0,0.0,0.0,0.996075,0.996325,0,61648,4205,16711363,4205,61648,3084648,0.001363,0.0,0.0,ok
microsam_vit_l_em_organelles,ld,empiar_13420_macrophage_a431,MacrophageSEM,240801_00251,partial,6,FIB/240801_HumanMP_Control/dataset/TIFs/240801_HumanMP_Control_1531.tif,vit_l_em_organelles,4.961,0.001322,0.000661,0.000813,0.003532,0.001322,0.995227,0.996115,53,65118,14954,16697091,15007,65171,3165844,0.00474,0.0,0.015349,ok
microsam_vit_l_em_organelles,ld,empiar_13420_macrophage_a431,MacrophageSEM,240801_00252,partial,6,FIB/240801_HumanMP_Control/dataset/TIFs/240801_HumanMP_Control_1565.tif,vit_l_em_organelles,4.877,0.0,0.0,0.0,0.0,0.0,0.996285,0.996628,0,56557,5768,16714891,5768,56557,3078800,0.001873,0.0,0.0,ok
microsam_vit_l_em_organelles,ld,empiar_13420_macrophage_a431,MacrophageSEM,240801_00253,partial,6,FIB/240801_HumanMP_Control/dataset/TIFs/240801_HumanMP_Control_1565.tif,vit_l_em_organelles,4.67,0.0,0.0,0.0,0.0,0.0,0.995414,0.995549,0,74661,2274,16700281,2274,74661,3202500,0.00071,0.0,0.0,ok
microsam_vit_l_em_organelles,ld,empiar_13420_macrophage_a431,MacrophageSEM,240801_00254,partial,6,FIB/240801_HumanMP_Control/dataset/TIFs/240801_HumanMP_Control_1599.tif,vit_l_em_organelles,4.683,0.0,0.0,0.0,0.0,0.0,0.996465,0.997296,0,45324,13985,16717907,13985,45324,2975232,0.0047,0.0,0.0,ok
microsam_vit_l_em_organelles,ld,empiar_13420_macrophage_a431,MacrophageSEM,240801_00255,partial,6,FIB/240801_HumanMP_Control/dataset/TIFs/240801_HumanMP_Control_1599.tif,vit_l_em_organelles,4.651,0.0,0.0,0.0,0.0,0.0,0.994516,0.994846,0,86435,5569,16685212,5569,86435,3407872,0.001634,0.0,0.00551,ok
microsam_vit_l_em_organelles,ld,empiar_13420_macrophage_a431,MacrophageSEM,240801_00256,partial,6,FIB/240801_HumanMP_Control/dataset/TIFs/240801_HumanMP_Control_1633.tif,vit_l_em_organelles,4.64,0.0,0.0,0.0,0.0,0.0,0.997655,0.998038,0,32912,6427,16737877,6427,32912,2993475,0.002147,0.0,0.0,ok
microsam_vit_l_em_organelles,ld,empiar_13420_macrophage_a431,MacrophageSEM,240801_00257,partial,6,FIB/240801_HumanMP_Control/dataset/TIFs/240801_HumanMP_Control_1633.tif,vit_l_em_organelles,4.867,0.0,0.0,0.0,0.0,0.0,0.995677,0.996314,0,61797,10730,16704689,10730,61797,3407872,0.003149,0.0,0.0,ok
microsam_vit_l_em_organelles,ld,empiar_13420_macrophage_a431,MacrophageSEM,240801_00258,partial,6,FIB/240801_HumanMP_Control/dataset/TIFs/240801_HumanMP_Control_1667.tif,vit_l_em_organelles,4.745,0.0,0.0,0.0,0.0,0.0,0.997382,0.997625,0,39835,4092,16733289,4092,39835,2991626,0.001368,0.0,0.0,ok
microsam_vit_l_em_organelles,ld,empiar_13420_macrophage_a431,MacrophageSEM,240801_00259,partial,6,FIB/240801_HumanMP_Control/dataset/TIFs/240801_HumanMP_Control_1667.tif,vit_l_em_organelles,4.862,0.0,0.0,0.0,0.0,0.0,0.992064,0.99295,0,118172,14964,16644080,14964,118172,3411968,0.004386,0.0,0.0,ok
microsam_vit_l_em_organelles,ld,empiar_13420_macrophage_a431,MacrophageSEM,240801_00261,partial,6,FIB/240801_HumanMP_Control/dataset/TIFs/240801_HumanMP_Control_1701.tif,vit_l_em_organelles,4.64,0.0,0.0,0.0,0.0,0.0,0.993754,0.99425,0,96423,8374,16672419,8374,96423,3481600,0.002405,0.0,0.00716,ok
microsam_vit_l_em_organelles,ld,empiar_13420_macrophage_a431,MacrophageSEM,240801_00263,partial,6,FIB/240801_HumanMP_Control/dataset/TIFs/240801_HumanMP_Control_1735.tif,vit_l_em_organelles,4.695,0.0,0.0,0.0,0.0,0.0,0.994629,0.994832,0,86692,3417,16687107,3417,86692,3469312,0.000985,0.0,0.005908,ok
microsam_vit_l_em_organelles,ld,empiar_13420_macrophage_a431,MacrophageSEM,240801_00264,partial,6,FIB/240801_HumanMP_Control/dataset/TIFs/240801_HumanMP_Control_1769.tif,vit_l_em_organelles,5.427,0.0,0.0,0.0,0.0,0.0,0.996699,0.997285,0,45523,9854,16721839,9854,45523,3022821,0.00326,0.0,0.0,ok
microsam_vit_l_em_organelles,ld,empiar_13420_macrophage_a431,MacrophageSEM,240801_00265,partial,6,FIB/240801_HumanMP_Control/dataset/TIFs/240801_HumanMP_Control_1769.tif,vit_l_em_organelles,5.286,6e-05,3e-05,3.8e-05,0.000142,6e-05,0.994086,0.995339,3,78107,21116,16677990,21119,78110,3510272,0.006016,0.0,0.01738,ok
microsam_vit_l_em_organelles,ld,empiar_13420_macrophage_a431,MacrophageSEM,240801_00266,partial,6,FIB/240801_HumanMP_Control/dataset/TIFs/240801_HumanMP_Control_1803.tif,vit_l_em_organelles,4.653,0.0,0.0,0.0,0.0,0.0,0.994825,0.995499,0,75455,11359,16690402,11359,75455,2996072,0.003791,0.0,0.004732,ok
microsam_vit_l_em_organelles,ld,empiar_13420_macrophage_a431,MacrophageSEM,240801_00267,partial,6,FIB/240801_HumanMP_Control/dataset/TIFs/240801_HumanMP_Control_1803.tif,vit_l_em_organelles,4.627,0.0,0.0,0.0,0.0,0.0,0.992926,0.994386,0,94048,24626,16658542,24626,94048,3510272,0.007015,0.0,0.0,ok
microsam_vit_l_em_organelles,ld,empiar_13420_macrophage_a431,MacrophageSEM,240801_00268,partial,6,FIB/240801_HumanMP_Control/dataset/TIFs/240801_HumanMP_Control_1837.tif,vit_l_em_organelles,4.672,0.0,0.0,0.0,0.0,0.0,0.996312,0.996468,0,59248,2630,16715338,2630,59248,3336985,0.000788,0.0,0.0,ok
microsam_vit_l_em_organelles,ld,empiar_13420_macrophage_a431,MacrophageSEM,240801_00269,partial,6,FIB/240801_HumanMP_Control/dataset/TIFs/240801_HumanMP_Control_1837.tif,vit_l_em_organelles,4.64,0.000326,0.000163,0.000195,0.000998,0.000326,0.993428,0.994496,18,92236,18019,16666943,18037,92254,3555328,0.005073,0.0,0.014076,ok
microsam_vit_l_em_organelles,ld,empiar_13420_macrophage_a431,MacrophageSEM,240801_00270,partial,6,FIB/240801_HumanMP_Control/dataset/TIFs/240801_HumanMP_Control_1871.tif,vit_l_em_organelles,5.064,0.0,0.0,0.0,0.0,0.0,0.994465,0.995506,0,75311,17558,16684347,17558,75311,3233160,0.005431,0.0,0.0,ok
microsam_vit_l_em_organelles,ld,empiar_13420_macrophage_a431,MacrophageSEM,240801_00271,partial,6,FIB/240801_HumanMP_Control/dataset/TIFs/240801_HumanMP_Control_1871.tif,vit_l_em_organelles,5.079,0.0,0.0,0.0,0.0,0.0,0.992431,0.99398,0,100842,26151,16650223,26151,100842,3440640,0.007601,0.0,0.0,ok
microsam_vit_l_em_organelles,ld,empiar_13420_macrophage_a431,MacrophageSEM,240801_00272,partial,6,FIB/240801_HumanMP_Control/dataset/TIFs/240801_HumanMP_Control_1905.tif,vit_l_em_organelles,4.622,0.0,0.0,0.0,0.0,0.0,0.996262,0.996551,0,57844,4867,16714505,4867,57844,2959476,0.001645,0.0,0.001947,ok
microsam_vit_l_em_organelles,ld,empiar_13420_macrophage_a431,MacrophageSEM,240801_00273,partial,6,FIB/240801_HumanMP_Control/dataset/TIFs/240801_HumanMP_Control_1905.tif,vit_l_em_organelles,4.648,0.0,0.0,0.0,0.0,0.0,0.992954,0.994204,0,97118,21091,16659007,21091,97118,3248128,0.006493,0.0,0.007852,ok
microsam_vit_l_em_organelles,ld,empiar_13420_macrophage_a431,MacrophageSEM,240801_00274,partial,6,FIB/240801_HumanMP_Control/dataset/TIFs/240801_HumanMP_Control_1939.tif,vit_l_em_organelles,4.571,0.0,0.0,0.0,0.0,0.0,0.996067,0.996554,0,57788,8194,16711234,8194,57788,3102886,0.002641,0.0,0.0,ok
microsam_vit_l_em_organelles,ld,empiar_13420_macrophage_a431,MacrophageSEM,240801_00275,partial,6,FIB/240801_HumanMP_Control/dataset/TIFs/240801_HumanMP_Control_1939.tif,vit_l_em_organelles,4.652,0.0,0.0,0.0,0.0,0.0,0.994965,0.995943,0,67997,16476,16692743,16476,67997,3321856,0.00496,0.0,0.011653,ok
microsam_vit_l_em_organelles,ld,empiar_13420_macrophage_a431,MacrophageSEM,240801_00276,partial,6,FIB/240801_HumanMP_Control/dataset/TIFs/240801_HumanMP_Control_1973.tif,vit_l_em_organelles,5.101,0.0,0.0,0.0,0.0,0.0,0.99601,0.997242,0,46211,20728,16710277,20728,46211,3167710,0.006544,0.0,0.0,ok
microsam_vit_l_em_organelles,ld,empiar_13420_macrophage_a431,MacrophageSEM,240801_00277,partial,6,FIB/240801_HumanMP_Control/dataset/TIFs/240801_HumanMP_Control_1973.tif,vit_l_em_organelles,4.87,0.0,0.0,0.0,0.0,0.0,0.993354,0.995698,0,71998,39503,16665715,39503,71998,3383296,0.011676,0.0,0.015257,ok
microsam_vit_l_em_organelles,ld,empiar_13420_macrophage_a431,MacrophageSEM,240801_00278,partial,6,FIB/240801_HumanMP_Control/dataset/TIFs/240801_HumanMP_Control_2007.tif,vit_l_em_organelles,4.643,0.0,0.0,0.0,0.0,0.0,0.996172,0.998057,0,32541,31684,16712991,31684,32541,3052257,0.010381,0.0,0.009872,ok
microsam_vit_l_em_organelles,ld,empiar_13420_macrophage_a431,MacrophageSEM,240801_00279,partial,6,FIB/240801_HumanMP_Control/dataset/TIFs/240801_HumanMP_Control_2007.tif,vit_l_em_organelles,4.868,0.0,0.0,0.0,0.0,0.0,0.994149,0.996344,0,61202,36954,16679060,36954,61202,3248128,0.011377,0.0,0.0,ok
microsam_vit_l_em_organelles,ld,empiar_13420_macrophage_a431,MacrophageSEM,240801_00280,partial,6,FIB/240801_HumanMP_Control/dataset/TIFs/240801_HumanMP_Control_2041.tif,vit_l_em_organelles,4.599,0.0,0.0,0.0,0.0,0.0,0.995536,0.996311,0,61843,13045,16702328,13045,61843,3686697,0.003538,0.0,0.0,ok
microsam_vit_l_em_organelles,ld,empiar_13420_macrophage_a431,MacrophageSEM,240801_00281,partial,6,FIB/240801_HumanMP_Control/dataset/TIFs/240801_HumanMP_Control_2041.tif,vit_l_em_organelles,4.636,0.0,0.0,0.0,0.0,0.0,0.994243,0.995068,0,82673,13917,16680626,13917,82673,3985408,0.003492,0.0,0.0,ok
microsam_vit_l_em_organelles,ld,empiar_13420_macrophage_a431,MacrophageSEM,240801_00282,partial,6,FIB/240801_HumanMP_Control/dataset/TIFs/240801_HumanMP_Control_2075.tif,vit_l_em_organelles,5.392,0.0,0.0,0.0,0.0,0.0,0.997439,0.998041,0,32851,10110,16734255,10110,32851,2722615,0.003713,0.0,0.0,ok
microsam_vit_l_em_organelles,ld,empiar_13420_macrophage_a431,MacrophageSEM,240801_00283,partial,6,FIB/240801_HumanMP_Control/dataset/TIFs/240801_HumanMP_Control_2075.tif,vit_l_em_organelles,4.685,0.0,0.0,0.0,0.0,0.0,0.996037,0.997162,0,47558,18928,16710730,18928,47558,2931049,0.006458,0.0,0.0,ok
microsam_vit_l_em_organelles,ld,empiar_13420_macrophage_a431,MacrophageSEM,240801_00284,partial,6,FIB/240801_HumanMP_Control/dataset/TIFs/240801_HumanMP_Control_2109.tif,vit_l_em_organelles,4.613,0.000411,0.000205,0.000318,0.000581,0.000411,0.99449,0.996429,19,59792,32657,16684748,32676,59811,2706528,0.012073,0.0,0.011547,ok
microsam_vit_l_em_organelles,ld,empiar_13420_macrophage_a431,MacrophageSEM,240801_00285,partial,6,FIB/240801_HumanMP_Control/dataset/TIFs/240801_HumanMP_Control_2109.tif,vit_l_em_organelles,4.908,0.000124,6.2e-05,9.5e-05,0.000178,0.000124,0.994216,0.996215,6,63373,33661,16680176,33667,63379,2959380,0.011376,0.0,0.010057,ok
microsam_vit_l_em_organelles,ld,empiar_13420_macrophage_a431,MacrophageSEM,240801_00286,partial,6,FIB/240801_HumanMP_Control/dataset/TIFs/240801_HumanMP_Control_2143.tif,vit_l_em_organelles,4.639,0.0,0.0,0.0,0.0,0.0,0.995688,0.99689,0,52106,20242,16704868,20242,52106,2651307,0.007635,0.0,0.0,ok
microsam_vit_l_em_organelles,ld,empiar_13420_macrophage_a431,MacrophageSEM,240801_00287,partial,6,FIB/240801_HumanMP_Control/dataset/TIFs/240801_HumanMP_Control_2143.tif,vit_l_em_organelles,4.654,0.0,0.0,0.0,0.0,0.0,0.99511,0.997039,0,49586,32452,16695178,32452,49586,2830280,0.011466,0.0,0.0,ok
microsam_vit_l_em_organelles,ld,empiar_13420_macrophage_a431,MacrophageSEM,240801_00288,partial,6,FIB/240801_HumanMP_Control/dataset/TIFs/240801_HumanMP_Control_2177.tif,vit_l_em_organelles,5.669,0.000984,0.000492,0.000645,0.002079,0.000984,0.994555,0.995837,45,69755,21603,16685813,21648,69800,2514362,0.00861,0.0,0.02122,ok
microsam_vit_l_em_organelles,ld,empiar_13420_macrophage_a431,MacrophageSEM,240801_00289,partial,6,FIB/240801_HumanMP_Control/dataset/TIFs/240801_HumanMP_Control_2177.tif,vit_l_em_organelles,4.75,0.000392,0.000196,0.00027,0.000718,0.000392,0.993922,0.995574,20,74139,27826,16675231,27846,74159,2842624,0.009796,0.0,0.01227,ok
microsam_vit_l_em_organelles,ld,empiar_13420_macrophage_a431,MacrophageSEM,240801_00290,partial,6,FIB/240801_HumanMP_Control/dataset/TIFs/240801_HumanMP_Control_2211.tif,vit_l_em_organelles,4.865,0.0,0.0,0.0,0.0,0.0,0.994088,0.99561,0,73544,25648,16678024,25648,73544,2513024,0.010206,0.0,0.0,ok
microsam_vit_l_em_organelles,ld,empiar_13420_macrophage_a431,MacrophageSEM,240801_00291,partial,6,FIB/240801_HumanMP_Control/dataset/TIFs/240801_HumanMP_Control_2211.tif,vit_l_em_organelles,4.61,0.0,0.0,0.0,0.0,0.0,0.994363,0.996044,0,66267,28298,16682651,28298,66267,2744558,0.010311,0.0,0.0,ok
microsam_vit_l_em_organelles,ld,empiar_13420_macrophage_a431,MacrophageSEM,240801_00292,partial,6,FIB/240801_HumanMP_Control/dataset/TIFs/240801_HumanMP_Control_2245.tif,vit_l_em_organelles,4.6,0.00082,0.00041,0.000459,0.003798,0.00082,0.994188,0.99481,40,87023,10493,16679660,10533,87063,2545058,0.004139,0.0,0.01607,ok
microsam_vit_l_em_organelles,ld,empiar_13420_macrophage_a431,MacrophageSEM,240801_00293,partial,6,FIB/240801_HumanMP_Control/dataset/TIFs/240801_HumanMP_Control_2245.tif,vit_l_em_organelles,4.611,0.000496,0.000248,0.000284,0.00198,0.000496,0.992794,0.993689,30,105785,15120,16656281,15150,105815,2692674,0.005626,0.0,0.013802,ok
microsam_vit_l_em_organelles,ld,empiar_13420_macrophage_a431,MacrophageSEM,240801_00294,partial,6,FIB/240801_HumanMP_Control/dataset/TIFs/240801_HumanMP_Control_2279.tif,vit_l_em_organelles,4.76,0.0,0.0,0.0,0.0,0.0,0.995501,0.997554,0,40960,34522,16701734,34522,40960,2395886,0.014409,0.0,0.009132,ok
microsam_vit_l_em_organelles,ld,empiar_13420_macrophage_a431,MacrophageSEM,240801_00295,partial,6,FIB/240801_HumanMP_Control/dataset/TIFs/240801_HumanMP_Control_2279.tif,vit_l_em_organelles,4.774,0.0,0.0,0.0,0.0,0.0,0.994845,0.997277,0,45572,40911,16690733,40911,45572,2596864,0.015754,0.0,0.009685,ok
microsam_vit_l_em_organelles,ld,empiar_13420_macrophage_a431,MacrophageSEM,240801_00296,partial,6,FIB/240801_HumanMP_Control/dataset/TIFs/240801_HumanMP_Control_2313.tif,vit_l_em_organelles,4.702,0.0,0.0,0.0,0.0,0.0,0.994432,0.996193,0,63750,29659,16683807,29659,63750,2465262,0.012031,0.0,0.0,ok
microsam_vit_l_em_organelles,ld,empiar_13420_macrophage_a431,MacrophageSEM,240801_00297,partial,6,FIB/240801_HumanMP_Control/dataset/TIFs/240801_HumanMP_Control_2313.tif,vit_l_em_organelles,4.619,0.000939,0.00047,0.00077,0.001203,0.000939,0.995054,0.996978,39,50600,32380,16694197,32419,50639,2633728,0.012309,0.0,0.013548,ok
microsam_vit_l_em_organelles,ld,empiar_13420_macrophage_a431,MacrophageSEM,240801_00298,partial,6,FIB/240801_HumanMP_Control/dataset/TIFs/240801_HumanMP_Control_2347.tif,vit_l_em_organelles,4.628,0.0,0.0,0.0,0.0,0.0,0.99463,0.99645,0,59447,30639,16687130,30639,59447,2423671,0.012642,0.0,0.010972,ok
microsam_vit_l_em_organelles,ld,empiar_13420_macrophage_a431,MacrophageSEM,240801_00299,partial,6,FIB/240801_HumanMP_Control/dataset/TIFs/240801_HumanMP_Control_2347.tif,vit_l_em_organelles,4.66,0.0,0.0,0.0,0.0,0.0,0.994547,0.99714,0,47862,43623,16685731,43623,47862,2584576,0.016878,0.0,0.004817,ok
microsam_vit_l_em_organelles,ld,empiar_13420_macrophage_a431,MacrophageSEM,240801_00300,partial,6,FIB/240801_HumanMP_Control/dataset/TIFs/240801_HumanMP_Control_2381.tif,vit_l_em_organelles,4.799,0.0,0.0,0.0,0.0,0.0,0.994448,0.995298,0,78819,14323,16684074,14323,78819,2366940,0.006051,0.0,0.0,ok
microsam_vit_l_em_organelles,ld,empiar_13420_macrophage_a431,MacrophageSEM,240801_00301,partial,6,FIB/240801_HumanMP_Control/dataset/TIFs/240801_HumanMP_Control_2381.tif,vit_l_em_organelles,4.909,0.0,0.0,0.0,0.0,0.0,0.995108,0.996418,0,60012,22055,16695149,22055,60012,2529474,0.008719,0.0,0.0,ok
microsam_vit_l_em_organelles,ld,empiar_13420_macrophage_a431,MacrophageSEM,240801_00302,partial,6,FIB/240801_HumanMP_Control/dataset/TIFs/240801_HumanMP_Control_2415.tif,vit_l_em_organelles,4.885,0.000298,0.000149,0.000187,0.000728,0.000298,0.991595,0.993301,21,112192,28819,16636184,28840,112213,2116376,0.013627,0.0,0.01152,ok
microsam_vit_l_em_organelles,ld,empiar_13420_macrophage_a431,MacrophageSEM,240801_00303,partial,6,FIB/240801_HumanMP_Control/dataset/TIFs/240801_HumanMP_Control_2415.tif,vit_l_em_organelles,4.637,0.000169,8.5e-05,0.000113,0.000338,0.000169,0.991545,0.993646,12,106381,35472,16635351,35484,106393,2233100,0.01589,0.0,0.005311,ok
microsam_vit_l_em_organelles,ld,empiar_13420_macrophage_a431,MacrophageSEM,240801_00304,partial,6,FIB/240801_HumanMP_Control/dataset/TIFs/240801_HumanMP_Control_2449.tif,vit_l_em_organelles,4.61,0.000657,0.000328,0.000445,0.001251,0.000657,0.993831,0.995442,34,76351,27144,16673687,27178,76385,1982235,0.013711,0.0,0.017233,ok
microsam_vit_l_em_organelles,ld,empiar_13420_macrophage_a431,MacrophageSEM,240801_00305,partial,6,FIB/240801_HumanMP_Control/dataset/TIFs/240801_HumanMP_Control_2449.tif,vit_l_em_organelles,4.985,0.000482,0.000241,0.000337,0.000844,0.000482,0.993078,0.995044,28,82982,33155,16661051,33183,83010,2052790,0.016165,0.0,0.016413,ok
microsam_vit_l_em_organelles,ld,empiar_13420_macrophage_a431,MacrophageSEM,240801_00306,partial,6,FIB/240801_HumanMP_Control/dataset/TIFs/240801_HumanMP_Control_2483.tif,vit_l_em_organelles,4.937,0.00212,0.001061,0.001445,0.003976,0.00212,0.992536,0.994511,133,91908,33319,16651856,33452,92041,1934862,0.017289,0.0,0.010286,ok
microsam_vit_l_em_organelles,ld,empiar_13420_macrophage_a431,MacrophageSEM,240801_00307,partial,6,FIB/240801_HumanMP_Control/dataset/TIFs/240801_HumanMP_Control_2483.tif,vit_l_em_organelles,4.657,0.002067,0.001034,0.001517,0.003239,0.002067,0.99315,0.995323,119,78303,36621,16662173,36740,78422,1958910,0.018755,0.0,0.010708,ok
microsam_vit_l_em_organelles,ld,empiar_13420_macrophage_a431,MacrophageSEM,240801_00308,partial,6,FIB/240801_HumanMP_Control/dataset/TIFs/240801_HumanMP_Control_2517.tif,vit_l_em_organelles,4.684,0.0,0.0,0.0,0.0,0.0,0.994809,0.996954,0,50998,36091,16690127,36091,50998,1685576,0.021412,0.0,0.002262,ok
microsam_vit_l_em_organelles,ld,empiar_13420_macrophage_a431,MacrophageSEM,240801_00309,partial,6,FIB/240801_HumanMP_Control/dataset/TIFs/240801_HumanMP_Control_2517.tif,vit_l_em_organelles,4.653,0.0,0.0,0.0,0.0,0.0,0.994362,0.99663,0,56412,38185,16682619,38185,56412,1561752,0.02445,0.0,0.002061,ok
microsam_vit_l_em_organelles,ld,empiar_13420_macrophage_a431,MacrophageSEM,240801_00310,partial,6,FIB/240801_HumanMP_Control/dataset/TIFs/240801_HumanMP_Control_2551.tif,vit_l_em_organelles,4.666,0.0,0.0,0.0,0.0,0.0,0.995212,0.995908,0,68609,11725,16696882,11725,68609,1601900,0.007319,0.0,0.0,ok
microsam_vit_l_em_organelles,ld,empiar_13420_macrophage_a431,MacrophageSEM,240801_00311,partial,6,FIB/240801_HumanMP_Control/dataset/TIFs/240801_HumanMP_Control_2551.tif,vit_l_em_organelles,5.519,0.0,0.0,0.0,0.0,0.0,0.995416,0.99617,0,64212,12697,16700307,12697,64212,1431335,0.008871,0.0,0.0,ok
microsam_vit_l_em_organelles,ld,empiar_13420_macrophage_a431,MacrophageSEM,240801_00312,partial,6,FIB/240801_HumanMP_Control/dataset/TIFs/240801_HumanMP_Control_2585.tif,vit_l_em_organelles,5.162,0.0,0.0,0.0,0.0,0.0,0.990521,0.990848,0,153494,5532,16618190,5532,153494,3217344,0.001719,0.0,0.0,ok
microsam_vit_l_em_organelles,ld,empiar_13420_macrophage_a431,MacrophageSEM,240801_00313,partial,6,FIB/240801_HumanMP_Control/dataset/TIFs/240801_HumanMP_Control_2585.tif,vit_l_em_organelles,4.635,0.0,0.0,0.0,0.0,0.0,0.993606,0.993934,0,101738,5532,16669946,5532,101738,2328768,0.002376,0.0,0.0,ok
microsam_vit_l_em_organelles,ld,empiar_13420_macrophage_a431,MacrophageSEM,240801_00314,partial,6,FIB/240801_HumanMP_Control/dataset/TIFs/240801_HumanMP_Control_2619.tif,vit_l_em_organelles,4.861,0.0,0.0,0.0,0.0,0.0,0.994987,0.995853,0,69518,14585,16693113,14585,69518,1372457,0.010627,0.0,0.0,ok
microsam_vit_l_em_organelles,ld,empiar_13420_macrophage_a431,MacrophageSEM,240801_00315,partial,6,FIB/240801_HumanMP_Control/dataset/TIFs/240801_HumanMP_Control_2619.tif,vit_l_em_organelles,4.679,0.0,0.0,0.0,0.0,0.0,0.99483,0.995842,0,69691,17043,16690482,17043,69691,1045408,0.016303,0.0,0.0,ok
microsam_vit_l_em_organelles,ld,empiar_13420_macrophage_a431,MacrophageSEM,240801_00316,partial,6,FIB/240801_HumanMP_Control/dataset/TIFs/240801_HumanMP_Control_2653.tif,vit_l_em_organelles,4.691,0.0,0.0,0.0,0.0,0.0,0.996112,0.997,0,50293,14932,16711991,14932,50293,1233892,0.012102,0.0,0.00738,ok
microsam_vit_l_em_organelles,ld,empiar_13420_macrophage_a431,MacrophageSEM,240801_00317,partial,6,FIB/240801_HumanMP_Control/dataset/TIFs/240801_HumanMP_Control_2653.tif,vit_l_em_organelles,5.227,0.0,0.0,0.0,0.0,0.0,0.996194,0.997158,0,47632,16225,16713359,16225,47632,1100256,0.014747,0.0,0.013311,ok
microsam_vit_l_em_organelles,ld,empiar_13420_macrophage_a431,MacrophageSEM,240801_00318,partial,6,FIB/240801_HumanMP_Control/dataset/TIFs/240801_HumanMP_Control_2687.tif,vit_l_em_organelles,4.905,0.0,0.0,0.0,0.0,0.0,0.999178,0.99932,0,11413,2380,16763423,2380,11413,370710,0.00642,0.0,0.0,ok
microsam_vit_l_em_organelles,ld,empiar_13420_macrophage_a431,MacrophageSEM,240801_00319,partial,6,FIB/240801_HumanMP_Control/dataset/TIFs/240801_HumanMP_Control_2687.tif,vit_l_em_organelles,4.639,0.0,0.0,0.0,0.0,0.0,0.998538,0.998679,0,22154,2380,16752682,2380,22154,623700,0.003816,0.0,0.0,ok
