model,organelle,dataset,dataset_label,crop_id,coverage,voxel_nm,source_image,model_type,infer_s,dice,iou,precision,recall,f1,accuracy,specificity,tp,fp,fn,tn,gt_area,pred_area,eval_area,gt_frac,cldice,boundary_f1,status,inst_n_pred,inst_n_gt,inst_precision@0.5,inst_recall@0.5,inst_f1@0.5,inst_ap@0.5,inst_precision@0.75,inst_recall@0.75,inst_f1@0.75,inst_ap@0.75,inst_pq,inst_sq,inst_rq
microsam_vit_l_em_organelles,nucleus,orgsegnet_plant,PlantHunter,te_00210,partial,7.41,image/A_165.tif,vit_l_em_organelles,10.562,0.0,0.0,0.0,0.0,0.0,0.85901,0.988914,0,161564,2203860,14411792,2203860,161564,13223620,0.166661,0.0,0.0,ok,,,,,,,,,,,,,
microsam_vit_l_em_organelles,nucleus,orgsegnet_plant,PlantHunter,te_00211,partial,7.41,image/A_165.tif,vit_l_em_organelles,9.971,0.0,0.0,0.0,0.0,0.0,0.879303,0.987752,0,182933,1842033,14752250,1842033,182933,13210700,0.139435,0.0,0.0,ok,,,,,,,,,,,,,
microsam_vit_l_em_organelles,nucleus,orgsegnet_plant,PlantHunter,te_00294,partial,3.7,image/A_207.tif,vit_l_em_organelles,10.381,0.0,0.0,0.0,0.0,0.0,0.953288,0.998322,0,26878,756814,15993524,756814,26878,13230080,0.057204,0.0,0.0,ok,,,,,,,,,,,,,
microsam_vit_l_em_organelles,nucleus,orgsegnet_plant,PlantHunter,te_00295,partial,3.7,image/A_207.tif,vit_l_em_organelles,9.946,0.0,0.0,0.0,0.0,0.0,0.935788,0.979995,0,320483,756814,15699919,756814,320483,12202940,0.062019,0.0,0.0,ok,,,,,,,,,,,,,
microsam_vit_l_em_organelles,nucleus,orgsegnet_plant,PlantHunter,te_00309,partial,5.29,image/A_214.tif,vit_l_em_organelles,9.925,0.0,0.0,0.0,0.0,0.0,0.956763,0.988519,0,186438,538962,16051816,538962,186438,13223620,0.040758,0.0,0.0,ok,,,,,,,,,,,,,
microsam_vit_l_em_organelles,nucleus,orgsegnet_plant,PlantHunter,te_00326,partial,12.34,image/A_223.tif,vit_l_em_organelles,11.0,0.0,0.0,0.0,0.0,0.0,0.92513,0.965015,0,562692,693424,15521100,693424,562692,13230080,0.052413,0.0,0.0,ok,,,,,,,,,,,,,
microsam_vit_l_em_organelles,nucleus,orgsegnet_plant,PlantHunter,te_00327,partial,12.34,image/A_223.tif,vit_l_em_organelles,10.391,0.0,0.0,0.0,0.0,0.0,0.91096,0.950235,0,800415,693424,15283377,693424,800415,13226850,0.052425,0.0,0.0,ok,,,,,,,,,,,,,
microsam_vit_l_em_organelles,nucleus,orgsegnet_plant,PlantHunter,te_00346,partial,14.81,image/A_233.tif,vit_l_em_organelles,9.989,0.0,0.0,0.0,0.0,0.0,0.972889,0.981083,0,314720,140122,16322374,140122,314720,13230080,0.010591,0.0,0.0,ok,,,,,,,,,,,,,
microsam_vit_l_em_organelles,nucleus,orgsegnet_plant,PlantHunter,te_00347,partial,14.81,image/A_233.tif,vit_l_em_organelles,10.633,0.0,0.0,0.0,0.0,0.0,0.972683,0.980875,0,318182,140122,16318912,140122,318182,13230080,0.010591,0.0,0.0,ok,,,,,,,,,,,,,
microsam_vit_l_em_organelles,nucleus,orgsegnet_plant,PlantHunter,te_00356,partial,24.68,image/A_238.tif,vit_l_em_organelles,10.202,0.0,0.0,0.0,0.0,0.0,0.978372,0.989171,0,179695,183161,16414360,183161,179695,13226850,0.013848,0.0,0.0,ok,,,,,,,,,,,,,
microsam_vit_l_em_organelles,nucleus,orgsegnet_plant,PlantHunter,te_00357,partial,24.68,image/A_238.tif,vit_l_em_organelles,9.982,0.0,0.0,0.0,0.0,0.0,0.98157,0.992404,0,126047,183161,16468008,183161,126047,13230080,0.013844,0.0,0.0,ok,,,,,,,,,,,,,
microsam_vit_l_em_organelles,nucleus,orgsegnet_plant,PlantHunter,te_00396,partial,4.63,image/A_258.tif,vit_l_em_organelles,11.089,0.0,0.0,0.0,0.0,0.0,0.89391,0.928305,0,1158267,621629,14997320,621629,1158267,13230080,0.046986,0.0,0.0,ok,,,,,,,,,,,,,
microsam_vit_l_em_organelles,nucleus,orgsegnet_plant,PlantHunter,te_00397,partial,4.63,image/A_258.tif,vit_l_em_organelles,10.124,0.0,0.0,0.0,0.0,0.0,0.823283,0.920199,0,1197839,1766973,13812404,1766973,1197839,13217160,0.133688,0.0,0.0,ok,,,,,,,,,,,,,
microsam_vit_l_em_organelles,nucleus,orgsegnet_plant,PlantHunter,te_00564,partial,18.51,image/C076.tif,vit_l_em_organelles,10.643,0.000243,0.000121,0.000241,0.000245,0.000243,0.91997,0.95801,163,676496,666183,15434374,666346,676659,13230080,0.050366,0.0,0.008718,ok,,,,,,,,,,,,,
microsam_vit_l_em_organelles,nucleus,orgsegnet_plant,PlantHunter,te_00565,partial,18.51,image/C076.tif,vit_l_em_organelles,10.205,0.00012,6e-05,0.000256,7.8e-05,0.00012,0.825124,0.95269,176,687436,2246489,13843115,2246665,687612,13230080,0.169815,0.0,0.010916,ok,,,,,,,,,,,,,
microsam_vit_l_em_organelles,nucleus,orgsegnet_plant,PlantHunter,te_00630,partial,12.34,image/C171.tif,vit_l_em_organelles,10.169,0.0,0.0,0.0,0.0,0.0,0.926715,0.978646,0,339243,890267,15547706,890267,339243,13225984,0.067312,0.0,0.0,ok,,,,,,,,,,,,,
microsam_vit_l_em_organelles,nucleus,orgsegnet_plant,PlantHunter,te_00631,partial,12.34,image/C171.tif,vit_l_em_organelles,10.389,0.0,0.0,0.0,0.0,0.0,0.927523,0.979499,0,325693,890267,15561256,890267,325693,13226850,0.067308,0.0,0.0,ok,,,,,,,,,,,,,
microsam_vit_l_em_organelles,nucleus,orgsegnet_plant,PlantHunter,te_00646,partial,3.7,image/C179.tif,vit_l_em_organelles,10.258,0.0,0.0,0.0,0.0,0.0,0.783248,0.995601,0,58060,3578440,13140716,3578440,58060,10821632,0.330675,0.0,0.0,ok,,,,,,,,,,,,,
microsam_vit_l_em_organelles,nucleus,orgsegnet_plant,PlantHunter,te_00647,partial,3.7,image/C179.tif,vit_l_em_organelles,9.954,0.0,0.0,0.0,0.0,0.0,0.809543,0.972498,0,384095,2811235,13581886,2811235,384095,11725216,0.23976,0.0,0.0,ok,,,,,,,,,,,,,
microsam_vit_l_em_organelles,nucleus,orgsegnet_plant,PlantHunter,te_00662,partial,14.81,image/C187.tif,vit_l_em_organelles,10.368,0.0,0.0,0.0,0.0,0.0,0.938625,0.967508,0,528851,500844,15747521,500844,528851,13230080,0.037856,0.0,0.0,ok,,,,,,,,,,,,,
microsam_vit_l_em_organelles,nucleus,orgsegnet_plant,PlantHunter,te_00663,partial,14.81,image/C187.tif,vit_l_em_organelles,10.086,0.0,0.0,0.0,0.0,0.0,0.925345,0.953819,0,751655,500844,15524717,500844,751655,13226850,0.037866,0.0,0.0,ok,,,,,,,,,,,,,
microsam_vit_l_em_organelles,nucleus,orgsegnet_plant,PlantHunter,te_00686,partial,3.09,image/C199.tif,vit_l_em_organelles,9.895,0.0,0.0,0.0,0.0,0.0,0.952251,0.991436,0,137995,663097,15976124,663097,137995,13223620,0.050145,0.0,0.0,ok,,,,,,,,,,,,,
microsam_vit_l_em_organelles,nucleus,orgsegnet_plant,PlantHunter,te_00687,partial,3.09,image/C199.tif,vit_l_em_organelles,11.122,0.0,0.0,0.0,0.0,0.0,0.947226,0.986717,0,213926,671476,15891814,671476,213926,13223620,0.050779,0.0,0.0,ok,,,,,,,,,,,,,
microsam_vit_l_em_organelles,nucleus,orgsegnet_plant,PlantHunter,te_00696,partial,5.29,image/C204.tif,vit_l_em_organelles,10.017,0.0,0.0,0.0,0.0,0.0,0.948434,0.95899,0,680468,184661,15912087,184661,680468,13230080,0.013958,0.0,0.0,ok,,,,,,,,,,,,,
microsam_vit_l_em_organelles,nucleus,orgsegnet_plant,PlantHunter,te_00697,partial,5.29,image/C204.tif,vit_l_em_organelles,10.008,0.0,0.0,0.0,0.0,0.0,0.865009,0.954893,0,685531,1579241,14512444,1579241,685531,13223620,0.119426,0.0,0.0,ok,,,,,,,,,,,,,
microsam_vit_l_em_organelles,nucleus,orgsegnet_plant,PlantHunter,te_00768,partial,5.29,image/C240.tif,vit_l_em_organelles,10.522,0.0,0.0,0.0,0.0,0.0,0.791653,0.953785,0,643555,2851922,13281739,2851922,643555,11898351,0.239691,0.0,0.0,ok,,,,,,,,,,,,,
microsam_vit_l_em_organelles,nucleus,orgsegnet_plant,PlantHunter,te_00769,partial,5.29,image/C240.tif,vit_l_em_organelles,10.109,0.0,0.0,0.0,0.0,0.0,0.8745,0.967731,0,489230,1616307,14671679,1616307,489230,11863467,0.136242,0.0,0.0,ok,,,,,,,,,,,,,
microsam_vit_l_em_organelles,nucleus,orgsegnet_plant,PlantHunter,te_00772,partial,18.51,image/C242.tif,vit_l_em_organelles,10.421,0.0,0.0,0.0,0.0,0.0,0.964468,0.987047,0,212337,383783,16181096,383783,212337,13230080,0.029008,0.0,0.0,ok,,,,,,,,,,,,,
microsam_vit_l_em_organelles,nucleus,orgsegnet_plant,PlantHunter,te_00773,partial,18.51,image/C242.tif,vit_l_em_organelles,10.474,0.0,0.0,0.0,0.0,0.0,0.963519,0.986076,0,228261,383783,16165172,383783,228261,13226850,0.029015,0.0,0.0,ok,,,,,,,,,,,,,
microsam_vit_l_em_organelles,nucleus,orgsegnet_plant,PlantHunter,te_00852,sparse,,image/Figure 4_Original_009.tif,vit_l_em_organelles,0.59,0.0,0.0,0.0,0.0,0.0,0.992053,0.998836,0,19399,113929,16643888,113929,19399,1046529,0.108864,0.0,0.0,ok,,,,,,,,,,,,,
microsam_vit_l_em_organelles,nucleus,orgsegnet_plant,PlantHunter,te_00913,partial,4.63,image/L1_014.tif,vit_l_em_organelles,10.002,0.0,0.0,0.0,0.0,0.0,0.876319,0.931131,0,1087418,987605,14702193,987605,1087418,5999753,0.164608,0.0,0.0,ok,,,,,,,,,,,,,
microsam_vit_l_em_organelles,nucleus,orgsegnet_plant,PlantHunter,te_00914,partial,4.63,image/L1_014.tif,vit_l_em_organelles,10.95,0.0,0.0,0.0,0.0,0.0,0.894786,0.945226,0,869912,895293,15012011,895293,869912,4477352,0.19996,0.0,0.0,ok,,,,,,,,,,,,,
microsam_vit_l_em_organelles,nucleus,orgsegnet_plant,PlantHunter,te_00955,partial,3.7,image/L8_002.tif,vit_l_em_organelles,10.037,0.0,0.0,0.0,0.0,0.0,0.807876,0.938007,0,895781,2327528,13553907,2327528,895781,9090270,0.256046,0.0,0.0,ok,,,,,,,,,,,,,
microsam_vit_l_em_organelles,nucleus,orgsegnet_plant,PlantHunter,te_00956,partial,3.7,image/L8_002.tif,vit_l_em_organelles,9.983,0.0,0.0,0.0,0.0,0.0,0.859605,0.954055,0,694515,1660925,14421776,1660925,694515,7145118,0.232456,0.0,0.0,ok,,,,,,,,,,,,,
microsam_vit_l_em_organelles,nucleus,orgsegnet_plant,PlantHunter,te_00964,sparse,7.41,image/M4HD-5000X-0002.tif,vit_l_em_organelles,0.563,0.0,0.0,0.0,0.0,0.0,0.995655,0.999972,0,463,72428,16704325,72428,463,621693,0.116501,0.0,0.0,ok,,,,,,,,,,,,,
microsam_vit_l_em_organelles,nucleus,orgsegnet_plant,PlantHunter,te_00970,sparse,,image/Protoplasma_Original_131.tif,vit_l_em_organelles,0.598,0.0,0.0,0.0,0.0,0.0,0.996128,0.996479,0,59045,5922,16712249,5922,59045,696192,0.008506,0.0,0.0,ok,,,,,,,,,,,,,
microsam_vit_l_em_organelles,nucleus,orgsegnet_plant,PlantHunter,te_00972,sparse,7.41,image/S2-5000X-0007.tif,vit_l_em_organelles,0.567,0.001898,0.00095,0.001639,0.002254,0.001898,0.995047,0.997126,79,48122,34974,16694041,35053,48201,578445,0.060599,0.0,0.09416,ok,,,,,,,,,,,,,
microsam_vit_l_em_organelles,nucleus,orgsegnet_plant,PlantHunter,te_00973,sparse,7.41,image/S2H-5000X-0003.tif,vit_l_em_organelles,0.653,0.0,0.0,0.0,0.0,0.0,0.990239,0.995712,0,71551,92213,16613452,92213,71551,965472,0.095511,0.0,0.0,ok,,,,,,,,,,,,,
microsam_vit_l_em_organelles,nucleus,orgsegnet_plant,PlantHunter,te_00974,sparse,7.41,image/S2H-5000X-0004.tif,vit_l_em_organelles,0.54,0.0,0.0,0.0,0.0,0.0,0.996564,0.999908,0,1541,56108,16719567,56108,1541,526824,0.106502,0.0,0.0,ok,,,,,,,,,,,,,
microsam_vit_l_em_organelles,nucleus,orgsegnet_plant,PlantHunter,te_01015,partial,14.81,image/g-l_004.tif,vit_l_em_organelles,10.164,0.0,0.0,0.0,0.0,0.0,0.941614,0.982508,0,281251,698305,15797660,698305,281251,13230080,0.052782,0.0,0.0,ok,,,,,,,,,,,,,
microsam_vit_l_em_organelles,nucleus,orgsegnet_plant,PlantHunter,te_01016,partial,14.81,image/g-l_004.tif,vit_l_em_organelles,10.098,0.0,0.0,0.0,0.0,0.0,0.945056,0.9861,0,223503,698305,15855408,698305,223503,13226850,0.052795,0.0,0.0,ok,,,,,,,,,,,,,
microsam_vit_l_em_organelles,nucleus,orgsegnet_plant,PlantHunter,te_01055,partial,14.81,image/n-l_001.tif,vit_l_em_organelles,10.694,0.0,0.0,0.0,0.0,0.0,0.917395,0.957446,0,684079,701810,15391327,701810,684079,13230080,0.053047,0.0,0.0,ok,,,,,,,,,,,,,
microsam_vit_l_em_organelles,nucleus,orgsegnet_plant,PlantHunter,te_01056,partial,14.81,image/n-l_001.tif,vit_l_em_organelles,10.403,0.0,0.0,0.0,0.0,0.0,0.923174,0.963477,0,587119,701810,15488287,701810,587119,13217160,0.053098,0.0,0.0,ok,,,,,,,,,,,,,
microsam_vit_l_em_organelles,nucleus,orgsegnet_plant,PlantHunter,te_01073,partial,5.29,image/n-o_007.tif,vit_l_em_organelles,9.962,0.0,0.0,0.0,0.0,0.0,0.922022,0.986543,0,211005,1097247,15468964,1097247,211005,8385024,0.130858,0.0,0.0,ok,,,,,,,,,,,,,
microsam_vit_l_em_organelles,nucleus,orgsegnet_plant,PlantHunter,te_01074,partial,5.29,image/n-o_007.tif,vit_l_em_organelles,11.079,0.0,0.0,0.0,0.0,0.0,0.844617,0.979609,0,294957,2311930,14170329,2311930,294957,10194944,0.226772,0.0,0.0,ok,,,,,,,,,,,,,
microsam_vit_l_em_organelles,nucleus,orgsegnet_plant,PlantHunter,te_01107,partial,12.34,image/p3_004.tif,vit_l_em_organelles,10.105,0.000304,0.000152,0.002206,0.000163,0.000304,0.941526,0.995751,149,67409,913615,15796043,913764,67558,13230080,0.069067,0.0,0.007386,ok,,,,,,,,,,,,,
microsam_vit_l_em_organelles,nucleus,orgsegnet_plant,PlantHunter,te_01108,partial,12.34,image/p3_004.tif,vit_l_em_organelles,9.959,0.0,0.0,0.0,0.0,0.0,0.940233,0.994392,0,88962,913764,15774490,913764,88962,11344212,0.080549,0.0,0.0,ok,,,,,,,,,,,,,
microsam_vit_l_em_organelles,nucleus,orgsegnet_plant,PlantHunter,te_01121,partial,,image/xc0_001.tif,vit_l_em_organelles,11.158,0.0,0.0,0.0,0.0,0.0,0.962163,0.994474,0,89699,545103,16142414,545103,89699,13225984,0.041215,0.0,0.027828,ok,,,,,,,,,,,,,
microsam_vit_l_em_organelles,nucleus,orgsegnet_plant,PlantHunter,te_01122,partial,,image/xc0_001.tif,vit_l_em_organelles,10.021,0.0,0.0,0.0,0.0,0.0,0.975558,0.996395,0,59225,350848,16367143,350848,59225,13205504,0.026568,0.0,0.009084,ok,,,,,,,,,,,,,
microsam_vit_l_em_organelles,nucleus,orgsegnet_plant,PlantHunter,te_01195,partial,14.81,image/z046.tif,vit_l_em_organelles,10.601,0.0,0.0,0.0,0.0,0.0,0.926452,0.994551,0,85157,1148768,15543291,1148768,85157,13217792,0.086911,0.0,0.0,ok,,,,,,,,,,,,,
microsam_vit_l_em_organelles,nucleus,orgsegnet_plant,PlantHunter,te_01196,partial,14.81,image/z046.tif,vit_l_em_organelles,9.901,0.0,0.0,0.0,0.0,0.0,0.926712,0.99483,0,80804,1148768,15547644,1148768,80804,13222755,0.086878,0.0,0.0,ok,,,,,,,,,,,,,
microsam_vit_l_em_organelles,nucleus,orgsegnet_plant,PlantHunter,te_01199,partial,18.51,image/z052.tif,vit_l_em_organelles,10.169,0.194811,0.107917,0.743847,0.112082,0.194811,0.977471,0.999038,45725,15746,362234,16353511,407959,61471,13225984,0.030845,0.220716,0.051495,ok,,,,,,,,,,,,,
microsam_vit_l_em_organelles,nucleus,orgsegnet_plant,PlantHunter,te_01200,partial,18.51,image/z052.tif,vit_l_em_organelles,11.069,0.203998,0.113585,0.745999,0.118154,0.203998,0.977579,0.998997,48202,16412,359757,16352845,407959,64614,13197312,0.030912,0.216802,0.061055,ok,,,,,,,,,,,,,
microsam_vit_l_em_organelles,nucleus,orgsegnet_plant,PlantHunter,te_01285,partial,14.81,image/z099.tif,vit_l_em_organelles,10.3,0.024825,0.012568,0.098881,0.014194,0.024825,0.938098,0.992398,13219,120467,918079,15725451,931298,133686,10134465,0.091894,0.0,0.0,ok,,,,,,,,,,,,,
microsam_vit_l_em_organelles,nucleus,orgsegnet_plant,PlantHunter,te_01286,partial,14.81,image/z099.tif,vit_l_em_organelles,9.944,0.019322,0.009755,0.033194,0.013627,0.019322,0.923215,0.976673,12691,369638,918607,15476280,931298,382329,10726320,0.086824,0.0,0.0,ok,,,,,,,,,,,,,
microsam_vit_l_em_organelles,nucleus,orgsegnet_plant,PlantHunter,te_01359,partial,14.81,image/z198.tif,vit_l_em_organelles,10.705,0.0,0.0,0.0,0.0,0.0,0.948639,0.967436,0,535722,325978,15915516,325978,535722,12826330,0.025415,0.0,0.015395,ok,,,,,,,,,,,,,
microsam_vit_l_em_organelles,nucleus,orgsegnet_plant,PlantHunter,te_01360,partial,14.81,image/z198.tif,vit_l_em_organelles,10.347,0.0,0.0,0.0,0.0,0.0,0.958062,0.977045,0,377632,325978,16073606,325978,377632,10519642,0.030988,0.0,0.0,ok,,,,,,,,,,,,,
microsam_vit_l_em_organelles,nucleus,orgsegnet_plant,PlantHunter,te_01367,partial,3.7,image/z202.tif,vit_l_em_organelles,9.871,0.0,0.0,0.0,0.0,0.0,0.952734,0.999554,0,7130,785863,15984223,785863,7130,10526720,0.074654,0.0,0.0,ok,,,,,,,,,,,,,
microsam_vit_l_em_organelles,nucleus,orgsegnet_plant,PlantHunter,te_01368,partial,3.7,image/z202.tif,vit_l_em_organelles,11.2,0.0,0.0,0.0,0.0,0.0,0.983604,0.986192,0,231058,44029,16502129,44029,231058,9963890,0.004419,0.0,0.0,ok,,,,,,,,,,,,,
microsam_vit_l_em_organelles,nucleus,orgsegnet_plant,PlantHunter,te_01391,partial,4.63,image/z214.tif,vit_l_em_organelles,10.174,0.0,0.0,0.0,0.0,0.0,0.878615,0.985577,0,215719,1820782,14740715,1820782,215719,13230080,0.137624,0.0,0.0,ok,,,,,,,,,,,,,
microsam_vit_l_em_organelles,nucleus,orgsegnet_plant,PlantHunter,te_01392,partial,4.63,image/z214.tif,vit_l_em_organelles,9.872,0.0,0.0,0.0,0.0,0.0,0.94141,0.986251,0,220175,762795,15794246,762795,220175,13192608,0.05782,0.0,0.0,ok,,,,,,,,,,,,,
microsam_vit_l_em_organelles,nucleus,orgsegnet_plant,PlantHunter,te_01395,partial,14.81,image/z216.tif,vit_l_em_organelles,10.775,0.0,0.0,0.0,0.0,0.0,0.931697,0.952726,0,775626,370301,15631289,370301,775626,13222755,0.028005,0.0,0.0,ok,,,,,,,,,,,,,
microsam_vit_l_em_organelles,nucleus,orgsegnet_plant,PlantHunter,te_01396,partial,14.81,image/z216.tif,vit_l_em_organelles,10.329,0.0,0.0,0.0,0.0,0.0,0.953467,0.974987,0,410393,370301,15996522,370301,410393,13222755,0.028005,0.0,0.0,ok,,,,,,,,,,,,,
microsam_vit_l_em_organelles,nucleus,orgsegnet_plant,PlantHunter,te_01475,partial,4.63,image/z256.tif,vit_l_em_organelles,10.062,0.0,0.0,0.0,0.0,0.0,0.893116,0.974171,0,397277,1395938,14984001,1395938,397277,13190250,0.105831,0.0,0.0,ok,,,,,,,,,,,,,
microsam_vit_l_em_organelles,nucleus,orgsegnet_plant,PlantHunter,te_01476,partial,4.63,image/z256.tif,vit_l_em_organelles,10.218,0.0,0.0,0.0,0.0,0.0,0.901535,0.983354,0,256034,1395938,15125244,1395938,256034,13217792,0.105611,0.0,0.0,ok,,,,,,,,,,,,,
microsam_vit_l_em_organelles,nucleus,sbiad2822_nuclei,NucleiNet,id10_00164,partial,10,id_10/img_87356f94.tif,vit_l_em_organelles,5.004,0.107268,0.056674,0.971021,0.05677,0.107268,0.892657,0.999783,108196,3229,1797684,14868107,1905880,111425,7073792,0.269428,0.201636,0.167879,ok,35,110,0.428571,0.136364,0.206897,0.115385,0.342857,0.109091,0.165517,0.090226,0.168227,0.813098,0.206897
microsam_vit_l_em_organelles,nucleus,sbiad2822_nuclei,NucleiNet,id10_00165,partial,10,id_10/img_87356f94.tif,vit_l_em_organelles,4.932,0.061378,0.031661,0.921173,0.031747,0.061378,0.924074,0.99977,41649,3564,1270267,15461736,1311916,45213,7004160,0.187305,0.093135,0.028893,ok,67,73,0.029851,0.027397,0.028571,0.014493,0.014925,0.013699,0.014286,0.007194,0.02026,0.709114,0.028571
microsam_vit_l_em_organelles,nucleus,sbiad2822_nuclei,NucleiNet,id10_00166,partial,10,id_10/img_87356f94.tif,vit_l_em_organelles,4.976,0.081588,0.042529,0.950428,0.042623,0.081588,0.92014,0.999798,59512,3104,1336718,15377882,1396230,62616,6924560,0.201634,0.111507,0.050723,ok,81,62,0.012346,0.016129,0.013986,0.007042,0.012346,0.016129,0.013986,0.007042,0.012111,0.865925,0.013986
microsam_vit_l_em_organelles,nucleus,sbiad2822_nuclei,NucleiNet,id11_00167,sparse,18,id_11/img_4808a925.tif,vit_l_em_organelles,0.903,0.0,0.0,nan,0.0,0.0,0.99941,1.0,0,0,9900,16767316,9900,0,13860,0.714286,0.0,0.0,ok,0,1,nan,0.0,0.0,0.0,nan,0.0,0.0,0.0,0.0,0.0,0.0
microsam_vit_l_em_organelles,nucleus,sbiad2822_nuclei,NucleiNet,id11_00168,sparse,18,id_11/img_4808a925.tif,vit_l_em_organelles,0.86,0.0,0.0,nan,0.0,0.0,0.998039,1.0,0,0,32908,16744308,32908,0,52432,0.627632,0.0,0.0,ok,0,1,nan,0.0,0.0,0.0,nan,0.0,0.0,0.0,0.0,0.0,0.0
microsam_vit_l_em_organelles,nucleus,sbiad2822_nuclei,NucleiNet,id11_00169,sparse,18,id_11/img_4808a925.tif,vit_l_em_organelles,0.619,0.913105,0.840104,0.945515,0.882843,0.913105,0.999457,0.999835,47896,2760,6356,16720204,54252,50656,81216,0.667996,0.963888,0.381462,ok,2,1,0.5,1.0,0.666667,0.5,0.5,1.0,0.666667,0.5,0.579088,0.868632,0.666667
microsam_vit_l_em_organelles,nucleus,sbiad2822_nuclei,NucleiNet,id11_00170,sparse,18,id_11/img_4808a925.tif,vit_l_em_organelles,0.611,0.094229,0.049444,0.653772,0.050774,0.094229,0.995352,0.999871,4056,2148,75828,16695184,79884,6204,136940,0.58335,0.196549,0.153205,ok,3,1,0.0,0.0,0.0,0.0,0.0,0.0,0.0,0.0,0.0,0.0,0.0
microsam_vit_l_em_organelles,nucleus,sbiad2822_nuclei,NucleiNet,id11_00171,sparse,18,id_11/img_4808a925.tif,vit_l_em_organelles,0.626,0.0,0.0,0.0,0.0,0.0,0.994237,0.999844,0,2595,94092,16680529,94092,2595,162176,0.580184,0.0,0.0,ok,1,1,0.0,0.0,0.0,0.0,0.0,0.0,0.0,0.0,0.0,0.0,0.0
microsam_vit_l_em_organelles,nucleus,sbiad2822_nuclei,NucleiNet,id11_00172,sparse,18,id_11/img_4808a925.tif,vit_l_em_organelles,0.607,0.005062,0.002537,0.027644,0.002786,0.005062,0.993932,0.999454,259,9110,92701,16675146,92960,9369,155232,0.598846,0.024269,0.001504,ok,6,1,0.0,0.0,0.0,0.0,0.0,0.0,0.0,0.0,0.0,0.0,0.0
microsam_vit_l_em_organelles,nucleus,sbiad2822_nuclei,NucleiNet,id11_00173,sparse,18,id_11/img_4808a925.tif,vit_l_em_organelles,0.611,0.023477,0.011878,0.124752,0.012958,0.023477,0.994085,0.999498,1193,8370,90875,16676778,92068,9563,162932,0.56507,0.077038,0.09093,ok,5,1,0.0,0.0,0.0,0.0,0.0,0.0,0.0,0.0,0.0,0.0,0.0
microsam_vit_l_em_organelles,nucleus,sbiad2822_nuclei,NucleiNet,id11_00174,sparse,18,id_11/img_4808a925.tif,vit_l_em_organelles,0.616,4.5e-05,2.3e-05,0.004155,2.3e-05,4.5e-05,0.992095,0.999957,3,719,131909,16644585,131912,722,198320,0.665147,0.0,0.006568,ok,2,1,0.0,0.0,0.0,0.0,0.0,0.0,0.0,0.0,0.0,0.0,0.0
microsam_vit_l_em_organelles,nucleus,sbiad2822_nuclei,NucleiNet,id11_00175,sparse,18,id_11/img_4808a925.tif,vit_l_em_organelles,0.825,0.0,0.0,0.0,0.0,0.0,0.990964,0.999882,0,1955,149644,16625617,149644,1955,226032,0.662048,0.0,0.0,ok,2,1,0.0,0.0,0.0,0.0,0.0,0.0,0.0,0.0,0.0,0.0,0.0
microsam_vit_l_em_organelles,nucleus,sbiad2822_nuclei,NucleiNet,id11_00176,sparse,18,id_11/img_4808a925.tif,vit_l_em_organelles,0.629,0.0,0.0,0.0,0.0,0.0,0.989871,0.999982,0,291,169652,16607273,169652,291,251136,0.675538,0.0,0.0,ok,1,1,0.0,0.0,0.0,0.0,0.0,0.0,0.0,0.0,0.0,0.0,0.0
microsam_vit_l_em_organelles,nucleus,sbiad2822_nuclei,NucleiNet,id11_00177,sparse,18,id_11/img_4808a925.tif,vit_l_em_organelles,0.611,0.0,0.0,0.0,0.0,0.0,0.989198,0.999891,0,1817,179408,16595991,179408,1817,261356,0.686451,0.0,0.0,ok,3,1,0.0,0.0,0.0,0.0,0.0,0.0,0.0,0.0,0.0,0.0,0.0
microsam_vit_l_em_organelles,nucleus,sbiad2822_nuclei,NucleiNet,id11_00178,sparse,18,id_11/img_4808a925.tif,vit_l_em_organelles,0.639,0.0,0.0,0.0,0.0,0.0,0.988686,0.999706,0,4878,184940,16587398,184940,4878,267300,0.691882,0.0,0.0,ok,6,1,0.0,0.0,0.0,0.0,0.0,0.0,0.0,0.0,0.0,0.0,0.0
microsam_vit_l_em_organelles,nucleus,sbiad2822_nuclei,NucleiNet,id11_00179,sparse,18,id_11/img_4808a925.tif,vit_l_em_organelles,0.67,0.0,0.0,0.0,0.0,0.0,0.988727,0.999891,0,1808,187320,16588088,187320,1808,276624,0.677165,0.0,0.0,ok,2,1,0.0,0.0,0.0,0.0,0.0,0.0,0.0,0.0,0.0,0.0,0.0
microsam_vit_l_em_organelles,nucleus,sbiad2822_nuclei,NucleiNet,id11_00180,sparse,18,id_11/img_4808a925.tif,vit_l_em_organelles,0.613,0.0,0.0,0.0,0.0,0.0,0.988671,0.999461,0,8938,181128,16587150,181128,8938,280572,0.645567,0.0,0.0,ok,9,1,0.0,0.0,0.0,0.0,0.0,0.0,0.0,0.0,0.0,0.0,0.0
microsam_vit_l_em_organelles,nucleus,sbiad2822_nuclei,NucleiNet,id11_00181,sparse,18,id_11/img_4808a925.tif,vit_l_em_organelles,0.612,0.050038,0.025661,0.53689,0.026242,0.050038,0.989773,0.999765,4519,3898,167685,16601114,172204,8417,270816,0.635871,0.109888,0.090869,ok,6,1,0.0,0.0,0.0,0.0,0.0,0.0,0.0,0.0,0.0,0.0,0.0
microsam_vit_l_em_organelles,nucleus,sbiad2822_nuclei,NucleiNet,id11_00182,sparse,18,id_11/img_4808a925.tif,vit_l_em_organelles,0.611,0.0,0.0,0.0,0.0,0.0,0.990737,0.999924,0,1268,154144,16621804,154144,1268,236680,0.651276,0.0,0.0,ok,2,1,0.0,0.0,0.0,0.0,0.0,0.0,0.0,0.0,0.0,0.0,0.0
microsam_vit_l_em_organelles,nucleus,sbiad2822_nuclei,NucleiNet,id11_00183,sparse,18,id_11/img_4808a925.tif,vit_l_em_organelles,0.646,0.0,0.0,0.0,0.0,0.0,0.991237,0.999762,0,3960,143060,16630196,143060,3960,217248,0.65851,0.0,0.000819,ok,4,1,0.0,0.0,0.0,0.0,0.0,0.0,0.0,0.0,0.0,0.0,0.0
microsam_vit_l_em_organelles,nucleus,sbiad2822_nuclei,NucleiNet,id11_00184,sparse,18,id_11/img_4808a925.tif,vit_l_em_organelles,0.632,0.0,0.0,0.0,0.0,0.0,0.991977,0.999742,0,4303,130296,16642617,130296,4303,199824,0.652054,0.0,0.0,ok,3,1,0.0,0.0,0.0,0.0,0.0,0.0,0.0,0.0,0.0,0.0,0.0
microsam_vit_l_em_organelles,nucleus,sbiad2822_nuclei,NucleiNet,id11_00185,sparse,18,id_11/img_4808a925.tif,vit_l_em_organelles,0.613,0.0,0.0,0.0,0.0,0.0,0.992706,0.999681,0,5314,117056,16654846,117056,5314,189688,0.617098,0.0,0.0,ok,5,1,0.0,0.0,0.0,0.0,0.0,0.0,0.0,0.0,0.0,0.0,0.0
microsam_vit_l_em_organelles,nucleus,sbiad2822_nuclei,NucleiNet,id11_00186,sparse,18,id_11/img_4808a925.tif,vit_l_em_organelles,0.607,0.0,0.0,0.0,0.0,0.0,0.994221,0.99978,0,3676,93284,16680256,93284,3676,141912,0.657337,0.0,0.0,ok,4,1,0.0,0.0,0.0,0.0,0.0,0.0,0.0,0.0,0.0,0.0,0.0
microsam_vit_l_em_organelles,nucleus,sbiad2822_nuclei,NucleiNet,id11_00187,sparse,18,id_11/img_4808a925.tif,vit_l_em_organelles,0.617,0.000249,0.000125,0.001974,0.000133,0.000249,0.995221,0.999697,10,5057,75114,16697035,75124,5067,117504,0.639331,0.0,0.022185,ok,5,1,0.0,0.0,0.0,0.0,0.0,0.0,0.0,0.0,0.0,0.0,0.0
microsam_vit_l_em_organelles,nucleus,sbiad2822_nuclei,NucleiNet,id11_00188,sparse,18,id_11/img_4808a925.tif,vit_l_em_organelles,0.618,0.0,0.0,0.0,0.0,0.0,0.996645,0.99977,0,3849,52444,16720923,52444,3849,81220,0.645703,0.0,0.0,ok,3,1,0.0,0.0,0.0,0.0,0.0,0.0,0.0,0.0,0.0,0.0,0.0
microsam_vit_l_em_organelles,nucleus,sbiad2822_nuclei,NucleiNet,id11_00189,sparse,18,id_11/img_4808a925.tif,vit_l_em_organelles,0.606,0.0,0.0,0.0,0.0,0.0,0.998196,1.0,0,4,30268,16746944,30268,4,44748,0.67641,0.0,0.0,ok,1,1,0.0,0.0,0.0,0.0,0.0,0.0,0.0,0.0,0.0,0.0,0.0
microsam_vit_l_em_organelles,nucleus,sbiad2822_nuclei,NucleiNet,id11_00190,sparse,18,id_11/img_4808a925.tif,vit_l_em_organelles,0.614,0.95867,0.920621,0.993354,0.926327,0.95867,0.999945,0.999996,10612,71,844,16765689,11456,10683,20700,0.55343,0.98125,0.725567,ok,2,1,0.5,1.0,0.666667,0.5,0.5,1.0,0.666667,0.5,0.53798,0.80697,0.666667
microsam_vit_l_em_organelles,nucleus,sbiad2822_nuclei,NucleiNet,id12_00191,sparse,18,id_12/img_596d5ecb.tif,vit_l_em_organelles,0.557,0.0,0.0,0.0,0.0,0.0,0.999905,0.999909,0,1524,72,16775620,72,1524,15300,0.004706,0.0,0.0,ok,3,1,0.0,0.0,0.0,0.0,0.0,0.0,0.0,0.0,0.0,0.0,0.0
microsam_vit_l_em_organelles,nucleus,sbiad2822_nuclei,NucleiNet,id12_00192,sparse,18,id_12/img_596d5ecb.tif,vit_l_em_organelles,0.753,0.0,0.0,0.0,0.0,0.0,0.998351,0.999776,0,3760,23912,16749544,23912,3760,67392,0.35482,0.0,0.0,ok,6,1,0.0,0.0,0.0,0.0,0.0,0.0,0.0,0.0,0.0,0.0,0.0
microsam_vit_l_em_organelles,nucleus,sbiad2822_nuclei,NucleiNet,id12_00193,sparse,18,id_12/img_596d5ecb.tif,vit_l_em_organelles,0.551,0.0,0.0,0.0,0.0,0.0,0.99743,0.999868,0,2205,40912,16734099,40912,2205,92000,0.444696,0.0,0.0,ok,6,1,0.0,0.0,0.0,0.0,0.0,0.0,0.0,0.0,0.0,0.0,0.0
microsam_vit_l_em_organelles,nucleus,sbiad2822_nuclei,NucleiNet,id12_00194,sparse,18,id_12/img_596d5ecb.tif,vit_l_em_organelles,0.56,0.0,0.0,0.0,0.0,0.0,0.996346,0.999854,0,2436,58864,16715916,58864,2436,118320,0.497498,0.0,0.0,ok,4,1,0.0,0.0,0.0,0.0,0.0,0.0,0.0,0.0,0.0,0.0,0.0
microsam_vit_l_em_organelles,nucleus,sbiad2822_nuclei,NucleiNet,id12_00195,sparse,18,id_12/img_596d5ecb.tif,vit_l_em_organelles,0.557,0.0,0.0,0.0,0.0,0.0,0.99544,0.999925,0,1250,75252,16700714,75252,1250,141192,0.532976,0.0,0.0,ok,4,1,0.0,0.0,0.0,0.0,0.0,0.0,0.0,0.0,0.0,0.0,0.0
microsam_vit_l_em_organelles,nucleus,sbiad2822_nuclei,NucleiNet,id12_00196,sparse,18,id_12/img_596d5ecb.tif,vit_l_em_organelles,0.556,0.0,0.0,0.0,0.0,0.0,0.994665,0.999926,0,1236,88272,16687708,88272,1236,163560,0.539692,0.0,0.0,ok,1,1,0.0,0.0,0.0,0.0,0.0,0.0,0.0,0.0,0.0,0.0,0.0
microsam_vit_l_em_organelles,nucleus,sbiad2822_nuclei,NucleiNet,id12_00197,sparse,18,id_12/img_596d5ecb.tif,vit_l_em_organelles,0.563,0.0,0.0,0.0,0.0,0.0,0.994154,0.999981,0,309,97768,16679139,97768,309,179340,0.545154,0.0,0.0,ok,1,1,0.0,0.0,0.0,0.0,0.0,0.0,0.0,0.0,0.0,0.0,0.0
microsam_vit_l_em_organelles,nucleus,sbiad2822_nuclei,NucleiNet,id12_00198,sparse,18,id_12/img_596d5ecb.tif,vit_l_em_organelles,0.55,0.0,0.0,0.0,0.0,0.0,0.993564,0.999918,0,1366,106612,16669238,106612,1366,196860,0.541563,0.0,0.0,ok,3,1,0.0,0.0,0.0,0.0,0.0,0.0,0.0,0.0,0.0,0.0,0.0
microsam_vit_l_em_organelles,nucleus,sbiad2822_nuclei,NucleiNet,id12_00199,sparse,18,id_12/img_596d5ecb.tif,vit_l_em_organelles,0.55,0.0,0.0,0.0,0.0,0.0,0.993399,0.999773,0,3789,106964,16666463,106964,3789,206456,0.518096,0.0,0.0,ok,6,1,0.0,0.0,0.0,0.0,0.0,0.0,0.0,0.0,0.0,0.0,0.0
microsam_vit_l_em_organelles,nucleus,sbiad2822_nuclei,NucleiNet,id12_00200,sparse,18,id_12/img_596d5ecb.tif,vit_l_em_organelles,0.544,0.0,0.0,0.0,0.0,0.0,0.99306,0.999828,0,2867,113564,16660785,113564,2867,209088,0.54314,0.0,0.0,ok,6,1,0.0,0.0,0.0,0.0,0.0,0.0,0.0,0.0,0.0,0.0,0.0
microsam_vit_l_em_organelles,nucleus,sbiad2822_nuclei,NucleiNet,id12_00201,sparse,18,id_12/img_596d5ecb.tif,vit_l_em_organelles,0.548,0.0,0.0,0.0,0.0,0.0,0.992388,0.99993,0,1162,126544,16649510,126544,1162,207200,0.610734,0.0,0.0,ok,5,1,0.0,0.0,0.0,0.0,0.0,0.0,0.0,0.0,0.0,0.0,0.0
microsam_vit_l_em_organelles,nucleus,sbiad2822_nuclei,NucleiNet,id12_00202,sparse,18,id_12/img_596d5ecb.tif,vit_l_em_organelles,0.916,0.000176,8.8e-05,0.006126,8.9e-05,0.000176,0.99187,0.999883,12,1947,134452,16640805,134464,1959,210308,0.639367,0.0,0.017153,ok,9,1,0.0,0.0,0.0,0.0,0.0,0.0,0.0,0.0,0.0,0.0,0.0
microsam_vit_l_em_organelles,nucleus,sbiad2822_nuclei,NucleiNet,id12_00203,sparse,18,id_12/img_596d5ecb.tif,vit_l_em_organelles,0.828,0.0,0.0,0.0,0.0,0.0,0.991392,0.99989,0,1828,142588,16632800,142588,1828,217300,0.65618,0.0,0.0,ok,2,1,0.0,0.0,0.0,0.0,0.0,0.0,0.0,0.0,0.0,0.0,0.0
microsam_vit_l_em_organelles,nucleus,sbiad2822_nuclei,NucleiNet,id12_00204,sparse,18,id_12/img_596d5ecb.tif,vit_l_em_organelles,0.546,0.0,0.0,0.0,0.0,0.0,0.991259,0.999908,0,1532,145124,16630560,145124,1532,235320,0.616709,0.0,0.0,ok,3,1,0.0,0.0,0.0,0.0,0.0,0.0,0.0,0.0,0.0,0.0,0.0
microsam_vit_l_em_organelles,nucleus,sbiad2822_nuclei,NucleiNet,id12_00205,sparse,18,id_12/img_596d5ecb.tif,vit_l_em_organelles,0.807,0.0,0.0,0.0,0.0,0.0,0.991262,0.999818,0,3027,143576,16630613,143576,3027,239856,0.598592,0.0,0.0,ok,6,1,0.0,0.0,0.0,0.0,0.0,0.0,0.0,0.0,0.0,0.0,0.0
microsam_vit_l_em_organelles,nucleus,sbiad2822_nuclei,NucleiNet,id12_00206,sparse,18,id_12/img_596d5ecb.tif,vit_l_em_organelles,0.547,0.0,0.0,0.0,0.0,0.0,0.990786,0.999854,0,2432,152152,16622632,152152,2432,264196,0.575906,0.0,0.0,ok,4,1,0.0,0.0,0.0,0.0,0.0,0.0,0.0,0.0,0.0,0.0,0.0
microsam_vit_l_em_organelles,nucleus,sbiad2822_nuclei,NucleiNet,id12_00207,sparse,18,id_12/img_596d5ecb.tif,vit_l_em_organelles,0.562,0.0,0.0,0.0,0.0,0.0,0.99005,0.999967,0,552,166376,16610288,166376,552,256320,0.649095,0.0,0.0,ok,1,1,0.0,0.0,0.0,0.0,0.0,0.0,0.0,0.0,0.0,0.0,0.0
microsam_vit_l_em_organelles,nucleus,sbiad2822_nuclei,NucleiNet,id12_00208,sparse,18,id_12/img_596d5ecb.tif,vit_l_em_organelles,0.554,0.0,0.0,0.0,0.0,0.0,0.989379,0.999803,0,3263,174924,16599029,174924,3263,254740,0.686677,0.0,0.0,ok,4,1,0.0,0.0,0.0,0.0,0.0,0.0,0.0,0.0,0.0,0.0,0.0
microsam_vit_l_em_organelles,nucleus,sbiad2822_nuclei,NucleiNet,id12_00209,sparse,18,id_12/img_596d5ecb.tif,vit_l_em_organelles,0.551,0.0,0.0,0.0,0.0,0.0,0.989613,0.999914,0,1427,172832,16602957,172832,1427,253116,0.682817,0.0,0.0,ok,3,1,0.0,0.0,0.0,0.0,0.0,0.0,0.0,0.0,0.0,0.0,0.0
microsam_vit_l_em_organelles,nucleus,sbiad2822_nuclei,NucleiNet,id12_00210,sparse,18,id_12/img_596d5ecb.tif,vit_l_em_organelles,0.541,0.0,0.0,0.0,0.0,0.0,0.990549,0.999891,0,1816,156748,16618652,156748,1816,224664,0.6977,0.0,0.0,ok,5,1,0.0,0.0,0.0,0.0,0.0,0.0,0.0,0.0,0.0,0.0,0.0
microsam_vit_l_em_organelles,nucleus,sbiad2822_nuclei,NucleiNet,id12_00211,sparse,18,id_12/img_596d5ecb.tif,vit_l_em_organelles,0.545,0.0,0.0,0.0,0.0,0.0,0.991664,0.999561,0,7305,132548,16637363,132548,7305,201880,0.656568,0.0,0.0,ok,3,1,0.0,0.0,0.0,0.0,0.0,0.0,0.0,0.0,0.0,0.0,0.0
microsam_vit_l_em_organelles,nucleus,sbiad2822_nuclei,NucleiNet,id12_00212,sparse,18,id_12/img_596d5ecb.tif,vit_l_em_organelles,0.553,0.0,0.0,0.0,0.0,0.0,0.992658,0.999679,0,5341,117836,16654039,117836,5341,179536,0.656336,0.0,0.0,ok,9,1,0.0,0.0,0.0,0.0,0.0,0.0,0.0,0.0,0.0,0.0,0.0
microsam_vit_l_em_organelles,nucleus,sbiad2822_nuclei,NucleiNet,id12_00213,sparse,18,id_12/img_596d5ecb.tif,vit_l_em_organelles,0.552,0.0,0.0,0.0,0.0,0.0,0.993604,0.999887,0,1881,105432,16669903,105432,1881,156240,0.674808,0.0,0.0,ok,3,1,0.0,0.0,0.0,0.0,0.0,0.0,0.0,0.0,0.0,0.0,0.0
microsam_vit_l_em_organelles,nucleus,sbiad2822_nuclei,NucleiNet,id12_00214,sparse,18,id_12/img_596d5ecb.tif,vit_l_em_organelles,0.543,0.0,0.0,0.0,0.0,0.0,0.995094,0.999967,0,546,81756,16694914,81756,546,123032,0.66451,0.0,0.0,ok,2,1,0.0,0.0,0.0,0.0,0.0,0.0,0.0,0.0,0.0,0.0,0.0
microsam_vit_l_em_organelles,nucleus,sbiad2822_nuclei,NucleiNet,id12_00215,sparse,18,id_12/img_596d5ecb.tif,vit_l_em_organelles,0.545,0.0,0.0,0.0,0.0,0.0,0.996022,0.999972,0,469,66276,16710471,66276,469,96720,0.685236,0.0,0.004274,ok,3,1,0.0,0.0,0.0,0.0,0.0,0.0,0.0,0.0,0.0,0.0,0.0
microsam_vit_l_em_organelles,nucleus,sbiad2822_nuclei,NucleiNet,id12_00216,sparse,18,id_12/img_596d5ecb.tif,vit_l_em_organelles,0.547,0.0,0.0,0.0,0.0,0.0,0.996847,0.999962,0,629,52268,16724319,52268,629,77792,0.671894,0.0,0.0,ok,2,1,0.0,0.0,0.0,0.0,0.0,0.0,0.0,0.0,0.0,0.0,0.0
microsam_vit_l_em_organelles,nucleus,sbiad2822_nuclei,NucleiNet,id12_00217,sparse,18,id_12/img_596d5ecb.tif,vit_l_em_organelles,0.544,0.0,0.0,0.0,0.0,0.0,0.997756,0.999974,0,436,37208,16739572,37208,436,57912,0.642492,0.0,0.0,ok,1,1,0.0,0.0,0.0,0.0,0.0,0.0,0.0,0.0,0.0,0.0,0.0
microsam_vit_l_em_organelles,nucleus,sbiad2822_nuclei,NucleiNet,id12_00218,sparse,18,id_12/img_596d5ecb.tif,vit_l_em_organelles,0.542,0.0,0.0,nan,0.0,0.0,0.999537,1.0,0,0,7768,16769448,7768,0,14152,0.548898,0.0,0.0,ok,0,1,nan,0.0,0.0,0.0,nan,0.0,0.0,0.0,0.0,0.0,0.0
microsam_vit_l_em_organelles,nucleus,sbiad2822_nuclei,NucleiNet,id1_00000,full,5,id_1/img_2bf732c1.tif,vit_l_em_organelles,11.028,0.0,0.0,0.0,0.0,0.0,0.77448,0.983416,0,219124,3564466,12993626,3564466,219124,16777216,0.212459,0.0,0.005659,ok,60,4,0.0,0.0,0.0,0.0,0.0,0.0,0.0,0.0,0.0,0.0,0.0
microsam_vit_l_em_organelles,nucleus,sbiad2822_nuclei,NucleiNet,id1_00001,full,5,id_1/img_2bf732c1.tif,vit_l_em_organelles,10.486,0.0,0.0,0.0,0.0,0.0,0.864905,0.983972,0,236359,2030163,14510694,2030163,236359,16777216,0.121007,0.0,0.000847,ok,71,3,0.0,0.0,0.0,0.0,0.0,0.0,0.0,0.0,0.0,0.0,0.0
microsam_vit_l_em_organelles,nucleus,sbiad2822_nuclei,NucleiNet,id1_00002,full,5,id_1/img_2bf732c1.tif,vit_l_em_organelles,11.213,0.0,0.0,0.0,0.0,0.0,0.859341,0.976784,0,342663,2017211,14417342,2017211,342663,16777216,0.120235,0.0,0.001187,ok,98,5,0.0,0.0,0.0,0.0,0.0,0.0,0.0,0.0,0.0,0.0,0.0
microsam_vit_l_em_organelles,nucleus,sbiad2822_nuclei,NucleiNet,id1_00003,full,5,id_1/img_2bf732c1.tif,vit_l_em_organelles,10.526,0.0,0.0,0.0,0.0,0.0,0.867719,0.970166,0,447674,1771631,14557911,1771631,447674,16777216,0.105597,0.0,0.0,ok,129,4,0.0,0.0,0.0,0.0,0.0,0.0,0.0,0.0,0.0,0.0,0.0
microsam_vit_l_em_organelles,nucleus,sbiad2822_nuclei,NucleiNet,id1_00004,full,5,id_1/img_2bf732c1.tif,vit_l_em_organelles,10.439,2.5e-05,1.2e-05,8.4e-05,1.4e-05,2.5e-05,0.855086,0.975587,30,358987,2072273,14345926,2072303,359017,16777216,0.123519,0.0,0.004835,ok,115,3,0.0,0.0,0.0,0.0,0.0,0.0,0.0,0.0,0.0,0.0,0.0
microsam_vit_l_em_organelles,nucleus,sbiad2822_nuclei,NucleiNet,id1_00005,full,5,id_1/img_2bf732c1.tif,vit_l_em_organelles,12.152,0.0,0.0,0.0,0.0,0.0,0.858617,0.947401,0,799772,1572243,14405201,1572243,799772,16777216,0.093713,0.0,0.001268,ok,114,2,0.0,0.0,0.0,0.0,0.0,0.0,0.0,0.0,0.0,0.0,0.0
microsam_vit_l_em_organelles,nucleus,sbiad2822_nuclei,NucleiNet,id1_00006,full,5,id_1/img_2bf732c1.tif,vit_l_em_organelles,10.505,0.0,0.0,0.0,0.0,0.0,0.871309,0.97469,0,379590,1779479,14618147,1779479,379590,16777216,0.106065,0.0,0.0,ok,105,5,0.0,0.0,0.0,0.0,0.0,0.0,0.0,0.0,0.0,0.0,0.0
microsam_vit_l_em_organelles,nucleus,sbiad2822_nuclei,NucleiNet,id1_00007,full,5,id_1/img_2bf732c1.tif,vit_l_em_organelles,11.497,0.0,0.0,0.0,0.0,0.0,0.880557,0.965984,0,520226,1483692,14773298,1483692,520226,16777216,0.088435,0.0,0.00053,ok,130,5,0.0,0.0,0.0,0.0,0.0,0.0,0.0,0.0,0.0,0.0,0.0
microsam_vit_l_em_organelles,nucleus,sbiad2822_nuclei,NucleiNet,id1_00008,full,5,id_1/img_2bf732c1.tif,vit_l_em_organelles,10.715,0.0,0.0,0.0,0.0,0.0,0.871144,0.97965,0,303599,1858243,14615374,1858243,303599,16777216,0.11076,0.0,0.0,ok,80,5,0.0,0.0,0.0,0.0,0.0,0.0,0.0,0.0,0.0,0.0,0.0
microsam_vit_l_em_organelles,nucleus,sbiad2822_nuclei,NucleiNet,id1_00009,full,5,id_1/img_2bf732c1.tif,vit_l_em_organelles,10.541,0.0,0.0,0.0,0.0,0.0,0.89908,0.968668,0,487898,1205262,15084056,1205262,487898,16777216,0.071839,0.0,0.001625,ok,125,5,0.0,0.0,0.0,0.0,0.0,0.0,0.0,0.0,0.0,0.0,0.0
microsam_vit_l_em_organelles,nucleus,sbiad2822_nuclei,NucleiNet,id1_00010,full,5,id_1/img_2bf732c1.tif,vit_l_em_organelles,11.058,0.0,0.0,0.0,0.0,0.0,0.796696,0.972253,0,381462,3029415,13366339,3029415,381462,16777216,0.180567,0.0,0.000682,ok,90,4,0.0,0.0,0.0,0.0,0.0,0.0,0.0,0.0,0.0,0.0,0.0
microsam_vit_l_em_organelles,nucleus,sbiad2822_nuclei,NucleiNet,id1_00011,full,5,id_1/img_2bf732c1.tif,vit_l_em_organelles,10.581,0.0,0.0,0.0,0.0,0.0,0.858676,0.978303,0,319505,2051526,14406185,2051526,319505,16777216,0.12228,0.0,0.005265,ok,81,2,0.0,0.0,0.0,0.0,0.0,0.0,0.0,0.0,0.0,0.0,0.0
microsam_vit_l_em_organelles,nucleus,sbiad2822_nuclei,NucleiNet,id1_00012,full,5,id_1/img_2bf732c1.tif,vit_l_em_organelles,11.452,0.0,0.0,0.0,0.0,0.0,0.897319,0.982082,0,274675,1448030,15054511,1448030,274675,16777216,0.086309,0.0,0.005281,ok,75,2,0.0,0.0,0.0,0.0,0.0,0.0,0.0,0.0,0.0,0.0,0.0
microsam_vit_l_em_organelles,nucleus,sbiad2822_nuclei,NucleiNet,id1_00013,full,5,id_1/img_2bf732c1.tif,vit_l_em_organelles,10.577,0.0,0.0,0.0,0.0,0.0,0.899043,0.98572,0,218512,1475261,15083443,1475261,218512,16777216,0.087932,0.0,0.000859,ok,68,2,0.0,0.0,0.0,0.0,0.0,0.0,0.0,0.0,0.0,0.0,0.0
microsam_vit_l_em_organelles,nucleus,sbiad2822_nuclei,NucleiNet,id1_00014,full,5,id_1/img_2bf732c1.tif,vit_l_em_organelles,10.466,0.0,0.0,0.0,0.0,0.0,0.876411,0.981051,0,284008,1789473,14703735,1789473,284008,16777216,0.106661,0.0,0.0,ok,67,2,0.0,0.0,0.0,0.0,0.0,0.0,0.0,0.0,0.0,0.0,0.0
microsam_vit_l_em_organelles,nucleus,sbiad2822_nuclei,NucleiNet,id1_00015,full,5,id_1/img_2bf732c1.tif,vit_l_em_organelles,10.911,0.0,0.0,0.0,0.0,0.0,0.820374,0.979358,0,290091,2723527,13763598,2723527,290091,16777216,0.162335,0.0,0.000501,ok,90,4,0.0,0.0,0.0,0.0,0.0,0.0,0.0,0.0,0.0,0.0,0.0
microsam_vit_l_em_organelles,nucleus,sbiad2822_nuclei,NucleiNet,id1_00016,full,5,id_1/img_2bf732c1.tif,vit_l_em_organelles,10.733,0.0,0.0,0.0,0.0,0.0,0.824442,0.976529,0,332453,2612922,13831841,2612922,332453,16777216,0.155742,0.0,0.001038,ok,103,4,0.0,0.0,0.0,0.0,0.0,0.0,0.0,0.0,0.0,0.0,0.0
microsam_vit_l_em_organelles,nucleus,sbiad2822_nuclei,NucleiNet,id1_00017,full,5,id_1/img_2bf732c1.tif,vit_l_em_organelles,11.284,1.2e-05,6e-06,3.5e-05,7e-06,1.2e-05,0.82325,0.964521,18,508050,2457323,13811825,2457341,508068,16777216,0.146469,0.0,0.002441,ok,120,4,0.0,0.0,0.0,0.0,0.0,0.0,0.0,0.0,0.0,0.0,0.0
microsam_vit_l_em_organelles,nucleus,sbiad2822_nuclei,NucleiNet,id1_00018,full,5,id_1/img_2bf732c1.tif,vit_l_em_organelles,10.613,0.0,0.0,0.0,0.0,0.0,0.927909,0.981137,0,299307,910178,15567731,910178,299307,16777216,0.054251,0.0,0.0,ok,59,2,0.0,0.0,0.0,0.0,0.0,0.0,0.0,0.0,0.0,0.0,0.0
microsam_vit_l_em_organelles,nucleus,sbiad2822_nuclei,NucleiNet,id1_00019,full,5,id_1/img_2bf732c1.tif,vit_l_em_organelles,10.93,0.0,0.0,0.0,0.0,0.0,0.825201,0.972431,0,392509,2540125,13844582,2540125,392509,16777216,0.151403,0.0,0.0,ok,95,3,0.0,0.0,0.0,0.0,0.0,0.0,0.0,0.0,0.0,0.0,0.0
microsam_vit_l_em_organelles,nucleus,sbiad2822_nuclei,NucleiNet,id1_00020,full,5,id_1/img_2bf732c1.tif,vit_l_em_organelles,11.056,0.0,0.0,0.0,0.0,0.0,0.95507,0.978098,0,358802,395006,16023408,395006,358802,16777216,0.023544,0.0,0.001373,ok,91,3,0.0,0.0,0.0,0.0,0.0,0.0,0.0,0.0,0.0,0.0,0.0
microsam_vit_l_em_organelles,nucleus,sbiad2822_nuclei,NucleiNet,id1_00021,full,5,id_1/img_2bf732c1.tif,vit_l_em_organelles,10.636,0.0,0.0,0.0,0.0,0.0,0.877835,0.9843,0,234907,1814689,14727620,1814689,234907,16777216,0.108164,0.0,0.0,ok,63,1,0.0,0.0,0.0,0.0,0.0,0.0,0.0,0.0,0.0,0.0,0.0
microsam_vit_l_em_organelles,nucleus,sbiad2822_nuclei,NucleiNet,id1_00022,full,5,id_1/img_2bf732c1.tif,vit_l_em_organelles,10.959,3.3e-05,1.6e-05,0.000139,1.9e-05,3.3e-05,0.82291,0.975024,49,353657,2617424,13806086,2617473,353706,16777216,0.156014,0.0,0.00583,ok,75,4,0.0,0.0,0.0,0.0,0.0,0.0,0.0,0.0,0.0,0.0,0.0
microsam_vit_l_em_organelles,nucleus,sbiad2822_nuclei,NucleiNet,id1_00023,full,5,id_1/img_2bf732c1.tif,vit_l_em_organelles,10.49,0.0003,0.00015,0.000799,0.000184,0.0003,0.864025,0.971355,342,427477,1853804,14495593,1854146,427819,16777216,0.110516,0.0,0.004928,ok,99,6,0.0,0.0,0.0,0.0,0.0,0.0,0.0,0.0,0.0,0.0,0.0
microsam_vit_l_em_organelles,nucleus,sbiad2822_nuclei,NucleiNet,id1_00024,full,5,id_1/img_2bf732c1.tif,vit_l_em_organelles,11.144,0.0,0.0,0.0,0.0,0.0,0.726753,0.950314,0,637492,3946834,12192890,3946834,637492,16777216,0.23525,0.0,0.005368,ok,143,6,0.0,0.0,0.0,0.0,0.0,0.0,0.0,0.0,0.0,0.0,0.0
microsam_vit_l_em_organelles,nucleus,sbiad2822_nuclei,NucleiNet,id1_00025,full,5,id_1/img_2bf732c1.tif,vit_l_em_organelles,11.043,0.0,0.0,0.0,0.0,0.0,0.776399,0.95641,0,593669,3157729,13025818,3157729,593669,16777216,0.188215,0.0,0.00506,ok,133,6,0.0,0.0,0.0,0.0,0.0,0.0,0.0,0.0,0.0,0.0,0.0
microsam_vit_l_em_organelles,nucleus,sbiad2822_nuclei,NucleiNet,id2_00026,full,5,id_2/img_97dde2ee.tiff,vit_l_em_organelles,10.638,0.0,0.0,0.0,0.0,0.0,0.783002,0.947094,0,733822,2906807,13136587,2906807,733822,16777216,0.173259,0.0,0.001159,ok,112,3,0.0,0.0,0.0,0.0,0.0,0.0,0.0,0.0,0.0,0.0,0.0
microsam_vit_l_em_organelles,nucleus,sbiad2822_nuclei,NucleiNet,id2_00027,full,5,id_2/img_97dde2ee.tiff,vit_l_em_organelles,11.369,0.0,0.0,0.0,0.0,0.0,0.677953,0.901367,0,1244634,4158417,11374165,4158417,1244634,16777216,0.247861,0.0,0.0,ok,167,7,0.0,0.0,0.0,0.0,0.0,0.0,0.0,0.0,0.0,0.0,0.0
microsam_vit_l_em_organelles,nucleus,sbiad2822_nuclei,NucleiNet,id2_00028,full,5,id_2/img_97dde2ee.tiff,vit_l_em_organelles,10.923,2e-05,1e-05,6.8e-05,1.2e-05,2e-05,0.642564,0.922684,61,903335,5093448,10780372,5093509,903396,16777216,0.303597,0.0,0.001768,ok,166,7,0.0,0.0,0.0,0.0,0.0,0.0,0.0,0.0,0.0,0.0,0.0
microsam_vit_l_em_organelles,nucleus,sbiad2822_nuclei,NucleiNet,id2_00029,full,5,id_2/img_97dde2ee.tiff,vit_l_em_organelles,11.159,0.0,0.0,0.0,0.0,0.0,0.677699,0.906024,0,1179329,4227984,11369903,4227984,1179329,16777216,0.252007,0.0,0.000239,ok,193,6,0.0,0.0,0.0,0.0,0.0,0.0,0.0,0.0,0.0,0.0,0.0
microsam_vit_l_em_organelles,nucleus,sbiad2822_nuclei,NucleiNet,id2_00030,full,5,id_2/img_97dde2ee.tiff,vit_l_em_organelles,10.737,0.0,0.0,0.0,0.0,0.0,0.670738,0.930669,0,838310,4685783,11253123,4685783,838310,16777216,0.279294,0.0,0.000307,ok,127,5,0.0,0.0,0.0,0.0,0.0,0.0,0.0,0.0,0.0,0.0,0.0
microsam_vit_l_em_organelles,nucleus,sbiad2822_nuclei,NucleiNet,id2_00031,full,5,id_2/img_97dde2ee.tiff,vit_l_em_organelles,10.678,0.00026,0.00013,0.000447,0.000183,0.00026,0.812799,0.937319,408,911889,2228826,13636093,2229234,912297,16777216,0.132873,0.0,0.003418,ok,122,5,0.0,0.0,0.0,0.0,0.0,0.0,0.0,0.0,0.0,0.0,0.0
microsam_vit_l_em_organelles,nucleus,sbiad2822_nuclei,NucleiNet,id2_00032,full,5,id_2/img_97dde2ee.tiff,vit_l_em_organelles,11.595,0.002572,0.001288,0.006716,0.001591,0.002572,0.667766,0.913294,7187,1062924,4511037,11196068,4518224,1070111,16777216,0.269307,0.0,0.0004,ok,128,7,0.0,0.0,0.0,0.0,0.0,0.0,0.0,0.0,0.0,0.0,0.0
microsam_vit_l_em_organelles,nucleus,sbiad2822_nuclei,NucleiNet,id2_00033,full,5,id_2/img_97dde2ee.tiff,vit_l_em_organelles,10.547,0.000153,7.6e-05,0.000527,8.9e-05,0.000153,0.706581,0.943287,376,712705,4210043,11854092,4210419,713081,16777216,0.250961,0.0,0.016895,ok,92,6,0.0,0.0,0.0,0.0,0.0,0.0,0.0,0.0,0.0,0.0,0.0
microsam_vit_l_em_organelles,nucleus,sbiad2822_nuclei,NucleiNet,id2_00034,full,5,id_2/img_97dde2ee.tiff,vit_l_em_organelles,11.155,8e-06,4e-06,3.6e-05,4e-06,8e-06,0.638434,0.94069,24,675327,5390746,10711119,5390770,675351,16777216,0.321315,0.0,0.001132,ok,84,6,0.0,0.0,0.0,0.0,0.0,0.0,0.0,0.0,0.0,0.0,0.0
microsam_vit_l_em_organelles,nucleus,sbiad2822_nuclei,NucleiNet,id2_00035,full,5,id_2/img_97dde2ee.tiff,vit_l_em_organelles,10.823,0.0,0.0,0.0,0.0,0.0,0.707348,0.937164,0,795689,4114205,11867322,4114205,795689,16777216,0.245226,0.0,0.000639,ok,103,7,0.0,0.0,0.0,0.0,0.0,0.0,0.0,0.0,0.0,0.0,0.0
microsam_vit_l_em_organelles,nucleus,sbiad2822_nuclei,NucleiNet,id2_00036,full,5,id_2/img_97dde2ee.tiff,vit_l_em_organelles,10.518,0.0,0.0,0.0,0.0,0.0,0.828986,0.961154,0,562107,2307034,13908075,2307034,562107,16777216,0.13751,0.0,0.000226,ok,91,5,0.0,0.0,0.0,0.0,0.0,0.0,0.0,0.0,0.0,0.0,0.0
microsam_vit_l_em_organelles,nucleus,sbiad2822_nuclei,NucleiNet,id2_00037,full,5,id_2/img_97dde2ee.tiff,vit_l_em_organelles,10.865,0.0,0.0,0.0,0.0,0.0,0.728111,0.921763,0,1036842,3524705,12215669,3524705,1036842,16777216,0.210089,0.0,0.0,ok,163,4,0.0,0.0,0.0,0.0,0.0,0.0,0.0,0.0,0.0,0.0,0.0
microsam_vit_l_em_organelles,nucleus,sbiad2822_nuclei,NucleiNet,id2_00038,full,5,id_2/img_97dde2ee.tiff,vit_l_em_organelles,10.832,0.000346,0.000173,0.000725,0.000227,0.000346,0.698947,0.906903,873,1203664,3847162,11725517,3848035,1204537,16777216,0.229361,0.006127,0.006624,ok,190,7,0.0,0.0,0.0,0.0,0.0,0.0,0.0,0.0,0.0,0.0,0.0
microsam_vit_l_em_organelles,nucleus,sbiad2822_nuclei,NucleiNet,id2_00039,full,5,id_2/img_97dde2ee.tiff,vit_l_em_organelles,11.419,0.0,0.0,0.0,0.0,0.0,0.79289,0.934023,0,939650,2535087,13302479,2535087,939650,16777216,0.151103,0.0,0.0,ok,135,3,0.0,0.0,0.0,0.0,0.0,0.0,0.0,0.0,0.0,0.0,0.0
microsam_vit_l_em_organelles,nucleus,sbiad2822_nuclei,NucleiNet,id2_00040,full,5,id_2/img_97dde2ee.tiff,vit_l_em_organelles,10.992,0.0,0.0,0.0,0.0,0.0,0.563138,0.947404,0,524509,6804812,9447895,6804812,524509,16777216,0.405598,0.0,0.00116,ok,64,6,0.0,0.0,0.0,0.0,0.0,0.0,0.0,0.0,0.0,0.0,0.0
microsam_vit_l_em_organelles,nucleus,sbiad2822_nuclei,NucleiNet,id2_00041,full,5,id_2/img_97dde2ee.tiff,vit_l_em_organelles,10.576,0.0,0.0,0.0,0.0,0.0,0.617727,0.908257,0,1046839,5366635,10363742,5366635,1046839,16777216,0.319876,0.0,0.001378,ok,144,6,0.0,0.0,0.0,0.0,0.0,0.0,0.0,0.0,0.0,0.0,0.0
microsam_vit_l_em_organelles,nucleus,sbiad2822_nuclei,NucleiNet,id2_00042,full,5,id_2/img_97dde2ee.tiff,vit_l_em_organelles,10.814,0.0,0.0,0.0,0.0,0.0,0.69813,0.933439,0,835196,4229343,11712677,4229343,835196,16777216,0.252088,0.0,0.0,ok,117,6,0.0,0.0,0.0,0.0,0.0,0.0,0.0,0.0,0.0,0.0,0.0
microsam_vit_l_em_organelles,nucleus,sbiad2822_nuclei,NucleiNet,id2_00043,full,5,id_2/img_97dde2ee.tiff,vit_l_em_organelles,10.637,0.0,0.0,0.0,0.0,0.0,0.643994,0.907115,0,1106335,4866448,10804433,4866448,1106335,16777216,0.290063,0.0,0.001809,ok,159,8,0.0,0.0,0.0,0.0,0.0,0.0,0.0,0.0,0.0,0.0,0.0
microsam_vit_l_em_organelles,nucleus,sbiad2822_nuclei,NucleiNet,id2_00044,full,5,id_2/img_97dde2ee.tiff,vit_l_em_organelles,11.139,4e-06,2e-06,1.7e-05,2e-06,4e-06,0.607919,0.927001,14,803165,5774858,10199179,5774872,803179,16777216,0.344209,0.0,0.007508,ok,104,8,0.0,0.0,0.0,0.0,0.0,0.0,0.0,0.0,0.0,0.0,0.0
microsam_vit_l_em_organelles,nucleus,sbiad2822_nuclei,NucleiNet,id2_00045,full,5,id_2/img_97dde2ee.tiff,vit_l_em_organelles,10.618,0.000447,0.000224,0.001285,0.000271,0.000447,0.710739,0.933879,1086,844194,4008806,11923130,4009892,845280,16777216,0.239008,0.0,0.000738,ok,98,7,0.0,0.0,0.0,0.0,0.0,0.0,0.0,0.0,0.0,0.0,0.0
microsam_vit_l_em_organelles,nucleus,sbiad2822_nuclei,NucleiNet,id2_00046,full,5,id_2/img_97dde2ee.tiff,vit_l_em_organelles,10.908,0.0,0.0,0.0,0.0,0.0,0.74673,0.922457,0,1053129,3196036,12528051,3196036,1053129,16777216,0.190499,0.0,0.002782,ok,137,7,0.0,0.0,0.0,0.0,0.0,0.0,0.0,0.0,0.0,0.0,0.0
microsam_vit_l_em_organelles,nucleus,sbiad2822_nuclei,NucleiNet,id2_00047,full,5,id_2/img_97dde2ee.tiff,vit_l_em_organelles,11.089,0.0,0.0,0.0,0.0,0.0,0.774751,0.931651,0,953587,2825465,12998164,2825465,953587,16777216,0.168411,0.0,0.000657,ok,129,4,0.0,0.0,0.0,0.0,0.0,0.0,0.0,0.0,0.0,0.0,0.0
microsam_vit_l_em_organelles,nucleus,sbiad2822_nuclei,NucleiNet,id3_00048,full,5,id_3/img_626dde70.tif,vit_l_em_organelles,10.515,2.2e-05,1.1e-05,8.2e-05,1.3e-05,2.2e-05,0.802425,0.968397,36,439338,2875421,13462421,2875457,439374,16777216,0.171391,0.0,0.007967,ok,51,6,0.0,0.0,0.0,0.0,0.0,0.0,0.0,0.0,0.0,0.0,0.0
microsam_vit_l_em_organelles,nucleus,sbiad2822_nuclei,NucleiNet,id3_00049,full,5,id_3/img_626dde70.tif,vit_l_em_organelles,11.081,0.0,0.0,0.0,0.0,0.0,0.751879,0.937755,0,837305,3325479,12614432,3325479,837305,16777216,0.198214,0.0,0.0,ok,128,4,0.0,0.0,0.0,0.0,0.0,0.0,0.0,0.0,0.0,0.0,0.0
microsam_vit_l_em_organelles,nucleus,sbiad2822_nuclei,NucleiNet,id3_00050,full,5,id_3/img_626dde70.tif,vit_l_em_organelles,10.588,0.0,0.0,0.0,0.0,0.0,0.84137,0.95478,0,668557,1992806,14115853,1992806,668557,16777216,0.11878,0.0,0.000195,ok,123,5,0.0,0.0,0.0,0.0,0.0,0.0,0.0,0.0,0.0,0.0,0.0
microsam_vit_l_em_organelles,nucleus,sbiad2822_nuclei,NucleiNet,id3_00051,full,5,id_3/img_626dde70.tif,vit_l_em_organelles,10.956,0.025069,0.012694,0.056513,0.016107,0.025069,0.856532,0.965223,30946,516646,1890348,14339276,1921294,547592,16777216,0.114518,0.021902,0.038185,ok,94,4,0.010638,0.25,0.020408,0.010309,0.010638,0.25,0.020408,0.010309,0.019485,0.95477,0.020408
microsam_vit_l_em_organelles,nucleus,sbiad2822_nuclei,NucleiNet,id3_00052,full,5,id_3/img_626dde70.tif,vit_l_em_organelles,10.706,0.0,0.0,0.0,0.0,0.0,0.805247,0.948564,0,732565,2534843,13509808,2534843,732565,16777216,0.151088,0.0,0.0,ok,114,7,0.0,0.0,0.0,0.0,0.0,0.0,0.0,0.0,0.0,0.0,0.0
microsam_vit_l_em_organelles,nucleus,sbiad2822_nuclei,NucleiNet,id3_00053,full,5,id_3/img_626dde70.tif,vit_l_em_organelles,10.553,0.0,0.0,0.0,0.0,0.0,0.834871,0.952221,0,702818,2067580,14006818,2067580,702818,16777216,0.123237,0.0,0.0,ok,130,5,0.0,0.0,0.0,0.0,0.0,0.0,0.0,0.0,0.0,0.0,0.0
microsam_vit_l_em_organelles,nucleus,sbiad2822_nuclei,NucleiNet,id3_00054,full,5,id_3/img_626dde70.tif,vit_l_em_organelles,11.161,0.000139,7e-05,0.000566,7.9e-05,0.000139,0.724665,0.955308,322,568765,4050594,12157535,4050916,569087,16777216,0.241453,0.0,0.003613,ok,110,6,0.0,0.0,0.0,0.0,0.0,0.0,0.0,0.0,0.0,0.0,0.0
microsam_vit_l_em_organelles,nucleus,sbiad2822_nuclei,NucleiNet,id3_00055,full,5,id_3/img_626dde70.tif,vit_l_em_organelles,10.523,0.0,0.0,0.0,0.0,0.0,0.882829,0.959854,0,619490,1346305,14811421,1346305,619490,16777216,0.080246,0.0,0.0,ok,104,4,0.0,0.0,0.0,0.0,0.0,0.0,0.0,0.0,0.0,0.0,0.0
microsam_vit_l_em_organelles,nucleus,sbiad2822_nuclei,NucleiNet,id3_00056,full,5,id_3/img_626dde70.tif,vit_l_em_organelles,10.632,0.0,0.0,0.0,0.0,0.0,0.803746,0.963343,0,513121,2779476,13484619,2779476,513121,16777216,0.16567,0.0,0.000428,ok,93,4,0.0,0.0,0.0,0.0,0.0,0.0,0.0,0.0,0.0,0.0,0.0
microsam_vit_l_em_organelles,nucleus,sbiad2822_nuclei,NucleiNet,id3_00057,full,5,id_3/img_626dde70.tif,vit_l_em_organelles,10.671,0.0,0.0,0.0,0.0,0.0,0.868761,0.938272,0,958902,1242916,14575398,1242916,958902,16777216,0.074084,0.0,0.000705,ok,122,4,0.0,0.0,0.0,0.0,0.0,0.0,0.0,0.0,0.0,0.0,0.0
microsam_vit_l_em_organelles,nucleus,sbiad2822_nuclei,NucleiNet,id3_00058,full,5,id_3/img_626dde70.tif,vit_l_em_organelles,10.653,0.0,0.0,0.0,0.0,0.0,0.854017,0.936606,0,969792,1479403,14328021,1479403,969792,16777216,0.088179,0.0,0.00076,ok,113,3,0.0,0.0,0.0,0.0,0.0,0.0,0.0,0.0,0.0,0.0,0.0
microsam_vit_l_em_organelles,nucleus,sbiad2822_nuclei,NucleiNet,id3_00059,full,5,id_3/img_626dde70.tif,vit_l_em_organelles,11.4,1.6e-05,8e-06,3e-05,1.1e-05,1.6e-05,0.839937,0.950176,22,738928,1946487,14091779,1946509,738950,16777216,0.116021,0.0,0.002279,ok,114,6,0.0,0.0,0.0,0.0,0.0,0.0,0.0,0.0,0.0,0.0,0.0
microsam_vit_l_em_organelles,nucleus,sbiad2822_nuclei,NucleiNet,id3_00060,full,5,id_3/img_626dde70.tif,vit_l_em_organelles,10.816,0.0,0.0,0.0,0.0,0.0,0.733804,0.938474,0,807121,3658912,12311183,3658912,807121,16777216,0.218088,0.0,0.0,ok,127,5,0.0,0.0,0.0,0.0,0.0,0.0,0.0,0.0,0.0,0.0,0.0
microsam_vit_l_em_organelles,nucleus,sbiad2822_nuclei,NucleiNet,id3_00061,full,5,id_3/img_626dde70.tif,vit_l_em_organelles,10.883,0.0,0.0,0.0,0.0,0.0,0.862815,0.954229,0,694351,1607230,14475635,1607230,694351,16777216,0.095798,0.0,0.0,ok,157,5,0.0,0.0,0.0,0.0,0.0,0.0,0.0,0.0,0.0,0.0,0.0
microsam_vit_l_em_organelles,nucleus,sbiad2822_nuclei,NucleiNet,id3_00062,full,5,id_3/img_626dde70.tif,vit_l_em_organelles,10.869,0.01342,0.006755,0.030084,0.008636,0.01342,0.785404,0.943374,24487,789477,2810848,13152404,2835335,813964,16777216,0.168999,0.017285,0.018795,ok,139,7,0.007194,0.142857,0.013699,0.006897,0.007194,0.142857,0.013699,0.006897,0.010383,0.757971,0.013699
microsam_vit_l_em_organelles,nucleus,sbiad2822_nuclei,NucleiNet,id3_00063,full,5,id_3/img_626dde70.tif,vit_l_em_organelles,10.588,0.0,0.0,0.0,0.0,0.0,0.853625,0.959159,0,609814,1845945,14321457,1845945,609814,16777216,0.110027,0.0,0.0,ok,108,5,0.0,0.0,0.0,0.0,0.0,0.0,0.0,0.0,0.0,0.0,0.0
microsam_vit_l_em_organelles,nucleus,sbiad2822_nuclei,NucleiNet,id3_00064,full,5,id_3/img_626dde70.tif,vit_l_em_organelles,11.107,2.7e-05,1.4e-05,6.1e-05,1.8e-05,2.7e-05,0.790608,0.943751,48,790558,2722462,13264148,2722510,790606,16777216,0.162274,0.0,0.00115,ok,135,6,0.0,0.0,0.0,0.0,0.0,0.0,0.0,0.0,0.0,0.0,0.0
microsam_vit_l_em_organelles,nucleus,sbiad2822_nuclei,NucleiNet,id3_00065,full,5,id_3/img_626dde70.tif,vit_l_em_organelles,10.644,0.0,0.0,0.0,0.0,0.0,0.84082,0.950442,0,735543,1935050,14106623,1935050,735543,16777216,0.115338,0.0,0.0,ok,120,2,0.0,0.0,0.0,0.0,0.0,0.0,0.0,0.0,0.0,0.0,0.0
microsam_vit_l_em_organelles,nucleus,sbiad2822_nuclei,NucleiNet,id3_00066,full,5,id_3/img_626dde70.tif,vit_l_em_organelles,11.241,0.0,0.0,0.0,0.0,0.0,0.857832,0.958064,0,629969,1755206,14392041,1755206,629969,16777216,0.104618,0.0,0.000619,ok,110,4,0.0,0.0,0.0,0.0,0.0,0.0,0.0,0.0,0.0,0.0,0.0
microsam_vit_l_em_organelles,nucleus,sbiad2822_nuclei,NucleiNet,id3_00067,full,5,id_3/img_626dde70.tif,vit_l_em_organelles,10.923,0.0,0.0,0.0,0.0,0.0,0.779049,0.944347,0,770269,2936678,13070269,2936678,770269,16777216,0.17504,0.0,0.00017,ok,126,4,0.0,0.0,0.0,0.0,0.0,0.0,0.0,0.0,0.0,0.0,0.0
microsam_vit_l_em_organelles,nucleus,sbiad2822_nuclei,NucleiNet,id3_00068,full,5,id_3/img_626dde70.tif,vit_l_em_organelles,10.566,0.0,0.0,0.0,0.0,0.0,0.938964,0.949718,0,834039,189979,15753198,189979,834039,16777216,0.011324,0.0,0.0,ok,114,2,0.0,0.0,0.0,0.0,0.0,0.0,0.0,0.0,0.0,0.0,0.0
microsam_vit_l_em_organelles,nucleus,sbiad2822_nuclei,NucleiNet,id3_00069,full,5,id_3/img_626dde70.tif,vit_l_em_organelles,10.776,0.0,0.0,0.0,0.0,0.0,0.941872,0.945589,0,909278,65950,15801988,65950,909278,16777216,0.003931,0.0,0.0,ok,102,1,0.0,0.0,0.0,0.0,0.0,0.0,0.0,0.0,0.0,0.0,0.0
microsam_vit_l_em_organelles,nucleus,sbiad2822_nuclei,NucleiNet,id4_00070,full,5,id_4/img_57f48663.tif,vit_l_em_organelles,10.618,0.0,0.0,0.0,0.0,0.0,0.831422,0.951525,0,710615,2117655,13948946,2117655,710615,16777216,0.126222,0.0,0.001193,ok,158,5,0.0,0.0,0.0,0.0,0.0,0.0,0.0,0.0,0.0,0.0,0.0
microsam_vit_l_em_organelles,nucleus,sbiad2822_nuclei,NucleiNet,id4_00071,full,5,id_4/img_57f48663.tif,vit_l_em_organelles,11.225,0.0,0.0,0.0,0.0,0.0,0.791383,0.938535,0,869531,2630478,13277207,2630478,869531,16777216,0.156789,0.0,0.001602,ok,204,5,0.0,0.0,0.0,0.0,0.0,0.0,0.0,0.0,0.0,0.0,0.0
microsam_vit_l_em_organelles,nucleus,sbiad2822_nuclei,NucleiNet,id4_00072,full,5,id_4/img_57f48663.tif,vit_l_em_organelles,10.791,0.0,0.0,0.0,0.0,0.0,0.814397,0.953061,0,672925,2440985,13663306,2440985,672925,16777216,0.145494,0.0,0.000704,ok,168,3,0.0,0.0,0.0,0.0,0.0,0.0,0.0,0.0,0.0,0.0,0.0
microsam_vit_l_em_organelles,nucleus,sbiad2822_nuclei,NucleiNet,id4_00073,full,5,id_4/img_57f48663.tif,vit_l_em_organelles,10.565,0.000163,8.1e-05,0.000339,0.000107,0.000163,0.768546,0.932545,316,932656,2950494,12893750,2950810,932972,16777216,0.175882,0.0,0.002938,ok,194,5,0.0,0.0,0.0,0.0,0.0,0.0,0.0,0.0,0.0,0.0,0.0
microsam_vit_l_em_organelles,nucleus,sbiad2822_nuclei,NucleiNet,id4_00074,full,5,id_4/img_57f48663.tif,vit_l_em_organelles,11.622,0.0,0.0,0.0,0.0,0.0,0.681413,0.958075,0,500264,4844738,11432214,4844738,500264,16777216,0.288769,0.0,0.003513,ok,79,3,0.0,0.0,0.0,0.0,0.0,0.0,0.0,0.0,0.0,0.0,0.0
microsam_vit_l_em_organelles,nucleus,sbiad2822_nuclei,NucleiNet,id4_00075,full,5,id_4/img_57f48663.tif,vit_l_em_organelles,10.571,0.0,0.0,0.0,0.0,0.0,0.732727,0.93553,0,847159,3636944,12293113,3636944,847159,16777216,0.216779,0.0,0.0,ok,140,4,0.0,0.0,0.0,0.0,0.0,0.0,0.0,0.0,0.0,0.0,0.0
microsam_vit_l_em_organelles,nucleus,sbiad2822_nuclei,NucleiNet,id4_00076,full,5,id_4/img_57f48663.tif,vit_l_em_organelles,11.461,0.0,0.0,0.0,0.0,0.0,0.870332,0.935812,0,1001541,1173919,14601756,1173919,1001541,16777216,0.069971,0.0,0.000835,ok,200,5,0.0,0.0,0.0,0.0,0.0,0.0,0.0,0.0,0.0,0.0,0.0
microsam_vit_l_em_organelles,nucleus,sbiad2822_nuclei,NucleiNet,id4_00077,full,5,id_4/img_57f48663.tif,vit_l_em_organelles,10.755,0.0,0.0,0.0,0.0,0.0,0.810446,0.956991,0,611081,2569103,13597032,2569103,611081,16777216,0.15313,0.0,0.006125,ok,137,5,0.0,0.0,0.0,0.0,0.0,0.0,0.0,0.0,0.0,0.0,0.0
microsam_vit_l_em_organelles,nucleus,sbiad2822_nuclei,NucleiNet,id4_00078,full,5,id_4/img_57f48663.tif,vit_l_em_organelles,10.604,0.038723,0.019744,0.12468,0.022921,0.038723,0.783697,0.962236,73092,513144,3115817,13075163,3188909,586236,16777216,0.190074,0.061092,0.041754,ok,117,6,0.008547,0.166667,0.01626,0.008197,0.008547,0.166667,0.01626,0.008197,0.012709,0.781591,0.01626
microsam_vit_l_em_organelles,nucleus,sbiad2822_nuclei,NucleiNet,id4_00079,full,5,id_4/img_57f48663.tif,vit_l_em_organelles,11.164,0.0,0.0,0.0,0.0,0.0,0.673789,0.957945,0,496270,4976649,11304297,4976649,496270,16777216,0.296631,0.0,0.000151,ok,120,8,0.0,0.0,0.0,0.0,0.0,0.0,0.0,0.0,0.0,0.0,0.0
microsam_vit_l_em_organelles,nucleus,sbiad2822_nuclei,NucleiNet,id4_00080,full,5,id_4/img_57f48663.tif,vit_l_em_organelles,10.77,0.0,0.0,0.0,0.0,0.0,0.850872,0.942047,0,878182,1623773,14275261,1623773,878182,16777216,0.096784,0.0,0.00085,ok,223,5,0.0,0.0,0.0,0.0,0.0,0.0,0.0,0.0,0.0,0.0,0.0
microsam_vit_l_em_organelles,nucleus,sbiad2822_nuclei,NucleiNet,id4_00081,full,5,id_4/img_57f48663.tif,vit_l_em_organelles,11.55,0.0,0.0,0.0,0.0,0.0,0.693251,0.939429,0,749908,4396484,11630824,4396484,749908,16777216,0.262051,0.0,0.002299,ok,161,8,0.0,0.0,0.0,0.0,0.0,0.0,0.0,0.0,0.0,0.0,0.0
microsam_vit_l_em_organelles,nucleus,sbiad2822_nuclei,NucleiNet,id4_00082,full,5,id_4/img_57f48663.tif,vit_l_em_organelles,10.551,0.0,0.0,0.0,0.0,0.0,0.745875,0.968986,0,400519,3862998,12513699,3862998,400519,16777216,0.230253,0.0,0.0,ok,99,4,0.0,0.0,0.0,0.0,0.0,0.0,0.0,0.0,0.0,0.0,0.0
microsam_vit_l_em_organelles,nucleus,sbiad2822_nuclei,NucleiNet,id4_00083,full,5,id_4/img_57f48663.tif,vit_l_em_organelles,10.934,0.0,0.0,0.0,0.0,0.0,0.708441,0.944415,0,699555,4192000,11885661,4192000,699555,16777216,0.249863,0.0,0.000744,ok,146,5,0.0,0.0,0.0,0.0,0.0,0.0,0.0,0.0,0.0,0.0,0.0
microsam_vit_l_em_organelles,nucleus,sbiad2822_nuclei,NucleiNet,id4_00084,full,5,id_4/img_57f48663.tif,vit_l_em_organelles,10.776,0.0,0.0,0.0,0.0,0.0,0.838009,0.938798,0,916564,1801198,14059454,1801198,916564,16777216,0.10736,0.0,0.0,ok,174,6,0.0,0.0,0.0,0.0,0.0,0.0,0.0,0.0,0.0,0.0,0.0
microsam_vit_l_em_organelles,nucleus,sbiad2822_nuclei,NucleiNet,id4_00085,full,5,id_4/img_57f48663.tif,vit_l_em_organelles,10.473,0.0,0.0,0.0,0.0,0.0,0.676664,0.945993,0,648123,4776563,11352530,4776563,648123,16777216,0.284705,0.0,0.0,ok,126,6,0.0,0.0,0.0,0.0,0.0,0.0,0.0,0.0,0.0,0.0,0.0
microsam_vit_l_em_organelles,nucleus,sbiad2822_nuclei,NucleiNet,id5_00086,full,5,id_5/img_22668234.tiff,vit_l_em_organelles,11.789,0.0,0.0,0.0,0.0,0.0,0.742966,0.944541,0,731883,3580428,12464905,3580428,731883,16777216,0.21341,0.0,0.0,ok,97,5,0.0,0.0,0.0,0.0,0.0,0.0,0.0,0.0,0.0,0.0,0.0
microsam_vit_l_em_organelles,nucleus,sbiad2822_nuclei,NucleiNet,id5_00087,full,5,id_5/img_22668234.tiff,vit_l_em_organelles,10.953,0.0,0.0,0.0,0.0,0.0,0.737025,0.960362,0,510364,3901632,12365220,3901632,510364,16777216,0.232555,0.0,0.0,ok,85,5,0.0,0.0,0.0,0.0,0.0,0.0,0.0,0.0,0.0,0.0,0.0
microsam_vit_l_em_organelles,nucleus,sbiad2822_nuclei,NucleiNet,id5_00088,full,5,id_5/img_22668234.tiff,vit_l_em_organelles,11.309,0.0,0.0,0.0,0.0,0.0,0.626556,0.956131,0,482299,5783051,10511866,5783051,482299,16777216,0.344697,0.0,0.0,ok,55,5,0.0,0.0,0.0,0.0,0.0,0.0,0.0,0.0,0.0,0.0,0.0
microsam_vit_l_em_organelles,nucleus,sbiad2822_nuclei,NucleiNet,id5_00089,full,5,id_5/img_22668234.tiff,vit_l_em_organelles,10.792,6e-06,3e-06,2.1e-05,3e-06,6e-06,0.696184,0.943123,15,704389,4392790,11680022,4392805,704404,16777216,0.261832,0.0,0.001244,ok,95,7,0.0,0.0,0.0,0.0,0.0,0.0,0.0,0.0,0.0,0.0,0.0
microsam_vit_l_em_organelles,nucleus,sbiad2822_nuclei,NucleiNet,id5_00090,full,5,id_5/img_22668234.tiff,vit_l_em_organelles,10.539,0.0,0.0,0.0,0.0,0.0,0.648848,0.952046,0,548317,5343036,10885863,5343036,548317,16777216,0.31847,0.0,0.000698,ok,50,4,0.0,0.0,0.0,0.0,0.0,0.0,0.0,0.0,0.0,0.0,0.0
microsam_vit_l_em_organelles,nucleus,sbiad2822_nuclei,NucleiNet,id5_00091,full,5,id_5/img_22668234.tiff,vit_l_em_organelles,11.164,0.0,0.0,0.0,0.0,0.0,0.694404,0.947211,0,649271,4477786,11650159,4477786,649271,16777216,0.266897,0.0,0.0,ok,54,4,0.0,0.0,0.0,0.0,0.0,0.0,0.0,0.0,0.0,0.0,0.0
microsam_vit_l_em_organelles,nucleus,sbiad2822_nuclei,NucleiNet,id5_00092,full,5,id_5/img_22668234.tiff,vit_l_em_organelles,10.774,0.0,0.0,0.0,0.0,0.0,0.628556,0.912106,0,1016203,5215592,10545421,5215592,1016203,16777216,0.310874,0.0,0.0,ok,101,5,0.0,0.0,0.0,0.0,0.0,0.0,0.0,0.0,0.0,0.0,0.0
microsam_vit_l_em_organelles,nucleus,sbiad2822_nuclei,NucleiNet,id5_00093,full,5,id_5/img_22668234.tiff,vit_l_em_organelles,11.236,0.0,0.0,0.0,0.0,0.0,0.663335,0.955185,0,522141,5126158,11128917,5126158,522141,16777216,0.305543,0.0,0.0,ok,64,6,0.0,0.0,0.0,0.0,0.0,0.0,0.0,0.0,0.0,0.0,0.0
microsam_vit_l_em_organelles,nucleus,sbiad2822_nuclei,NucleiNet,id5_00094,full,5,id_5/img_22668234.tiff,vit_l_em_organelles,10.829,0.0,0.0,0.0,0.0,0.0,0.685056,0.957825,0,506073,4777817,11493326,4777817,506073,16777216,0.28478,0.0,0.000202,ok,80,5,0.0,0.0,0.0,0.0,0.0,0.0,0.0,0.0,0.0,0.0,0.0
microsam_vit_l_em_organelles,nucleus,sbiad2822_nuclei,NucleiNet,id5_00095,full,5,id_5/img_22668234.tiff,vit_l_em_organelles,10.384,0.0,0.0,0.0,0.0,0.0,0.64739,0.949911,0,572728,5343088,10861400,5343088,572728,16777216,0.318473,0.0,0.0007,ok,74,7,0.0,0.0,0.0,0.0,0.0,0.0,0.0,0.0,0.0,0.0,0.0
microsam_vit_l_em_organelles,nucleus,sbiad2822_nuclei,NucleiNet,id5_00096,full,5,id_5/img_22668234.tiff,vit_l_em_organelles,11.119,0.0,0.0,0.0,0.0,0.0,0.68678,0.943372,0,691647,4563307,11522262,4563307,691647,16777216,0.271994,0.0,0.0,ok,69,5,0.0,0.0,0.0,0.0,0.0,0.0,0.0,0.0,0.0,0.0,0.0
microsam_vit_l_em_organelles,nucleus,sbiad2822_nuclei,NucleiNet,id5_00097,full,5,id_5/img_22668234.tiff,vit_l_em_organelles,10.741,0.0,0.0,0.0,0.0,0.0,0.795394,0.96065,0,546615,2886107,13344494,2886107,546615,16777216,0.172025,0.0,0.001029,ok,57,4,0.0,0.0,0.0,0.0,0.0,0.0,0.0,0.0,0.0,0.0,0.0
microsam_vit_l_em_organelles,nucleus,sbiad2822_nuclei,NucleiNet,id5_00098,full,5,id_5/img_22668234.tiff,vit_l_em_organelles,11.616,0.0,0.0,0.0,0.0,0.0,0.65801,0.963401,0,419385,5318251,11039580,5318251,419385,16777216,0.316992,0.0,0.002407,ok,58,5,0.0,0.0,0.0,0.0,0.0,0.0,0.0,0.0,0.0,0.0,0.0
microsam_vit_l_em_organelles,nucleus,sbiad2822_nuclei,NucleiNet,id5_00099,full,5,id_5/img_22668234.tiff,vit_l_em_organelles,10.551,0.0,0.0,0.0,0.0,0.0,0.696794,0.937097,0,784714,4302240,11690262,4302240,784714,16777216,0.256433,0.0,0.0,ok,94,4,0.0,0.0,0.0,0.0,0.0,0.0,0.0,0.0,0.0,0.0,0.0
microsam_vit_l_em_organelles,nucleus,sbiad2822_nuclei,NucleiNet,id5_00100,full,5,id_5/img_22668234.tiff,vit_l_em_organelles,10.569,0.0,0.0,0.0,0.0,0.0,0.818577,0.926244,0,1093576,1950197,13733443,1950197,1093576,16777216,0.116241,0.0,0.0,ok,109,4,0.0,0.0,0.0,0.0,0.0,0.0,0.0,0.0,0.0,0.0,0.0
microsam_vit_l_em_organelles,nucleus,sbiad2822_nuclei,NucleiNet,id5_00101,full,5,id_5/img_22668234.tiff,vit_l_em_organelles,11.089,0.0,0.0,0.0,0.0,0.0,0.689657,0.947193,0,645068,4561624,11570524,4561624,645068,16777216,0.271894,0.0,0.0,ok,75,6,0.0,0.0,0.0,0.0,0.0,0.0,0.0,0.0,0.0,0.0,0.0
microsam_vit_l_em_organelles,nucleus,sbiad2822_nuclei,NucleiNet,id5_00102,full,5,id_5/img_22668234.tiff,vit_l_em_organelles,10.669,0.0,0.0,0.0,0.0,0.0,0.725054,0.928062,0,942911,3669914,12164391,3669914,942911,16777216,0.218744,0.0,0.000769,ok,137,7,0.0,0.0,0.0,0.0,0.0,0.0,0.0,0.0,0.0,0.0,0.0
microsam_vit_l_em_organelles,nucleus,sbiad2822_nuclei,NucleiNet,id5_00103,full,5,id_5/img_22668234.tiff,vit_l_em_organelles,11.547,0.0,0.0,0.0,0.0,0.0,0.627987,0.944871,0,614718,5626627,10535871,5626627,614718,16777216,0.335373,0.0,0.0,ok,73,8,0.0,0.0,0.0,0.0,0.0,0.0,0.0,0.0,0.0,0.0,0.0
microsam_vit_l_em_organelles,nucleus,sbiad2822_nuclei,NucleiNet,id5_00104,full,5,id_5/img_22668234.tiff,vit_l_em_organelles,10.572,0.0,0.0,0.0,0.0,0.0,0.759444,0.941249,0,795291,3240565,12741360,3240565,795291,16777216,0.193153,0.0,0.0,ok,111,8,0.0,0.0,0.0,0.0,0.0,0.0,0.0,0.0,0.0,0.0,0.0
microsam_vit_l_em_organelles,nucleus,sbiad2822_nuclei,NucleiNet,id5_00105,full,5,id_5/img_22668234.tiff,vit_l_em_organelles,10.759,0.0,0.0,0.0,0.0,0.0,0.7988,0.94577,0,768441,2607134,13401641,2607134,768441,16777216,0.155397,0.0,0.0,ok,92,4,0.0,0.0,0.0,0.0,0.0,0.0,0.0,0.0,0.0,0.0,0.0
microsam_vit_l_em_organelles,nucleus,sbiad2822_nuclei,NucleiNet,id6_00106,full,10,id_6/img_c69fbe8a.tif,vit_l_em_organelles,10.598,0.016119,0.008125,0.016651,0.01562,0.016119,0.80681,0.896006,26550,1567959,1673239,13509468,1699789,1594509,16777216,0.101315,0.026247,0.017106,ok,425,13,0.004706,0.153846,0.009132,0.004587,0.002353,0.076923,0.004566,0.002288,0.006381,0.698682,0.009132
microsam_vit_l_em_organelles,nucleus,sbiad2822_nuclei,NucleiNet,id6_00107,full,10,id_6/img_c69fbe8a.tif,vit_l_em_organelles,10.552,0.000164,8.2e-05,0.00026,0.00012,0.000164,0.806101,0.929441,267,1026668,2226421,13523860,2226688,1026935,16777216,0.132721,0.002001,0.001727,ok,396,16,0.0,0.0,0.0,0.0,0.0,0.0,0.0,0.0,0.0,0.0,0.0
microsam_vit_l_em_organelles,nucleus,sbiad2822_nuclei,NucleiNet,id6_00108,full,10,id_6/img_c69fbe8a.tif,vit_l_em_organelles,11.585,0.026591,0.013475,0.031955,0.02277,0.026591,0.799003,0.905428,46060,1395350,1976815,13358991,2022875,1441410,16777216,0.120573,0.045453,0.018793,ok,436,18,0.002294,0.055556,0.004405,0.002208,0.002294,0.055556,0.004405,0.002208,0.00356,0.808196,0.004405
microsam_vit_l_em_organelles,nucleus,sbiad2822_nuclei,NucleiNet,id6_00109,full,10,id_6/img_c69fbe8a.tif,vit_l_em_organelles,10.552,0.0,0.0,0.0,0.0,0.0,0.852407,0.915342,0,1322671,1153527,14301018,1153527,1322671,16777216,0.068756,0.0,0.001828,ok,422,9,0.0,0.0,0.0,0.0,0.0,0.0,0.0,0.0,0.0,0.0,0.0
microsam_vit_l_em_organelles,nucleus,sbiad2822_nuclei,NucleiNet,id6_00110,full,10,id_6/img_c69fbe8a.tif,vit_l_em_organelles,11.358,0.0,0.0,0.0,0.0,0.0,0.873187,0.92854,0,1127429,1000142,14649645,1000142,1127429,16777216,0.059613,0.0,0.001271,ok,409,5,0.0,0.0,0.0,0.0,0.0,0.0,0.0,0.0,0.0,0.0,0.0
microsam_vit_l_em_organelles,nucleus,sbiad2822_nuclei,NucleiNet,id6_00111,full,10,id_6/img_c69fbe8a.tif,vit_l_em_organelles,11.077,0.018187,0.009177,0.01787,0.018516,0.018187,0.836132,0.909135,25464,1399505,1349750,14002497,1375214,1424969,16777216,0.081969,0.015504,0.015025,ok,438,8,0.002283,0.125,0.004484,0.002247,0.002283,0.125,0.004484,0.002247,0.003912,0.872294,0.004484
microsam_vit_l_em_organelles,nucleus,sbiad2822_nuclei,NucleiNet,id6_00112,full,10,id_6/img_c69fbe8a.tif,vit_l_em_organelles,10.605,0.009867,0.004958,0.013855,0.007661,0.009867,0.827031,0.930885,14459,1029115,1872817,13860825,1887276,1043574,16777216,0.11249,0.01167,0.01152,ok,393,15,0.002545,0.066667,0.004902,0.002457,0.002545,0.066667,0.004902,0.002457,0.004151,0.846726,0.004902
microsam_vit_l_em_organelles,nucleus,sbiad2822_nuclei,NucleiNet,id6_00113,full,10,id_6/img_c69fbe8a.tif,vit_l_em_organelles,11.885,5e-06,2e-06,6e-06,4e-06,5e-06,0.816794,0.920332,7,1186232,1887455,13703522,1887462,1186239,16777216,0.112502,0.0,0.004298,ok,394,16,0.0,0.0,0.0,0.0,0.0,0.0,0.0,0.0,0.0,0.0,0.0
microsam_vit_l_em_organelles,nucleus,sbiad2822_nuclei,NucleiNet,id6_00114,full,10,id_6/img_c69fbe8a.tif,vit_l_em_organelles,10.806,1e-06,0.0,1e-06,1e-06,1e-06,0.810712,0.911042,1,1328104,1847616,13601495,1847617,1328105,16777216,0.110127,0.0,0.0026,ok,468,14,0.0,0.0,0.0,0.0,0.0,0.0,0.0,0.0,0.0,0.0,0.0
microsam_vit_l_em_organelles,nucleus,sbiad2822_nuclei,NucleiNet,id6_00115,full,10,id_6/img_c69fbe8a.tif,vit_l_em_organelles,11.702,6.1e-05,3.1e-05,5.3e-05,7.3e-05,6.1e-05,0.86588,0.917327,69,1309228,940926,14526993,940995,1309297,16777216,0.056088,0.0,0.000945,ok,400,8,0.0,0.0,0.0,0.0,0.0,0.0,0.0,0.0,0.0,0.0,0.0
microsam_vit_l_em_organelles,nucleus,sbiad2822_nuclei,NucleiNet,id6_00116,full,10,id_6/img_c69fbe8a.tif,vit_l_em_organelles,10.642,0.0,0.0,0.0,0.0,0.0,0.904771,0.93177,0,1111549,486124,15179543,486124,1111549,16777216,0.028975,0.0,0.000471,ok,388,5,0.0,0.0,0.0,0.0,0.0,0.0,0.0,0.0,0.0,0.0,0.0
microsam_vit_l_em_organelles,nucleus,sbiad2822_nuclei,NucleiNet,id6_00117,full,10,id_6/img_c69fbe8a.tif,vit_l_em_organelles,10.495,3.6e-05,1.8e-05,4.2e-05,3.1e-05,3.6e-05,0.829641,0.91997,51,1210845,1647310,13919010,1647361,1210896,16777216,0.09819,0.0,0.002836,ok,578,13,0.0,0.0,0.0,0.0,0.0,0.0,0.0,0.0,0.0,0.0,0.0
microsam_vit_l_em_organelles,nucleus,sbiad2822_nuclei,NucleiNet,id6_00118,full,10,id_6/img_c69fbe8a.tif,vit_l_em_organelles,10.994,0.012631,0.006356,0.013122,0.012176,0.012631,0.872185,0.934088,13716,1031572,1112806,14619122,1126522,1045288,16777216,0.067146,0.031094,0.016223,ok,414,13,0.004831,0.153846,0.009368,0.004706,0.0,0.0,0.0,0.0,0.006314,0.674018,0.009368
microsam_vit_l_em_organelles,nucleus,sbiad2822_nuclei,NucleiNet,id6_00119,full,10,id_6/img_c69fbe8a.tif,vit_l_em_organelles,10.677,0.001497,0.000749,0.002692,0.001037,0.001497,0.744303,0.912873,3216,1191523,3098368,12484109,3101584,1194739,16777216,0.184869,0.009866,0.010929,ok,512,22,0.003906,0.090909,0.007491,0.003759,0.0,0.0,0.0,0.0,0.005084,0.678742,0.007491
microsam_vit_l_em_organelles,nucleus,sbiad2822_nuclei,NucleiNet,id6_00120,full,10,id_6/img_c69fbe8a.tif,vit_l_em_organelles,11.24,0.002791,0.001398,0.003504,0.00232,0.002791,0.8389,0.928967,3783,1075907,1626910,14070616,1630693,1079690,16777216,0.097197,0.001126,0.007782,ok,441,17,0.002268,0.058824,0.004367,0.002188,0.002268,0.058824,0.004367,0.002188,0.003313,0.758607,0.004367
microsam_vit_l_em_organelles,nucleus,sbiad2822_nuclei,NucleiNet,id6_00121,full,10,id_6/img_c69fbe8a.tif,vit_l_em_organelles,10.761,0.011681,0.005875,0.010732,0.012814,0.011681,0.900056,0.942927,9909,913386,763401,15090520,773310,923295,16777216,0.046093,0.015788,0.013375,ok,439,9,0.002278,0.111111,0.004464,0.002237,0.002278,0.111111,0.004464,0.002237,0.003405,0.762791,0.004464
microsam_vit_l_em_organelles,nucleus,sbiad2822_nuclei,NucleiNet,id6_00122,full,10,id_6/img_c69fbe8a.tif,vit_l_em_organelles,10.479,0.0,0.0,0.0,0.0,0.0,0.817643,0.92298,0,1144708,1914735,13717773,1914735,1144708,16777216,0.114127,0.0,0.003062,ok,530,13,0.0,0.0,0.0,0.0,0.0,0.0,0.0,0.0,0.0,0.0,0.0
microsam_vit_l_em_organelles,nucleus,sbiad2822_nuclei,NucleiNet,id6_00123,full,10,id_6/img_c69fbe8a.tif,vit_l_em_organelles,10.813,0.001467,0.000734,0.001394,0.001549,0.001467,0.887483,0.937437,1387,993603,894120,14888106,895507,994990,16777216,0.053376,0.004713,0.008494,ok,461,10,0.0,0.0,0.0,0.0,0.0,0.0,0.0,0.0,0.0,0.0,0.0
microsam_vit_l_em_organelles,nucleus,sbiad2822_nuclei,NucleiNet,id6_00124,full,10,id_6/img_c69fbe8a.tif,vit_l_em_organelles,10.864,0.024351,0.012326,0.030524,0.020255,0.024351,0.788732,0.903729,44234,1404914,2139583,13188485,2183817,1449148,16777216,0.130166,0.029247,0.021233,ok,600,20,0.003333,0.1,0.006452,0.003236,0.001667,0.05,0.003226,0.001616,0.005161,0.799944,0.006452
microsam_vit_l_em_organelles,nucleus,sbiad2822_nuclei,NucleiNet,id6_00125,full,10,id_6/img_c69fbe8a.tif,vit_l_em_organelles,10.878,3.7e-05,1.8e-05,4e-05,3.4e-05,3.7e-05,0.81418,0.905353,57,1427990,1689554,13659615,1689611,1428047,16777216,0.100709,0.0,0.002948,ok,543,13,0.0,0.0,0.0,0.0,0.0,0.0,0.0,0.0,0.0,0.0,0.0
microsam_vit_l_em_organelles,nucleus,sbiad2822_nuclei,NucleiNet,id7_00126,full,10,id_7/img_4ff7ad90.tif,vit_l_em_organelles,10.679,0.0,0.0,0.0,0.0,0.0,0.820024,0.929772,0,1039159,1980340,13757717,1980340,1039159,16777216,0.118037,0.0,0.000979,ok,364,13,0.0,0.0,0.0,0.0,0.0,0.0,0.0,0.0,0.0,0.0,0.0
microsam_vit_l_em_organelles,nucleus,sbiad2822_nuclei,NucleiNet,id7_00127,full,10,id_7/img_4ff7ad90.tif,vit_l_em_organelles,11.399,0.000772,0.000386,0.000724,0.000827,0.000772,0.878675,0.931407,786,1085586,949915,14740929,950701,1086372,16777216,0.056666,0.007026,0.003926,ok,384,8,0.002604,0.125,0.005102,0.002558,0.002604,0.125,0.005102,0.002558,0.004182,0.819604,0.005102
microsam_vit_l_em_organelles,nucleus,sbiad2822_nuclei,NucleiNet,id7_00128,full,10,id_7/img_4ff7ad90.tif,vit_l_em_organelles,10.773,0.0,0.0,0.0,0.0,0.0,0.870121,0.930028,0,1098319,1080697,14598200,1080697,1098319,16777216,0.064415,0.0,0.001618,ok,377,7,0.0,0.0,0.0,0.0,0.0,0.0,0.0,0.0,0.0,0.0,0.0
microsam_vit_l_em_organelles,nucleus,sbiad2822_nuclei,NucleiNet,id7_00129,full,10,id_7/img_4ff7ad90.tif,vit_l_em_organelles,10.397,0.0,0.0,0.0,0.0,0.0,0.831202,0.914116,0,1310206,1521747,13945263,1521747,1310206,16777216,0.090703,0.0,0.002166,ok,440,11,0.0,0.0,0.0,0.0,0.0,0.0,0.0,0.0,0.0,0.0,0.0
microsam_vit_l_em_organelles,nucleus,sbiad2822_nuclei,NucleiNet,id7_00130,full,10,id_7/img_4ff7ad90.tif,vit_l_em_organelles,11.213,2.8e-05,1.4e-05,3e-05,2.6e-05,2.8e-05,0.826124,0.910418,41,1363772,1553380,13860023,1553421,1363813,16777216,0.092591,0.0,0.003697,ok,513,17,0.0,0.0,0.0,0.0,0.0,0.0,0.0,0.0,0.0,0.0,0.0
microsam_vit_l_em_organelles,nucleus,sbiad2822_nuclei,NucleiNet,id7_00131,full,10,id_7/img_4ff7ad90.tif,vit_l_em_organelles,10.607,2.8e-05,1.4e-05,4e-05,2.2e-05,2.8e-05,0.798532,0.917354,48,1206970,2173099,13397099,2173147,1207018,16777216,0.12953,0.0,0.003187,ok,394,17,0.0,0.0,0.0,0.0,0.0,0.0,0.0,0.0,0.0,0.0,0.0
microsam_vit_l_em_organelles,nucleus,sbiad2822_nuclei,NucleiNet,id7_00132,full,10,id_7/img_4ff7ad90.tif,vit_l_em_organelles,11.344,0.0,0.0,0.0,0.0,0.0,0.798859,0.911993,0,1293350,2081232,13402634,2081232,1293350,16777216,0.124051,0.0,0.00165,ok,425,14,0.0,0.0,0.0,0.0,0.0,0.0,0.0,0.0,0.0,0.0,0.0
microsam_vit_l_em_organelles,nucleus,sbiad2822_nuclei,NucleiNet,id7_00133,full,10,id_7/img_4ff7ad90.tif,vit_l_em_organelles,10.867,2.7e-05,1.3e-05,3e-05,2.4e-05,2.7e-05,0.829762,0.917235,38,1256145,1599981,13921052,1600019,1256183,16777216,0.095369,0.0,0.001619,ok,518,16,0.0,0.0,0.0,0.0,0.0,0.0,0.0,0.0,0.0,0.0,0.0
microsam_vit_l_em_organelles,nucleus,sbiad2822_nuclei,NucleiNet,id7_00134,full,10,id_7/img_4ff7ad90.tif,vit_l_em_organelles,10.541,2.5e-05,1.2e-05,2.9e-05,2.1e-05,2.5e-05,0.830118,0.919685,35,1216230,1633923,13927028,1633958,1216265,16777216,0.097391,0.0,0.001868,ok,468,16,0.0,0.0,0.0,0.0,0.0,0.0,0.0,0.0,0.0,0.0,0.0
microsam_vit_l_em_organelles,nucleus,sbiad2822_nuclei,NucleiNet,id8_00135,full,10,id_8/img_ee855e08.tif,vit_l_em_organelles,11.697,5e-06,2e-06,5e-06,4e-06,5e-06,0.814576,0.914024,7,1285497,1825405,13666307,1825412,1285504,16777216,0.108803,0.0,0.002887,ok,544,15,0.0,0.0,0.0,0.0,0.0,0.0,0.0,0.0,0.0,0.0,0.0
microsam_vit_l_em_organelles,nucleus,sbiad2822_nuclei,NucleiNet,id8_00136,full,10,id_8/img_ee855e08.tif,vit_l_em_organelles,10.834,0.003088,0.001547,0.003734,0.002633,0.003088,0.792824,0.902488,5384,1436605,2039236,13295991,2044620,1441989,16777216,0.121869,0.009841,0.008434,ok,648,16,0.001543,0.0625,0.003012,0.001508,0.001543,0.0625,0.003012,0.001508,0.002444,0.811272,0.003012
microsam_vit_l_em_organelles,nucleus,sbiad2822_nuclei,NucleiNet,id8_00137,full,10,id_8/img_ee855e08.tif,vit_l_em_organelles,10.801,0.011022,0.005542,0.011902,0.010264,0.011022,0.831825,0.91438,15723,1305303,1516205,13939985,1531928,1321026,16777216,0.09131,0.002695,0.010284,ok,677,15,0.001477,0.066667,0.00289,0.001447,0.001477,0.066667,0.00289,0.001447,0.002622,0.907218,0.00289
microsam_vit_l_em_organelles,nucleus,sbiad2822_nuclei,NucleiNet,id8_00138,full,10,id_8/img_ee855e08.tif,vit_l_em_organelles,10.898,1.1e-05,6e-06,1.4e-05,1e-05,1.1e-05,0.746943,0.879102,24,1723407,2522187,12531598,2522211,1723431,16777216,0.150335,0.0,0.003889,ok,685,20,0.0,0.0,0.0,0.0,0.0,0.0,0.0,0.0,0.0,0.0,0.0
microsam_vit_l_em_organelles,nucleus,sbiad2822_nuclei,NucleiNet,id8_00139,full,10,id_8/img_ee855e08.tif,vit_l_em_organelles,10.585,0.000206,0.000103,0.000279,0.000163,0.000206,0.747398,0.88912,436,1563692,2674265,12538823,2674701,1564128,16777216,0.159425,0.002215,0.005189,ok,611,20,0.0,0.0,0.0,0.0,0.0,0.0,0.0,0.0,0.0,0.0,0.0
microsam_vit_l_em_organelles,nucleus,sbiad2822_nuclei,NucleiNet,id8_00140,full,10,id_8/img_ee855e08.tif,vit_l_em_organelles,11.829,0.003134,0.00157,0.004835,0.002319,0.003134,0.831092,0.938277,4455,916957,1916843,13938961,1921298,921412,16777216,0.114518,0.0,0.010258,ok,470,19,0.0,0.0,0.0,0.0,0.0,0.0,0.0,0.0,0.0,0.0,0.0
microsam_vit_l_em_organelles,nucleus,sbiad2822_nuclei,NucleiNet,id8_00141,full,10,id_8/img_ee855e08.tif,vit_l_em_organelles,10.572,0.000663,0.000332,0.001002,0.000495,0.000663,0.81561,0.930442,1026,1022888,2070665,13682637,2071691,1023914,16777216,0.123482,0.0,0.006065,ok,538,18,0.0,0.0,0.0,0.0,0.0,0.0,0.0,0.0,0.0,0.0,0.0
microsam_vit_l_em_organelles,nucleus,sbiad2822_nuclei,NucleiNet,id8_00142,full,10,id_8/img_ee855e08.tif,vit_l_em_organelles,11.26,2.7e-05,1.3e-05,3.3e-05,2.2e-05,2.7e-05,0.788615,0.902333,47,1432074,2114376,13230719,2114423,1432121,16777216,0.126029,0.0,0.003535,ok,712,17,0.0,0.0,0.0,0.0,0.0,0.0,0.0,0.0,0.0,0.0,0.0
microsam_vit_l_em_organelles,nucleus,sbiad2822_nuclei,NucleiNet,id8_00143,full,10,id_8/img_ee855e08.tif,vit_l_em_organelles,10.662,0.00015,7.5e-05,0.000186,0.000126,0.00015,0.776023,0.895674,282,1516443,2241272,13019219,2241554,1516725,16777216,0.133607,0.001455,0.003789,ok,709,19,0.0,0.0,0.0,0.0,0.0,0.0,0.0,0.0,0.0,0.0,0.0
microsam_vit_l_em_organelles,nucleus,sbiad2822_nuclei,NucleiNet,id8_00144,full,10,id_8/img_ee855e08.tif,vit_l_em_organelles,10.576,6e-06,3e-06,8e-06,4e-06,6e-06,0.76864,0.90545,11,1346611,2534964,12895630,2534975,1346622,16777216,0.151096,0.0,0.00225,ok,542,21,0.0,0.0,0.0,0.0,0.0,0.0,0.0,0.0,0.0,0.0,0.0
microsam_vit_l_em_organelles,nucleus,sbiad2822_nuclei,NucleiNet,id8_00145,full,10,id_8/img_ee855e08.tif,vit_l_em_organelles,11.569,8.3e-05,4.1e-05,0.000168,5.5e-05,8.3e-05,0.788459,0.938133,147,872345,2676729,13227995,2676876,872492,16777216,0.159554,0.0,0.004924,ok,467,21,0.0,0.0,0.0,0.0,0.0,0.0,0.0,0.0,0.0,0.0,0.0
microsam_vit_l_em_organelles,nucleus,sbiad2822_nuclei,NucleiNet,id8_00146,full,10,id_8/img_ee855e08.tif,vit_l_em_organelles,10.56,5.8e-05,2.9e-05,9.1e-05,4.3e-05,5.8e-05,0.756741,0.906441,119,1310419,2770795,12695883,2770914,1310538,16777216,0.165159,0.0,0.006619,ok,671,23,0.0,0.0,0.0,0.0,0.0,0.0,0.0,0.0,0.0,0.0,0.0
microsam_vit_l_em_organelles,nucleus,sbiad2822_nuclei,NucleiNet,id8_00147,full,10,id_8/img_ee855e08.tif,vit_l_em_organelles,11.635,8.2e-05,4.1e-05,0.000135,5.9e-05,8.2e-05,0.795813,0.927423,141,1044835,2380856,13351384,2380997,1044976,16777216,0.141918,0.0,0.006002,ok,479,15,0.0,0.0,0.0,0.0,0.0,0.0,0.0,0.0,0.0,0.0,0.0
microsam_vit_l_em_organelles,nucleus,sbiad2822_nuclei,NucleiNet,id8_00148,full,10,id_8/img_ee855e08.tif,vit_l_em_organelles,10.851,0.009795,0.004922,0.009332,0.010306,0.009795,0.825772,0.900176,14457,1534734,1388320,13839705,1402777,1549191,16777216,0.083612,0.014142,0.010654,ok,734,17,0.001362,0.058824,0.002663,0.001333,0.001362,0.058824,0.002663,0.001333,0.002301,0.863981,0.002663
microsam_vit_l_em_organelles,nucleus,sbiad2822_nuclei,NucleiNet,id8_00149,full,10,id_8/img_ee855e08.tif,vit_l_em_organelles,10.459,0.0,0.0,0.0,0.0,0.0,0.797408,0.914483,0,1251064,2147862,13378290,2147862,1251064,16777216,0.128023,0.0,0.003013,ok,596,19,0.0,0.0,0.0,0.0,0.0,0.0,0.0,0.0,0.0,0.0,0.0
microsam_vit_l_em_organelles,nucleus,sbiad2822_nuclei,NucleiNet,id8_00150,full,10,id_8/img_ee855e08.tif,vit_l_em_organelles,11.076,0.0,0.0,0.0,0.0,0.0,0.819149,0.929392,0,1044090,1990089,13743037,1990089,1044090,16777216,0.118619,0.0,0.002737,ok,606,19,0.0,0.0,0.0,0.0,0.0,0.0,0.0,0.0,0.0,0.0,0.0
microsam_vit_l_em_organelles,nucleus,sbiad2822_nuclei,NucleiNet,id8_00151,full,10,id_8/img_ee855e08.tif,vit_l_em_organelles,10.655,7.9e-05,3.9e-05,0.000117,5.9e-05,7.9e-05,0.809694,0.926818,126,1072617,2120192,13584281,2120318,1072743,16777216,0.126381,0.0,0.007614,ok,513,17,0.0,0.0,0.0,0.0,0.0,0.0,0.0,0.0,0.0,0.0,0.0
microsam_vit_l_em_organelles,nucleus,sbiad2822_nuclei,NucleiNet,id8_00152,full,10,id_8/img_ee855e08.tif,vit_l_em_organelles,11.345,0.000299,0.00015,0.000364,0.000254,0.000299,0.907238,0.959708,233,639015,917272,15220696,917505,639248,16777216,0.054688,0.003414,0.002939,ok,267,11,0.0,0.0,0.0,0.0,0.0,0.0,0.0,0.0,0.0,0.0,0.0
microsam_vit_l_em_organelles,nucleus,sbiad2822_nuclei,NucleiNet,id8_00153,full,10,id_8/img_ee855e08.tif,vit_l_em_organelles,10.6,0.010966,0.005513,0.012917,0.009528,0.010966,0.834991,0.922666,15348,1172868,1595521,13993479,1610869,1188216,16777216,0.096015,0.015875,0.012721,ok,594,16,0.001684,0.0625,0.003279,0.001642,0.001684,0.0625,0.003279,0.001642,0.002891,0.881617,0.003279
microsam_vit_l_em_organelles,nucleus,sbiad2822_nuclei,NucleiNet,id8_00154,full,10,id_8/img_ee855e08.tif,vit_l_em_organelles,10.493,0.0,0.0,0.0,0.0,0.0,0.826948,0.908432,0,1398464,1504860,13873892,1504860,1398464,16777216,0.089697,0.0,0.000524,ok,666,18,0.0,0.0,0.0,0.0,0.0,0.0,0.0,0.0,0.0,0.0,0.0
microsam_vit_l_em_organelles,nucleus,sbiad2822_nuclei,NucleiNet,id9_00155,full,10,id_9/img_387a5d97.tif,vit_l_em_organelles,11.262,0.0,0.0,0.0,0.0,0.0,0.809073,0.914843,0,1263520,1939696,13574000,1939696,1263520,16777216,0.115615,0.0,0.003346,ok,562,14,0.0,0.0,0.0,0.0,0.0,0.0,0.0,0.0,0.0,0.0,0.0
microsam_vit_l_em_organelles,nucleus,sbiad2822_nuclei,NucleiNet,id9_00156,full,10,id_9/img_387a5d97.tif,vit_l_em_organelles,10.807,0.004873,0.002442,0.007494,0.00361,0.004873,0.785379,0.918546,8816,1167668,2433083,13167649,2441899,1176484,16777216,0.145549,0.014341,0.012261,ok,551,16,0.0,0.0,0.0,0.0,0.0,0.0,0.0,0.0,0.0,0.0,0.0
microsam_vit_l_em_organelles,nucleus,sbiad2822_nuclei,NucleiNet,id9_00157,full,10,id_9/img_387a5d97.tif,vit_l_em_organelles,11.04,0.008909,0.004475,0.01096,0.007506,0.008909,0.810821,0.913459,14266,1287432,1886472,13589046,1900738,1301698,16777216,0.113293,0.015958,0.012219,ok,619,14,0.001616,0.071429,0.00316,0.001582,0.001616,0.071429,0.00316,0.001582,0.002935,0.928907,0.00316
microsam_vit_l_em_organelles,nucleus,sbiad2822_nuclei,NucleiNet,id9_00158,full,10,id_9/img_387a5d97.tif,vit_l_em_organelles,10.671,0.009631,0.004839,0.013509,0.007483,0.009631,0.825773,0.930236,14213,1037938,1885100,13839965,1899313,1052151,16777216,0.113208,0.016449,0.014879,ok,479,15,0.002088,0.066667,0.004049,0.002028,0.002088,0.066667,0.004049,0.002028,0.003767,0.930475,0.004049
microsam_vit_l_em_organelles,nucleus,sbiad2822_nuclei,NucleiNet,id9_00159,full,10,id_9/img_387a5d97.tif,vit_l_em_organelles,10.475,0.003847,0.001927,0.006556,0.002722,0.003847,0.75402,0.912823,7968,1207378,2919486,12642384,2927454,1215346,16777216,0.17449,0.008382,0.010374,ok,532,24,0.0,0.0,0.0,0.0,0.0,0.0,0.0,0.0,0.0,0.0,0.0
microsam_vit_l_em_organelles,nucleus,sbiad2822_nuclei,NucleiNet,id9_00160,full,10,id_9/img_387a5d97.tif,vit_l_em_organelles,10.96,0.010112,0.005082,0.013797,0.00798,0.010112,0.775715,0.904396,19219,1373721,2389155,12995121,2408374,1392940,16777216,0.14355,0.011061,0.012241,ok,582,20,0.0,0.0,0.0,0.0,0.0,0.0,0.0,0.0,0.0,0.0,0.0
microsam_vit_l_em_organelles,nucleus,sbiad2822_nuclei,NucleiNet,id9_00161,full,10,id_9/img_387a5d97.tif,vit_l_em_organelles,10.918,0.012061,0.006067,0.0142,0.010483,0.012061,0.843196,0.92687,16059,1114885,1515850,14130422,1531909,1130944,16777216,0.091309,0.021595,0.018387,ok,493,13,0.002028,0.076923,0.003953,0.00198,0.002028,0.076923,0.003953,0.00198,0.003588,0.90764,0.003953
microsam_vit_l_em_organelles,nucleus,sbiad2822_nuclei,NucleiNet,id9_00162,full,10,id_9/img_387a5d97.tif,vit_l_em_organelles,11.48,0.000788,0.000394,0.001357,0.000555,0.000788,0.739357,0.907224,1724,1268334,3104535,12402623,3106259,1270058,16777216,0.185147,0.0,0.005374,ok,595,22,0.0,0.0,0.0,0.0,0.0,0.0,0.0,0.0,0.0,0.0,0.0
microsam_vit_l_em_organelles,nucleus,sbiad2822_nuclei,NucleiNet,id9_00163,full,10,id_9/img_387a5d97.tif,vit_l_em_organelles,10.594,0.006117,0.003068,0.008487,0.004782,0.006117,0.802876,0.918834,10177,1188988,2118197,13459854,2128374,1199165,16777216,0.126861,0.01177,0.006772,ok,559,18,0.0,0.0,0.0,0.0,0.0,0.0,0.0,0.0,0.0,0.0,0.0
microsam_vit_l_em_organelles,nucleus,segapp_islet_nucleus,IsletSEM,25237R_1_00000,full,5.0,25237R_1 (6ced5b1b-078c-43f2-9851-6ebcc2f69fd5),vit_l_em_organelles,10.563,0.0,0.0,0.0,0.0,0.0,0.900208,0.955323,0,706307,967930,15102979,967930,706307,16777216,0.057693,0.0,0.0,ok,161,2,0.0,0.0,0.0,0.0,0.0,0.0,0.0,0.0,0.0,0.0,0.0
microsam_vit_l_em_organelles,nucleus,segapp_islet_nucleus,IsletSEM,25237R_1_00001,full,5.0,25237R_1 (6ced5b1b-078c-43f2-9851-6ebcc2f69fd5),vit_l_em_organelles,11.021,0.00033,0.000165,0.000836,0.000205,0.00033,0.762976,0.942253,656,784459,3192148,12799953,3192804,785115,16777216,0.190306,0.001437,0.00377,ok,199,4,0.0,0.0,0.0,0.0,0.0,0.0,0.0,0.0,0.0,0.0,0.0
microsam_vit_l_em_organelles,nucleus,segapp_islet_nucleus,IsletSEM,25237R_1_00002,full,5.0,25237R_1 (6ced5b1b-078c-43f2-9851-6ebcc2f69fd5),vit_l_em_organelles,10.913,0.0,0.0,0.0,0.0,0.0,0.928795,0.965408,0,558348,636280,15582588,636280,558348,16777216,0.037925,0.0,0.000273,ok,118,2,0.0,0.0,0.0,0.0,0.0,0.0,0.0,0.0,0.0,0.0,0.0
microsam_vit_l_em_organelles,nucleus,segapp_islet_nucleus,IsletSEM,25237R_1_00003,full,5.0,25237R_1 (6ced5b1b-078c-43f2-9851-6ebcc2f69fd5),vit_l_em_organelles,11.543,0.0,0.0,0.0,0.0,0.0,0.85542,0.963373,0,545635,1880012,14351569,1880012,545635,16777216,0.112057,0.0,0.0,ok,127,4,0.0,0.0,0.0,0.0,0.0,0.0,0.0,0.0,0.0,0.0,0.0
microsam_vit_l_em_organelles,nucleus,segapp_islet_nucleus,IsletSEM,25237R_1_00004,full,5.0,25237R_1 (6ced5b1b-078c-43f2-9851-6ebcc2f69fd5),vit_l_em_organelles,10.731,0.0,0.0,0.0,0.0,0.0,0.760805,0.948044,0,699527,3313494,12764195,3313494,699527,16777216,0.1975,0.0,0.0,ok,143,3,0.0,0.0,0.0,0.0,0.0,0.0,0.0,0.0,0.0,0.0,0.0
microsam_vit_l_em_organelles,nucleus,segapp_islet_nucleus,IsletSEM,25237R_1_00005,full,5.0,25237R_1 (6ced5b1b-078c-43f2-9851-6ebcc2f69fd5),vit_l_em_organelles,10.624,0.0,0.0,0.0,0.0,0.0,0.761163,0.968895,0,409969,3597043,12770204,3597043,409969,16777216,0.2144,0.0,0.0,ok,126,4,0.0,0.0,0.0,0.0,0.0,0.0,0.0,0.0,0.0,0.0,0.0
microsam_vit_l_em_organelles,nucleus,segapp_islet_nucleus,IsletSEM,25237R_1_00006,full,5.0,25237R_1 (6ced5b1b-078c-43f2-9851-6ebcc2f69fd5),vit_l_em_organelles,10.697,0.0,0.0,0.0,0.0,0.0,0.785239,0.961272,0,530759,3072339,13174118,3072339,530759,16777216,0.183126,0.0,0.0,ok,136,4,0.0,0.0,0.0,0.0,0.0,0.0,0.0,0.0,0.0,0.0,0.0
microsam_vit_l_em_organelles,nucleus,segapp_islet_nucleus,IsletSEM,25237R_1_00007,full,5.0,25237R_1 (6ced5b1b-078c-43f2-9851-6ebcc2f69fd5),vit_l_em_organelles,10.493,0.0,0.0,0.0,0.0,0.0,0.717426,0.966885,0,412238,4328573,12036405,4328573,412238,16777216,0.258003,0.0,0.000786,ok,117,4,0.0,0.0,0.0,0.0,0.0,0.0,0.0,0.0,0.0,0.0,0.0
microsam_vit_l_em_organelles,nucleus,segapp_islet_nucleus,IsletSEM,25237R_1_00008,full,5.0,25237R_1 (6ced5b1b-078c-43f2-9851-6ebcc2f69fd5),vit_l_em_organelles,11.52,0.0,0.0,0.0,0.0,0.0,0.879025,0.973949,0,394460,1635160,14747596,1635160,394460,16777216,0.097463,0.0,0.0,ok,128,3,0.0,0.0,0.0,0.0,0.0,0.0,0.0,0.0,0.0,0.0,0.0
microsam_vit_l_em_organelles,nucleus,segapp_islet_nucleus,IsletSEM,25237R_1_00009,full,5.0,25237R_1 (6ced5b1b-078c-43f2-9851-6ebcc2f69fd5),vit_l_em_organelles,10.46,0.0,0.0,0.0,0.0,0.0,0.863434,0.953851,0,700855,1590348,14486013,1590348,700855,16777216,0.094792,0.0,0.0,ok,161,3,0.0,0.0,0.0,0.0,0.0,0.0,0.0,0.0,0.0,0.0,0.0
microsam_vit_l_em_organelles,nucleus,segapp_islet_nucleus,IsletSEM,25237R_1_00010,full,5.0,25237R_1 (6ced5b1b-078c-43f2-9851-6ebcc2f69fd5),vit_l_em_organelles,10.641,0.0,0.0,0.0,0.0,0.0,0.811418,0.947446,0,755121,2408758,13613337,2408758,755121,16777216,0.143573,0.0,0.0,ok,180,5,0.0,0.0,0.0,0.0,0.0,0.0,0.0,0.0,0.0,0.0,0.0
microsam_vit_l_em_organelles,nucleus,segapp_islet_nucleus,IsletSEM,25237R_1_00011,full,5.0,25237R_1 (6ced5b1b-078c-43f2-9851-6ebcc2f69fd5),vit_l_em_organelles,10.624,0.0,0.0,0.0,0.0,0.0,0.864697,0.968922,0,465313,1804699,14507204,1804699,465313,16777216,0.107568,0.0,0.0,ok,140,4,0.0,0.0,0.0,0.0,0.0,0.0,0.0,0.0,0.0,0.0,0.0
microsam_vit_l_em_organelles,nucleus,segapp_islet_nucleus,IsletSEM,25237R_1_00012,full,5.0,25237R_1 (6ced5b1b-078c-43f2-9851-6ebcc2f69fd5),vit_l_em_organelles,10.647,0.0,0.0,0.0,0.0,0.0,0.889341,0.948657,0,807534,1049009,14920673,1049009,807534,16777216,0.062526,0.0,0.0,ok,185,2,0.0,0.0,0.0,0.0,0.0,0.0,0.0,0.0,0.0,0.0,0.0
microsam_vit_l_em_organelles,nucleus,segapp_islet_nucleus,IsletSEM,25237R_1_00013,full,5.0,25237R_1 (6ced5b1b-078c-43f2-9851-6ebcc2f69fd5),vit_l_em_organelles,11.293,0.0,0.0,0.0,0.0,0.0,0.855311,0.961526,0,574188,1853290,14349738,1853290,574188,16777216,0.110465,0.0,0.0,ok,135,3,0.0,0.0,0.0,0.0,0.0,0.0,0.0,0.0,0.0,0.0,0.0
microsam_vit_l_em_organelles,nucleus,segapp_islet_nucleus,IsletSEM,25237R_1_00014,full,5.0,25237R_1 (6ced5b1b-078c-43f2-9851-6ebcc2f69fd5),vit_l_em_organelles,10.768,0.0,0.0,0.0,0.0,0.0,0.753053,0.965646,0,449481,3693595,12634140,3693595,449481,16777216,0.220155,0.0,0.0,ok,137,5,0.0,0.0,0.0,0.0,0.0,0.0,0.0,0.0,0.0,0.0,0.0
microsam_vit_l_em_organelles,nucleus,segapp_islet_nucleus,IsletSEM,25237R_1_00015,full,5.0,25237R_1 (6ced5b1b-078c-43f2-9851-6ebcc2f69fd5),vit_l_em_organelles,10.856,0.0,0.0,0.0,0.0,0.0,0.609066,0.920569,0,881696,5677080,10218440,5677080,881696,16777216,0.33838,0.0,0.0,ok,195,6,0.0,0.0,0.0,0.0,0.0,0.0,0.0,0.0,0.0,0.0,0.0
microsam_vit_l_em_organelles,nucleus,segapp_islet_nucleus,IsletSEM,25237R_1_00016,full,5.0,25237R_1 (6ced5b1b-078c-43f2-9851-6ebcc2f69fd5),vit_l_em_organelles,10.617,0.0,0.0,0.0,0.0,0.0,0.796314,0.940284,0,848474,2568804,13359938,2568804,848474,16777216,0.153113,0.0,0.0,ok,169,4,0.0,0.0,0.0,0.0,0.0,0.0,0.0,0.0,0.0,0.0,0.0
microsam_vit_l_em_organelles,nucleus,segapp_islet_nucleus,IsletSEM,25237R_1_00017,full,5.0,25237R_1 (6ced5b1b-078c-43f2-9851-6ebcc2f69fd5),vit_l_em_organelles,10.532,0.0,0.0,0.0,0.0,0.0,0.881617,0.948003,0,811280,1174857,14791079,1174857,811280,16777216,0.070027,0.0,0.0,ok,295,2,0.0,0.0,0.0,0.0,0.0,0.0,0.0,0.0,0.0,0.0,0.0
microsam_vit_l_em_organelles,nucleus,segapp_islet_nucleus,IsletSEM,25237R_1_00018,full,5.0,25237R_1 (6ced5b1b-078c-43f2-9851-6ebcc2f69fd5),vit_l_em_organelles,11.694,0.0,0.0,0.0,0.0,0.0,0.857796,0.949946,0,758308,1627472,14391436,1627472,758308,16777216,0.097005,0.0,0.0,ok,182,4,0.0,0.0,0.0,0.0,0.0,0.0,0.0,0.0,0.0,0.0,0.0
microsam_vit_l_em_organelles,nucleus,segapp_islet_nucleus,IsletSEM,25237R_1_00019,full,5.0,25237R_1 (6ced5b1b-078c-43f2-9851-6ebcc2f69fd5),vit_l_em_organelles,10.835,0.0,0.0,0.0,0.0,0.0,0.839771,0.941987,0,867682,1820512,14089022,1820512,867682,16777216,0.108511,0.0,0.0,ok,185,2,0.0,0.0,0.0,0.0,0.0,0.0,0.0,0.0,0.0,0.0,0.0
microsam_vit_l_em_organelles,nucleus,segapp_islet_nucleus,IsletSEM,25237R_1_00020,full,5.0,25237R_1 (6ced5b1b-078c-43f2-9851-6ebcc2f69fd5),vit_l_em_organelles,11.117,0.0,0.0,0.0,0.0,0.0,0.799868,0.9519,0,678101,2679551,13419564,2679551,678101,16777216,0.159714,0.0,0.0,ok,223,4,0.0,0.0,0.0,0.0,0.0,0.0,0.0,0.0,0.0,0.0,0.0
microsam_vit_l_em_organelles,nucleus,segapp_islet_nucleus,IsletSEM,25237R_1_00021,full,5.0,25237R_1 (6ced5b1b-078c-43f2-9851-6ebcc2f69fd5),vit_l_em_organelles,10.762,0.0,0.0,0.0,0.0,0.0,0.757942,0.949197,0,680601,3380453,12716162,3380453,680601,16777216,0.201491,0.0,0.0,ok,143,6,0.0,0.0,0.0,0.0,0.0,0.0,0.0,0.0,0.0,0.0,0.0
microsam_vit_l_em_organelles,nucleus,segapp_islet_nucleus,IsletSEM,25237R_1_00022,full,5.0,25237R_1 (6ced5b1b-078c-43f2-9851-6ebcc2f69fd5),vit_l_em_organelles,10.625,0.0,0.0,0.0,0.0,0.0,0.733199,0.960109,0,511087,3965084,12301045,3965084,511087,16777216,0.236337,0.0,0.0,ok,134,5,0.0,0.0,0.0,0.0,0.0,0.0,0.0,0.0,0.0,0.0,0.0
microsam_vit_l_em_organelles,nucleus,segapp_islet_nucleus,IsletSEM,25237R_1_00023,full,5.0,25237R_1 (6ced5b1b-078c-43f2-9851-6ebcc2f69fd5),vit_l_em_organelles,11.616,0.0,0.0,0.0,0.0,0.0,0.740552,0.965248,0,447312,3905511,12424393,3905511,447312,16777216,0.232787,0.0,0.0,ok,125,6,0.0,0.0,0.0,0.0,0.0,0.0,0.0,0.0,0.0,0.0,0.0
microsam_vit_l_em_organelles,nucleus,segapp_islet_nucleus,IsletSEM,25237R_1_00024,full,5.0,25237R_1 (6ced5b1b-078c-43f2-9851-6ebcc2f69fd5),vit_l_em_organelles,10.89,0.0,0.0,0.0,0.0,0.0,0.867742,0.952438,0,727007,1491915,14558294,1491915,727007,16777216,0.088925,0.0,0.0,ok,147,3,0.0,0.0,0.0,0.0,0.0,0.0,0.0,0.0,0.0,0.0,0.0
microsam_vit_l_em_organelles,nucleus,segapp_islet_nucleus,IsletSEM,25237R_1_00025,full,5.0,25237R_1 (6ced5b1b-078c-43f2-9851-6ebcc2f69fd5),vit_l_em_organelles,11.201,0.0,0.0,0.0,0.0,0.0,0.776893,0.946313,0,739465,3003653,13034098,3003653,739465,16777216,0.179032,0.0,0.0,ok,159,4,0.0,0.0,0.0,0.0,0.0,0.0,0.0,0.0,0.0,0.0,0.0
microsam_vit_l_em_organelles,nucleus,segapp_islet_nucleus,IsletSEM,25237R_1_00026,full,5.0,25237R_1 (6ced5b1b-078c-43f2-9851-6ebcc2f69fd5),vit_l_em_organelles,10.475,0.0,0.0,0.0,0.0,0.0,0.807489,0.931189,0,1001094,2228703,13547419,2228703,1001094,16777216,0.132841,0.0,0.0,ok,193,5,0.0,0.0,0.0,0.0,0.0,0.0,0.0,0.0,0.0,0.0,0.0
microsam_vit_l_em_organelles,nucleus,segapp_islet_nucleus,IsletSEM,25237R_1_00027,full,5.0,25237R_1 (6ced5b1b-078c-43f2-9851-6ebcc2f69fd5),vit_l_em_organelles,10.531,0.0,0.0,0.0,0.0,0.0,0.994406,0.995163,0,81086,12768,16683362,12768,81086,16777216,0.000761,0.0,0.0,ok,30,1,0.0,0.0,0.0,0.0,0.0,0.0,0.0,0.0,0.0,0.0,0.0
microsam_vit_l_em_organelles,nucleus,segapp_islet_nucleus,IsletSEM,25237R_1_00028,full,5.0,25237R_1 (6ced5b1b-078c-43f2-9851-6ebcc2f69fd5),vit_l_em_organelles,11.057,0.0,0.0,0.0,0.0,0.0,0.935043,0.989955,0,159184,930616,15687416,930616,159184,16777216,0.055469,0.0,0.0,ok,38,1,0.0,0.0,0.0,0.0,0.0,0.0,0.0,0.0,0.0,0.0,0.0
microsam_vit_l_em_organelles,nucleus,segapp_islet_nucleus,IsletSEM,25237R_1_00029,full,5.0,25237R_1 (6ced5b1b-078c-43f2-9851-6ebcc2f69fd5),vit_l_em_organelles,10.729,0.0,0.0,0.0,0.0,0.0,0.797693,0.956125,0,614120,2780028,13383068,2780028,614120,16777216,0.165703,0.0,0.0,ok,191,4,0.0,0.0,0.0,0.0,0.0,0.0,0.0,0.0,0.0,0.0,0.0
microsam_vit_l_em_organelles,nucleus,segapp_islet_nucleus,IsletSEM,25237R_1_00030,full,5.0,25237R_1 (6ced5b1b-078c-43f2-9851-6ebcc2f69fd5),vit_l_em_organelles,10.873,0.0,0.0,0.0,0.0,0.0,0.712701,0.951578,0,608457,4211622,11957137,4211622,608457,16777216,0.251032,0.0,0.0,ok,168,5,0.0,0.0,0.0,0.0,0.0,0.0,0.0,0.0,0.0,0.0,0.0
microsam_vit_l_em_organelles,nucleus,segapp_islet_nucleus,IsletSEM,25237R_1_00031,full,5.0,25237R_1 (6ced5b1b-078c-43f2-9851-6ebcc2f69fd5),vit_l_em_organelles,10.743,0.0,0.0,0.0,0.0,0.0,0.856791,0.955105,0,675673,1726978,14374565,1726978,675673,16777216,0.102936,0.0,0.0,ok,179,4,0.0,0.0,0.0,0.0,0.0,0.0,0.0,0.0,0.0,0.0,0.0
microsam_vit_l_em_organelles,nucleus,segapp_islet_nucleus,IsletSEM,25237R_1_00032,full,5.0,25237R_1 (6ced5b1b-078c-43f2-9851-6ebcc2f69fd5),vit_l_em_organelles,10.539,0.0,0.0,0.0,0.0,0.0,0.849532,0.958666,0,614524,1909913,14252779,1909913,614524,16777216,0.11384,0.0,0.0,ok,140,3,0.0,0.0,0.0,0.0,0.0,0.0,0.0,0.0,0.0,0.0,0.0
microsam_vit_l_em_organelles,nucleus,segapp_islet_nucleus,IsletSEM,25237R_1_00033,full,5.0,25237R_1 (6ced5b1b-078c-43f2-9851-6ebcc2f69fd5),vit_l_em_organelles,11.409,0.0,0.0,0.0,0.0,0.0,0.77146,0.936381,0,879355,2954916,12942945,2954916,879355,16777216,0.176127,0.0,0.003515,ok,161,3,0.0,0.0,0.0,0.0,0.0,0.0,0.0,0.0,0.0,0.0,0.0
microsam_vit_l_em_organelles,nucleus,segapp_islet_nucleus,IsletSEM,25237R_1_00034,full,5.0,25237R_1 (6ced5b1b-078c-43f2-9851-6ebcc2f69fd5),vit_l_em_organelles,10.506,0.0,0.0,0.0,0.0,0.0,0.776711,0.935913,0,892304,2853863,13031049,2853863,892304,16777216,0.170103,0.0,0.0,ok,209,6,0.0,0.0,0.0,0.0,0.0,0.0,0.0,0.0,0.0,0.0,0.0
microsam_vit_l_em_organelles,nucleus,segapp_islet_nucleus,IsletSEM,25237R_1_00035,full,5.0,25237R_1 (6ced5b1b-078c-43f2-9851-6ebcc2f69fd5),vit_l_em_organelles,11.135,0.0,0.0,0.0,0.0,0.0,0.805959,0.951493,0,689333,2566127,13521756,2566127,689333,16777216,0.152953,0.0,0.0,ok,148,3,0.0,0.0,0.0,0.0,0.0,0.0,0.0,0.0,0.0,0.0,0.0
microsam_vit_l_em_organelles,nucleus,segapp_islet_nucleus,IsletSEM,25237R_1_00036,full,5.0,25237R_1 (6ced5b1b-078c-43f2-9851-6ebcc2f69fd5),vit_l_em_organelles,10.771,0.0,0.0,0.0,0.0,0.0,0.740528,0.957469,0,551872,3801354,12423990,3801354,551872,16777216,0.226578,0.0,0.0,ok,165,5,0.0,0.0,0.0,0.0,0.0,0.0,0.0,0.0,0.0,0.0,0.0
microsam_vit_l_em_organelles,nucleus,segapp_islet_nucleus,IsletSEM,25237R_1_00037,full,5.0,25237R_1 (6ced5b1b-078c-43f2-9851-6ebcc2f69fd5),vit_l_em_organelles,10.47,5.6e-05,2.8e-05,0.000187,3.3e-05,5.6e-05,0.863613,0.976888,64,342796,1945405,14488951,1945469,342860,16777216,0.115959,0.0,0.0,ok,103,4,0.0,0.0,0.0,0.0,0.0,0.0,0.0,0.0,0.0,0.0,0.0
microsam_vit_l_em_organelles,nucleus,segapp_islet_nucleus,IsletSEM,25237R_1_00038,full,5.0,25237R_1 (6ced5b1b-078c-43f2-9851-6ebcc2f69fd5),vit_l_em_organelles,11.633,0.0,0.0,0.0,0.0,0.0,0.816166,0.967677,0,457376,2626854,13692986,2626854,457376,16777216,0.156573,0.0,0.0,ok,103,5,0.0,0.0,0.0,0.0,0.0,0.0,0.0,0.0,0.0,0.0,0.0
microsam_vit_l_em_organelles,nucleus,segapp_islet_nucleus,IsletSEM,25237R_1_00039,full,5.0,25237R_1 (6ced5b1b-078c-43f2-9851-6ebcc2f69fd5),vit_l_em_organelles,10.474,0.0,0.0,0.0,0.0,0.0,0.776338,0.945107,0,756496,2995927,13024793,2995927,756496,16777216,0.178571,0.0,0.0,ok,177,4,0.0,0.0,0.0,0.0,0.0,0.0,0.0,0.0,0.0,0.0,0.0
microsam_vit_l_em_organelles,nucleus,segapp_islet_nucleus,IsletSEM,25237R_1_00040,full,5.0,25237R_1 (6ced5b1b-078c-43f2-9851-6ebcc2f69fd5),vit_l_em_organelles,11.194,0.0,0.0,0.0,0.0,0.0,0.777515,0.93595,0,892685,2839998,13044533,2839998,892685,16777216,0.169277,0.0,0.0,ok,229,4,0.0,0.0,0.0,0.0,0.0,0.0,0.0,0.0,0.0,0.0,0.0
microsam_vit_l_em_organelles,nucleus,segapp_islet_nucleus,IsletSEM,25237R_1_00041,full,5.0,25237R_1 (6ced5b1b-078c-43f2-9851-6ebcc2f69fd5),vit_l_em_organelles,10.82,0.0,0.0,0.0,0.0,0.0,0.9557,0.995744,0,68531,674701,16033984,674701,68531,16777216,0.040215,0.0,0.0,ok,21,1,0.0,0.0,0.0,0.0,0.0,0.0,0.0,0.0,0.0,0.0,0.0
microsam_vit_l_em_organelles,nucleus,segapp_islet_nucleus,IsletSEM,25237R_1_00042,full,5.0,25237R_1 (6ced5b1b-078c-43f2-9851-6ebcc2f69fd5),vit_l_em_organelles,10.412,0.0,0.0,0.0,0.0,0.0,0.857474,0.93349,0,1024979,1366206,14386031,1366206,1024979,16777216,0.081432,0.0,0.0,ok,237,3,0.0,0.0,0.0,0.0,0.0,0.0,0.0,0.0,0.0,0.0,0.0
microsam_vit_l_em_organelles,nucleus,segapp_islet_nucleus,IsletSEM,25237R_1_00043,full,5.0,25237R_1 (6ced5b1b-078c-43f2-9851-6ebcc2f69fd5),vit_l_em_organelles,11.512,0.0,0.0,0.0,0.0,0.0,0.878878,0.955947,0,679500,1352584,14745132,1352584,679500,16777216,0.08062,0.0,0.0,ok,157,2,0.0,0.0,0.0,0.0,0.0,0.0,0.0,0.0,0.0,0.0,0.0
microsam_vit_l_em_organelles,nucleus,segapp_islet_nucleus,IsletSEM,25237R_1_00044,full,5.0,25237R_1 (6ced5b1b-078c-43f2-9851-6ebcc2f69fd5),vit_l_em_organelles,10.703,0.0,0.0,0.0,0.0,0.0,0.753525,0.95268,0,627935,3507222,12642059,3507222,627935,16777216,0.209047,0.0,0.0,ok,159,5,0.0,0.0,0.0,0.0,0.0,0.0,0.0,0.0,0.0,0.0,0.0
microsam_vit_l_em_organelles,nucleus,segapp_islet_nucleus,IsletSEM,25237R_1_00045,full,5.0,25237R_1 (6ced5b1b-078c-43f2-9851-6ebcc2f69fd5),vit_l_em_organelles,11.579,0.0,0.0,0.0,0.0,0.0,0.861124,0.951877,0,730390,1599564,14447262,1599564,730390,16777216,0.095341,0.0,0.0,ok,213,3,0.0,0.0,0.0,0.0,0.0,0.0,0.0,0.0,0.0,0.0,0.0
microsam_vit_l_em_organelles,nucleus,segapp_islet_nucleus,IsletSEM,25237R_1_00046,full,5.0,25237R_1 (6ced5b1b-078c-43f2-9851-6ebcc2f69fd5),vit_l_em_organelles,10.677,0.0,0.0,0.0,0.0,0.0,0.955282,0.979218,0,340135,410111,16026970,410111,340135,16777216,0.024445,0.0,0.0,ok,90,1,0.0,0.0,0.0,0.0,0.0,0.0,0.0,0.0,0.0,0.0,0.0
microsam_vit_l_em_organelles,nucleus,segapp_islet_nucleus,IsletSEM,25237R_1_00047,full,5.0,25237R_1 (6ced5b1b-078c-43f2-9851-6ebcc2f69fd5),vit_l_em_organelles,10.478,0.0,0.0,0.0,0.0,0.0,0.930776,0.971931,0,450981,710412,15615823,710412,450981,16777216,0.042344,0.0,0.0,ok,132,1,0.0,0.0,0.0,0.0,0.0,0.0,0.0,0.0,0.0,0.0,0.0
microsam_vit_l_em_organelles,nucleus,segapp_islet_nucleus,IsletSEM,25237R_1_00048,full,5.0,25237R_1 (6ced5b1b-078c-43f2-9851-6ebcc2f69fd5),vit_l_em_organelles,11.094,0.0,0.0,0.0,0.0,0.0,0.843015,0.971849,0,409691,2224073,14143452,2224073,409691,16777216,0.132565,0.0,0.0,ok,129,4,0.0,0.0,0.0,0.0,0.0,0.0,0.0,0.0,0.0,0.0,0.0
microsam_vit_l_em_organelles,nucleus,segapp_islet_nucleus,IsletSEM,25237R_1_00049,full,5.0,25237R_1 (6ced5b1b-078c-43f2-9851-6ebcc2f69fd5),vit_l_em_organelles,10.586,0.0,0.0,0.0,0.0,0.0,0.945115,0.981393,0,300628,620189,15856399,620189,300628,16777216,0.036966,0.0,0.0,ok,78,1,0.0,0.0,0.0,0.0,0.0,0.0,0.0,0.0,0.0,0.0,0.0
microsam_vit_l_em_organelles,nucleus,segapp_islet_nucleus,IsletSEM,25237R_1_00050,full,5.0,25237R_1 (6ced5b1b-078c-43f2-9851-6ebcc2f69fd5),vit_l_em_organelles,11.505,0.0,0.0,0.0,0.0,0.0,0.947822,0.989731,0,164989,710412,15901815,710412,164989,16777216,0.042344,0.0,0.0,ok,58,1,0.0,0.0,0.0,0.0,0.0,0.0,0.0,0.0,0.0,0.0,0.0
microsam_vit_l_em_organelles,nucleus,segapp_islet_nucleus,IsletSEM,25237R_1_00051,full,5.0,25237R_1 (6ced5b1b-078c-43f2-9851-6ebcc2f69fd5),vit_l_em_organelles,10.627,0.0,0.0,0.0,0.0,0.0,0.897657,0.983225,0,256950,1460074,15060192,1460074,256950,16777216,0.087027,0.0,0.0,ok,78,3,0.0,0.0,0.0,0.0,0.0,0.0,0.0,0.0,0.0,0.0,0.0
microsam_vit_l_em_organelles,nucleus,segapp_islet_nucleus,IsletSEM,25237R_1_00052,full,5.0,25237R_1 (6ced5b1b-078c-43f2-9851-6ebcc2f69fd5),vit_l_em_organelles,10.495,0.0,0.0,0.0,0.0,0.0,0.962532,0.996562,0,55709,572896,16148611,572896,55709,16777216,0.034147,0.0,0.0,ok,18,1,0.0,0.0,0.0,0.0,0.0,0.0,0.0,0.0,0.0,0.0,0.0
microsam_vit_l_em_organelles,nucleus,segapp_islet_nucleus,IsletSEM,25239_1_00053,full,5.0,25239_1 (4556ce56-3617-41fd-9a50-81c59f1edc00),vit_l_em_organelles,10.856,0.0,0.0,0.0,0.0,0.0,0.952677,0.995318,0,75184,718771,15983261,718771,75184,16777216,0.042842,0.0,0.0,ok,18,1,0.0,0.0,0.0,0.0,0.0,0.0,0.0,0.0,0.0,0.0,0.0
microsam_vit_l_em_organelles,nucleus,segapp_islet_nucleus,IsletSEM,25239_1_00054,full,5.0,25239_1 (4556ce56-3617-41fd-9a50-81c59f1edc00),vit_l_em_organelles,10.528,0.0,0.0,0.0,0.0,0.0,0.787504,0.980467,0,263211,3301885,13212120,3301885,263211,16777216,0.196808,0.0,0.0,ok,67,4,0.0,0.0,0.0,0.0,0.0,0.0,0.0,0.0,0.0,0.0,0.0
microsam_vit_l_em_organelles,nucleus,segapp_islet_nucleus,IsletSEM,25239_1_00055,full,5.0,25239_1 (4556ce56-3617-41fd-9a50-81c59f1edc00),vit_l_em_organelles,11.245,0.0,0.0,0.0,0.0,0.0,0.81194,0.968602,0,441573,2713552,13622091,2713552,441573,16777216,0.16174,0.0,0.000541,ok,98,3,0.0,0.0,0.0,0.0,0.0,0.0,0.0,0.0,0.0,0.0,0.0
microsam_vit_l_em_organelles,nucleus,segapp_islet_nucleus,IsletSEM,25239_1_00056,full,5.0,25239_1 (4556ce56-3617-41fd-9a50-81c59f1edc00),vit_l_em_organelles,10.916,0.0,0.0,0.0,0.0,0.0,0.886403,0.968509,0,483542,1422295,14871379,1422295,483542,16777216,0.084775,0.0,0.0,ok,92,2,0.0,0.0,0.0,0.0,0.0,0.0,0.0,0.0,0.0,0.0,0.0
microsam_vit_l_em_organelles,nucleus,segapp_islet_nucleus,IsletSEM,25239_1_00057,full,5.0,25239_1 (4556ce56-3617-41fd-9a50-81c59f1edc00),vit_l_em_organelles,10.393,0.0,0.0,0.0,0.0,0.0,0.945763,0.984455,0,250558,659389,15867269,659389,250558,16777216,0.039303,0.0,0.0,ok,61,2,0.0,0.0,0.0,0.0,0.0,0.0,0.0,0.0,0.0,0.0,0.0
microsam_vit_l_em_organelles,nucleus,segapp_islet_nucleus,IsletSEM,25239_1_00058,full,5.0,25239_1 (4556ce56-3617-41fd-9a50-81c59f1edc00),vit_l_em_organelles,11.165,0.0,0.0,0.0,0.0,0.0,0.883237,0.938915,0,964055,994902,14818259,994902,964055,16777216,0.059301,0.0,0.0,ok,179,4,0.0,0.0,0.0,0.0,0.0,0.0,0.0,0.0,0.0,0.0,0.0
microsam_vit_l_em_organelles,nucleus,segapp_islet_nucleus,IsletSEM,25239_1_00059,full,5.0,25239_1 (4556ce56-3617-41fd-9a50-81c59f1edc00),vit_l_em_organelles,10.555,0.0,0.0,0.0,0.0,0.0,0.723829,0.940347,0,770367,3863020,12143829,3863020,770367,16777216,0.230254,0.0,0.0,ok,153,5,0.0,0.0,0.0,0.0,0.0,0.0,0.0,0.0,0.0,0.0,0.0
microsam_vit_l_em_organelles,nucleus,segapp_islet_nucleus,IsletSEM,25239_1_00060,full,5.0,25239_1 (4556ce56-3617-41fd-9a50-81c59f1edc00),vit_l_em_organelles,11.128,0.0,0.0,0.0,0.0,0.0,0.957546,0.976314,0,389752,322513,16064951,322513,389752,16777216,0.019223,0.0,0.002349,ok,92,3,0.0,0.0,0.0,0.0,0.0,0.0,0.0,0.0,0.0,0.0,0.0
microsam_vit_l_em_organelles,nucleus,segapp_islet_nucleus,IsletSEM,25239_1_00061,full,5.0,25239_1 (4556ce56-3617-41fd-9a50-81c59f1edc00),vit_l_em_organelles,11.034,0.000601,0.000301,0.002843,0.000336,0.000601,0.721563,0.960875,1405,492870,4178534,12104407,4179939,494275,16777216,0.249144,0.002364,0.005586,ok,101,5,0.0,0.0,0.0,0.0,0.0,0.0,0.0,0.0,0.0,0.0,0.0
microsam_vit_l_em_organelles,nucleus,segapp_islet_nucleus,IsletSEM,25239_1_00062,full,5.0,25239_1 (4556ce56-3617-41fd-9a50-81c59f1edc00),vit_l_em_organelles,10.594,0.0,0.0,0.0,0.0,0.0,0.796389,0.952914,0,660213,2755806,13361197,2755806,660213,16777216,0.164259,0.0,0.001149,ok,138,4,0.0,0.0,0.0,0.0,0.0,0.0,0.0,0.0,0.0,0.0,0.0
microsam_vit_l_em_organelles,nucleus,segapp_islet_nucleus,IsletSEM,25239_1_00063,full,5.0,25239_1 (4556ce56-3617-41fd-9a50-81c59f1edc00),vit_l_em_organelles,11.037,0.0,0.0,0.0,0.0,0.0,0.965541,0.988164,0,194025,384105,16199086,384105,194025,16777216,0.022894,0.0,0.0,ok,35,2,0.0,0.0,0.0,0.0,0.0,0.0,0.0,0.0,0.0,0.0,0.0
microsam_vit_l_em_organelles,nucleus,segapp_islet_nucleus,IsletSEM,25239_1_00064,full,5.0,25239_1 (4556ce56-3617-41fd-9a50-81c59f1edc00),vit_l_em_organelles,10.527,0.0,0.0,0.0,0.0,0.0,0.857239,0.936287,0,978685,1416454,14382077,1416454,978685,16777216,0.084427,0.0,0.0,ok,179,3,0.0,0.0,0.0,0.0,0.0,0.0,0.0,0.0,0.0,0.0,0.0
microsam_vit_l_em_organelles,nucleus,segapp_islet_nucleus,IsletSEM,25239_1_00065,full,5.0,25239_1 (4556ce56-3617-41fd-9a50-81c59f1edc00),vit_l_em_organelles,11.126,0.0,0.0,0.0,0.0,0.0,0.716244,0.953956,0,580003,4180631,12016582,4180631,580003,16777216,0.249185,0.0,0.0,ok,126,4,0.0,0.0,0.0,0.0,0.0,0.0,0.0,0.0,0.0,0.0,0.0
microsam_vit_l_em_organelles,nucleus,segapp_islet_nucleus,IsletSEM,25239_1_00066,full,5.0,25239_1 (4556ce56-3617-41fd-9a50-81c59f1edc00),vit_l_em_organelles,10.859,5.7e-05,2.8e-05,0.000198,3.3e-05,5.7e-05,0.759263,0.956298,115,582124,3456773,12738204,3456888,582239,16777216,0.206047,0.0,0.00328,ok,123,5,0.0,0.0,0.0,0.0,0.0,0.0,0.0,0.0,0.0,0.0,0.0
microsam_vit_l_em_organelles,nucleus,segapp_islet_nucleus,IsletSEM,25239_1_00067,full,5.0,25239_1 (4556ce56-3617-41fd-9a50-81c59f1edc00),vit_l_em_organelles,10.551,0.0,0.0,0.0,0.0,0.0,0.820148,0.94979,0,727403,2290012,13759801,2290012,727403,16777216,0.136495,0.0,0.0,ok,172,5,0.0,0.0,0.0,0.0,0.0,0.0,0.0,0.0,0.0,0.0,0.0
microsam_vit_l_em_organelles,nucleus,segapp_islet_nucleus,IsletSEM,25239_1_00068,full,5.0,25239_1 (4556ce56-3617-41fd-9a50-81c59f1edc00),vit_l_em_organelles,11.088,0.0,0.0,0.0,0.0,0.0,0.785372,0.959621,0,554434,3046419,13176363,3046419,554434,16777216,0.181581,0.0,0.000369,ok,130,5,0.0,0.0,0.0,0.0,0.0,0.0,0.0,0.0,0.0,0.0,0.0
microsam_vit_l_em_organelles,nucleus,segapp_islet_nucleus,IsletSEM,25239_1_00069,full,5.0,25239_1 (4556ce56-3617-41fd-9a50-81c59f1edc00),vit_l_em_organelles,10.681,0.001862,0.000932,0.005708,0.001113,0.001862,0.705173,0.936364,4614,803720,4142649,11826233,4147263,808334,16777216,0.247196,0.002878,0.003735,ok,190,5,0.0,0.0,0.0,0.0,0.0,0.0,0.0,0.0,0.0,0.0,0.0
microsam_vit_l_em_organelles,nucleus,segapp_islet_nucleus,IsletSEM,25239_1_00070,full,5.0,25239_1 (4556ce56-3617-41fd-9a50-81c59f1edc00),vit_l_em_organelles,11.279,0.0,0.0,0.0,0.0,0.0,0.896144,0.968492,0,489128,1253293,15034795,1253293,489128,16777216,0.074702,0.0,0.0,ok,106,1,0.0,0.0,0.0,0.0,0.0,0.0,0.0,0.0,0.0,0.0,0.0
microsam_vit_l_em_organelles,nucleus,segapp_islet_nucleus,IsletSEM,25239_1_00071,full,5.0,25239_1 (4556ce56-3617-41fd-9a50-81c59f1edc00),vit_l_em_organelles,10.51,0.0,0.0,0.0,0.0,0.0,0.935278,0.975505,0,394008,691848,15691360,691848,394008,16777216,0.041237,0.0,0.0,ok,93,1,0.0,0.0,0.0,0.0,0.0,0.0,0.0,0.0,0.0,0.0,0.0
microsam_vit_l_em_organelles,nucleus,segapp_islet_nucleus,IsletSEM,25239_1_00072,full,5.0,25239_1 (4556ce56-3617-41fd-9a50-81c59f1edc00),vit_l_em_organelles,10.432,0.0,0.0,0.0,0.0,0.0,0.887873,0.97585,0,368642,1512535,14896039,1512535,368642,16777216,0.090154,0.0,0.0,ok,84,4,0.0,0.0,0.0,0.0,0.0,0.0,0.0,0.0,0.0,0.0,0.0
microsam_vit_l_em_organelles,nucleus,segapp_islet_nucleus,IsletSEM,25239_1_00073,full,5.0,25239_1 (4556ce56-3617-41fd-9a50-81c59f1edc00),vit_l_em_organelles,10.871,0.0,0.0,0.0,0.0,0.0,0.685716,0.946043,0,656145,4616668,11504403,4616668,656145,16777216,0.275175,0.0,0.0,ok,158,5,0.0,0.0,0.0,0.0,0.0,0.0,0.0,0.0,0.0,0.0,0.0
microsam_vit_l_em_organelles,nucleus,segapp_islet_nucleus,IsletSEM,25239_1_00074,full,5.0,25239_1 (4556ce56-3617-41fd-9a50-81c59f1edc00),vit_l_em_organelles,10.82,0.0,0.0,0.0,0.0,0.0,0.922177,0.97157,0,452734,852920,15471562,852920,452734,16777216,0.050838,0.0,0.0,ok,85,2,0.0,0.0,0.0,0.0,0.0,0.0,0.0,0.0,0.0,0.0,0.0
microsam_vit_l_em_organelles,nucleus,segapp_islet_nucleus,IsletSEM,25239_1_00075,full,5.0,25239_1 (4556ce56-3617-41fd-9a50-81c59f1edc00),vit_l_em_organelles,11.066,0.0,0.0,0.0,0.0,0.0,0.779825,0.954911,0,617763,3076153,13083300,3076153,617763,16777216,0.183353,0.0,0.0,ok,124,4,0.0,0.0,0.0,0.0,0.0,0.0,0.0,0.0,0.0,0.0,0.0
microsam_vit_l_em_organelles,nucleus,segapp_islet_nucleus,IsletSEM,25239_1_00076,full,5.0,25239_1 (4556ce56-3617-41fd-9a50-81c59f1edc00),vit_l_em_organelles,10.724,0.0,0.0,0.0,0.0,0.0,0.760855,0.950833,0,660074,3352105,12765037,3352105,660074,16777216,0.199801,0.0,0.0,ok,117,5,0.0,0.0,0.0,0.0,0.0,0.0,0.0,0.0,0.0,0.0,0.0
microsam_vit_l_em_organelles,nucleus,segapp_islet_nucleus,IsletSEM,25239_1_00077,full,5.0,25239_1 (4556ce56-3617-41fd-9a50-81c59f1edc00),vit_l_em_organelles,11.331,0.00212,0.001061,0.007812,0.001226,0.00212,0.674191,0.938765,5806,737429,4728732,11305249,4734538,743235,16777216,0.2822,0.0,0.000348,ok,165,5,0.0,0.0,0.0,0.0,0.0,0.0,0.0,0.0,0.0,0.0,0.0
microsam_vit_l_em_organelles,nucleus,segapp_islet_nucleus,IsletSEM,25239_1_00078,full,5.0,25239_1 (4556ce56-3617-41fd-9a50-81c59f1edc00),vit_l_em_organelles,10.783,0.0,0.0,0.0,0.0,0.0,0.785409,0.948752,0,711770,2888468,13176978,2888468,711770,16777216,0.172166,0.0,0.001286,ok,178,5,0.0,0.0,0.0,0.0,0.0,0.0,0.0,0.0,0.0,0.0,0.0
microsam_vit_l_em_organelles,nucleus,segapp_islet_nucleus,IsletSEM,25239_1_00079,full,5.0,25239_1 (4556ce56-3617-41fd-9a50-81c59f1edc00),vit_l_em_organelles,10.473,0.0,0.0,0.0,0.0,0.0,0.832799,0.976468,0,336713,2468449,13972054,2468449,336713,16777216,0.147131,0.0,0.0,ok,64,1,0.0,0.0,0.0,0.0,0.0,0.0,0.0,0.0,0.0,0.0,0.0
microsam_vit_l_em_organelles,nucleus,segapp_islet_nucleus,IsletSEM,25239_1_00080,full,5.0,25239_1 (4556ce56-3617-41fd-9a50-81c59f1edc00),vit_l_em_organelles,11.435,0.0,0.0,0.0,0.0,0.0,0.837816,0.98235,0,252543,2468449,14056224,2468449,252543,16777216,0.147131,0.0,0.0,ok,47,1,0.0,0.0,0.0,0.0,0.0,0.0,0.0,0.0,0.0,0.0,0.0
microsam_vit_l_em_organelles,nucleus,segapp_islet_nucleus,IsletSEM,25239_1_00081,full,5.0,25239_1 (4556ce56-3617-41fd-9a50-81c59f1edc00),vit_l_em_organelles,10.683,0.0,0.0,0.0,0.0,0.0,0.950819,0.965005,0,578494,246632,15952090,246632,578494,16777216,0.0147,0.0,0.0,ok,125,2,0.0,0.0,0.0,0.0,0.0,0.0,0.0,0.0,0.0,0.0,0.0
microsam_vit_l_em_organelles,nucleus,segapp_islet_nucleus,IsletSEM,25239_1_00082,full,5.0,25239_1 (4556ce56-3617-41fd-9a50-81c59f1edc00),vit_l_em_organelles,11.085,0.001707,0.000854,0.004433,0.001057,0.001707,0.76598,0.944569,3357,753944,3172257,12847658,3175614,757301,16777216,0.189281,0.012723,0.009461,ok,188,3,0.0,0.0,0.0,0.0,0.0,0.0,0.0,0.0,0.0,0.0,0.0
microsam_vit_l_em_organelles,nucleus,segapp_islet_nucleus,IsletSEM,25239_1_00083,full,5.0,25239_1 (4556ce56-3617-41fd-9a50-81c59f1edc00),vit_l_em_organelles,10.574,0.0,0.0,0.0,0.0,0.0,0.784521,0.93829,0,865651,2749490,13162075,2749490,865651,16777216,0.163882,0.0,0.0,ok,167,4,0.0,0.0,0.0,0.0,0.0,0.0,0.0,0.0,0.0,0.0,0.0
microsam_vit_l_em_organelles,nucleus,segapp_islet_nucleus,IsletSEM,25239_1_00084,full,5.0,25239_1 (4556ce56-3617-41fd-9a50-81c59f1edc00),vit_l_em_organelles,10.53,0.0,0.0,0.0,0.0,0.0,0.79054,0.962442,0,517571,2996587,13263058,2996587,517571,16777216,0.178611,0.0,0.0,ok,117,4,0.0,0.0,0.0,0.0,0.0,0.0,0.0,0.0,0.0,0.0,0.0
microsam_vit_l_em_organelles,nucleus,segapp_islet_nucleus,IsletSEM,25239_1_00085,full,5.0,25239_1 (4556ce56-3617-41fd-9a50-81c59f1edc00),vit_l_em_organelles,11.375,0.004457,0.002234,0.008706,0.002995,0.004457,0.906916,0.974499,3496,398079,1163607,15212034,1167103,401575,16777216,0.069565,0.001245,0.008668,ok,98,3,0.0,0.0,0.0,0.0,0.0,0.0,0.0,0.0,0.0,0.0,0.0
microsam_vit_l_em_organelles,nucleus,segapp_islet_nucleus,IsletSEM,25239_1_00086,full,5.0,25239_1 (4556ce56-3617-41fd-9a50-81c59f1edc00),vit_l_em_organelles,10.663,0.0,0.0,0.0,0.0,0.0,0.746154,0.955631,0,581214,3677622,12518380,3677622,581214,16777216,0.219203,0.0,0.0,ok,137,4,0.0,0.0,0.0,0.0,0.0,0.0,0.0,0.0,0.0,0.0,0.0
microsam_vit_l_em_organelles,nucleus,segapp_islet_nucleus,IsletSEM,25239_1_00087,full,5.0,25239_1 (4556ce56-3617-41fd-9a50-81c59f1edc00),vit_l_em_organelles,10.527,0.0,0.0,0.0,0.0,0.0,0.803739,0.959525,0,568814,2723905,13484497,2723905,568814,16777216,0.162357,0.0,0.000428,ok,121,4,0.0,0.0,0.0,0.0,0.0,0.0,0.0,0.0,0.0,0.0,0.0
microsam_vit_l_em_organelles,nucleus,segapp_islet_nucleus,IsletSEM,25239_1_00088,full,5.0,25239_1 (4556ce56-3617-41fd-9a50-81c59f1edc00),vit_l_em_organelles,10.555,0.0,0.0,0.0,0.0,0.0,0.816224,0.956478,0,623108,2460141,13693967,2460141,623108,16777216,0.146636,0.0,0.0,ok,95,3,0.0,0.0,0.0,0.0,0.0,0.0,0.0,0.0,0.0,0.0,0.0
microsam_vit_l_em_organelles,nucleus,segapp_islet_nucleus,IsletSEM,25239_1_00089,full,5.0,25239_1 (4556ce56-3617-41fd-9a50-81c59f1edc00),vit_l_em_organelles,10.59,0.0,0.0,0.0,0.0,0.0,0.864865,0.972114,0,416236,1850956,14510024,1850956,416236,16777216,0.110326,0.0,0.0,ok,80,3,0.0,0.0,0.0,0.0,0.0,0.0,0.0,0.0,0.0,0.0,0.0
microsam_vit_l_em_organelles,nucleus,segapp_islet_nucleus,IsletSEM,25239_1_00090,full,5.0,25239_1 (4556ce56-3617-41fd-9a50-81c59f1edc00),vit_l_em_organelles,11.165,0.0,0.0,0.0,0.0,0.0,0.729277,0.93453,0,857163,3684811,12235242,3684811,857163,16777216,0.219632,0.0,0.001652,ok,199,4,0.0,0.0,0.0,0.0,0.0,0.0,0.0,0.0,0.0,0.0,0.0
microsam_vit_l_em_organelles,nucleus,segapp_islet_nucleus,IsletSEM,25239_1_00091,full,5.0,25239_1 (4556ce56-3617-41fd-9a50-81c59f1edc00),vit_l_em_organelles,10.701,0.002315,0.001159,0.004299,0.001584,0.002315,0.790213,0.933387,4084,945859,2573790,13253483,2577874,949943,16777216,0.153653,0.0,0.001704,ok,197,3,0.0,0.0,0.0,0.0,0.0,0.0,0.0,0.0,0.0,0.0,0.0
microsam_vit_l_em_organelles,nucleus,segapp_islet_nucleus,IsletSEM,25239_1_00092,full,5.0,25239_1 (4556ce56-3617-41fd-9a50-81c59f1edc00),vit_l_em_organelles,11.209,0.001709,0.000855,0.009674,0.000937,0.001709,0.747655,0.971267,3624,370973,3862668,12539951,3866292,374597,16777216,0.230449,0.003622,0.012063,ok,128,4,0.0,0.0,0.0,0.0,0.0,0.0,0.0,0.0,0.0,0.0,0.0
microsam_vit_l_em_organelles,nucleus,segapp_islet_nucleus,IsletSEM,25239_1_00093,full,5.0,25239_1 (4556ce56-3617-41fd-9a50-81c59f1edc00),vit_l_em_organelles,10.856,0.0,0.0,0.0,0.0,0.0,0.781232,0.959634,0,551327,3118986,13106903,3118986,551327,16777216,0.185906,0.0,0.0,ok,162,4,0.0,0.0,0.0,0.0,0.0,0.0,0.0,0.0,0.0,0.0,0.0
microsam_vit_l_em_organelles,nucleus,segapp_islet_nucleus,IsletSEM,25239_1_00094,full,5.0,25239_1 (4556ce56-3617-41fd-9a50-81c59f1edc00),vit_l_em_organelles,10.749,0.0,0.0,0.0,0.0,0.0,0.67476,0.951629,0,575419,4881199,11320598,4881199,575419,16777216,0.290942,0.0,0.0,ok,132,6,0.0,0.0,0.0,0.0,0.0,0.0,0.0,0.0,0.0,0.0,0.0
microsam_vit_l_em_organelles,nucleus,segapp_islet_nucleus,IsletSEM,25239_1_00095,full,5.0,25239_1 (4556ce56-3617-41fd-9a50-81c59f1edc00),vit_l_em_organelles,11.405,0.000122,6.1e-05,0.000475,7e-05,0.000122,0.72894,0.954541,277,582410,3965216,12229313,3965493,582687,16777216,0.236362,0.0,0.00146,ok,177,6,0.0,0.0,0.0,0.0,0.0,0.0,0.0,0.0,0.0,0.0,0.0
microsam_vit_l_em_organelles,nucleus,segapp_islet_nucleus,IsletSEM,25239_1_00096,full,5.0,25239_1 (4556ce56-3617-41fd-9a50-81c59f1edc00),vit_l_em_organelles,10.584,0.0,0.0,0.0,0.0,0.0,0.969775,0.992153,0,128675,378412,16270129,378412,128675,16777216,0.022555,0.0,0.0,ok,18,1,0.0,0.0,0.0,0.0,0.0,0.0,0.0,0.0,0.0,0.0,0.0
microsam_vit_l_em_organelles,nucleus,segapp_islet_nucleus,IsletSEM,25239_1_00097,full,5.0,25239_1 (4556ce56-3617-41fd-9a50-81c59f1edc00),vit_l_em_organelles,10.948,0.0,0.0,0.0,0.0,0.0,0.981072,0.995191,0,79541,238010,16459665,238010,79541,16777216,0.014187,0.0,0.0,ok,7,1,0.0,0.0,0.0,0.0,0.0,0.0,0.0,0.0,0.0,0.0,0.0
microsam_vit_l_em_organelles,nucleus,segapp_islet_nucleus,IsletSEM,25239_1_00098,full,5.0,25239_1 (4556ce56-3617-41fd-9a50-81c59f1edc00),vit_l_em_organelles,10.693,0.0,0.0,0.0,0.0,0.0,0.938558,0.984264,0,251743,779077,15746396,779077,251743,16777216,0.046437,0.0,0.0,ok,65,2,0.0,0.0,0.0,0.0,0.0,0.0,0.0,0.0,0.0,0.0,0.0
microsam_vit_l_em_organelles,nucleus,segapp_islet_nucleus,IsletSEM,25239_1_00099,full,5.0,25239_1 (4556ce56-3617-41fd-9a50-81c59f1edc00),vit_l_em_organelles,10.476,0.009927,0.004988,0.015098,0.007395,0.009927,0.832292,0.938116,14106,920190,1893488,13949432,1907594,934296,16777216,0.113701,0.018756,0.014245,ok,179,4,0.0,0.0,0.0,0.0,0.0,0.0,0.0,0.0,0.0,0.0,0.0
microsam_vit_l_em_organelles,nucleus,segapp_islet_nucleus,IsletSEM,25239_1_00100,full,5.0,25239_1 (4556ce56-3617-41fd-9a50-81c59f1edc00),vit_l_em_organelles,11.394,0.0,0.0,0.0,0.0,0.0,0.842397,0.934952,0,983295,1660839,14133082,1660839,983295,16777216,0.098994,0.0,0.0,ok,235,4,0.0,0.0,0.0,0.0,0.0,0.0,0.0,0.0,0.0,0.0,0.0
microsam_vit_l_em_organelles,nucleus,segapp_islet_nucleus,IsletSEM,25239_1_00101,full,5.0,25239_1 (4556ce56-3617-41fd-9a50-81c59f1edc00),vit_l_em_organelles,10.851,0.0,0.0,0.0,0.0,0.0,0.828122,0.94681,0,780515,2103116,13893585,2103116,780515,16777216,0.125355,0.0,0.0,ok,141,3,0.0,0.0,0.0,0.0,0.0,0.0,0.0,0.0,0.0,0.0,0.0
microsam_vit_l_em_organelles,nucleus,segapp_islet_nucleus,IsletSEM,25239_1_00102,full,5.0,25239_1 (4556ce56-3617-41fd-9a50-81c59f1edc00),vit_l_em_organelles,11.45,0.029917,0.015186,0.101864,0.017533,0.029917,0.75582,0.957723,63170,556969,3539696,12617381,3602866,620139,16777216,0.214748,0.008396,0.005626,ok,137,3,0.0,0.0,0.0,0.0,0.0,0.0,0.0,0.0,0.0,0.0,0.0
microsam_vit_l_em_organelles,nucleus,segapp_islet_nucleus,IsletSEM,25239_1_00103,full,5.0,25239_1 (4556ce56-3617-41fd-9a50-81c59f1edc00),vit_l_em_organelles,10.89,0.007692,0.003861,0.034101,0.004335,0.007692,0.934946,0.992417,4230,119815,971615,15681556,975845,124045,16777216,0.058165,0.011809,0.040936,ok,55,1,0.0,0.0,0.0,0.0,0.0,0.0,0.0,0.0,0.0,0.0,0.0
microsam_vit_l_em_organelles,nucleus,segapp_islet_nucleus,IsletSEM,25239_1_00104,full,5.0,25239_1 (4556ce56-3617-41fd-9a50-81c59f1edc00),vit_l_em_organelles,10.436,0.0,0.0,0.0,0.0,0.0,0.938831,0.991535,0,134478,891760,15750978,891760,134478,16777216,0.053153,0.0,0.0,ok,45,3,0.0,0.0,0.0,0.0,0.0,0.0,0.0,0.0,0.0,0.0,0.0
microsam_vit_l_em_organelles,nucleus,segapp_islet_nucleus,IsletSEM,25239_1_00105,full,5.0,25239_1 (4556ce56-3617-41fd-9a50-81c59f1edc00),vit_l_em_organelles,11.078,0.0,0.0,0.0,0.0,0.0,0.855252,0.961729,0,570987,1857486,14348743,1857486,570987,16777216,0.110715,0.0,0.0,ok,126,4,0.0,0.0,0.0,0.0,0.0,0.0,0.0,0.0,0.0,0.0,0.0
microsam_vit_l_em_organelles,nucleus,segapp_islet_nucleus,IsletSEM,25239_1_00106,full,5.0,25239_1 (4556ce56-3617-41fd-9a50-81c59f1edc00),vit_l_em_organelles,10.413,0.001358,0.00068,0.002939,0.000883,0.001358,0.857381,0.963038,1627,552029,1840719,14382841,1842346,553656,16777216,0.109812,0.002854,0.003207,ok,132,4,0.0,0.0,0.0,0.0,0.0,0.0,0.0,0.0,0.0,0.0,0.0
microsam_vit_l_em_organelles,nucleus,segapp_islet_nucleus,IsletSEM,25239_1_00107,full,5.0,25239_1 (4556ce56-3617-41fd-9a50-81c59f1edc00),vit_l_em_organelles,10.741,0.018509,0.009341,0.067954,0.010714,0.018509,0.885218,0.983487,18158,249051,1676679,14833328,1694837,267209,16777216,0.10102,0.007727,0.013545,ok,95,3,0.0,0.0,0.0,0.0,0.0,0.0,0.0,0.0,0.0,0.0,0.0
microsam_vit_l_em_organelles,nucleus,segapp_islet_nucleus,IsletSEM,25239_1_00108,full,5.0,25239_1 (4556ce56-3617-41fd-9a50-81c59f1edc00),vit_l_em_organelles,10.671,0.0,0.0,0.0,0.0,0.0,0.979831,0.998916,0,17839,320543,16438834,320543,17839,16777216,0.019106,0.0,0.0,ok,16,1,0.0,0.0,0.0,0.0,0.0,0.0,0.0,0.0,0.0,0.0,0.0
microsam_vit_l_em_organelles,nucleus,segapp_islet_nucleus,IsletSEM,25399_1_00109,full,5.0,25399_1 (7235239e-159d-425c-9f35-e6b9fe391b2a),vit_l_em_organelles,10.325,0.0,0.0,0.0,0.0,0.0,0.971572,0.997117,0,47132,429805,16300279,429805,47132,16777216,0.025618,0.0,0.0,ok,16,1,0.0,0.0,0.0,0.0,0.0,0.0,0.0,0.0,0.0,0.0,0.0
microsam_vit_l_em_organelles,nucleus,segapp_islet_nucleus,IsletSEM,25399_1_00110,full,5.0,25399_1 (7235239e-159d-425c-9f35-e6b9fe391b2a),vit_l_em_organelles,11.011,0.0,0.0,0.0,0.0,0.0,0.90735,0.979831,0,313347,1241055,15222814,1241055,313347,16777216,0.073973,0.0,0.0,ok,85,2,0.0,0.0,0.0,0.0,0.0,0.0,0.0,0.0,0.0,0.0,0.0
microsam_vit_l_em_organelles,nucleus,segapp_islet_nucleus,IsletSEM,25399_1_00111,full,5.0,25399_1 (7235239e-159d-425c-9f35-e6b9fe391b2a),vit_l_em_organelles,10.555,0.0,0.0,0.0,0.0,0.0,0.95564,0.965924,0,565605,178637,16032974,178637,565605,16777216,0.010648,0.0,0.0,ok,185,1,0.0,0.0,0.0,0.0,0.0,0.0,0.0,0.0,0.0,0.0,0.0
microsam_vit_l_em_organelles,nucleus,segapp_islet_nucleus,IsletSEM,25399_1_00112,full,5.0,25399_1 (7235239e-159d-425c-9f35-e6b9fe391b2a),vit_l_em_organelles,10.821,0.0,0.0,0.0,0.0,0.0,0.79312,0.983517,0,223001,3247874,13306341,3247874,223001,16777216,0.193588,0.0,0.0,ok,53,2,0.0,0.0,0.0,0.0,0.0,0.0,0.0,0.0,0.0,0.0,0.0
microsam_vit_l_em_organelles,nucleus,segapp_islet_nucleus,IsletSEM,25399_1_00113,full,5.0,25399_1 (7235239e-159d-425c-9f35-e6b9fe391b2a),vit_l_em_organelles,10.941,0.0,0.0,0.0,0.0,0.0,0.954337,0.999092,0,14546,751558,16011112,751558,14546,16777216,0.044796,0.0,0.0,ok,6,1,0.0,0.0,0.0,0.0,0.0,0.0,0.0,0.0,0.0,0.0,0.0
microsam_vit_l_em_organelles,nucleus,segapp_islet_nucleus,IsletSEM,25399_1_00114,full,5.0,25399_1 (7235239e-159d-425c-9f35-e6b9fe391b2a),vit_l_em_organelles,10.402,0.0,0.0,0.0,0.0,0.0,0.854735,0.962243,0,562686,1874450,14340080,1874450,562686,16777216,0.111726,0.0,0.0,ok,175,5,0.0,0.0,0.0,0.0,0.0,0.0,0.0,0.0,0.0,0.0,0.0
microsam_vit_l_em_organelles,nucleus,segapp_islet_nucleus,IsletSEM,25399_1_00115,full,5.0,25399_1 (7235239e-159d-425c-9f35-e6b9fe391b2a),vit_l_em_organelles,11.328,0.0,0.0,0.0,0.0,0.0,0.764967,0.95122,0,658152,3285043,12834021,3285043,658152,16777216,0.195804,0.0,0.0,ok,176,6,0.0,0.0,0.0,0.0,0.0,0.0,0.0,0.0,0.0,0.0,0.0
microsam_vit_l_em_organelles,nucleus,segapp_islet_nucleus,IsletSEM,25399_1_00116,full,5.0,25399_1 (7235239e-159d-425c-9f35-e6b9fe391b2a),vit_l_em_organelles,10.701,0.0,0.0,0.0,0.0,0.0,0.692777,0.948287,0,633827,4520524,11622865,4520524,633827,16777216,0.269444,0.0,0.0,ok,160,5,0.0,0.0,0.0,0.0,0.0,0.0,0.0,0.0,0.0,0.0,0.0
microsam_vit_l_em_organelles,nucleus,segapp_islet_nucleus,IsletSEM,25399_1_00117,full,5.0,25399_1 (7235239e-159d-425c-9f35-e6b9fe391b2a),vit_l_em_organelles,11.211,0.0,0.0,0.0,0.0,0.0,0.824878,0.942263,0,847989,2090070,13839157,2090070,847989,16777216,0.124578,0.0,0.0,ok,171,6,0.0,0.0,0.0,0.0,0.0,0.0,0.0,0.0,0.0,0.0,0.0
microsam_vit_l_em_organelles,nucleus,segapp_islet_nucleus,IsletSEM,25399_1_00118,full,5.0,25399_1 (7235239e-159d-425c-9f35-e6b9fe391b2a),vit_l_em_organelles,10.667,0.0,0.0,0.0,0.0,0.0,0.887185,0.954067,0,716612,1176118,14884486,1176118,716612,16777216,0.070102,0.0,0.0,ok,231,1,0.0,0.0,0.0,0.0,0.0,0.0,0.0,0.0,0.0,0.0,0.0
microsam_vit_l_em_organelles,nucleus,segapp_islet_nucleus,IsletSEM,25399_1_00119,full,5.0,25399_1 (7235239e-159d-425c-9f35-e6b9fe391b2a),vit_l_em_organelles,10.516,0.000828,0.000414,0.003566,0.000468,0.000828,0.840578,0.978514,1108,309631,2365031,14101446,2366139,310739,16777216,0.141033,0.004077,0.004856,ok,88,4,0.0,0.0,0.0,0.0,0.0,0.0,0.0,0.0,0.0,0.0,0.0
microsam_vit_l_em_organelles,nucleus,segapp_islet_nucleus,IsletSEM,25399_1_00120,full,5.0,25399_1 (7235239e-159d-425c-9f35-e6b9fe391b2a),vit_l_em_organelles,11.015,0.002151,0.001076,0.00622,0.0013,0.002151,0.751208,0.946038,4498,718623,3455420,12598675,3459918,723121,16777216,0.206227,0.013481,0.009976,ok,189,5,0.0,0.0,0.0,0.0,0.0,0.0,0.0,0.0,0.0,0.0,0.0
microsam_vit_l_em_organelles,nucleus,segapp_islet_nucleus,IsletSEM,25399_1_00121,full,5.0,25399_1 (7235239e-159d-425c-9f35-e6b9fe391b2a),vit_l_em_organelles,10.864,0.0,0.0,0.0,0.0,0.0,0.863349,0.944184,0,856270,1436349,14484597,1436349,856270,16777216,0.085613,0.0,0.0,ok,201,1,0.0,0.0,0.0,0.0,0.0,0.0,0.0,0.0,0.0,0.0,0.0
microsam_vit_l_em_organelles,nucleus,segapp_islet_nucleus,IsletSEM,25399_1_00122,full,5.0,25399_1 (7235239e-159d-425c-9f35-e6b9fe391b2a),vit_l_em_organelles,11.064,0.0,0.0,0.0,0.0,0.0,0.842493,0.95504,0,665408,1977113,14134695,1977113,665408,16777216,0.117845,0.0,0.0,ok,150,2,0.0,0.0,0.0,0.0,0.0,0.0,0.0,0.0,0.0,0.0,0.0
microsam_vit_l_em_organelles,nucleus,segapp_islet_nucleus,IsletSEM,25399_1_00123,full,5.0,25399_1 (7235239e-159d-425c-9f35-e6b9fe391b2a),vit_l_em_organelles,10.61,0.0,0.0,0.0,0.0,0.0,0.759954,0.938647,0,833372,3193925,12749919,3193925,833372,16777216,0.190373,0.0,0.0,ok,144,3,0.0,0.0,0.0,0.0,0.0,0.0,0.0,0.0,0.0,0.0,0.0
microsam_vit_l_em_organelles,nucleus,segapp_islet_nucleus,IsletSEM,25399_1_00124,full,5.0,25399_1 (7235239e-159d-425c-9f35-e6b9fe391b2a),vit_l_em_organelles,10.589,0.0,0.0,0.0,0.0,0.0,0.774833,0.951289,0,665641,3112032,12999543,3112032,665641,16777216,0.185492,0.0,0.000681,ok,179,4,0.0,0.0,0.0,0.0,0.0,0.0,0.0,0.0,0.0,0.0,0.0
microsam_vit_l_em_organelles,nucleus,segapp_islet_nucleus,IsletSEM,25399_1_00125,full,5.0,25399_1 (7235239e-159d-425c-9f35-e6b9fe391b2a),vit_l_em_organelles,11.274,0.0,0.0,0.0,0.0,0.0,0.872462,0.983308,0,248477,1891258,14637481,1891258,248477,16777216,0.112728,0.0,0.0,ok,93,2,0.0,0.0,0.0,0.0,0.0,0.0,0.0,0.0,0.0,0.0,0.0
microsam_vit_l_em_organelles,nucleus,segapp_islet_nucleus,IsletSEM,25399_1_00126,full,5.0,25399_1 (7235239e-159d-425c-9f35-e6b9fe391b2a),vit_l_em_organelles,10.52,0.0,0.0,0.0,0.0,0.0,0.857502,0.965965,0,506894,1883834,14386488,1883834,506894,16777216,0.112285,0.0,0.0,ok,140,2,0.0,0.0,0.0,0.0,0.0,0.0,0.0,0.0,0.0,0.0,0.0
microsam_vit_l_em_organelles,nucleus,segapp_islet_nucleus,IsletSEM,25399_1_00127,full,5.0,25399_1 (7235239e-159d-425c-9f35-e6b9fe391b2a),vit_l_em_organelles,10.986,0.000507,0.000253,0.002059,0.000289,0.000507,0.6672,0.94226,1415,685848,4897608,11192345,4899023,687263,16777216,0.292005,0.005063,0.0059,ok,176,5,0.0,0.0,0.0,0.0,0.0,0.0,0.0,0.0,0.0,0.0,0.0
microsam_vit_l_em_organelles,nucleus,segapp_islet_nucleus,IsletSEM,25399_1_00128,full,5.0,25399_1 (7235239e-159d-425c-9f35-e6b9fe391b2a),vit_l_em_organelles,10.708,0.0,0.0,0.0,0.0,0.0,0.827604,0.961837,0,550911,2341416,13884889,2341416,550911,16777216,0.139559,0.0,0.0,ok,183,3,0.0,0.0,0.0,0.0,0.0,0.0,0.0,0.0,0.0,0.0,0.0
microsam_vit_l_em_organelles,nucleus,segapp_islet_nucleus,IsletSEM,25399_1_00129,full,5.0,25399_1 (7235239e-159d-425c-9f35-e6b9fe391b2a),vit_l_em_organelles,10.592,0.0,0.0,0.0,0.0,0.0,0.864925,0.958147,0,633859,1632328,14511029,1632328,633859,16777216,0.097294,0.0,0.0,ok,203,2,0.0,0.0,0.0,0.0,0.0,0.0,0.0,0.0,0.0,0.0,0.0
microsam_vit_l_em_organelles,nucleus,segapp_islet_nucleus,IsletSEM,25399_1_00130,full,5.0,25399_1 (7235239e-159d-425c-9f35-e6b9fe391b2a),vit_l_em_organelles,11.293,0.0,0.0,0.0,0.0,0.0,0.901329,0.958594,0,653171,1002254,15121791,1002254,653171,16777216,0.059739,0.0,0.0,ok,142,2,0.0,0.0,0.0,0.0,0.0,0.0,0.0,0.0,0.0,0.0,0.0
microsam_vit_l_em_organelles,nucleus,segapp_islet_nucleus,IsletSEM,25399_1_00131,full,5.0,25399_1 (7235239e-159d-425c-9f35-e6b9fe391b2a),vit_l_em_organelles,10.523,0.0,0.0,0.0,0.0,0.0,0.872079,0.929673,0,1106796,1039357,14631063,1039357,1106796,16777216,0.061951,0.0,0.0,ok,273,3,0.0,0.0,0.0,0.0,0.0,0.0,0.0,0.0,0.0,0.0,0.0
microsam_vit_l_em_organelles,nucleus,segapp_islet_nucleus,IsletSEM,25399_1_00132,full,5.0,25399_1 (7235239e-159d-425c-9f35-e6b9fe391b2a),vit_l_em_organelles,11.013,0.0,0.0,0.0,0.0,0.0,0.768502,0.937042,0,866281,3017612,12893323,3017612,866281,16777216,0.179864,0.0,0.0,ok,214,5,0.0,0.0,0.0,0.0,0.0,0.0,0.0,0.0,0.0,0.0,0.0
microsam_vit_l_em_organelles,nucleus,segapp_islet_nucleus,IsletSEM,25399_1_00133,full,5.0,25399_1 (7235239e-159d-425c-9f35-e6b9fe391b2a),vit_l_em_organelles,10.682,0.0,0.0,0.0,0.0,0.0,0.976312,0.984546,0,257100,140314,16379802,140314,257100,16777216,0.008363,0.0,0.0,ok,58,1,0.0,0.0,0.0,0.0,0.0,0.0,0.0,0.0,0.0,0.0,0.0
microsam_vit_l_em_organelles,nucleus,segapp_islet_nucleus,IsletSEM,25399_1_00134,full,5.0,25399_1 (7235239e-159d-425c-9f35-e6b9fe391b2a),vit_l_em_organelles,10.342,0.0,0.0,0.0,0.0,0.0,0.67918,0.941245,0,711290,4671181,11394745,4671181,711290,16777216,0.278424,0.0,0.0,ok,163,5,0.0,0.0,0.0,0.0,0.0,0.0,0.0,0.0,0.0,0.0,0.0
microsam_vit_l_em_organelles,nucleus,segapp_islet_nucleus,IsletSEM,25399_1_00135,full,5.0,25399_1 (7235239e-159d-425c-9f35-e6b9fe391b2a),vit_l_em_organelles,11.415,0.0,0.0,0.0,0.0,0.0,0.730653,0.957772,0,540466,3978422,12258328,3978422,540466,16777216,0.237132,0.0,0.0,ok,162,3,0.0,0.0,0.0,0.0,0.0,0.0,0.0,0.0,0.0,0.0,0.0
microsam_vit_l_em_organelles,nucleus,segapp_islet_nucleus,IsletSEM,25399_1_00136,full,5.0,25399_1 (7235239e-159d-425c-9f35-e6b9fe391b2a),vit_l_em_organelles,10.641,0.0,0.0,0.0,0.0,0.0,0.7631,0.934577,0,896219,3078303,12802694,3078303,896219,16777216,0.183481,0.0,0.0,ok,214,5,0.0,0.0,0.0,0.0,0.0,0.0,0.0,0.0,0.0,0.0,0.0
microsam_vit_l_em_organelles,nucleus,segapp_islet_nucleus,IsletSEM,25399_1_00137,full,5.0,25399_1 (7235239e-159d-425c-9f35-e6b9fe391b2a),vit_l_em_organelles,11.505,0.0,0.0,0.0,0.0,0.0,0.818336,0.941872,0,847323,2200487,13729406,2200487,847323,16777216,0.131159,0.0,0.0,ok,159,4,0.0,0.0,0.0,0.0,0.0,0.0,0.0,0.0,0.0,0.0,0.0
microsam_vit_l_em_organelles,nucleus,segapp_islet_nucleus,IsletSEM,25399_1_00138,full,5.0,25399_1 (7235239e-159d-425c-9f35-e6b9fe391b2a),vit_l_em_organelles,10.814,0.0,0.0,0.0,0.0,0.0,0.870684,0.951836,0,739171,1430393,14607652,1430393,739171,16777216,0.085258,0.0,0.0,ok,170,4,0.0,0.0,0.0,0.0,0.0,0.0,0.0,0.0,0.0,0.0,0.0
microsam_vit_l_em_organelles,nucleus,segapp_islet_nucleus,IsletSEM,25399_1_00139,full,5.0,25399_1 (7235239e-159d-425c-9f35-e6b9fe391b2a),vit_l_em_organelles,10.544,0.0,0.0,0.0,0.0,0.0,0.89024,0.936077,0,1019938,821522,14935756,821522,1019938,16777216,0.048967,0.0,0.0,ok,207,3,0.0,0.0,0.0,0.0,0.0,0.0,0.0,0.0,0.0,0.0,0.0
microsam_vit_l_em_organelles,nucleus,segapp_islet_nucleus,IsletSEM,25399_1_00140,full,5.0,25399_1 (7235239e-159d-425c-9f35-e6b9fe391b2a),vit_l_em_organelles,11.606,0.0,0.0,0.0,0.0,0.0,0.76222,0.938827,0,833249,3156035,12787932,3156035,833249,16777216,0.188114,0.0,0.0,ok,201,3,0.0,0.0,0.0,0.0,0.0,0.0,0.0,0.0,0.0,0.0,0.0
microsam_vit_l_em_organelles,nucleus,segapp_islet_nucleus,IsletSEM,25399_1_00141,full,5.0,25399_1 (7235239e-159d-425c-9f35-e6b9fe391b2a),vit_l_em_organelles,10.794,0.001098,0.000549,0.001846,0.000782,0.001098,0.837694,0.945525,1497,809622,1913420,14052677,1914917,811119,16777216,0.114138,0.0,0.0,ok,197,2,0.0,0.0,0.0,0.0,0.0,0.0,0.0,0.0,0.0,0.0,0.0
microsam_vit_l_em_organelles,nucleus,segapp_islet_nucleus,IsletSEM,25399_1_00142,full,5.0,25399_1 (7235239e-159d-425c-9f35-e6b9fe391b2a),vit_l_em_organelles,11.065,0.0,0.0,0.0,0.0,0.0,0.87086,0.966918,0,499891,1666722,14610603,1666722,499891,16777216,0.099344,0.0,0.0,ok,106,2,0.0,0.0,0.0,0.0,0.0,0.0,0.0,0.0,0.0,0.0,0.0
microsam_vit_l_em_organelles,nucleus,segapp_islet_nucleus,IsletSEM,25399_1_00143,full,5.0,25399_1 (7235239e-159d-425c-9f35-e6b9fe391b2a),vit_l_em_organelles,10.87,0.0,0.0,0.0,0.0,0.0,0.912256,0.969693,0,478349,993747,15305120,993747,478349,16777216,0.059232,0.0,0.0,ok,131,1,0.0,0.0,0.0,0.0,0.0,0.0,0.0,0.0,0.0,0.0,0.0
microsam_vit_l_em_organelles,nucleus,segapp_islet_nucleus,IsletSEM,25399_1_00144,full,5.0,25399_1 (7235239e-159d-425c-9f35-e6b9fe391b2a),vit_l_em_organelles,10.483,0.0,0.0,0.0,0.0,0.0,0.794506,0.953956,0,643372,2804248,13329596,2804248,643372,16777216,0.167146,0.0,0.0,ok,153,3,0.0,0.0,0.0,0.0,0.0,0.0,0.0,0.0,0.0,0.0,0.0
microsam_vit_l_em_organelles,nucleus,segapp_islet_nucleus,IsletSEM,25399_1_00145,full,5.0,25399_1 (7235239e-159d-425c-9f35-e6b9fe391b2a),vit_l_em_organelles,10.955,0.001144,0.000572,0.001637,0.000879,0.001144,0.899566,0.962475,965,588378,1096629,15091244,1097594,589343,16777216,0.065422,0.0,0.0,ok,185,3,0.0,0.0,0.0,0.0,0.0,0.0,0.0,0.0,0.0,0.0,0.0
microsam_vit_l_em_organelles,nucleus,segapp_islet_nucleus,IsletSEM,25399_1_00146,full,5.0,25399_1 (7235239e-159d-425c-9f35-e6b9fe391b2a),vit_l_em_organelles,10.651,0.0,0.0,0.0,0.0,0.0,0.939967,0.984433,0,249379,757804,15770033,757804,249379,16777216,0.045169,0.0,0.0,ok,53,1,0.0,0.0,0.0,0.0,0.0,0.0,0.0,0.0,0.0,0.0,0.0
microsam_vit_l_em_organelles,nucleus,segapp_islet_nucleus,IsletSEM,25399_1_00147,full,5.0,25399_1 (7235239e-159d-425c-9f35-e6b9fe391b2a),vit_l_em_organelles,11.119,0.0,0.0,0.0,0.0,0.0,0.729317,0.946894,0,686244,3855057,12235915,3855057,686244,16777216,0.229779,0.0,0.0,ok,143,3,0.0,0.0,0.0,0.0,0.0,0.0,0.0,0.0,0.0,0.0,0.0
microsam_vit_l_em_organelles,nucleus,segapp_islet_nucleus,IsletSEM,25399_1_00148,full,5.0,25399_1 (7235239e-159d-425c-9f35-e6b9fe391b2a),vit_l_em_organelles,10.856,0.0,0.0,0.0,0.0,0.0,0.829375,0.955498,0,648066,2214549,13914601,2214549,648066,16777216,0.131997,0.0,0.0,ok,142,5,0.0,0.0,0.0,0.0,0.0,0.0,0.0,0.0,0.0,0.0,0.0
microsam_vit_l_em_organelles,nucleus,segapp_islet_nucleus,IsletSEM,25399_1_00149,full,5.0,25399_1 (7235239e-159d-425c-9f35-e6b9fe391b2a),vit_l_em_organelles,10.583,0.0,0.0,0.0,0.0,0.0,0.745177,0.95585,0,577454,3697764,12501998,3697764,577454,16777216,0.220404,0.0,0.0,ok,149,3,0.0,0.0,0.0,0.0,0.0,0.0,0.0,0.0,0.0,0.0,0.0
microsam_vit_l_em_organelles,nucleus,segapp_islet_nucleus,IsletSEM,25399_1_00150,full,5.0,25399_1 (7235239e-159d-425c-9f35-e6b9fe391b2a),vit_l_em_organelles,11.089,0.0,0.0,0.0,0.0,0.0,0.97417,0.981241,0,312458,120890,16343868,120890,312458,16777216,0.007206,0.0,0.0,ok,87,1,0.0,0.0,0.0,0.0,0.0,0.0,0.0,0.0,0.0,0.0,0.0
microsam_vit_l_em_organelles,nucleus,segapp_islet_nucleus,IsletSEM,25399_1_00151,full,5.0,25399_1 (7235239e-159d-425c-9f35-e6b9fe391b2a),vit_l_em_organelles,10.704,0.0,0.0,0.0,0.0,0.0,0.85416,0.981156,0,275226,2171560,14330430,2171560,275226,16777216,0.129435,0.0,0.0,ok,58,1,0.0,0.0,0.0,0.0,0.0,0.0,0.0,0.0,0.0,0.0,0.0
microsam_vit_l_em_organelles,nucleus,segapp_islet_nucleus,IsletSEM,25399_1_00152,full,5.0,25399_1 (7235239e-159d-425c-9f35-e6b9fe391b2a),vit_l_em_organelles,11.402,0.0,0.0,0.0,0.0,0.0,0.977223,0.980867,0,319811,62316,16395089,62316,319811,16777216,0.003714,0.0,0.0,ok,66,1,0.0,0.0,0.0,0.0,0.0,0.0,0.0,0.0,0.0,0.0,0.0
microsam_vit_l_em_organelles,nucleus,segapp_islet_nucleus,IsletSEM,25399_1_00153,full,5.0,25399_1 (7235239e-159d-425c-9f35-e6b9fe391b2a),vit_l_em_organelles,10.549,0.0,0.0,0.0,0.0,0.0,0.924583,0.990349,0,151172,1114117,15511927,1114117,151172,16777216,0.066407,0.0,0.0,ok,33,1,0.0,0.0,0.0,0.0,0.0,0.0,0.0,0.0,0.0,0.0,0.0
microsam_vit_l_em_organelles,nucleus,zenodo_3675220_platynereis,Platynereis,nucleus_00000,sparse,80,nuclei.zip:train_data_nuclei_01,vit_l_em_organelles,0.501,0.952736,0.909738,0.983434,0.923896,0.952736,0.999633,0.999937,62096,1046,5115,16708959,67211,63142,140625,0.477945,0.935342,0.926141,ok,41,45,0.95122,0.866667,0.906977,0.829787,0.878049,0.8,0.837209,0.72,0.822742,0.907126,0.906977
microsam_vit_l_em_organelles,nucleus,zenodo_3675220_platynereis,Platynereis,nucleus_00001,sparse,80,nuclei.zip:train_data_nuclei_01,vit_l_em_organelles,0.506,0.963928,0.930367,0.986812,0.942081,0.963928,0.999729,0.999951,60686,811,3731,16711988,64417,61497,140625,0.458076,0.971806,0.955525,ok,48,48,0.916667,0.916667,0.916667,0.846154,0.791667,0.791667,0.791667,0.655172,0.826855,0.902024,0.916667
microsam_vit_l_em_organelles,nucleus,zenodo_3675220_platynereis,Platynereis,nucleus_00002,sparse,80,nuclei.zip:train_data_nuclei_01,vit_l_em_organelles,0.5,0.962678,0.928041,0.991159,0.935788,0.962678,0.9997,0.999965,64910,579,4454,16707273,69364,65489,140625,0.493255,0.958536,0.932606,ok,41,50,0.97561,0.8,0.879121,0.784314,0.95122,0.78,0.857143,0.75,0.814766,0.926796,0.879121
microsam_vit_l_em_organelles,nucleus,zenodo_3675220_platynereis,Platynereis,nucleus_00003,sparse,80,nuclei.zip:train_data_nuclei_01,vit_l_em_organelles,0.501,0.943931,0.893815,0.995973,0.897057,0.943931,0.99951,0.999983,69251,280,7947,16699738,77198,69531,140625,0.548964,0.954834,0.878355,ok,44,49,0.977273,0.877551,0.924731,0.86,0.886364,0.795918,0.83871,0.722222,0.81932,0.886009,0.924731
microsam_vit_l_em_organelles,nucleus,zenodo_3675220_platynereis,Platynereis,nucleus_00004,sparse,80,nuclei.zip:train_data_nuclei_01,vit_l_em_organelles,0.5,0.936947,0.881373,0.997235,0.883532,0.936947,0.999436,0.999988,70338,195,9272,16697411,79610,70533,140625,0.566116,0.965715,0.848099,ok,44,47,0.977273,0.914894,0.945055,0.895833,0.909091,0.851064,0.879121,0.784314,0.822617,0.870443,0.945055
microsam_vit_l_em_organelles,nucleus,zenodo_3675220_platynereis,Platynereis,nucleus_00005,sparse,80,nuclei.zip:train_data_nuclei_01,vit_l_em_organelles,0.503,0.930677,0.870343,0.997756,0.87205,0.930677,0.999376,0.999991,70241,158,10306,16696511,80547,70399,140625,0.572779,0.962125,0.819355,ok,46,48,0.956522,0.916667,0.93617,0.88,0.847826,0.8125,0.829787,0.709091,0.796709,0.85103,0.93617
microsam_vit_l_em_organelles,nucleus,zenodo_3675220_platynereis,Platynereis,nucleus_00006,sparse,80,nuclei.zip:train_data_nuclei_01,vit_l_em_organelles,0.535,0.931028,0.870956,0.99783,0.872609,0.931028,0.999387,0.999991,69437,151,10137,16697491,79574,69588,140625,0.56586,0.955715,0.836785,ok,47,48,0.93617,0.916667,0.926316,0.862745,0.808511,0.791667,0.8,0.666667,0.799261,0.862839,0.926316
microsam_vit_l_em_organelles,nucleus,zenodo_3675220_platynereis,Platynereis,nucleus_00007,sparse,80,nuclei.zip:train_data_nuclei_01,vit_l_em_organelles,0.512,0.94903,0.903003,0.996543,0.905841,0.94903,0.999553,0.999986,69757,242,7251,16699966,77008,69999,140625,0.547612,0.96913,0.895448,ok,47,50,0.957447,0.9,0.927835,0.865385,0.87234,0.82,0.845361,0.732143,0.81725,0.880814,0.927835
microsam_vit_l_em_organelles,nucleus,zenodo_3675220_platynereis,Platynereis,nucleus_00008,sparse,80,nuclei.zip:train_data_nuclei_01,vit_l_em_organelles,0.504,0.958389,0.920102,0.993863,0.92536,0.958389,0.99965,0.999975,67530,417,5447,16703822,72977,67947,140625,0.518948,0.967261,0.925409,ok,48,50,0.958333,0.92,0.938776,0.884615,0.895833,0.86,0.877551,0.781818,0.845803,0.900964,0.938776
microsam_vit_l_em_organelles,nucleus,zenodo_3675220_platynereis,Platynereis,nucleus_00009,sparse,80,nuclei.zip:train_data_nuclei_01,vit_l_em_organelles,0.505,0.966166,0.934546,0.989204,0.944176,0.966166,0.999726,0.999957,65607,716,3879,16707014,69486,66323,140625,0.494123,0.972527,0.957984,ok,47,46,0.914894,0.934783,0.924731,0.86,0.87234,0.891304,0.88172,0.788462,0.839576,0.907914,0.924731
microsam_vit_l_em_organelles,nucleus,zenodo_3675220_platynereis,Platynereis,nucleus_00010,sparse,80,nuclei.zip:train_data_nuclei_01,vit_l_em_organelles,0.508,0.968793,0.939475,0.986091,0.952092,0.968793,0.99976,0.999947,62601,883,3150,16710582,65751,63484,140625,0.467563,0.966137,0.962706,ok,49,51,0.897959,0.862745,0.88,0.785714,0.795918,0.764706,0.78,0.639344,0.794745,0.903119,0.88
microsam_vit_l_em_organelles,nucleus,zenodo_3675220_platynereis,Platynereis,nucleus_00011,sparse,80,nuclei.zip:train_data_nuclei_01,vit_l_em_organelles,0.508,0.968508,0.938939,0.978139,0.959065,0.968508,0.999775,0.999922,57987,1296,2475,16715458,60462,59283,140625,0.429952,0.954418,0.952023,ok,40,50,0.975,0.78,0.866667,0.764706,0.95,0.76,0.844444,0.730769,0.798488,0.921332,0.866667
microsam_vit_l_em_organelles,nucleus,zenodo_3675220_platynereis,Platynereis,nucleus_00012,sparse,80,nuclei.zip:train_data_nuclei_01,vit_l_em_organelles,0.498,0.972143,0.945796,0.974438,0.969859,0.972143,0.999796,0.999906,59849,1570,1860,16713937,61709,61419,140625,0.43882,0.972837,0.960323,ok,40,41,0.975,0.95122,0.962963,0.928571,0.875,0.853659,0.864198,0.76087,0.875743,0.909425,0.962963
microsam_vit_l_em_organelles,nucleus,zenodo_3675220_platynereis,Platynereis,nucleus_00013,sparse,80,nuclei.zip:train_data_nuclei_01,vit_l_em_organelles,0.499,0.974689,0.950628,0.986362,0.963289,0.974689,0.999805,0.999948,62923,870,2398,16711025,65321,63793,140625,0.464505,0.972613,0.963154,ok,38,40,0.973684,0.925,0.948718,0.902439,0.894737,0.85,0.871795,0.772727,0.877882,0.925335,0.948718
microsam_vit_l_em_organelles,nucleus,zenodo_3675220_platynereis,Platynereis,nucleus_00014,sparse,80,nuclei.zip:train_data_nuclei_01,vit_l_em_organelles,0.495,0.972602,0.946666,0.985294,0.960233,0.972602,0.999783,0.999942,64520,963,2672,16709061,67192,65483,140625,0.47781,0.973437,0.970052,ok,39,41,0.948718,0.902439,0.925,0.860465,0.897436,0.853659,0.875,0.777778,0.856782,0.926251,0.925
microsam_vit_l_em_organelles,nucleus,zenodo_3675220_platynereis,Platynereis,nucleus_00015,sparse,80,nuclei.zip:train_data_nuclei_01,vit_l_em_organelles,0.499,0.976019,0.953161,0.983014,0.969123,0.976019,0.999812,0.999934,64122,1108,2043,16709943,66165,65230,140625,0.470507,0.981345,0.971678,ok,40,43,0.95,0.883721,0.915663,0.844444,0.925,0.860465,0.891566,0.804348,0.847596,0.925664,0.915663
microsam_vit_l_em_organelles,nucleus,zenodo_3675220_platynereis,Platynereis,nucleus_00016,sparse,80,nuclei.zip:train_data_nuclei_01,vit_l_em_organelles,0.502,0.97256,0.946586,0.975384,0.969752,0.97256,0.999794,0.999907,61299,1547,1912,16712458,63211,62846,140625,0.4495,0.98005,0.974516,ok,38,39,0.894737,0.871795,0.883117,0.790698,0.868421,0.846154,0.857143,0.75,0.823491,0.932483,0.883117
microsam_vit_l_em_organelles,nucleus,zenodo_3675220_platynereis,Platynereis,nucleus_00017,sparse,80,nuclei.zip:train_data_nuclei_01,vit_l_em_organelles,0.497,0.977764,0.956495,0.979886,0.975651,0.977764,0.999842,0.999928,58461,1200,1459,16716096,59920,59661,140625,0.426098,0.980973,0.978948,ok,33,33,0.969697,0.969697,0.969697,0.941176,0.909091,0.909091,0.909091,0.833333,0.90364,0.931879,0.969697
microsam_vit_l_em_organelles,nucleus,zenodo_3675220_platynereis,Platynereis,nucleus_00018,sparse,80,nuclei.zip:train_data_nuclei_01,vit_l_em_organelles,0.508,0.978801,0.958482,0.977221,0.980386,0.978801,0.999857,0.999923,55383,1291,1108,16719434,56491,56674,140625,0.401714,0.993916,0.992488,ok,41,40,0.902439,0.925,0.91358,0.840909,0.829268,0.85,0.839506,0.723404,0.824699,0.902712,0.91358
microsam_vit_l_em_organelles,nucleus,zenodo_3675220_platynereis,Platynereis,nucleus_00019,sparse,80,nuclei.zip:train_data_nuclei_01,vit_l_em_organelles,0.502,0.97556,0.952286,0.969855,0.981332,0.97556,0.999842,0.999902,52989,1647,1008,16721572,53997,54636,140625,0.383979,0.974069,0.971345,ok,35,38,0.914286,0.842105,0.876712,0.780488,0.885714,0.815789,0.849315,0.738095,0.810431,0.924398,0.876712
microsam_vit_l_em_organelles,nucleus,zenodo_3675220_platynereis,Platynereis,nucleus_00020,sparse,80,nuclei.zip:train_data_nuclei_01,vit_l_em_organelles,0.512,0.976618,0.954304,0.973348,0.97991,0.976618,0.999858,0.999918,49850,1365,1022,16724979,50872,51215,140625,0.361756,0.988307,0.98513,ok,37,37,0.972973,0.972973,0.972973,0.947368,0.945946,0.945946,0.945946,0.897436,0.90869,0.933931,0.972973
microsam_vit_l_em_organelles,nucleus,zenodo_3675220_platynereis,Platynereis,nucleus_00021,sparse,80,nuclei.zip:train_data_nuclei_01,vit_l_em_organelles,0.497,0.971476,0.944534,0.96588,0.977137,0.971476,0.999839,0.999903,45944,1623,1075,16728574,47019,47567,140625,0.334357,0.988002,0.975981,ok,35,37,1.0,0.945946,0.972222,0.945946,0.971429,0.918919,0.944444,0.894737,0.895994,0.921594,0.972222
microsam_vit_l_em_organelles,nucleus,zenodo_3675220_platynereis,Platynereis,nucleus_00022,sparse,80,nuclei.zip:train_data_nuclei_01,vit_l_em_organelles,0.501,0.969049,0.939956,0.962255,0.975939,0.969049,0.999828,0.999894,45226,1774,1115,16729101,46341,47000,140625,0.329536,0.979368,0.96573,ok,34,35,0.941176,0.914286,0.927536,0.864865,0.911765,0.885714,0.898551,0.815789,0.856248,0.923142,0.927536
microsam_vit_l_em_organelles,nucleus,zenodo_3675220_platynereis,Platynereis,nucleus_00023,sparse,80,nuclei.zip:train_data_nuclei_01,vit_l_em_organelles,0.493,0.97438,0.95004,0.969549,0.979259,0.97438,0.999853,0.999912,46836,1471,992,16727917,47828,48307,140625,0.34011,0.983632,0.96799,ok,30,36,1.0,0.833333,0.909091,0.833333,0.966667,0.805556,0.878788,0.783784,0.841389,0.925528,0.909091
microsam_vit_l_em_organelles,nucleus,zenodo_3675220_platynereis,Platynereis,nucleus_00024,sparse,80,nuclei.zip:train_data_nuclei_01,vit_l_em_organelles,0.5,0.974952,0.951127,0.974873,0.97503,0.974952,0.999852,0.999926,48303,1245,1237,16726431,49540,49548,140625,0.352284,0.98491,0.961942,ok,29,30,1.0,0.966667,0.983051,0.966667,1.0,0.966667,0.983051,0.966667,0.912294,0.928023,0.983051
microsam_vit_l_em_organelles,nucleus,zenodo_3675220_platynereis,Platynereis,nucleus_00025,sparse,80,nuclei.zip:train_data_nuclei_02,vit_l_em_organelles,0.497,0.96895,0.939769,0.978272,0.959803,0.96895,0.999896,0.999964,27149,603,1137,16748327,28286,27752,65142,0.434221,0.974652,0.953669,ok,20,22,1.0,0.909091,0.952381,0.909091,1.0,0.909091,0.952381,0.909091,0.887534,0.931911,0.952381
microsam_vit_l_em_organelles,nucleus,zenodo_3675220_platynereis,Platynereis,nucleus_00026,sparse,80,nuclei.zip:train_data_nuclei_02,vit_l_em_organelles,0.499,0.978691,0.958271,0.983096,0.974325,0.978691,0.999926,0.999971,28613,492,754,16747357,29367,29105,66000,0.444955,0.984081,0.974332,ok,19,21,1.0,0.904762,0.95,0.904762,1.0,0.904762,0.95,0.904762,0.911372,0.959339,0.95
microsam_vit_l_em_organelles,nucleus,zenodo_3675220_platynereis,Platynereis,nucleus_00027,sparse,80,nuclei.zip:train_data_nuclei_02,vit_l_em_organelles,0.616,0.976222,0.953549,0.981543,0.970959,0.976222,0.999911,0.999966,30525,574,913,16745204,31438,31099,71659,0.438717,0.972895,0.94969,ok,19,21,1.0,0.904762,0.95,0.904762,1.0,0.904762,0.95,0.904762,0.901346,0.948786,0.95
microsam_vit_l_em_organelles,nucleus,zenodo_3675220_platynereis,Platynereis,nucleus_00028,sparse,80,nuclei.zip:train_data_nuclei_02,vit_l_em_organelles,0.5,0.976147,0.953405,0.972726,0.979591,0.976147,0.999907,0.999946,32063,899,668,16743586,32731,32962,73800,0.443509,0.986112,0.951248,ok,21,20,0.952381,1.0,0.97561,0.952381,0.952381,1.0,0.97561,0.952381,0.916255,0.939162,0.97561
microsam_vit_l_em_organelles,nucleus,zenodo_3675220_platynereis,Platynereis,nucleus_00029,sparse,80,nuclei.zip:train_data_nuclei_02,vit_l_em_organelles,0.498,0.977369,0.95574,0.976113,0.978629,0.977369,0.999911,0.999953,32283,790,705,16743438,32988,33073,75658,0.436015,0.995897,0.958391,ok,20,22,1.0,0.909091,0.952381,0.909091,1.0,0.909091,0.952381,0.909091,0.904832,0.950074,0.952381
microsam_vit_l_em_organelles,nucleus,zenodo_3675220_platynereis,Platynereis,nucleus_00030,sparse,80,nuclei.zip:train_data_nuclei_02,vit_l_em_organelles,0.605,0.976138,0.953389,0.976703,0.975574,0.976138,0.999907,0.999954,32072,765,803,16743576,32875,32837,78538,0.418587,0.988175,0.964657,ok,21,24,1.0,0.875,0.933333,0.875,1.0,0.875,0.933333,0.875,0.872678,0.935012,0.933333
microsam_vit_l_em_organelles,nucleus,zenodo_3675220_platynereis,Platynereis,nucleus_00031,sparse,80,nuclei.zip:train_data_nuclei_02,vit_l_em_organelles,0.503,0.977231,0.955475,0.983784,0.970764,0.977231,0.99991,0.999968,32275,532,972,16743437,33247,32807,82125,0.404834,0.970398,0.976865,ok,23,23,0.956522,0.956522,0.956522,0.916667,0.913043,0.913043,0.913043,0.84,0.890236,0.930702,0.956522
microsam_vit_l_em_organelles,nucleus,zenodo_3675220_platynereis,Platynereis,nucleus_00032,sparse,80,nuclei.zip:train_data_nuclei_02,vit_l_em_organelles,0.493,0.973034,0.947485,0.971641,0.974432,0.973034,0.999897,0.999946,31213,911,819,16744273,32032,32124,82125,0.39004,0.983183,0.966938,ok,23,24,1.0,0.958333,0.978723,0.958333,0.913043,0.875,0.893617,0.807692,0.888812,0.908134,0.978723
microsam_vit_l_em_organelles,nucleus,zenodo_3675220_platynereis,Platynereis,nucleus_00033,sparse,80,nuclei.zip:train_data_nuclei_02,vit_l_em_organelles,0.497,0.977123,0.95527,0.98113,0.97315,0.977123,0.999914,0.999964,30988,596,855,16744777,31843,31584,83625,0.380783,0.984423,0.979493,ok,24,25,1.0,0.96,0.979592,0.96,1.0,0.96,0.979592,0.96,0.906475,0.92536,0.979592
microsam_vit_l_em_organelles,nucleus,zenodo_3675220_platynereis,Platynereis,nucleus_00034,sparse,80,nuclei.zip:train_data_nuclei_02,vit_l_em_organelles,0.499,0.979601,0.960017,0.983826,0.975412,0.979601,0.999921,0.999969,31934,525,805,16743952,32739,32459,84000,0.38975,0.992315,0.988299,ok,22,22,0.954545,0.954545,0.954545,0.913043,0.909091,0.909091,0.909091,0.833333,0.901928,0.944876,0.954545
microsam_vit_l_em_organelles,nucleus,zenodo_3675220_platynereis,Platynereis,nucleus_00035,sparse,80,nuclei.zip:train_data_nuclei_02,vit_l_em_organelles,0.492,0.978936,0.95874,0.978503,0.979369,0.978936,0.999918,0.999958,32090,705,676,16743745,32766,32795,83625,0.391821,0.994322,0.987264,ok,21,21,1.0,1.0,1.0,1.0,1.0,1.0,1.0,1.0,0.936147,0.936147,1.0
microsam_vit_l_em_organelles,nucleus,zenodo_3675220_platynereis,Platynereis,nucleus_00036,sparse,80,nuclei.zip:train_data_nuclei_02,vit_l_em_organelles,0.492,0.976266,0.953633,0.978331,0.97421,0.976266,0.999907,0.999958,31920,707,845,16743744,32765,32627,86250,0.379884,0.983404,0.970515,ok,21,26,1.0,0.807692,0.893617,0.807692,1.0,0.807692,0.893617,0.807692,0.833056,0.932229,0.893617
microsam_vit_l_em_organelles,nucleus,zenodo_3675220_platynereis,Platynereis,nucleus_00037,sparse,80,nuclei.zip:train_data_nuclei_02,vit_l_em_organelles,0.506,0.968595,0.939103,0.966422,0.970778,0.968595,0.999881,0.999936,30796,1070,927,16744423,31723,31866,89250,0.35544,0.97847,0.975438,ok,29,28,0.896552,0.928571,0.912281,0.83871,0.793103,0.821429,0.807018,0.676471,0.805127,0.882543,0.912281
microsam_vit_l_em_organelles,nucleus,zenodo_3675220_platynereis,Platynereis,nucleus_00038,sparse,80,nuclei.zip:train_data_nuclei_02,vit_l_em_organelles,0.493,0.972661,0.946776,0.97602,0.969324,0.972661,0.999893,0.999953,32073,788,1015,16743340,33088,32861,90750,0.364606,0.962844,0.977429,ok,28,28,0.964286,0.964286,0.964286,0.931034,0.892857,0.892857,0.892857,0.806452,0.856701,0.88843,0.964286
microsam_vit_l_em_organelles,nucleus,zenodo_3675220_platynereis,Platynereis,nucleus_00039,sparse,80,nuclei.zip:train_data_nuclei_02,vit_l_em_organelles,0.497,0.975377,0.951938,0.977239,0.973523,0.975377,0.9999,0.999954,33275,775,905,16742261,34180,34050,91875,0.372027,0.9814,0.977729,ok,25,26,1.0,0.961538,0.980392,0.961538,0.96,0.923077,0.941176,0.888889,0.908672,0.926845,0.980392
microsam_vit_l_em_organelles,nucleus,zenodo_3675220_platynereis,Platynereis,nucleus_00040,sparse,80,nuclei.zip:train_data_nuclei_02,vit_l_em_organelles,0.501,0.972133,0.945777,0.976432,0.967871,0.972133,0.999885,0.999952,33559,810,1114,16741733,34673,34369,92625,0.374337,0.961693,0.95856,ok,25,26,0.88,0.846154,0.862745,0.758621,0.84,0.807692,0.823529,0.7,0.799941,0.927205,0.862745
microsam_vit_l_em_organelles,nucleus,zenodo_3675220_platynereis,Platynereis,nucleus_00041,sparse,80,nuclei.zip:train_data_nuclei_02,vit_l_em_organelles,0.502,0.974825,0.950887,0.97121,0.978468,0.974825,0.999892,0.999938,35218,1044,775,16740179,35993,36262,92250,0.390168,0.992114,0.964103,ok,23,22,0.913043,0.954545,0.933333,0.875,0.913043,0.954545,0.933333,0.875,0.87543,0.937961,0.933333
microsam_vit_l_em_organelles,nucleus,zenodo_3675220_platynereis,Platynereis,nucleus_00042,sparse,80,nuclei.zip:train_data_nuclei_02,vit_l_em_organelles,0.488,0.977578,0.956139,0.978162,0.976994,0.977578,0.999899,0.999951,36819,822,867,16738708,37686,37641,96000,0.392562,0.983587,0.97605,ok,21,24,0.952381,0.833333,0.888889,0.8,0.857143,0.75,0.8,0.666667,0.8277,0.931163,0.888889
microsam_vit_l_em_organelles,nucleus,zenodo_3675220_platynereis,Platynereis,nucleus_00043,sparse,80,nuclei.zip:train_data_nuclei_02,vit_l_em_organelles,0.495,0.975034,0.951285,0.972009,0.978079,0.975034,0.999882,0.999933,38684,1114,867,16736551,39551,39798,97500,0.405651,0.985934,0.970499,ok,27,24,0.888889,1.0,0.941176,0.888889,0.814815,0.916667,0.862745,0.758621,0.842046,0.894674,0.941176
microsam_vit_l_em_organelles,nucleus,zenodo_3675220_platynereis,Platynereis,nucleus_00044,sparse,80,nuclei.zip:train_data_nuclei_02,vit_l_em_organelles,0.495,0.978475,0.957857,0.975999,0.980963,0.978475,0.999894,0.99994,40503,996,786,16734931,41289,41499,98250,0.420244,0.992529,0.984463,ok,21,21,1.0,1.0,1.0,1.0,1.0,1.0,1.0,1.0,0.944284,0.944284,1.0
microsam_vit_l_em_organelles,nucleus,zenodo_3675220_platynereis,Platynereis,nucleus_00045,sparse,80,nuclei.zip:train_data_nuclei_02,vit_l_em_organelles,0.602,0.9768,0.954652,0.980938,0.972697,0.9768,0.999885,0.999953,40756,792,1144,16734524,41900,41548,99750,0.42005,0.987312,0.977459,ok,22,23,1.0,0.956522,0.977778,0.956522,1.0,0.956522,0.977778,0.956522,0.919446,0.940343,0.977778
microsam_vit_l_em_organelles,nucleus,zenodo_3675220_platynereis,Platynereis,nucleus_00046,sparse,80,nuclei.zip:train_data_nuclei_02,vit_l_em_organelles,0.493,0.974867,0.950966,0.980471,0.969327,0.974867,0.999877,0.999952,39913,795,1263,16735245,41176,40708,101625,0.405176,0.976233,0.962033,ok,23,25,1.0,0.92,0.958333,0.92,0.956522,0.88,0.916667,0.846154,0.89371,0.932567,0.958333
microsam_vit_l_em_organelles,nucleus,zenodo_3675220_platynereis,Platynereis,nucleus_00047,sparse,80,nuclei.zip:train_data_nuclei_02,vit_l_em_organelles,0.685,0.970777,0.943213,0.978355,0.963315,0.970777,0.999857,0.999947,39730,879,1513,16735094,41243,40609,102000,0.404343,0.976469,0.959973,ok,24,29,1.0,0.827586,0.90566,0.827586,1.0,0.827586,0.90566,0.827586,0.840768,0.928348,0.90566
microsam_vit_l_em_organelles,nucleus,zenodo_3675220_platynereis,Platynereis,nucleus_00048,sparse,80,nuclei.zip:train_data_nuclei_02,vit_l_em_organelles,0.491,0.970648,0.94297,0.977158,0.964224,0.970648,0.99986,0.999946,38757,906,1438,16736115,40195,39663,102000,0.394069,0.971124,0.953992,ok,27,30,1.0,0.9,0.947368,0.9,0.962963,0.866667,0.912281,0.83871,0.867944,0.916163,0.947368
microsam_vit_l_em_organelles,nucleus,zenodo_3675220_platynereis,Platynereis,nucleus_00049,sparse,80,nuclei.zip:train_data_nuclei_02,vit_l_em_organelles,0.491,0.972788,0.947018,0.97341,0.972167,0.972788,0.999878,0.99994,36535,998,1046,16738637,37581,37533,101250,0.37117,0.978934,0.977315,ok,28,27,0.892857,0.925926,0.909091,0.833333,0.821429,0.851852,0.836364,0.71875,0.827979,0.910777,0.909091
microsam_vit_l_em_organelles,nucleus,zenodo_3675220_platynereis,Platynereis,nucleus_00050,sparse,80,nuclei.zip:train_data_nuclei_03,vit_l_em_organelles,0.493,0.963935,0.930382,0.965558,0.962319,0.963935,0.999835,0.999921,37005,1320,1449,16737442,38454,38325,140625,0.273451,0.975026,0.955897,ok,35,35,0.942857,0.942857,0.942857,0.891892,0.828571,0.828571,0.828571,0.707317,0.841232,0.892216,0.942857
microsam_vit_l_em_organelles,nucleus,zenodo_3675220_platynereis,Platynereis,nucleus_00051,sparse,80,nuclei.zip:train_data_nuclei_03,vit_l_em_organelles,0.491,0.969301,0.940431,0.968592,0.97001,0.969301,0.99985,0.999923,39752,1289,1229,16734946,40981,41041,140625,0.29142,0.977691,0.965695,ok,32,37,0.96875,0.837838,0.898551,0.815789,0.96875,0.837838,0.898551,0.815789,0.830116,0.923839,0.898551
microsam_vit_l_em_organelles,nucleus,zenodo_3675220_platynereis,Platynereis,nucleus_00052,sparse,80,nuclei.zip:train_data_nuclei_03,vit_l_em_organelles,0.491,0.973495,0.948358,0.977276,0.969743,0.973495,0.999869,0.999944,40383,939,1260,16734634,41643,41322,140625,0.296128,0.966387,0.964946,ok,30,34,0.966667,0.852941,0.90625,0.828571,0.933333,0.823529,0.875,0.777778,0.836403,0.922928,0.90625
microsam_vit_l_em_organelles,nucleus,zenodo_3675220_platynereis,Platynereis,nucleus_00053,sparse,80,nuclei.zip:train_data_nuclei_03,vit_l_em_organelles,0.496,0.975771,0.952687,0.976537,0.975005,0.975771,0.99988,0.999942,40413,971,1036,16734796,41449,41384,140625,0.294748,0.976984,0.976025,ok,30,33,0.9,0.818182,0.857143,0.75,0.866667,0.787879,0.825397,0.702703,0.795358,0.927918,0.857143
microsam_vit_l_em_organelles,nucleus,zenodo_3675220_platynereis,Platynereis,nucleus_00054,sparse,80,nuclei.zip:train_data_nuclei_03,vit_l_em_organelles,0.498,0.967549,0.937138,0.96913,0.965974,0.967549,0.999852,0.999929,37076,1181,1306,16737653,38382,38257,140625,0.272939,0.977266,0.96688,ok,31,32,0.935484,0.90625,0.920635,0.852941,0.83871,0.8125,0.825397,0.702703,0.841416,0.913952,0.920635
microsam_vit_l_em_organelles,nucleus,zenodo_3675220_platynereis,Platynereis,nucleus_00055,sparse,80,nuclei.zip:train_data_nuclei_03,vit_l_em_organelles,0.496,0.967465,0.936981,0.962002,0.972991,0.967465,0.99986,0.999918,34836,1376,967,16740037,35803,36212,140625,0.254599,0.971895,0.96363,ok,30,34,0.966667,0.852941,0.90625,0.828571,0.9,0.794118,0.84375,0.72973,0.833111,0.919295,0.90625
microsam_vit_l_em_organelles,nucleus,zenodo_3675220_platynereis,Platynereis,nucleus_00056,sparse,80,nuclei.zip:train_data_nuclei_03,vit_l_em_organelles,0.499,0.967258,0.936592,0.97045,0.964087,0.967258,0.999855,0.999934,36026,1097,1342,16738751,37368,37123,140625,0.265728,0.972937,0.971374,ok,32,35,1.0,0.914286,0.955224,0.914286,1.0,0.914286,0.955224,0.914286,0.875821,0.916875,0.955224
microsam_vit_l_em_organelles,nucleus,zenodo_3675220_platynereis,Platynereis,nucleus_00057,sparse,80,nuclei.zip:train_data_nuclei_03,vit_l_em_organelles,0.499,0.955442,0.914685,0.962119,0.948857,0.955442,0.999802,0.999916,35659,1404,1922,16738231,37581,37063,140625,0.267243,0.965451,0.957889,ok,34,34,0.852941,0.852941,0.852941,0.74359,0.794118,0.794118,0.794118,0.658537,0.765144,0.897066,0.852941
microsam_vit_l_em_organelles,nucleus,zenodo_3675220_platynereis,Platynereis,nucleus_00058,sparse,80,nuclei.zip:train_data_nuclei_03,vit_l_em_organelles,0.504,0.97093,0.943502,0.968865,0.973004,0.97093,0.999859,0.999924,39395,1266,1093,16735462,40488,40661,140625,0.287915,0.982025,0.974489,ok,33,33,0.939394,0.939394,0.939394,0.885714,0.878788,0.878788,0.878788,0.783784,0.849484,0.904289,0.939394
microsam_vit_l_em_organelles,nucleus,zenodo_3675220_platynereis,Platynereis,nucleus_00059,sparse,80,nuclei.zip:train_data_nuclei_03,vit_l_em_organelles,0.492,0.965582,0.933454,0.978151,0.953331,0.965582,0.999824,0.999945,41366,924,2025,16732901,43391,42290,140625,0.308558,0.960752,0.952387,ok,31,32,0.967742,0.9375,0.952381,0.909091,0.903226,0.875,0.888889,0.8,0.861951,0.905049,0.952381
microsam_vit_l_em_organelles,nucleus,zenodo_3675220_platynereis,Platynereis,nucleus_00060,sparse,80,nuclei.zip:train_data_nuclei_03,vit_l_em_organelles,0.5,0.9729,0.94723,0.979277,0.966605,0.9729,0.99986,0.999947,42057,890,1453,16732816,43510,42947,139500,0.3119,0.981145,0.967075,ok,27,29,1.0,0.931034,0.964286,0.931034,1.0,0.931034,0.964286,0.931034,0.899525,0.93284,0.964286
microsam_vit_l_em_organelles,nucleus,zenodo_3675220_platynereis,Platynereis,nucleus_00061,sparse,80,nuclei.zip:train_data_nuclei_03,vit_l_em_organelles,0.495,0.96651,0.93519,0.97902,0.954315,0.96651,0.999832,0.999948,40692,872,1948,16733704,42640,41564,140625,0.303218,0.974309,0.956421,ok,30,29,0.9,0.931034,0.915254,0.84375,0.833333,0.862069,0.847458,0.735294,0.830133,0.906997,0.915254
microsam_vit_l_em_organelles,nucleus,zenodo_3675220_platynereis,Platynereis,nucleus_00062,sparse,80,nuclei.zip:train_data_nuclei_03,vit_l_em_organelles,0.496,0.962252,0.92725,0.96416,0.960351,0.962252,0.999811,0.99991,40353,1500,1666,16733697,42019,41853,140625,0.298802,0.967443,0.943682,ok,31,31,0.935484,0.935484,0.935484,0.878788,0.870968,0.870968,0.870968,0.771429,0.839186,0.897061,0.935484
microsam_vit_l_em_organelles,nucleus,zenodo_3675220_platynereis,Platynereis,nucleus_00063,sparse,80,nuclei.zip:train_data_nuclei_03,vit_l_em_organelles,0.504,0.955394,0.914598,0.974136,0.93736,0.955394,0.999783,0.999938,38907,1033,2600,16734676,41507,39940,140625,0.295161,0.966821,0.960121,ok,33,32,0.909091,0.9375,0.923077,0.857143,0.818182,0.84375,0.830769,0.710526,0.83406,0.903565,0.923077
microsam_vit_l_em_organelles,nucleus,zenodo_3675220_platynereis,Platynereis,nucleus_00064,sparse,80,nuclei.zip:train_data_nuclei_03,vit_l_em_organelles,0.86,0.971546,0.944666,0.9787,0.964495,0.971546,0.999855,0.999946,41400,901,1524,16733391,42924,42301,140625,0.305237,0.973815,0.969767,ok,30,34,0.966667,0.852941,0.90625,0.828571,0.933333,0.823529,0.875,0.777778,0.839858,0.92674,0.90625
microsam_vit_l_em_organelles,nucleus,zenodo_3675220_platynereis,Platynereis,nucleus_00065,sparse,80,nuclei.zip:train_data_nuclei_03,vit_l_em_organelles,0.498,0.931845,0.872388,0.974258,0.892972,0.931845,0.999672,0.999941,37620,994,4509,16734093,42129,38614,140625,0.299584,0.940649,0.928074,ok,30,33,0.933333,0.848485,0.888889,0.8,0.9,0.818182,0.857143,0.75,0.815801,0.917776,0.888889
microsam_vit_l_em_organelles,nucleus,zenodo_3675220_platynereis,Platynereis,nucleus_00066,sparse,80,nuclei.zip:train_data_nuclei_03,vit_l_em_organelles,0.491,0.966424,0.93503,0.9712,0.961695,0.966424,0.999839,0.999931,38915,1154,1550,16735597,40465,40069,140625,0.287751,0.962243,0.952478,ok,31,33,0.967742,0.909091,0.9375,0.882353,0.935484,0.878788,0.90625,0.828571,0.860036,0.917372,0.9375
microsam_vit_l_em_organelles,nucleus,zenodo_3675220_platynereis,Platynereis,nucleus_00067,sparse,80,nuclei.zip:train_data_nuclei_03,vit_l_em_organelles,0.492,0.971019,0.94367,0.971661,0.970377,0.971019,0.999872,0.999937,36001,1050,1099,16739066,37100,37051,140625,0.263822,0.977563,0.965356,ok,28,29,0.928571,0.896552,0.912281,0.83871,0.928571,0.896552,0.912281,0.83871,0.849586,0.931277,0.912281
microsam_vit_l_em_organelles,nucleus,zenodo_3675220_platynereis,Platynereis,nucleus_00068,sparse,80,nuclei.zip:train_data_nuclei_03,vit_l_em_organelles,0.753,0.96667,0.935491,0.966247,0.967095,0.96667,0.999842,0.99992,38560,1347,1312,16735997,39872,39907,140625,0.283534,0.981655,0.962541,ok,26,31,1.0,0.83871,0.912281,0.83871,0.961538,0.806452,0.877193,0.78125,0.830498,0.910354,0.912281
microsam_vit_l_em_organelles,nucleus,zenodo_3675220_platynereis,Platynereis,nucleus_00069,sparse,80,nuclei.zip:train_data_nuclei_03,vit_l_em_organelles,0.496,0.969449,0.940709,0.969331,0.969567,0.969449,0.999851,0.999925,39792,1259,1249,16734916,41041,41051,140625,0.291847,0.989413,0.951601,ok,26,28,1.0,0.928571,0.962963,0.928571,0.961538,0.892857,0.925926,0.862069,0.886897,0.921009,0.962963
microsam_vit_l_em_organelles,nucleus,zenodo_3675220_platynereis,Platynereis,nucleus_00070,sparse,80,nuclei.zip:train_data_nuclei_03,vit_l_em_organelles,0.495,0.972846,0.947127,0.974156,0.971539,0.972846,0.99986,0.999933,41953,1113,1229,16732921,43182,43066,140625,0.307072,0.973245,0.972168,ok,25,26,0.96,0.923077,0.941176,0.888889,0.92,0.884615,0.901961,0.821429,0.867624,0.921851,0.941176
microsam_vit_l_em_organelles,nucleus,zenodo_3675220_platynereis,Platynereis,nucleus_00071,sparse,80,nuclei.zip:train_data_nuclei_03,vit_l_em_organelles,0.496,0.945587,0.896791,0.970008,0.922367,0.945587,0.999729,0.999927,39457,1220,3321,16733218,42778,40677,140625,0.304199,0.936506,0.910361,ok,26,31,1.0,0.83871,0.912281,0.83871,0.961538,0.806452,0.877193,0.78125,0.821033,0.899979,0.912281
microsam_vit_l_em_organelles,nucleus,zenodo_3675220_platynereis,Platynereis,nucleus_00072,sparse,80,nuclei.zip:train_data_nuclei_03,vit_l_em_organelles,0.5,0.962032,0.926841,0.974938,0.949462,0.962032,0.999816,0.99994,39096,1005,2081,16735034,41177,40101,140625,0.292814,0.964939,0.923368,ok,27,31,0.925926,0.806452,0.862069,0.757576,0.925926,0.806452,0.862069,0.757576,0.790313,0.916763,0.862069
microsam_vit_l_em_organelles,nucleus,zenodo_3675220_platynereis,Platynereis,nucleus_00073,sparse,80,nuclei.zip:train_data_nuclei_03,vit_l_em_organelles,0.587,0.956803,0.917184,0.976728,0.937675,0.956803,0.999807,0.999949,35927,856,2388,16738045,38315,36783,140625,0.272462,0.963056,0.908122,ok,29,28,0.931034,0.964286,0.947368,0.9,0.862069,0.892857,0.877193,0.78125,0.849506,0.896701,0.947368
microsam_vit_l_em_organelles,nucleus,zenodo_3675220_platynereis,Platynereis,nucleus_00074,sparse,80,nuclei.zip:train_data_nuclei_03,vit_l_em_organelles,0.495,0.943254,0.892602,0.974261,0.91416,0.943254,0.999762,0.999948,33120,875,3110,16740111,36230,33995,140625,0.257636,0.952694,0.918806,ok,29,30,0.896552,0.866667,0.881356,0.787879,0.724138,0.7,0.711864,0.552632,0.784243,0.889815,0.881356
microsam_vit_l_em_organelles,nucleus,zenodo_3675220_platynereis,Platynereis,nucleus_00075,sparse,80,nuclei.zip:train_data_nuclei_04,vit_l_em_organelles,0.493,0.955798,0.915338,0.950747,0.960903,0.955798,0.999873,0.999929,23029,1193,937,16752057,23966,24222,88040,0.272217,0.962589,0.877562,ok,13,11,0.615385,0.727273,0.666667,0.5,0.615385,0.727273,0.666667,0.5,0.590104,0.885155,0.666667
microsam_vit_l_em_organelles,nucleus,zenodo_3675220_platynereis,Platynereis,nucleus_00076,sparse,80,nuclei.zip:train_data_nuclei_04,vit_l_em_organelles,0.491,0.968797,0.939483,0.965685,0.971929,0.968797,0.999909,0.99995,23752,844,686,16751934,24438,24596,107780,0.22674,0.967067,0.949608,ok,11,14,1.0,0.785714,0.88,0.785714,0.909091,0.714286,0.8,0.666667,0.804732,0.914468,0.88
microsam_vit_l_em_organelles,nucleus,zenodo_3675220_platynereis,Platynereis,nucleus_00077,sparse,80,nuclei.zip:train_data_nuclei_04,vit_l_em_organelles,0.498,0.971506,0.944591,0.962445,0.980739,0.971506,0.999918,0.999946,23321,910,458,16752527,23779,24231,113505,0.209497,0.992431,0.972957,ok,11,13,1.0,0.846154,0.916667,0.846154,1.0,0.846154,0.916667,0.846154,0.853878,0.931504,0.916667
microsam_vit_l_em_organelles,nucleus,zenodo_3675220_platynereis,Platynereis,nucleus_00078,sparse,80,nuclei.zip:train_data_nuclei_04,vit_l_em_organelles,0.493,0.946076,0.89767,0.950978,0.941225,0.946076,0.999868,0.99994,19457,1003,1215,16755541,20672,20460,119021,0.173684,0.945794,0.925098,ok,16,14,0.8125,0.928571,0.866667,0.764706,0.75,0.857143,0.8,0.666667,0.780352,0.900406,0.866667
microsam_vit_l_em_organelles,nucleus,zenodo_3675220_platynereis,Platynereis,nucleus_00079,sparse,80,nuclei.zip:train_data_nuclei_04,vit_l_em_organelles,0.493,0.93443,0.87693,0.936308,0.93256,0.93443,0.99983,0.999918,20272,1379,1466,16754099,21738,21651,128800,0.168773,0.947931,0.900427,ok,20,16,0.65,0.8125,0.722222,0.565217,0.6,0.75,0.666667,0.5,0.650049,0.900068,0.722222
microsam_vit_l_em_organelles,nucleus,zenodo_3675220_platynereis,Platynereis,nucleus_00080,sparse,80,nuclei.zip:train_data_nuclei_04,vit_l_em_organelles,0.493,0.947972,0.901089,0.95097,0.944992,0.947972,0.999839,0.999924,24652,1271,1435,16749858,26087,25923,132375,0.197069,0.933631,0.886513,ok,16,19,0.875,0.736842,0.8,0.666667,0.75,0.631579,0.685714,0.521739,0.696905,0.871132,0.8
microsam_vit_l_em_organelles,nucleus,zenodo_3675220_platynereis,Platynereis,nucleus_00081,sparse,80,nuclei.zip:train_data_nuclei_04,vit_l_em_organelles,0.49,0.963232,0.929073,0.961391,0.96508,0.963232,0.999864,0.999928,29931,1202,1083,16745000,31014,31133,132750,0.233627,0.950341,0.915781,ok,17,17,0.764706,0.764706,0.764706,0.619048,0.705882,0.705882,0.705882,0.545455,0.68768,0.899274,0.764706
microsam_vit_l_em_organelles,nucleus,zenodo_3675220_platynereis,Platynereis,nucleus_00082,sparse,80,nuclei.zip:train_data_nuclei_04,vit_l_em_organelles,0.495,0.96583,0.933917,0.965815,0.965844,0.96583,0.999862,0.999931,32830,1162,1161,16742063,33991,33992,133125,0.255331,0.978829,0.938802,ok,16,16,0.9375,0.9375,0.9375,0.882353,0.8125,0.8125,0.8125,0.684211,0.840986,0.897052,0.9375
microsam_vit_l_em_organelles,nucleus,zenodo_3675220_platynereis,Platynereis,nucleus_00083,sparse,80,nuclei.zip:train_data_nuclei_04,vit_l_em_organelles,0.871,0.960068,0.923202,0.964732,0.955448,0.960068,0.999837,0.999928,32962,1205,1537,16741512,34499,34167,133500,0.258419,0.951773,0.911042,ok,23,18,0.521739,0.666667,0.585366,0.413793,0.434783,0.555556,0.487805,0.322581,0.513828,0.87779,0.585366
microsam_vit_l_em_organelles,nucleus,zenodo_3675220_platynereis,Platynereis,nucleus_00084,sparse,80,nuclei.zip:train_data_nuclei_04,vit_l_em_organelles,0.491,0.954954,0.913792,0.960291,0.949676,0.954954,0.999822,0.999922,31704,1311,1680,16742521,33384,33015,135375,0.246604,0.948083,0.912354,ok,20,20,0.85,0.85,0.85,0.73913,0.8,0.8,0.8,0.666667,0.760397,0.894585,0.85
microsam_vit_l_em_organelles,nucleus,zenodo_3675220_platynereis,Platynereis,nucleus_00085,sparse,80,nuclei.zip:train_data_nuclei_04,vit_l_em_organelles,0.489,0.961498,0.925851,0.96571,0.957323,0.961498,0.999835,0.999927,34612,1229,1543,16739832,36155,35841,137625,0.262707,0.969001,0.939711,ok,23,24,0.826087,0.791667,0.808511,0.678571,0.73913,0.708333,0.723404,0.566667,0.717721,0.887708,0.808511
microsam_vit_l_em_organelles,nucleus,zenodo_3675220_platynereis,Platynereis,nucleus_00086,sparse,80,nuclei.zip:train_data_nuclei_04,vit_l_em_organelles,0.502,0.961184,0.925269,0.965528,0.95688,0.961184,0.999834,0.999926,34507,1232,1555,16739922,36062,35739,138000,0.261319,0.964596,0.924779,ok,22,22,0.772727,0.772727,0.772727,0.62963,0.681818,0.681818,0.681818,0.517241,0.690681,0.893822,0.772727
microsam_vit_l_em_organelles,nucleus,zenodo_3675220_platynereis,Platynereis,nucleus_00087,sparse,80,nuclei.zip:train_data_nuclei_04,vit_l_em_organelles,0.714,0.914396,0.842293,0.949242,0.882018,0.914396,0.999668,0.999905,29754,1591,3980,16741891,33734,31345,138000,0.244449,0.904631,0.863447,ok,22,20,0.681818,0.75,0.714286,0.555556,0.545455,0.6,0.571429,0.4,0.616958,0.863742,0.714286
microsam_vit_l_em_organelles,nucleus,zenodo_3675220_platynereis,Platynereis,nucleus_00088,sparse,80,nuclei.zip:train_data_nuclei_04,vit_l_em_organelles,0.493,0.955071,0.914005,0.946491,0.963807,0.955071,0.999837,0.999902,29133,1647,1094,16745342,30227,30780,137250,0.220233,0.970791,0.909696,ok,17,24,1.0,0.708333,0.829268,0.708333,0.882353,0.625,0.731707,0.576923,0.72425,0.873361,0.829268
microsam_vit_l_em_organelles,nucleus,zenodo_3675220_platynereis,Platynereis,nucleus_00089,sparse,80,nuclei.zip:train_data_nuclei_04,vit_l_em_organelles,0.505,0.958184,0.919725,0.958286,0.958082,0.958184,0.999859,0.99993,27016,1176,1182,16747842,28198,28192,134625,0.209456,0.964036,0.93268,ok,16,19,0.9375,0.789474,0.857143,0.75,0.9375,0.789474,0.857143,0.75,0.784392,0.915123,0.857143
microsam_vit_l_em_organelles,nucleus,zenodo_3675220_platynereis,Platynereis,nucleus_00090,sparse,80,nuclei.zip:train_data_nuclei_04,vit_l_em_organelles,0.493,0.953927,0.911912,0.948387,0.959532,0.953927,0.999871,0.999927,22454,1222,947,16752593,23401,23676,134250,0.174309,0.930957,0.918657,ok,16,17,1.0,0.941176,0.969697,0.941176,0.9375,0.882353,0.909091,0.833333,0.873164,0.90045,0.969697
microsam_vit_l_em_organelles,nucleus,zenodo_3675220_platynereis,Platynereis,nucleus_00091,sparse,80,nuclei.zip:train_data_nuclei_04,vit_l_em_organelles,0.497,0.95859,0.920473,0.954591,0.962623,0.95859,0.999897,0.999943,19908,947,773,16755588,20681,20855,137625,0.150271,0.964326,0.931331,ok,12,15,1.0,0.8,0.888889,0.8,1.0,0.8,0.888889,0.8,0.813678,0.915388,0.888889
microsam_vit_l_em_organelles,nucleus,zenodo_3675220_platynereis,Platynereis,nucleus_00092,sparse,80,nuclei.zip:train_data_nuclei_04,vit_l_em_organelles,0.484,0.961438,0.92574,0.956683,0.966241,0.961438,0.999895,0.999941,21953,994,767,16753502,22720,22947,126140,0.180117,0.965124,0.934843,ok,14,15,0.785714,0.733333,0.758621,0.611111,0.714286,0.666667,0.689655,0.526316,0.676124,0.891255,0.758621
microsam_vit_l_em_organelles,nucleus,zenodo_3675220_platynereis,Platynereis,nucleus_00093,sparse,80,nuclei.zip:train_data_nuclei_04,vit_l_em_organelles,0.492,0.971921,0.945377,0.963994,0.97998,0.971921,0.999917,0.999946,24230,905,495,16751586,24725,25135,125250,0.197405,0.975527,0.967967,ok,15,13,0.733333,0.846154,0.785714,0.647059,0.666667,0.769231,0.714286,0.555556,0.715418,0.910531,0.785714
microsam_vit_l_em_organelles,nucleus,zenodo_3675220_platynereis,Platynereis,nucleus_00094,sparse,80,nuclei.zip:train_data_nuclei_04,vit_l_em_organelles,0.502,0.969047,0.939954,0.963408,0.974754,0.969047,0.999901,0.999941,25907,984,671,16749654,26578,26891,126000,0.210937,0.972738,0.958881,ok,13,14,1.0,0.928571,0.962963,0.928571,1.0,0.928571,0.962963,0.928571,0.891363,0.925646,0.962963
microsam_vit_l_em_organelles,nucleus,zenodo_3675220_platynereis,Platynereis,nucleus_00095,sparse,80,nuclei.zip:train_data_nuclei_04,vit_l_em_organelles,0.494,0.963429,0.929438,0.968575,0.958336,0.963429,0.999874,0.999946,27740,900,1206,16747370,28946,28640,140625,0.205838,0.953922,0.937953,ok,16,16,0.875,0.875,0.875,0.777778,0.75,0.75,0.75,0.6,0.76812,0.877851,0.875
microsam_vit_l_em_organelles,nucleus,zenodo_3675220_platynereis,Platynereis,nucleus_00096,sparse,80,nuclei.zip:train_data_nuclei_04,vit_l_em_organelles,0.488,0.962593,0.927884,0.971194,0.954143,0.962593,0.999868,0.99995,28422,843,1366,16746585,29788,29265,140625,0.211826,0.963358,0.938678,ok,18,14,0.777778,1.0,0.875,0.777778,0.666667,0.857143,0.75,0.6,0.756961,0.865098,0.875
microsam_vit_l_em_organelles,nucleus,zenodo_3675220_platynereis,Platynereis,nucleus_00097,sparse,80,nuclei.zip:train_data_nuclei_04,vit_l_em_organelles,0.497,0.964192,0.93086,0.97562,0.953029,0.964192,0.999885,0.999961,25971,649,1280,16749316,27251,26620,140625,0.193785,0.956564,0.93209,ok,13,14,0.846154,0.785714,0.814815,0.6875,0.769231,0.714286,0.740741,0.588235,0.727659,0.893036,0.814815
microsam_vit_l_em_organelles,nucleus,zenodo_3675220_platynereis,Platynereis,nucleus_00098,sparse,80,nuclei.zip:train_data_nuclei_04,vit_l_em_organelles,0.492,0.970256,0.942231,0.978996,0.961671,0.970256,0.999911,0.999969,24237,520,966,16751493,25203,24757,140625,0.179221,0.965984,0.963733,ok,12,12,0.916667,0.916667,0.916667,0.846154,0.75,0.75,0.75,0.6,0.813924,0.887918,0.916667
microsam_vit_l_em_organelles,nucleus,zenodo_3675220_platynereis,Platynereis,nucleus_00099,sparse,80,nuclei.zip:train_data_nuclei_04,vit_l_em_organelles,0.496,0.959784,0.922678,0.968957,0.950783,0.959784,0.999897,0.999961,20632,661,1068,16754855,21700,21293,137625,0.157675,0.94709,0.918422,ok,9,12,1.0,0.75,0.857143,0.75,1.0,0.75,0.857143,0.75,0.789307,0.920859,0.857143
microsam_vit_l_em_organelles,nucleus,zenodo_3675220_platynereis,Platynereis,nucleus_00100,sparse,80,nuclei.zip:train_data_nuclei_05,vit_l_em_organelles,0.493,0.920668,0.852998,0.983496,0.865385,0.920668,0.999549,0.999956,43920,737,6832,16725727,50752,44657,90000,0.563911,0.958079,0.814151,ok,41,49,0.95122,0.795918,0.866667,0.764706,0.853659,0.714286,0.777778,0.636364,0.738576,0.852204,0.866667
microsam_vit_l_em_organelles,nucleus,zenodo_3675220_platynereis,Platynereis,nucleus_00101,sparse,80,nuclei.zip:train_data_nuclei_05,vit_l_em_organelles,0.487,0.920338,0.852431,0.984986,0.863653,0.920338,0.999548,0.99996,43757,667,6908,16725884,50665,44424,90000,0.562944,0.964044,0.816197,ok,46,51,0.891304,0.803922,0.845361,0.732143,0.717391,0.647059,0.680412,0.515625,0.70605,0.835205,0.845361
microsam_vit_l_em_organelles,nucleus,zenodo_3675220_platynereis,Platynereis,nucleus_00102,sparse,80,nuclei.zip:train_data_nuclei_05,vit_l_em_organelles,0.769,0.924416,0.859455,0.988547,0.868099,0.924416,0.999567,0.999969,44451,515,6754,16725496,51205,44966,90000,0.568944,0.974864,0.828071,ok,44,47,0.863636,0.808511,0.835165,0.716981,0.75,0.702128,0.725275,0.568966,0.708424,0.848244,0.835165
microsam_vit_l_em_organelles,nucleus,zenodo_3675220_platynereis,Platynereis,nucleus_00103,sparse,80,nuclei.zip:train_data_nuclei_05,vit_l_em_organelles,0.486,0.928269,0.86614,0.985172,0.87758,0.928269,0.999605,0.999961,42854,645,5978,16727739,48832,43499,90000,0.542578,0.958932,0.862347,ok,48,47,0.8125,0.829787,0.821053,0.696429,0.708333,0.723404,0.715789,0.557377,0.693832,0.845052,0.821053
microsam_vit_l_em_organelles,nucleus,zenodo_3675220_platynereis,Platynereis,nucleus_00104,sparse,80,nuclei.zip:train_data_nuclei_05,vit_l_em_organelles,0.487,0.935888,0.879501,0.975212,0.899612,0.935888,0.999653,0.999936,42450,1079,4737,16728950,47187,43529,90000,0.5243,0.977766,0.889639,ok,44,48,0.909091,0.833333,0.869565,0.769231,0.795455,0.729167,0.76087,0.614035,0.741767,0.853032,0.869565
microsam_vit_l_em_organelles,nucleus,zenodo_3675220_platynereis,Platynereis,nucleus_00105,sparse,80,nuclei.zip:train_data_nuclei_05,vit_l_em_organelles,0.493,0.94131,0.889128,0.978449,0.906888,0.94131,0.999693,0.999946,41316,910,4242,16730748,45558,42226,90000,0.5062,0.97466,0.901197,ok,39,43,0.948718,0.860465,0.902439,0.822222,0.897436,0.813953,0.853659,0.744681,0.779783,0.864084,0.902439
microsam_vit_l_em_organelles,nucleus,zenodo_3675220_platynereis,Platynereis,nucleus_00106,sparse,80,nuclei.zip:train_data_nuclei_05,vit_l_em_organelles,0.731,0.934301,0.876702,0.967265,0.903509,0.934301,0.999666,0.999919,39861,1349,4257,16731749,44118,41210,90000,0.4902,0.96919,0.897731,ok,35,40,1.0,0.875,0.933333,0.875,0.885714,0.775,0.826667,0.704545,0.811773,0.869756,0.933333
microsam_vit_l_em_organelles,nucleus,zenodo_3675220_platynereis,Platynereis,nucleus_00107,sparse,80,nuclei.zip:train_data_nuclei_05,vit_l_em_organelles,0.487,0.93316,0.874696,0.969576,0.899381,0.93316,0.999663,0.999926,39517,1240,4421,16732038,43938,40757,90000,0.4882,0.96063,0.90115,ok,35,39,0.942857,0.846154,0.891892,0.804878,0.914286,0.820513,0.864865,0.761905,0.79377,0.889985,0.891892
microsam_vit_l_em_organelles,nucleus,zenodo_3675220_platynereis,Platynereis,nucleus_00108,sparse,80,nuclei.zip:train_data_nuclei_05,vit_l_em_organelles,0.489,0.940341,0.8874,0.977338,0.906043,0.940341,0.999683,0.999942,41919,972,4347,16729978,46266,42891,90000,0.514067,0.977996,0.902554,ok,37,37,0.972973,0.972973,0.972973,0.947368,0.918919,0.918919,0.918919,0.85,0.852859,0.87655,0.972973
microsam_vit_l_em_organelles,nucleus,zenodo_3675220_platynereis,Platynereis,nucleus_00109,sparse,80,nuclei.zip:train_data_nuclei_05,vit_l_em_organelles,0.495,0.920447,0.852618,0.972655,0.873558,0.920447,0.99958,0.999932,40727,1145,5895,16729449,46622,41872,90000,0.518022,0.961726,0.855345,ok,39,36,0.846154,0.916667,0.88,0.785714,0.769231,0.833333,0.8,0.666667,0.763917,0.868087,0.88
microsam_vit_l_em_organelles,nucleus,zenodo_3675220_platynereis,Platynereis,nucleus_00110,sparse,80,nuclei.zip:train_data_nuclei_05,vit_l_em_organelles,0.485,0.926368,0.862836,0.973069,0.883945,0.926368,0.999617,0.999933,40467,1120,5313,16730316,45780,41587,90000,0.508667,0.958058,0.88701,ok,35,37,0.914286,0.864865,0.888889,0.8,0.857143,0.810811,0.833333,0.714286,0.780131,0.877648,0.888889
microsam_vit_l_em_organelles,nucleus,zenodo_3675220_platynereis,Platynereis,nucleus_00111,sparse,80,nuclei.zip:train_data_nuclei_05,vit_l_em_organelles,0.685,0.912884,0.83973,0.968743,0.863115,0.912884,0.999555,0.999925,39144,1263,6208,16730601,45352,40407,90000,0.503911,0.949374,0.876908,ok,36,37,0.805556,0.783784,0.794521,0.659091,0.805556,0.783784,0.794521,0.659091,0.718343,0.904121,0.794521
microsam_vit_l_em_organelles,nucleus,zenodo_3675220_platynereis,Platynereis,nucleus_00112,sparse,80,nuclei.zip:train_data_nuclei_05,vit_l_em_organelles,0.501,0.931247,0.87134,0.964267,0.900413,0.931247,0.999645,0.999911,40289,1493,4456,16730978,44745,41782,90000,0.497167,0.954305,0.8825,ok,33,38,1.0,0.868421,0.929577,0.868421,0.969697,0.842105,0.901408,0.820513,0.818121,0.8801,0.929577
microsam_vit_l_em_organelles,nucleus,zenodo_3675220_platynereis,Platynereis,nucleus_00113,sparse,80,nuclei.zip:train_data_nuclei_05,vit_l_em_organelles,0.484,0.914512,0.842489,0.959413,0.873626,0.914512,0.999577,0.999904,37987,1607,5495,16732127,43482,39594,90000,0.483133,0.950804,0.886538,ok,36,38,0.916667,0.868421,0.891892,0.804878,0.861111,0.815789,0.837838,0.72093,0.786291,0.881599,0.891892
microsam_vit_l_em_organelles,nucleus,zenodo_3675220_platynereis,Platynereis,nucleus_00114,sparse,80,nuclei.zip:train_data_nuclei_05,vit_l_em_organelles,0.486,0.912962,0.839862,0.96884,0.863178,0.912962,0.999575,0.999928,37373,1202,5924,16732717,43297,38575,90000,0.481078,0.940094,0.891326,ok,33,36,1.0,0.916667,0.956522,0.916667,0.909091,0.833333,0.869565,0.769231,0.835338,0.873308,0.956522
microsam_vit_l_em_organelles,nucleus,zenodo_3675220_platynereis,Platynereis,nucleus_00115,sparse,80,nuclei.zip:train_data_nuclei_05,vit_l_em_organelles,0.493,0.912199,0.838571,0.962117,0.867204,0.912199,0.999577,0.999913,36877,1452,5647,16733240,42524,38329,90000,0.472489,0.941634,0.905618,ok,36,41,0.916667,0.804878,0.857143,0.75,0.861111,0.756098,0.805195,0.673913,0.752993,0.878491,0.857143
microsam_vit_l_em_organelles,nucleus,zenodo_3675220_platynereis,Platynereis,nucleus_00116,sparse,80,nuclei.zip:train_data_nuclei_05,vit_l_em_organelles,0.489,0.918244,0.848845,0.974525,0.868108,0.918244,0.999603,0.999942,37412,978,5684,16733142,43096,38390,90000,0.478844,0.958826,0.91695,ok,36,39,0.861111,0.794872,0.826667,0.704545,0.833333,0.769231,0.8,0.666667,0.729845,0.882878,0.826667
microsam_vit_l_em_organelles,nucleus,zenodo_3675220_platynereis,Platynereis,nucleus_00117,sparse,80,nuclei.zip:train_data_nuclei_05,vit_l_em_organelles,0.485,0.92761,0.864994,0.969955,0.888808,0.92761,0.999659,0.999932,36610,1134,4580,16734892,41190,37744,89100,0.46229,0.960671,0.865079,ok,32,39,0.90625,0.74359,0.816901,0.690476,0.875,0.717949,0.788732,0.651163,0.721679,0.883435,0.816901
microsam_vit_l_em_organelles,nucleus,zenodo_3675220_platynereis,Platynereis,nucleus_00118,sparse,80,nuclei.zip:train_data_nuclei_05,vit_l_em_organelles,0.485,0.946778,0.898935,0.96448,0.929714,0.946778,0.999741,0.999915,38585,1421,2917,16734293,41502,40006,90000,0.461133,0.97087,0.919415,ok,31,35,0.935484,0.828571,0.878788,0.783784,0.870968,0.771429,0.818182,0.692308,0.786579,0.895073,0.878788
microsam_vit_l_em_organelles,nucleus,zenodo_3675220_platynereis,Platynereis,nucleus_00119,sparse,80,nuclei.zip:train_data_nuclei_05,vit_l_em_organelles,0.485,0.945002,0.895739,0.974089,0.917603,0.945002,0.999725,0.999937,39623,1054,3558,16732981,43181,40677,90000,0.479789,0.960701,0.907682,ok,30,35,1.0,0.857143,0.923077,0.857143,1.0,0.857143,0.923077,0.857143,0.827905,0.896897,0.923077
microsam_vit_l_em_organelles,nucleus,zenodo_3675220_platynereis,Platynereis,nucleus_00120,sparse,80,nuclei.zip:train_data_nuclei_05,vit_l_em_organelles,0.485,0.925064,0.860575,0.97114,0.883161,0.925064,0.99963,0.999932,38361,1140,5075,16732640,43436,39501,90000,0.482622,0.945205,0.869689,ok,32,35,0.9375,0.857143,0.895522,0.810811,0.875,0.8,0.835821,0.717949,0.785254,0.876868,0.895522
microsam_vit_l_em_organelles,nucleus,zenodo_3675220_platynereis,Platynereis,nucleus_00121,sparse,80,nuclei.zip:train_data_nuclei_05,vit_l_em_organelles,0.486,0.939861,0.886546,0.962585,0.918186,0.939861,0.999725,0.999916,36070,1402,3214,16736530,39284,37472,90000,0.436489,0.960558,0.915713,ok,34,35,0.911765,0.885714,0.898551,0.815789,0.823529,0.8,0.811594,0.682927,0.78529,0.873952,0.898551
microsam_vit_l_em_organelles,nucleus,zenodo_3675220_platynereis,Platynereis,nucleus_00122,sparse,80,nuclei.zip:train_data_nuclei_05,vit_l_em_organelles,0.486,0.949032,0.903008,0.974967,0.924442,0.949032,0.99978,0.999947,34429,884,2814,16739089,37243,35313,90000,0.413811,0.980921,0.936615,ok,31,34,1.0,0.911765,0.953846,0.911765,0.870968,0.794118,0.830769,0.710526,0.82784,0.867897,0.953846
microsam_vit_l_em_organelles,nucleus,zenodo_3675220_platynereis,Platynereis,nucleus_00123,sparse,80,nuclei.zip:train_data_nuclei_05,vit_l_em_organelles,0.76,0.949679,0.904179,0.967104,0.93287,0.949679,0.999786,0.999931,33838,1151,2435,16739792,36273,34989,90000,0.403033,0.984541,0.930267,ok,30,30,0.933333,0.933333,0.933333,0.875,0.866667,0.866667,0.866667,0.764706,0.832721,0.892202,0.933333
microsam_vit_l_em_organelles,nucleus,zenodo_3675220_platynereis,Platynereis,nucleus_00124,sparse,80,nuclei.zip:train_data_nuclei_05,vit_l_em_organelles,0.482,0.944439,0.894727,0.962213,0.927309,0.944439,0.99977,0.999923,32849,1290,2575,16740502,35424,34139,90000,0.3936,0.973145,0.918479,ok,27,29,1.0,0.931034,0.964286,0.931034,0.962963,0.896552,0.928571,0.866667,0.863263,0.895236,0.964286
microsam_vit_l_em_organelles,nucleus,zenodo_3675220_platynereis,Platynereis,nucleus_00125,sparse,80,nuclei.zip:train_data_nuclei_06,vit_l_em_organelles,0.489,0.944359,0.894584,0.923088,0.966634,0.944359,0.999909,0.999936,12950,1079,447,16762740,13397,14029,108777,0.12316,0.958445,0.883781,ok,8,7,0.75,0.857143,0.8,0.666667,0.625,0.714286,0.666667,0.5,0.696851,0.871064,0.8
microsam_vit_l_em_organelles,nucleus,zenodo_3675220_platynereis,Platynereis,nucleus_00126,sparse,80,nuclei.zip:train_data_nuclei_06,vit_l_em_organelles,0.488,0.971837,0.945217,0.963618,0.980197,0.971837,0.999948,0.999966,15097,570,305,16761244,15402,15667,128366,0.119985,0.976035,0.966374,ok,8,8,1.0,1.0,1.0,1.0,0.875,0.875,0.875,0.777778,0.909867,0.909867,1.0
microsam_vit_l_em_organelles,nucleus,zenodo_3675220_platynereis,Platynereis,nucleus_00127,sparse,80,nuclei.zip:train_data_nuclei_06,vit_l_em_organelles,0.498,0.956088,0.91587,0.968153,0.944319,0.956088,0.99992,0.999971,14653,482,864,16761217,15517,15135,130875,0.118564,0.943601,0.929126,ok,10,11,1.0,0.909091,0.952381,0.909091,0.8,0.727273,0.761905,0.615385,0.829738,0.871225,0.952381
microsam_vit_l_em_organelles,nucleus,zenodo_3675220_platynereis,Platynereis,nucleus_00128,sparse,80,nuclei.zip:train_data_nuclei_06,vit_l_em_organelles,0.488,0.967704,0.93743,0.95799,0.977618,0.967704,0.99994,0.999961,14982,657,343,16761234,15325,15639,130875,0.117096,0.975539,0.970739,ok,10,11,1.0,0.909091,0.952381,0.909091,1.0,0.909091,0.952381,0.909091,0.884155,0.928363,0.952381
microsam_vit_l_em_organelles,nucleus,zenodo_3675220_platynereis,Platynereis,nucleus_00129,sparse,80,nuclei.zip:train_data_nuclei_06,vit_l_em_organelles,0.489,0.958441,0.920198,0.942974,0.974424,0.958441,0.999926,0.999948,14287,864,375,16761690,14662,15151,130500,0.112352,0.967606,0.957655,ok,11,11,1.0,1.0,1.0,1.0,1.0,1.0,1.0,1.0,0.895013,0.895013,1.0
microsam_vit_l_em_organelles,nucleus,zenodo_3675220_platynereis,Platynereis,nucleus_00130,sparse,80,nuclei.zip:train_data_nuclei_06,vit_l_em_organelles,0.494,0.962715,0.92811,0.950363,0.975392,0.962715,0.999924,0.999949,16370,855,413,16759578,16783,17225,130125,0.128976,0.964504,0.95052,ok,13,12,0.923077,1.0,0.96,0.923077,0.846154,0.916667,0.88,0.785714,0.838352,0.873284,0.96
microsam_vit_l_em_organelles,nucleus,zenodo_3675220_platynereis,Platynereis,nucleus_00131,sparse,80,nuclei.zip:train_data_nuclei_06,vit_l_em_organelles,0.488,0.966195,0.934601,0.959598,0.972884,0.966195,0.999922,0.999953,18621,784,519,16757292,19140,19405,129750,0.147514,0.973449,0.951384,ok,14,13,0.928571,1.0,0.962963,0.928571,0.785714,0.846154,0.814815,0.6875,0.845321,0.877833,0.962963
microsam_vit_l_em_organelles,nucleus,zenodo_3675220_platynereis,Platynereis,nucleus_00132,sparse,80,nuclei.zip:train_data_nuclei_06,vit_l_em_organelles,0.488,0.968049,0.938077,0.962407,0.973758,0.968049,0.999922,0.999954,19815,774,534,16756093,20349,20589,129375,0.157287,0.981865,0.963299,ok,14,14,1.0,1.0,1.0,1.0,0.928571,0.928571,0.928571,0.866667,0.912746,0.912746,1.0
microsam_vit_l_em_organelles,nucleus,zenodo_3675220_platynereis,Platynereis,nucleus_00133,sparse,80,nuclei.zip:train_data_nuclei_06,vit_l_em_organelles,0.494,0.965302,0.932931,0.957887,0.972832,0.965302,0.999915,0.999948,19766,869,552,16756029,20318,20635,128250,0.158425,0.98285,0.955473,ok,13,14,1.0,0.928571,0.962963,0.928571,1.0,0.928571,0.962963,0.928571,0.890927,0.925194,0.962963
microsam_vit_l_em_organelles,nucleus,zenodo_3675220_platynereis,Platynereis,nucleus_00134,sparse,80,nuclei.zip:train_data_nuclei_06,vit_l_em_organelles,0.489,0.967519,0.937081,0.96066,0.974476,0.967519,0.999921,0.999951,19853,813,520,16756030,20373,20666,126375,0.161211,0.995544,0.970429,ok,12,12,1.0,1.0,1.0,1.0,1.0,1.0,1.0,1.0,0.926478,0.926478,1.0
microsam_vit_l_em_organelles,nucleus,zenodo_3675220_platynereis,Platynereis,nucleus_00135,sparse,80,nuclei.zip:train_data_nuclei_06,vit_l_em_organelles,0.49,0.952342,0.909021,0.952197,0.952487,0.952342,0.999888,0.999944,18784,943,937,16756552,19721,19727,126038,0.156469,0.958471,0.931296,ok,15,14,0.933333,1.0,0.965517,0.933333,0.733333,0.785714,0.758621,0.611111,0.806174,0.834966,0.965517
microsam_vit_l_em_organelles,nucleus,zenodo_3675220_platynereis,Platynereis,nucleus_00136,sparse,80,nuclei.zip:train_data_nuclei_06,vit_l_em_organelles,0.491,0.959196,0.921591,0.949454,0.96914,0.959196,0.999908,0.999942,18183,968,579,16757486,18762,19151,126375,0.148463,0.973185,0.925324,ok,14,12,0.785714,0.916667,0.846154,0.733333,0.642857,0.75,0.692308,0.529412,0.727599,0.85989,0.846154
microsam_vit_l_em_organelles,nucleus,zenodo_3675220_platynereis,Platynereis,nucleus_00137,sparse,80,nuclei.zip:train_data_nuclei_06,vit_l_em_organelles,0.496,0.899639,0.817586,0.92655,0.874248,0.899639,0.999789,0.999925,15844,1256,2279,16757837,18123,17100,125625,0.144263,0.895649,0.872632,ok,13,11,0.769231,0.909091,0.833333,0.714286,0.692308,0.818182,0.75,0.6,0.718989,0.862786,0.833333
microsam_vit_l_em_organelles,nucleus,zenodo_3675220_platynereis,Platynereis,nucleus_00138,sparse,80,nuclei.zip:train_data_nuclei_06,vit_l_em_organelles,0.493,0.962238,0.927224,0.945103,0.980006,0.962238,0.999922,0.999942,16665,968,340,16759243,17005,17633,123750,0.137414,0.972598,0.940017,ok,13,10,0.692308,0.9,0.782609,0.642857,0.692308,0.9,0.782609,0.642857,0.727055,0.929014,0.782609
microsam_vit_l_em_organelles,nucleus,zenodo_3675220_platynereis,Platynereis,nucleus_00139,sparse,80,nuclei.zip:train_data_nuclei_06,vit_l_em_organelles,0.494,0.95099,0.906559,0.95754,0.944528,0.95099,0.999912,0.999962,14388,638,845,16761345,15233,15026,123750,0.123095,0.956069,0.894903,ok,10,10,0.8,0.8,0.8,0.666667,0.8,0.8,0.8,0.666667,0.73329,0.916613,0.8
microsam_vit_l_em_organelles,nucleus,zenodo_3675220_platynereis,Platynereis,nucleus_00140,sparse,80,nuclei.zip:train_data_nuclei_06,vit_l_em_organelles,0.49,0.957743,0.918913,0.94256,0.973424,0.957743,0.999935,0.999955,12307,750,336,16763823,12643,13057,121875,0.103737,0.947583,0.913915,ok,8,9,1.0,0.888889,0.941176,0.888889,1.0,0.888889,0.941176,0.888889,0.839429,0.891893,0.941176
microsam_vit_l_em_organelles,nucleus,zenodo_3675220_platynereis,Platynereis,nucleus_00141,sparse,80,nuclei.zip:train_data_nuclei_06,vit_l_em_organelles,0.556,0.963186,0.928986,0.955619,0.970874,0.963186,0.999953,0.999971,10400,483,312,16766021,10712,10883,111750,0.095857,0.962833,0.934128,ok,6,6,1.0,1.0,1.0,1.0,1.0,1.0,1.0,1.0,0.919682,0.919682,1.0
microsam_vit_l_em_organelles,nucleus,zenodo_3675220_platynereis,Platynereis,nucleus_00142,sparse,80,nuclei.zip:train_data_nuclei_06,vit_l_em_organelles,0.488,0.948668,0.902349,0.954639,0.942771,0.948668,0.999943,0.999975,8797,418,534,16767467,9331,9215,105750,0.088236,0.903614,0.863412,ok,4,6,1.0,0.666667,0.8,0.666667,1.0,0.666667,0.8,0.666667,0.738991,0.923739,0.8
microsam_vit_l_em_organelles,nucleus,zenodo_3675220_platynereis,Platynereis,nucleus_00143,sparse,80,nuclei.zip:train_data_nuclei_06,vit_l_em_organelles,0.506,0.941699,0.889822,0.9386,0.944819,0.941699,0.999942,0.999969,7842,513,458,16768403,8300,8355,99050,0.083796,0.94473,0.867406,ok,7,5,0.714286,1.0,0.833333,0.714286,0.571429,0.8,0.666667,0.5,0.698106,0.837727,0.833333
microsam_vit_l_em_organelles,nucleus,zenodo_3675220_platynereis,Platynereis,nucleus_00144,sparse,80,nuclei.zip:train_data_nuclei_06,vit_l_em_organelles,0.499,0.911394,0.837212,0.918851,0.904058,0.911394,0.99992,0.999964,6907,610,733,16768966,7640,7517,99814,0.076542,0.829332,0.778841,ok,8,7,0.75,0.857143,0.8,0.666667,0.5,0.571429,0.533333,0.363636,0.624876,0.781096,0.8
microsam_vit_l_em_organelles,nucleus,zenodo_3675220_platynereis,Platynereis,nucleus_00145,sparse,80,nuclei.zip:train_data_nuclei_06,vit_l_em_organelles,0.489,0.948366,0.901803,0.921943,0.976349,0.948366,0.999945,0.999957,8504,720,206,16767786,8710,9224,104880,0.083047,0.939532,0.930415,ok,8,7,0.875,1.0,0.933333,0.875,0.875,1.0,0.933333,0.875,0.846564,0.907033,0.933333
microsam_vit_l_em_organelles,nucleus,zenodo_3675220_platynereis,Platynereis,nucleus_00146,sparse,80,nuclei.zip:train_data_nuclei_06,vit_l_em_organelles,0.494,0.954603,0.913148,0.953692,0.955515,0.954603,0.999946,0.999973,9494,461,442,16766819,9936,9955,107625,0.092321,0.971197,0.921083,ok,7,7,1.0,1.0,1.0,1.0,1.0,1.0,1.0,1.0,0.906116,0.906116,1.0
microsam_vit_l_em_organelles,nucleus,zenodo_3675220_platynereis,Platynereis,nucleus_00147,sparse,80,nuclei.zip:train_data_nuclei_06,vit_l_em_organelles,0.495,0.949485,0.903828,0.947247,0.951733,0.949485,0.99994,0.999969,9445,526,479,16766766,9924,9971,107250,0.092531,0.932424,0.89806,ok,6,7,1.0,0.857143,0.923077,0.857143,1.0,0.857143,0.923077,0.857143,0.822045,0.890549,0.923077
microsam_vit_l_em_organelles,nucleus,zenodo_3675220_platynereis,Platynereis,nucleus_00148,sparse,80,nuclei.zip:train_data_nuclei_06,vit_l_em_organelles,0.495,0.95731,0.918115,0.941393,0.973774,0.95731,0.999946,0.999962,10248,638,276,16766054,10524,10886,106506,0.098811,0.963197,0.943647,ok,9,7,0.666667,0.857143,0.75,0.6,0.555556,0.714286,0.625,0.454545,0.65538,0.87384,0.75
microsam_vit_l_em_organelles,nucleus,zenodo_3675220_platynereis,Platynereis,nucleus_00149,sparse,80,nuclei.zip:train_data_nuclei_06,vit_l_em_organelles,0.496,0.943121,0.892364,0.914519,0.97357,0.943121,0.999916,0.999935,11640,1088,316,16764172,11956,12728,107310,0.111416,0.957227,0.864171,ok,10,7,0.7,1.0,0.823529,0.7,0.5,0.714286,0.588235,0.416667,0.668301,0.811508,0.823529
microsam_vit_l_em_organelles,nucleus,zenodo_3675220_platynereis,Platynereis,nucleus_00150,sparse,80,nuclei.zip:train_data_nuclei_07,vit_l_em_organelles,0.492,0.923831,0.858445,0.905603,0.942809,0.923831,0.999796,0.999871,20722,2160,1257,16753077,21979,22882,140625,0.156295,0.936075,0.871095,ok,23,21,0.826087,0.904762,0.863636,0.76,0.608696,0.666667,0.636364,0.466667,0.728771,0.84384,0.863636
microsam_vit_l_em_organelles,nucleus,zenodo_3675220_platynereis,Platynereis,nucleus_00151,sparse,80,nuclei.zip:train_data_nuclei_07,vit_l_em_organelles,0.495,0.944296,0.894471,0.947321,0.941291,0.944296,0.999874,0.999941,17893,995,1116,16757212,19009,18888,140625,0.135175,0.937838,0.919348,ok,19,22,0.842105,0.727273,0.780488,0.64,0.842105,0.727273,0.780488,0.64,0.717936,0.919855,0.780488
microsam_vit_l_em_organelles,nucleus,zenodo_3675220_platynereis,Platynereis,nucleus_00152,sparse,80,nuclei.zip:train_data_nuclei_07,vit_l_em_organelles,0.487,0.915964,0.844958,0.969429,0.868088,0.915964,0.999826,0.99997,15919,502,2419,16758376,18338,16421,140625,0.130404,0.876916,0.854567,ok,15,19,1.0,0.789474,0.882353,0.789474,0.866667,0.684211,0.764706,0.619048,0.788457,0.893584,0.882353
microsam_vit_l_em_organelles,nucleus,zenodo_3675220_platynereis,Platynereis,nucleus_00153,sparse,80,nuclei.zip:train_data_nuclei_07,vit_l_em_organelles,0.489,0.941127,0.8888,0.958545,0.92433,0.941127,0.999876,0.999957,16625,719,1361,16758511,17986,17344,140625,0.1279,0.932302,0.895842,ok,17,19,0.823529,0.736842,0.777778,0.636364,0.764706,0.684211,0.722222,0.565217,0.69011,0.887285,0.777778
microsam_vit_l_em_organelles,nucleus,zenodo_3675220_platynereis,Platynereis,nucleus_00154,sparse,80,nuclei.zip:train_data_nuclei_07,vit_l_em_organelles,0.494,0.949304,0.9035,0.933181,0.965994,0.949304,0.999888,0.999925,17555,1257,618,16757786,18173,18812,140625,0.12923,0.942874,0.932822,ok,17,17,0.941176,0.941176,0.941176,0.888889,0.941176,0.941176,0.941176,0.888889,0.871878,0.92637,0.941176
microsam_vit_l_em_organelles,nucleus,zenodo_3675220_platynereis,Platynereis,nucleus_00155,sparse,80,nuclei.zip:train_data_nuclei_07,vit_l_em_organelles,0.492,0.92256,0.856252,0.93024,0.915006,0.92256,0.999856,0.999936,14415,1081,1339,16760381,15754,15496,140625,0.112028,0.905289,0.855208,ok,12,14,0.916667,0.785714,0.846154,0.733333,0.833333,0.714286,0.769231,0.625,0.751532,0.888175,0.846154
microsam_vit_l_em_organelles,nucleus,zenodo_3675220_platynereis,Platynereis,nucleus_00156,sparse,80,nuclei.zip:train_data_nuclei_07,vit_l_em_organelles,0.489,0.919963,0.851788,0.940648,0.900168,0.919963,0.999866,0.999952,12885,813,1429,16762089,14314,13698,140625,0.101788,0.880098,0.870226,ok,13,14,0.846154,0.785714,0.814815,0.6875,0.769231,0.714286,0.740741,0.588235,0.733224,0.899865,0.814815
microsam_vit_l_em_organelles,nucleus,zenodo_3675220_platynereis,Platynereis,nucleus_00157,sparse,80,nuclei.zip:train_data_nuclei_07,vit_l_em_organelles,0.502,0.954611,0.913163,0.957244,0.951992,0.954611,0.999917,0.999961,14575,651,735,16761255,15310,15226,140250,0.109162,0.928162,0.922976,ok,12,12,0.833333,0.833333,0.833333,0.714286,0.75,0.75,0.75,0.6,0.740413,0.888495,0.833333
microsam_vit_l_em_organelles,nucleus,zenodo_3675220_platynereis,Platynereis,nucleus_00158,sparse,80,nuclei.zip:train_data_nuclei_07,vit_l_em_organelles,0.492,0.963666,0.92988,0.958788,0.968594,0.963666,0.999934,0.999962,14773,635,479,16761329,15252,15408,121125,0.12592,0.961174,0.948084,ok,10,11,1.0,0.909091,0.952381,0.909091,0.8,0.727273,0.761905,0.615385,0.842815,0.884956,0.952381
microsam_vit_l_em_organelles,nucleus,zenodo_3675220_platynereis,Platynereis,nucleus_00159,sparse,80,nuclei.zip:train_data_nuclei_07,vit_l_em_organelles,0.486,0.96852,0.938962,0.958083,0.979188,0.96852,0.999947,0.999964,13691,599,291,16762635,13982,14290,121125,0.115434,0.974026,0.966293,ok,10,10,1.0,1.0,1.0,1.0,1.0,1.0,1.0,1.0,0.921902,0.921902,1.0
microsam_vit_l_em_organelles,nucleus,zenodo_3675220_platynereis,Platynereis,nucleus_00160,sparse,80,nuclei.zip:train_data_nuclei_07,vit_l_em_organelles,0.485,0.932364,0.873299,0.960317,0.905993,0.932364,0.999905,0.999973,11035,456,1145,16764580,12180,11491,120750,0.10087,0.865892,0.897014,ok,11,11,0.636364,0.636364,0.636364,0.466667,0.545455,0.545455,0.545455,0.375,0.568771,0.893783,0.636364
microsam_vit_l_em_organelles,nucleus,zenodo_3675220_platynereis,Platynereis,nucleus_00161,sparse,80,nuclei.zip:train_data_nuclei_07,vit_l_em_organelles,0.493,0.947035,0.899399,0.944173,0.949915,0.947035,0.999929,0.999963,10621,628,560,16765407,11181,11249,131250,0.085189,0.931146,0.917527,ok,11,12,0.636364,0.583333,0.608696,0.4375,0.636364,0.583333,0.608696,0.4375,0.561544,0.922537,0.608696
microsam_vit_l_em_organelles,nucleus,zenodo_3675220_platynereis,Platynereis,nucleus_00162,sparse,80,nuclei.zip:train_data_nuclei_07,vit_l_em_organelles,0.489,0.87323,0.774986,0.952938,0.805828,0.87323,0.999838,0.999972,9375,463,2259,16765119,11634,9838,138375,0.084076,0.871889,0.840108,ok,12,13,0.833333,0.769231,0.8,0.666667,0.833333,0.769231,0.8,0.666667,0.715815,0.894769,0.8
microsam_vit_l_em_organelles,nucleus,zenodo_3675220_platynereis,Platynereis,nucleus_00163,sparse,80,nuclei.zip:train_data_nuclei_07,vit_l_em_organelles,0.491,0.951619,0.907704,0.934971,0.968871,0.951619,0.999935,0.999955,10769,749,346,16765352,11115,11518,140625,0.07904,0.965699,0.965564,ok,14,14,0.928571,0.928571,0.928571,0.866667,0.785714,0.785714,0.785714,0.647059,0.800826,0.862428,0.928571
microsam_vit_l_em_organelles,nucleus,zenodo_3675220_platynereis,Platynereis,nucleus_00164,sparse,80,nuclei.zip:train_data_nuclei_07,vit_l_em_organelles,0.749,0.970249,0.942217,0.950816,0.990493,0.970249,0.999957,0.999964,11773,609,113,16764721,11886,12382,140625,0.084523,0.969014,0.978394,ok,14,12,0.857143,1.0,0.923077,0.857143,0.785714,0.916667,0.846154,0.733333,0.83316,0.90259,0.923077
microsam_vit_l_em_organelles,nucleus,zenodo_3675220_platynereis,Platynereis,nucleus_00165,sparse,80,nuclei.zip:train_data_nuclei_07,vit_l_em_organelles,0.489,0.967168,0.936423,0.952489,0.982306,0.967168,0.999947,0.999961,12991,648,234,16763343,13225,13639,140625,0.094044,0.977982,0.975615,ok,13,12,0.923077,1.0,0.96,0.923077,0.846154,0.916667,0.88,0.785714,0.876254,0.912764,0.96
microsam_vit_l_em_organelles,nucleus,zenodo_3675220_platynereis,Platynereis,nucleus_00166,sparse,80,nuclei.zip:train_data_nuclei_07,vit_l_em_organelles,0.492,0.958142,0.919646,0.952073,0.964288,0.958142,0.99993,0.999959,13528,681,501,16762506,14029,14209,140625,0.099762,0.960465,0.944709,ok,13,13,0.923077,0.923077,0.923077,0.857143,0.923077,0.923077,0.923077,0.857143,0.852192,0.923208,0.923077
microsam_vit_l_em_organelles,nucleus,zenodo_3675220_platynereis,Platynereis,nucleus_00167,sparse,80,nuclei.zip:train_data_nuclei_07,vit_l_em_organelles,0.488,0.866479,0.764414,0.972963,0.781003,0.866479,0.999796,0.999982,11084,308,3108,16762716,14192,11392,140625,0.100921,0.806402,0.746203,ok,8,15,1.0,0.533333,0.695652,0.533333,0.75,0.4,0.521739,0.352941,0.614139,0.882826,0.695652
microsam_vit_l_em_organelles,nucleus,zenodo_3675220_platynereis,Platynereis,nucleus_00168,sparse,80,nuclei.zip:train_data_nuclei_07,vit_l_em_organelles,0.489,0.916645,0.846117,0.915463,0.91783,0.916645,0.999846,0.999922,14197,1311,1271,16760437,15468,15508,140625,0.109995,0.86588,0.862951,ok,14,14,0.714286,0.714286,0.714286,0.555556,0.571429,0.571429,0.571429,0.4,0.60005,0.84007,0.714286
microsam_vit_l_em_organelles,nucleus,zenodo_3675220_platynereis,Platynereis,nucleus_00169,sparse,80,nuclei.zip:train_data_nuclei_07,vit_l_em_organelles,0.54,0.949155,0.903229,0.954237,0.944126,0.949155,0.999896,0.999953,16306,782,965,16759163,17271,17088,140625,0.122816,0.943044,0.928008,ok,15,13,0.8,0.923077,0.857143,0.75,0.533333,0.615385,0.571429,0.4,0.725621,0.846558,0.857143
microsam_vit_l_em_organelles,nucleus,zenodo_3675220_platynereis,Platynereis,nucleus_00170,sparse,80,nuclei.zip:train_data_nuclei_07,vit_l_em_organelles,0.487,0.924657,0.859872,0.952459,0.898432,0.924657,0.999837,0.99995,16789,838,1898,16757691,18687,17627,140625,0.132885,0.920141,0.877326,ok,12,12,0.916667,0.916667,0.916667,0.846154,0.833333,0.833333,0.833333,0.714286,0.821988,0.896715,0.916667
microsam_vit_l_em_organelles,nucleus,zenodo_3675220_platynereis,Platynereis,nucleus_00171,sparse,80,nuclei.zip:train_data_nuclei_07,vit_l_em_organelles,0.487,0.958081,0.919534,0.965745,0.950537,0.958081,0.999904,0.999961,18410,653,958,16757195,19368,19063,140625,0.137728,0.976845,0.924113,ok,10,12,1.0,0.833333,0.909091,0.833333,1.0,0.833333,0.909091,0.833333,0.848336,0.933169,0.909091
microsam_vit_l_em_organelles,nucleus,zenodo_3675220_platynereis,Platynereis,nucleus_00172,sparse,80,nuclei.zip:train_data_nuclei_07,vit_l_em_organelles,0.495,0.947329,0.899929,0.95125,0.94344,0.947329,0.999883,0.999946,17698,907,1061,16757550,18759,18605,140625,0.133397,0.971793,0.88734,ok,11,11,0.909091,0.909091,0.909091,0.833333,0.818182,0.818182,0.818182,0.692308,0.805196,0.885715,0.909091
microsam_vit_l_em_organelles,nucleus,zenodo_3675220_platynereis,Platynereis,nucleus_00173,sparse,80,nuclei.zip:train_data_nuclei_07,vit_l_em_organelles,0.491,0.957252,0.918009,0.960233,0.954289,0.957252,0.999897,0.999952,19269,798,923,16756226,20192,20067,140625,0.143588,0.95541,0.912564,ok,11,10,0.909091,1.0,0.952381,0.909091,0.909091,1.0,0.952381,0.909091,0.870832,0.914374,0.952381
microsam_vit_l_em_organelles,nucleus,zenodo_3675220_platynereis,Platynereis,nucleus_00174,sparse,80,nuclei.zip:train_data_nuclei_07,vit_l_em_organelles,0.502,0.917095,0.846884,0.952805,0.883965,0.917095,0.99982,0.999951,16676,826,2189,16757525,18865,17502,140625,0.134151,0.856956,0.786582,ok,10,11,0.8,0.727273,0.761905,0.615385,0.7,0.636364,0.666667,0.5,0.665447,0.873399,0.761905
microsam_vit_l_em_organelles,nucleus,zenodo_3675220_platynereis,Platynereis,nucleus_00175,sparse,80,nuclei.zip:train_data_nuclei_08,vit_l_em_organelles,0.518,0.966894,0.93591,0.964956,0.968841,0.966894,0.999804,0.999896,48132,1748,1548,16725788,49680,49880,187500,0.26496,0.982189,0.955212,ok,38,36,0.947368,1.0,0.972973,0.947368,0.815789,0.861111,0.837838,0.72093,0.857425,0.881242,0.972973
microsam_vit_l_em_organelles,nucleus,zenodo_3675220_platynereis,Platynereis,nucleus_00176,sparse,80,nuclei.zip:train_data_nuclei_08,vit_l_em_organelles,0.493,0.972341,0.946171,0.974885,0.96981,0.972341,0.999833,0.999924,49181,1267,1531,16725237,50712,50448,187500,0.270464,0.966857,0.959618,ok,33,35,1.0,0.942857,0.970588,0.942857,0.969697,0.914286,0.941176,0.888889,0.897647,0.924848,0.970588
microsam_vit_l_em_organelles,nucleus,zenodo_3675220_platynereis,Platynereis,nucleus_00177,sparse,80,nuclei.zip:train_data_nuclei_08,vit_l_em_organelles,0.502,0.974619,0.950494,0.981304,0.968024,0.974619,0.999842,0.999942,50860,969,1680,16723707,52540,51829,187500,0.280213,0.960932,0.95874,ok,31,35,0.967742,0.857143,0.909091,0.833333,0.967742,0.857143,0.909091,0.833333,0.854515,0.939967,0.909091
microsam_vit_l_em_organelles,nucleus,zenodo_3675220_platynereis,Platynereis,nucleus_00178,sparse,80,nuclei.zip:train_data_nuclei_08,vit_l_em_organelles,0.506,0.966176,0.934565,0.982892,0.950019,0.966176,0.999788,0.999947,50845,885,2675,16722811,53520,51730,187500,0.28544,0.951525,0.92447,ok,34,37,1.0,0.918919,0.957746,0.918919,0.970588,0.891892,0.929577,0.868421,0.870227,0.90862,0.957746
microsam_vit_l_em_organelles,nucleus,zenodo_3675220_platynereis,Platynereis,nucleus_00179,sparse,80,nuclei.zip:train_data_nuclei_08,vit_l_em_organelles,0.792,0.962975,0.928594,0.983066,0.943689,0.962975,0.999771,0.999948,50041,862,2986,16723327,53027,50903,187500,0.282811,0.955439,0.929981,ok,36,36,0.944444,0.944444,0.944444,0.894737,0.916667,0.916667,0.916667,0.846154,0.853749,0.903969,0.944444
microsam_vit_l_em_organelles,nucleus,zenodo_3675220_platynereis,Platynereis,nucleus_00180,sparse,80,nuclei.zip:train_data_nuclei_08,vit_l_em_organelles,0.514,0.968835,0.939555,0.980153,0.957776,0.968835,0.999804,0.999938,51015,1033,2249,16722919,53264,52048,187500,0.284075,0.938035,0.943714,ok,32,36,0.9375,0.833333,0.882353,0.789474,0.90625,0.805556,0.852941,0.74359,0.816291,0.92513,0.882353
microsam_vit_l_em_organelles,nucleus,zenodo_3675220_platynereis,Platynereis,nucleus_00181,sparse,80,nuclei.zip:train_data_nuclei_08,vit_l_em_organelles,0.497,0.974347,0.949978,0.979192,0.969551,0.974347,0.99983,0.999931,54258,1153,1704,16720101,55962,55411,187500,0.298464,0.97773,0.961908,ok,33,34,0.969697,0.941176,0.955224,0.914286,0.969697,0.941176,0.955224,0.914286,0.890722,0.932475,0.955224
microsam_vit_l_em_organelles,nucleus,zenodo_3675220_platynereis,Platynereis,nucleus_00182,sparse,80,nuclei.zip:train_data_nuclei_08,vit_l_em_organelles,0.51,0.977521,0.956031,0.981535,0.97354,0.977521,0.999846,0.999937,56293,1059,1530,16718334,57823,57352,187500,0.308389,0.982887,0.976227,ok,33,33,1.0,1.0,1.0,1.0,1.0,1.0,1.0,1.0,0.938768,0.938768,1.0
microsam_vit_l_em_organelles,nucleus,zenodo_3675220_platynereis,Platynereis,nucleus_00183,sparse,80,nuclei.zip:train_data_nuclei_08,vit_l_em_organelles,0.497,0.97369,0.948729,0.978921,0.968515,0.97369,0.999815,0.999926,57585,1240,1872,16716519,59457,58825,187500,0.317104,0.977536,0.965877,ok,34,36,0.941176,0.888889,0.914286,0.842105,0.911765,0.861111,0.885714,0.794872,0.854822,0.934962,0.914286
microsam_vit_l_em_organelles,nucleus,zenodo_3675220_platynereis,Platynereis,nucleus_00184,sparse,80,nuclei.zip:train_data_nuclei_08,vit_l_em_organelles,0.501,0.973511,0.94839,0.977282,0.969769,0.973511,0.999806,0.999917,59667,1387,1860,16714302,61527,61054,187500,0.328144,0.989869,0.960352,ok,37,36,0.945946,0.972222,0.958904,0.921053,0.918919,0.944444,0.931507,0.871795,0.885103,0.923036,0.958904
microsam_vit_l_em_organelles,nucleus,zenodo_3675220_platynereis,Platynereis,nucleus_00185,sparse,80,nuclei.zip:train_data_nuclei_08,vit_l_em_organelles,0.504,0.972805,0.947049,0.975743,0.969884,0.972805,0.999799,0.99991,60417,1502,1876,16713421,62293,61919,187500,0.332229,0.968064,0.961129,ok,36,37,0.944444,0.918919,0.931507,0.871795,0.888889,0.864865,0.876712,0.780488,0.865167,0.928782,0.931507
microsam_vit_l_em_organelles,nucleus,zenodo_3675220_platynereis,Platynereis,nucleus_00186,sparse,80,nuclei.zip:train_data_nuclei_08,vit_l_em_organelles,0.505,0.975288,0.951767,0.982955,0.967739,0.975288,0.999818,0.999938,60205,1044,2007,16713960,62212,61249,187500,0.331797,0.979665,0.965837,ok,36,37,0.972222,0.945946,0.958904,0.921053,0.944444,0.918919,0.931507,0.871795,0.883418,0.921279,0.958904
microsam_vit_l_em_organelles,nucleus,zenodo_3675220_platynereis,Platynereis,nucleus_00187,sparse,80,nuclei.zip:train_data_nuclei_08,vit_l_em_organelles,0.506,0.975108,0.951425,0.98099,0.969296,0.975108,0.999819,0.999931,59602,1155,1888,16714571,61490,60757,187500,0.327947,0.973616,0.956491,ok,32,35,1.0,0.914286,0.955224,0.914286,1.0,0.914286,0.955224,0.914286,0.896889,0.93893,0.955224
microsam_vit_l_em_organelles,nucleus,zenodo_3675220_platynereis,Platynereis,nucleus_00188,sparse,80,nuclei.zip:train_data_nuclei_08,vit_l_em_organelles,0.495,0.974195,0.949688,0.982297,0.966225,0.974195,0.999817,0.999938,57930,1044,2025,16716217,59955,58974,187500,0.31976,0.970546,0.965564,ok,37,39,0.972973,0.923077,0.947368,0.9,0.891892,0.846154,0.868421,0.767442,0.871081,0.919474,0.947368
microsam_vit_l_em_organelles,nucleus,zenodo_3675220_platynereis,Platynereis,nucleus_00189,sparse,80,nuclei.zip:train_data_nuclei_08,vit_l_em_organelles,0.5,0.976625,0.954317,0.978103,0.975151,0.976625,0.999837,0.999923,57176,1280,1457,16717303,58633,58456,187500,0.312709,0.976769,0.967746,ok,37,39,1.0,0.948718,0.973684,0.948718,0.972973,0.923077,0.947368,0.9,0.913451,0.938139,0.973684
microsam_vit_l_em_organelles,nucleus,zenodo_3675220_platynereis,Platynereis,nucleus_00190,sparse,80,nuclei.zip:train_data_nuclei_08,vit_l_em_organelles,0.505,0.971576,0.944724,0.984718,0.958781,0.971576,0.999805,0.999948,55802,866,2399,16718149,58201,56668,187500,0.310405,0.968965,0.95486,ok,37,38,0.918919,0.894737,0.906667,0.829268,0.891892,0.868421,0.88,0.785714,0.845193,0.932199,0.906667
microsam_vit_l_em_organelles,nucleus,zenodo_3675220_platynereis,Platynereis,nucleus_00191,sparse,80,nuclei.zip:train_data_nuclei_08,vit_l_em_organelles,0.507,0.970866,0.943382,0.981817,0.960157,0.970866,0.999798,0.999937,56535,1047,2346,16717288,58881,57582,187500,0.314032,0.970245,0.949624,ok,37,39,1.0,0.948718,0.973684,0.948718,1.0,0.948718,0.973684,0.948718,0.910985,0.935606,0.973684
microsam_vit_l_em_organelles,nucleus,zenodo_3675220_platynereis,Platynereis,nucleus_00192,sparse,80,nuclei.zip:train_data_nuclei_08,vit_l_em_organelles,0.516,0.976611,0.954291,0.981418,0.971851,0.976611,0.999828,0.999932,60211,1140,1744,16714121,61955,61351,187500,0.330427,0.967216,0.970618,ok,43,41,0.953488,1.0,0.97619,0.953488,0.930233,0.97561,0.952381,0.909091,0.908515,0.930674,0.97619
microsam_vit_l_em_organelles,nucleus,zenodo_3675220_platynereis,Platynereis,nucleus_00193,sparse,80,nuclei.zip:train_data_nuclei_08,vit_l_em_organelles,0.501,0.972737,0.946921,0.974792,0.970691,0.972737,0.999795,0.999905,61369,1587,1853,16712407,63222,62956,187500,0.337184,0.968075,0.95316,ok,42,43,0.904762,0.883721,0.894118,0.808511,0.880952,0.860465,0.870588,0.770833,0.831021,0.929431,0.894118
microsam_vit_l_em_organelles,nucleus,zenodo_3675220_platynereis,Platynereis,nucleus_00194,sparse,80,nuclei.zip:train_data_nuclei_08,vit_l_em_organelles,0.498,0.972543,0.946553,0.976297,0.968817,0.972543,0.999793,0.999911,61578,1495,1982,16712161,63560,63073,187500,0.338987,0.965633,0.955798,ok,39,41,0.948718,0.902439,0.925,0.860465,0.948718,0.902439,0.925,0.860465,0.870295,0.940859,0.925
microsam_vit_l_em_organelles,nucleus,zenodo_3675220_platynereis,Platynereis,nucleus_00195,sparse,80,nuclei.zip:train_data_nuclei_08,vit_l_em_organelles,0.502,0.971203,0.944019,0.979602,0.962948,0.971203,0.999784,0.999924,61230,1275,2356,16712355,63586,62505,187000,0.340032,0.96978,0.945584,ok,36,41,1.0,0.878049,0.935065,0.878049,1.0,0.878049,0.935065,0.878049,0.879367,0.940434,0.935065
microsam_vit_l_em_organelles,nucleus,zenodo_3675220_platynereis,Platynereis,nucleus_00196,sparse,80,nuclei.zip:train_data_nuclei_08,vit_l_em_organelles,0.501,0.966625,0.935406,0.981573,0.952125,0.966625,0.999746,0.999931,61632,1157,3099,16711328,64731,62789,187500,0.345232,0.969843,0.935893,ok,41,42,0.97561,0.952381,0.963855,0.930233,0.902439,0.880952,0.891566,0.804348,0.876025,0.908876,0.963855
microsam_vit_l_em_organelles,nucleus,zenodo_3675220_platynereis,Platynereis,nucleus_00197,sparse,80,nuclei.zip:train_data_nuclei_08,vit_l_em_organelles,0.498,0.970703,0.943074,0.978691,0.962844,0.970703,0.999775,0.999919,62556,1362,2414,16710884,64970,63918,187500,0.346507,0.964652,0.941184,ok,39,40,0.974359,0.95,0.962025,0.926829,0.923077,0.9,0.911392,0.837209,0.878636,0.913319,0.962025
microsam_vit_l_em_organelles,nucleus,zenodo_3675220_platynereis,Platynereis,nucleus_00198,sparse,80,nuclei.zip:train_data_nuclei_08,vit_l_em_organelles,1.229,0.969941,0.941636,0.97886,0.961183,0.969941,0.99977,0.99992,62277,1345,2515,16711079,64792,63622,187500,0.345557,0.956632,0.945522,ok,35,38,0.971429,0.894737,0.931507,0.871795,0.942857,0.868421,0.90411,0.825,0.868198,0.932036,0.931507
microsam_vit_l_em_organelles,nucleus,zenodo_3675220_platynereis,Platynereis,nucleus_00199,sparse,80,nuclei.zip:train_data_nuclei_08,vit_l_em_organelles,0.651,0.965191,0.932724,0.979354,0.951432,0.965191,0.999734,0.999922,61903,1305,3160,16710848,65063,63208,187500,0.347003,0.956045,0.928561,ok,40,37,0.875,0.945946,0.909091,0.833333,0.85,0.918919,0.883117,0.790698,0.834063,0.91747,0.909091
microsam_vit_l_em_organelles,nucleus,zenodo_3675220_platynereis,Platynereis,nucleus_00200,sparse,80,nuclei.zip:train_data_nuclei_09,vit_l_em_organelles,0.533,0.962573,0.927847,0.960236,0.964922,0.962573,0.999869,0.99993,28278,1171,1028,16746739,29306,29449,106875,0.274208,0.963184,0.951098,ok,19,18,0.894737,0.944444,0.918919,0.85,0.842105,0.888889,0.864865,0.761905,0.842648,0.916999,0.918919
microsam_vit_l_em_organelles,nucleus,zenodo_3675220_platynereis,Platynereis,nucleus_00201,sparse,80,nuclei.zip:train_data_nuclei_09,vit_l_em_organelles,0.494,0.969929,0.941614,0.959052,0.981056,0.969929,0.999887,0.999922,30658,1309,592,16744657,31250,31967,105750,0.295508,0.978605,0.9645,ok,20,20,0.9,0.9,0.9,0.818182,0.8,0.8,0.8,0.666667,0.815939,0.906598,0.9
microsam_vit_l_em_organelles,nucleus,zenodo_3675220_platynereis,Platynereis,nucleus_00202,sparse,80,nuclei.zip:train_data_nuclei_09,vit_l_em_organelles,0.502,0.968258,0.93847,0.967446,0.969072,0.968258,0.999878,0.999937,31145,1048,994,16744029,32139,32193,104250,0.308288,0.962448,0.959717,ok,20,20,1.0,1.0,1.0,1.0,0.9,0.9,0.9,0.818182,0.91104,0.91104,1.0
microsam_vit_l_em_organelles,nucleus,zenodo_3675220_platynereis,Platynereis,nucleus_00203,sparse,80,nuclei.zip:train_data_nuclei_09,vit_l_em_organelles,0.493,0.969335,0.940496,0.96563,0.973069,0.969335,0.999887,0.999936,30062,1070,832,16745252,30894,31132,108000,0.286056,0.98081,0.970017,ok,21,22,0.952381,0.909091,0.930233,0.869565,0.952381,0.909091,0.930233,0.869565,0.85583,0.920017,0.930233
microsam_vit_l_em_organelles,nucleus,zenodo_3675220_platynereis,Platynereis,nucleus_00204,sparse,80,nuclei.zip:train_data_nuclei_09,vit_l_em_organelles,0.501,0.967256,0.936589,0.960983,0.973612,0.967256,0.999889,0.999933,27561,1119,747,16747789,28308,28680,109875,0.257638,0.975175,0.974419,ok,22,23,1.0,0.956522,0.977778,0.956522,1.0,0.956522,0.977778,0.956522,0.891524,0.911786,0.977778
microsam_vit_l_em_organelles,nucleus,zenodo_3675220_platynereis,Platynereis,nucleus_00205,sparse,80,nuclei.zip:train_data_nuclei_09,vit_l_em_organelles,0.489,0.957851,0.919111,0.953599,0.96214,0.957851,0.999871,0.999929,24600,1197,968,16750451,25568,25797,110625,0.231123,0.981123,0.951155,ok,23,23,1.0,1.0,1.0,1.0,0.913043,0.913043,0.913043,0.84,0.894347,0.894347,1.0
microsam_vit_l_em_organelles,nucleus,zenodo_3675220_platynereis,Platynereis,nucleus_00206,sparse,80,nuclei.zip:train_data_nuclei_09,vit_l_em_organelles,0.494,0.961334,0.925547,0.955864,0.966867,0.961334,0.999887,0.999935,23520,1086,806,16751804,24326,24606,110250,0.220644,0.977242,0.960563,ok,21,20,0.952381,1.0,0.97561,0.952381,0.952381,1.0,0.97561,0.952381,0.890765,0.913034,0.97561
microsam_vit_l_em_organelles,nucleus,zenodo_3675220_platynereis,Platynereis,nucleus_00207,sparse,80,nuclei.zip:train_data_nuclei_09,vit_l_em_organelles,0.489,0.966259,0.934721,0.963755,0.968777,0.966259,0.999901,0.999947,23798,895,767,16751756,24565,24693,112875,0.21763,0.972469,0.95756,ok,19,18,0.894737,0.944444,0.918919,0.85,0.789474,0.833333,0.810811,0.681818,0.818066,0.890249,0.918919
microsam_vit_l_em_organelles,nucleus,zenodo_3675220_platynereis,Platynereis,nucleus_00208,sparse,80,nuclei.zip:train_data_nuclei_09,vit_l_em_organelles,0.49,0.960979,0.924889,0.957186,0.964803,0.960979,0.999874,0.99993,26068,1166,951,16749031,27019,27234,114750,0.23546,0.967052,0.947791,ok,20,19,0.9,0.947368,0.923077,0.857143,0.75,0.789474,0.769231,0.625,0.81255,0.880263,0.923077
microsam_vit_l_em_organelles,nucleus,zenodo_3675220_platynereis,Platynereis,nucleus_00209,sparse,80,nuclei.zip:train_data_nuclei_09,vit_l_em_organelles,0.495,0.953123,0.910443,0.963574,0.942895,0.953123,0.999837,0.999937,27723,1048,1679,16746766,29402,28771,115500,0.254563,0.962853,0.933354,ok,19,19,0.894737,0.894737,0.894737,0.809524,0.789474,0.789474,0.789474,0.652174,0.801954,0.896301,0.894737
microsam_vit_l_em_organelles,nucleus,zenodo_3675220_platynereis,Platynereis,nucleus_00210,sparse,80,nuclei.zip:train_data_nuclei_09,vit_l_em_organelles,0.49,0.961152,0.92521,0.961024,0.961281,0.961152,0.999861,0.99993,28824,1169,1161,16746062,29985,29993,116250,0.257935,0.976958,0.94635,ok,21,19,0.904762,1.0,0.95,0.904762,0.714286,0.789474,0.75,0.6,0.827195,0.870732,0.95
microsam_vit_l_em_organelles,nucleus,zenodo_3675220_platynereis,Platynereis,nucleus_00211,sparse,80,nuclei.zip:train_data_nuclei_09,vit_l_em_organelles,0.497,0.960713,0.924396,0.955299,0.966188,0.960713,0.999866,0.999923,27547,1289,964,16747416,28511,28836,113712,0.25073,0.980486,0.940923,ok,19,19,0.894737,0.894737,0.894737,0.809524,0.842105,0.842105,0.842105,0.727273,0.800509,0.894686,0.894737
microsam_vit_l_em_organelles,nucleus,zenodo_3675220_platynereis,Platynereis,nucleus_00212,sparse,80,nuclei.zip:train_data_nuclei_09,vit_l_em_organelles,0.494,0.959222,0.92164,0.955484,0.96299,0.959222,0.999858,0.999922,28075,1308,1079,16746754,29154,29383,122250,0.238479,0.968433,0.946175,ok,21,20,0.857143,0.9,0.878049,0.782609,0.809524,0.85,0.829268,0.708333,0.769947,0.876884,0.878049
microsam_vit_l_em_organelles,nucleus,zenodo_3675220_platynereis,Platynereis,nucleus_00213,sparse,80,nuclei.zip:train_data_nuclei_09,vit_l_em_organelles,0.497,0.955648,0.915064,0.949988,0.961376,0.955648,0.999846,0.999913,27828,1465,1118,16746805,28946,29293,128625,0.225042,0.960729,0.941222,ok,22,20,0.909091,1.0,0.952381,0.909091,0.681818,0.75,0.714286,0.555556,0.802816,0.842957,0.952381
microsam_vit_l_em_organelles,nucleus,zenodo_3675220_platynereis,Platynereis,nucleus_00214,sparse,80,nuclei.zip:train_data_nuclei_09,vit_l_em_organelles,0.494,0.962423,0.927567,0.964102,0.960749,0.962423,0.99987,0.999938,27904,1039,1140,16747133,29044,28943,130500,0.222559,0.971889,0.958388,ok,24,20,0.833333,1.0,0.909091,0.833333,0.75,0.9,0.818182,0.692308,0.791893,0.871082,0.909091
microsam_vit_l_em_organelles,nucleus,zenodo_3675220_platynereis,Platynereis,nucleus_00215,sparse,80,nuclei.zip:train_data_nuclei_09,vit_l_em_organelles,0.497,0.960699,0.924369,0.955247,0.966213,0.960699,0.99987,0.999925,26681,1250,933,16748352,27614,27931,133500,0.206846,0.972789,0.961844,ok,25,23,0.84,0.913043,0.875,0.777778,0.68,0.73913,0.708333,0.548387,0.743889,0.850159,0.875
microsam_vit_l_em_organelles,nucleus,zenodo_3675220_platynereis,Platynereis,nucleus_00216,sparse,80,nuclei.zip:train_data_nuclei_09,vit_l_em_organelles,0.553,0.965222,0.932783,0.968132,0.96233,0.965222,0.999889,0.999949,25853,851,1012,16749500,26865,26704,134625,0.199554,0.962556,0.954123,ok,20,21,0.9,0.857143,0.878049,0.782609,0.85,0.809524,0.829268,0.708333,0.797276,0.908009,0.878049
microsam_vit_l_em_organelles,nucleus,zenodo_3675220_platynereis,Platynereis,nucleus_00217,sparse,80,nuclei.zip:train_data_nuclei_09,vit_l_em_organelles,0.498,0.960692,0.924358,0.963334,0.958065,0.960692,0.999885,0.999946,23646,900,1035,16751635,24681,24546,135000,0.182822,0.953757,0.944859,ok,19,21,0.947368,0.857143,0.9,0.818182,0.842105,0.761905,0.8,0.666667,0.797795,0.886439,0.9
microsam_vit_l_em_organelles,nucleus,zenodo_3675220_platynereis,Platynereis,nucleus_00218,sparse,80,nuclei.zip:train_data_nuclei_09,vit_l_em_organelles,0.489,0.957302,0.9181,0.955462,0.959148,0.957302,0.999888,0.999941,21131,985,900,16754200,22031,22116,135375,0.162741,0.938311,0.920703,ok,16,19,0.9375,0.789474,0.857143,0.75,0.8125,0.684211,0.742857,0.590909,0.764793,0.892259,0.857143
microsam_vit_l_em_organelles,nucleus,zenodo_3675220_platynereis,Platynereis,nucleus_00219,sparse,80,nuclei.zip:train_data_nuclei_09,vit_l_em_organelles,0.492,0.961622,0.92608,0.956885,0.966405,0.961622,0.999908,0.999948,19331,871,672,16756342,20003,20202,135375,0.14776,0.959761,0.9549,ok,15,16,1.0,0.9375,0.967742,0.9375,0.933333,0.875,0.903226,0.823529,0.864374,0.893186,0.967742
microsam_vit_l_em_organelles,nucleus,zenodo_3675220_platynereis,Platynereis,nucleus_00220,sparse,80,nuclei.zip:train_data_nuclei_09,vit_l_em_organelles,0.575,0.95101,0.906597,0.948703,0.953329,0.95101,0.999899,0.999947,16423,888,804,16759101,17227,17311,133125,0.129405,0.937743,0.913097,ok,15,15,0.933333,0.933333,0.933333,0.875,0.8,0.8,0.8,0.666667,0.81707,0.875432,0.933333
microsam_vit_l_em_organelles,nucleus,zenodo_3675220_platynereis,Platynereis,nucleus_00221,sparse,80,nuclei.zip:train_data_nuclei_09,vit_l_em_organelles,0.489,0.950321,0.905344,0.945591,0.955098,0.950321,0.999904,0.999947,15485,891,728,16760112,16213,16376,131250,0.123528,0.947212,0.926906,ok,16,15,0.8125,0.866667,0.83871,0.722222,0.625,0.666667,0.645161,0.47619,0.710814,0.847509,0.83871
microsam_vit_l_em_organelles,nucleus,zenodo_3675220_platynereis,Platynereis,nucleus_00222,sparse,80,nuclei.zip:train_data_nuclei_09,vit_l_em_organelles,0.492,0.940749,0.888126,0.947145,0.934438,0.940749,0.999884,0.999949,15393,859,1080,16759884,16473,16252,131250,0.125509,0.929709,0.910362,ok,14,15,0.857143,0.8,0.827586,0.705882,0.785714,0.733333,0.758621,0.611111,0.731144,0.883466,0.827586
microsam_vit_l_em_organelles,nucleus,zenodo_3675220_platynereis,Platynereis,nucleus_00223,sparse,80,nuclei.zip:train_data_nuclei_09,vit_l_em_organelles,0.491,0.940168,0.887092,0.951398,0.929201,0.940168,0.999886,0.999954,14975,765,1141,16760335,16116,15740,121800,0.132315,0.925479,0.903558,ok,15,15,0.866667,0.866667,0.866667,0.764706,0.733333,0.733333,0.733333,0.578947,0.74516,0.8598,0.866667
microsam_vit_l_em_organelles,nucleus,zenodo_3675220_platynereis,Platynereis,nucleus_00224,sparse,80,nuclei.zip:train_data_nuclei_09,vit_l_em_organelles,0.49,0.920691,0.853037,0.935226,0.906601,0.920691,0.999852,0.999941,14366,995,1480,16760375,15846,15361,119370,0.132747,0.883835,0.874427,ok,13,15,0.846154,0.733333,0.785714,0.647059,0.846154,0.733333,0.785714,0.647059,0.707846,0.900895,0.785714
microsam_vit_l_em_organelles,nucleus,zenodo_3675220_platynereis,Platynereis,nucleus_00225,sparse,80,nuclei.zip:train_data_nuclei_10,vit_l_em_organelles,0.499,0.916342,0.845601,0.921366,0.911373,0.916342,0.999904,0.999955,8823,753,858,16766782,9681,9576,127500,0.075929,0.833433,0.819583,ok,7,6,0.714286,0.833333,0.769231,0.625,0.571429,0.666667,0.615385,0.444444,0.669567,0.870437,0.769231
microsam_vit_l_em_organelles,nucleus,zenodo_3675220_platynereis,Platynereis,nucleus_00226,sparse,80,nuclei.zip:train_data_nuclei_10,vit_l_em_organelles,0.488,0.974606,0.95047,0.957809,0.992003,0.974606,0.999968,0.999973,10420,459,84,16766253,10504,10879,82472,0.127364,1.0,0.978765,ok,5,5,1.0,1.0,1.0,1.0,1.0,1.0,1.0,1.0,0.937943,0.937943,1.0
microsam_vit_l_em_organelles,nucleus,zenodo_3675220_platynereis,Platynereis,nucleus_00227,sparse,80,nuclei.zip:train_data_nuclei_10,vit_l_em_organelles,0.497,0.950348,0.905393,0.956116,0.944649,0.950348,0.999936,0.999972,10240,470,600,16765906,10840,10710,82420,0.131521,0.929265,0.913682,ok,4,5,1.0,0.8,0.888889,0.8,1.0,0.8,0.888889,0.8,0.84463,0.950208,0.888889
microsam_vit_l_em_organelles,nucleus,zenodo_3675220_platynereis,Platynereis,nucleus_00228,sparse,80,nuclei.zip:train_data_nuclei_10,vit_l_em_organelles,0.495,0.958865,0.920981,0.93956,0.97898,0.958865,0.999941,0.999956,11457,737,246,16764776,11703,12194,113803,0.102836,0.984318,0.917102,ok,6,7,1.0,0.857143,0.923077,0.857143,1.0,0.857143,0.923077,0.857143,0.857008,0.928426,0.923077
microsam_vit_l_em_organelles,nucleus,zenodo_3675220_platynereis,Platynereis,nucleus_00229,sparse,80,nuclei.zip:train_data_nuclei_10,vit_l_em_organelles,0.513,0.958171,0.919701,0.949413,0.967093,0.958171,0.999933,0.999959,12931,689,440,16763156,13371,13620,132750,0.100723,0.985822,0.956761,ok,12,9,0.583333,0.777778,0.666667,0.5,0.583333,0.777778,0.666667,0.5,0.607117,0.910675,0.666667
microsam_vit_l_em_organelles,nucleus,zenodo_3675220_platynereis,Platynereis,nucleus_00230,sparse,80,nuclei.zip:train_data_nuclei_10,vit_l_em_organelles,0.495,0.86175,0.757083,0.962678,0.779976,0.86175,0.999787,0.999974,11117,431,3136,16762532,14253,11548,134625,0.105872,0.816095,0.827533,ok,7,9,1.0,0.777778,0.875,0.777778,1.0,0.777778,0.875,0.777778,0.804224,0.919113,0.875
microsam_vit_l_em_organelles,nucleus,zenodo_3675220_platynereis,Platynereis,nucleus_00231,sparse,80,nuclei.zip:train_data_nuclei_10,vit_l_em_organelles,0.49,0.679842,0.51497,0.961429,0.525834,0.679842,0.999545,0.999981,8101,325,7305,16761485,15406,8426,140625,0.109554,0.766559,0.724129,ok,8,11,0.875,0.636364,0.736842,0.583333,0.75,0.545455,0.631579,0.461538,0.638571,0.866632,0.736842
microsam_vit_l_em_organelles,nucleus,zenodo_3675220_platynereis,Platynereis,nucleus_00232,sparse,80,nuclei.zip:train_data_nuclei_10,vit_l_em_organelles,0.489,0.781317,0.641116,0.944175,0.666376,0.781317,0.999617,0.99996,11467,678,5741,16759330,17208,12145,135750,0.126762,0.852954,0.792518,ok,8,11,1.0,0.727273,0.842105,0.727273,1.0,0.727273,0.842105,0.727273,0.750642,0.891388,0.842105
microsam_vit_l_em_organelles,nucleus,zenodo_3675220_platynereis,Platynereis,nucleus_00233,sparse,80,nuclei.zip:train_data_nuclei_10,vit_l_em_organelles,0.497,0.829262,0.708324,0.937522,0.743416,0.829262,0.999679,0.999948,13070,871,4511,16758764,17581,13941,100875,0.174285,0.889645,0.83979,ok,7,9,0.857143,0.666667,0.75,0.6,0.714286,0.555556,0.625,0.454545,0.654954,0.873271,0.75
microsam_vit_l_em_organelles,nucleus,zenodo_3675220_platynereis,Platynereis,nucleus_00234,sparse,80,nuclei.zip:train_data_nuclei_10,vit_l_em_organelles,0.49,0.940189,0.887128,0.953609,0.927141,0.940189,0.999866,0.999949,17637,858,1386,16757335,19023,18495,136500,0.139363,0.930073,0.907898,ok,8,10,1.0,0.8,0.888889,0.8,1.0,0.8,0.888889,0.8,0.819141,0.921534,0.888889
microsam_vit_l_em_organelles,nucleus,zenodo_3675220_platynereis,Platynereis,nucleus_00235,sparse,80,nuclei.zip:train_data_nuclei_10,vit_l_em_organelles,0.74,0.846809,0.734318,0.950975,0.763209,0.846809,0.99968,0.999954,14820,764,4598,16757034,19418,15584,140625,0.138084,0.847458,0.82952,ok,11,12,0.818182,0.75,0.782609,0.642857,0.727273,0.666667,0.695652,0.533333,0.685861,0.876378,0.782609
microsam_vit_l_em_organelles,nucleus,zenodo_3675220_platynereis,Platynereis,nucleus_00236,sparse,80,nuclei.zip:train_data_nuclei_10,vit_l_em_organelles,0.491,0.918938,0.850033,0.951903,0.888181,0.918938,0.999812,0.999946,17832,901,2245,16756238,20077,18733,140625,0.14277,0.90551,0.875785,ok,11,11,0.909091,0.909091,0.909091,0.833333,0.727273,0.727273,0.727273,0.571429,0.790839,0.869923,0.909091
microsam_vit_l_em_organelles,nucleus,zenodo_3675220_platynereis,Platynereis,nucleus_00237,sparse,80,nuclei.zip:train_data_nuclei_10,vit_l_em_organelles,0.499,0.889547,0.801067,0.944906,0.840315,0.889547,0.999744,0.99994,17271,1007,3282,16755656,20553,18278,140625,0.146155,0.860305,0.788185,ok,9,12,1.0,0.75,0.857143,0.75,1.0,0.75,0.857143,0.75,0.757308,0.883526,0.857143
microsam_vit_l_em_organelles,nucleus,zenodo_3675220_platynereis,Platynereis,nucleus_00238,sparse,80,nuclei.zip:train_data_nuclei_10,vit_l_em_organelles,0.494,0.922772,0.856617,0.935582,0.910308,0.922772,0.999812,0.999923,18837,1297,1856,16755226,20693,20134,140625,0.14715,0.915118,0.839931,ok,12,12,0.916667,0.916667,0.916667,0.846154,0.75,0.75,0.75,0.6,0.78507,0.85644,0.916667
microsam_vit_l_em_organelles,nucleus,zenodo_3675220_platynereis,Platynereis,nucleus_00239,sparse,80,nuclei.zip:train_data_nuclei_10,vit_l_em_organelles,0.497,0.952968,0.910162,0.950519,0.95543,0.952968,0.999878,0.999936,20708,1078,966,16754464,21674,21786,140625,0.154126,0.917189,0.897707,ok,10,11,1.0,0.909091,0.952381,0.909091,1.0,0.909091,0.952381,0.909091,0.85497,0.897719,0.952381
microsam_vit_l_em_organelles,nucleus,zenodo_3675220_platynereis,Platynereis,nucleus_00240,sparse,80,nuclei.zip:train_data_nuclei_10,vit_l_em_organelles,0.491,0.956989,0.917525,0.955949,0.958031,0.956989,0.999885,0.999941,21549,993,944,16753730,22493,22542,140625,0.15995,0.941176,0.904852,ok,12,12,0.833333,0.833333,0.833333,0.714286,0.666667,0.666667,0.666667,0.5,0.714863,0.857835,0.833333
microsam_vit_l_em_organelles,nucleus,zenodo_3675220_platynereis,Platynereis,nucleus_00241,sparse,80,nuclei.zip:train_data_nuclei_10,vit_l_em_organelles,0.495,0.939917,0.886645,0.951323,0.928782,0.939917,0.999844,0.999938,20462,1047,1569,16754138,22031,21509,127875,0.172285,0.911147,0.904636,ok,11,11,0.818182,0.818182,0.818182,0.692308,0.727273,0.727273,0.727273,0.571429,0.720846,0.881035,0.818182
microsam_vit_l_em_organelles,nucleus,zenodo_3675220_platynereis,Platynereis,nucleus_00242,sparse,80,nuclei.zip:train_data_nuclei_10,vit_l_em_organelles,0.496,0.927746,0.865229,0.951726,0.904943,0.927746,0.999819,0.999941,19459,987,2044,16754726,21503,20446,125250,0.171681,0.901752,0.814391,ok,8,14,0.875,0.5,0.636364,0.466667,0.875,0.5,0.636364,0.466667,0.58041,0.912072,0.636364
microsam_vit_l_em_organelles,nucleus,zenodo_3675220_platynereis,Platynereis,nucleus_00243,sparse,80,nuclei.zip:train_data_nuclei_10,vit_l_em_organelles,0.492,0.91089,0.836362,0.946147,0.878166,0.91089,0.999787,0.999938,18272,1040,2535,16755369,20807,19312,97300,0.213844,0.883645,0.839721,ok,8,11,0.875,0.636364,0.736842,0.583333,0.75,0.545455,0.631579,0.461538,0.631715,0.857327,0.736842
microsam_vit_l_em_organelles,nucleus,zenodo_3675220_platynereis,Platynereis,nucleus_00244,sparse,80,nuclei.zip:train_data_nuclei_10,vit_l_em_organelles,0.492,0.746454,0.595474,0.943338,0.617563,0.746454,0.999484,0.999954,12736,765,7887,16755828,20623,13501,127875,0.161275,0.666667,0.689073,ok,6,12,1.0,0.5,0.666667,0.5,1.0,0.5,0.666667,0.5,0.61312,0.919679,0.666667
microsam_vit_l_em_organelles,nucleus,zenodo_3675220_platynereis,Platynereis,nucleus_00245,sparse,80,nuclei.zip:train_data_nuclei_10,vit_l_em_organelles,0.493,0.693229,0.53049,0.929297,0.552801,0.693229,0.999426,0.999951,10883,828,8804,16756701,19687,11711,140625,0.139996,0.690241,0.648825,ok,8,14,0.875,0.5,0.636364,0.466667,0.75,0.428571,0.545455,0.375,0.560363,0.880571,0.636364
microsam_vit_l_em_organelles,nucleus,zenodo_3675220_platynereis,Platynereis,nucleus_00246,sparse,80,nuclei.zip:train_data_nuclei_10,vit_l_em_organelles,0.493,0.765602,0.620224,0.946128,0.642929,0.765602,0.999555,0.999959,12206,695,6779,16757536,18985,12901,140625,0.135004,0.731372,0.687229,ok,9,13,0.777778,0.538462,0.636364,0.466667,0.777778,0.538462,0.636364,0.466667,0.568456,0.893287,0.636364
microsam_vit_l_em_organelles,nucleus,zenodo_3675220_platynereis,Platynereis,nucleus_00247,sparse,80,nuclei.zip:train_data_nuclei_10,vit_l_em_organelles,0.49,0.904822,0.826187,0.95192,0.862165,0.904822,0.999829,0.999959,13661,690,2184,16760681,15845,14351,140625,0.112676,0.956735,0.93198,ok,11,11,0.818182,0.818182,0.818182,0.692308,0.818182,0.818182,0.818182,0.692308,0.755436,0.923311,0.818182
microsam_vit_l_em_organelles,nucleus,zenodo_3675220_platynereis,Platynereis,nucleus_00248,sparse,80,nuclei.zip:train_data_nuclei_10,vit_l_em_organelles,0.493,0.881753,0.788514,0.944769,0.826618,0.881753,0.999801,0.999957,12453,728,2612,16761423,15065,13181,140625,0.107129,0.931151,0.901971,ok,10,10,0.8,0.8,0.8,0.666667,0.6,0.6,0.6,0.428571,0.670833,0.838541,0.8
microsam_vit_l_em_organelles,nucleus,zenodo_3675220_platynereis,Platynereis,nucleus_00249,sparse,80,nuclei.zip:train_data_nuclei_10,vit_l_em_organelles,0.484,0.864646,0.761565,0.933079,0.805565,0.864646,0.999781,0.99995,11754,843,2837,16761782,14591,12597,140625,0.103758,0.897705,0.8725,ok,10,11,0.8,0.727273,0.761905,0.615385,0.7,0.636364,0.666667,0.5,0.654571,0.859124,0.761905
microsam_vit_l_em_organelles,nucleus,zenodo_3675220_platynereis,Platynereis,nucleus_00250,sparse,80,nuclei.zip:train_data_nuclei_11,vit_l_em_organelles,0.493,0.947164,0.899631,0.949291,0.945047,0.947164,0.999895,0.999949,15856,847,922,16759591,16778,16703,128625,0.130441,0.921384,0.87851,ok,9,10,0.888889,0.8,0.842105,0.727273,0.777778,0.7,0.736842,0.583333,0.749865,0.890465,0.842105
microsam_vit_l_em_organelles,nucleus,zenodo_3675220_platynereis,Platynereis,nucleus_00251,sparse,80,nuclei.zip:train_data_nuclei_11,vit_l_em_organelles,0.502,0.96474,0.931883,0.965463,0.964018,0.96474,0.99993,0.999966,16102,576,601,16759937,16703,16678,126750,0.131779,0.942138,0.940629,ok,11,11,0.909091,0.909091,0.909091,0.833333,0.909091,0.909091,0.909091,0.833333,0.825395,0.907934,0.909091
microsam_vit_l_em_organelles,nucleus,zenodo_3675220_platynereis,Platynereis,nucleus_00252,sparse,80,nuclei.zip:train_data_nuclei_11,vit_l_em_organelles,0.492,0.959611,0.922359,0.9585,0.960725,0.959611,0.999923,0.99996,15313,663,626,16760614,15939,15976,124875,0.12764,0.950725,0.906116,ok,12,12,0.666667,0.666667,0.666667,0.5,0.666667,0.666667,0.666667,0.5,0.622026,0.933039,0.666667
microsam_vit_l_em_organelles,nucleus,zenodo_3675220_platynereis,Platynereis,nucleus_00253,sparse,80,nuclei.zip:train_data_nuclei_11,vit_l_em_organelles,0.491,0.950421,0.905526,0.952325,0.948525,0.950421,0.99991,0.999957,14502,726,787,16761201,15289,15228,140625,0.108722,0.973767,0.905052,ok,12,13,1.0,0.923077,0.96,0.923077,1.0,0.923077,0.96,0.923077,0.860845,0.896713,0.96
microsam_vit_l_em_organelles,nucleus,zenodo_3675220_platynereis,Platynereis,nucleus_00254,sparse,80,nuclei.zip:train_data_nuclei_11,vit_l_em_organelles,0.795,0.947994,0.901129,0.961387,0.934969,0.947994,0.999911,0.999967,13644,548,949,16762075,14593,14192,140625,0.103772,0.952176,0.8972,ok,12,11,0.916667,1.0,0.956522,0.916667,0.833333,0.909091,0.869565,0.769231,0.85988,0.898965,0.956522
microsam_vit_l_em_organelles,nucleus,zenodo_3675220_platynereis,Platynereis,nucleus_00255,sparse,80,nuclei.zip:train_data_nuclei_11,vit_l_em_organelles,0.51,0.958111,0.91959,0.964219,0.952079,0.958111,0.999935,0.999972,12477,463,628,16763648,13105,12940,140625,0.093191,0.912928,0.927173,ok,10,11,0.9,0.818182,0.857143,0.75,0.8,0.727273,0.761905,0.615385,0.784937,0.91576,0.857143
microsam_vit_l_em_organelles,nucleus,zenodo_3675220_platynereis,Platynereis,nucleus_00256,sparse,80,nuclei.zip:train_data_nuclei_11,vit_l_em_organelles,0.491,0.967484,0.937016,0.961473,0.973571,0.967484,0.999948,0.999969,13077,524,355,16763260,13432,13601,140625,0.095516,0.970974,0.962374,ok,10,9,0.8,0.888889,0.842105,0.727273,0.7,0.777778,0.736842,0.583333,0.76771,0.911656,0.842105
microsam_vit_l_em_organelles,nucleus,zenodo_3675220_platynereis,Platynereis,nucleus_00257,sparse,80,nuclei.zip:train_data_nuclei_11,vit_l_em_organelles,0.503,0.972563,0.94659,0.965111,0.98013,0.972563,0.999949,0.999967,15242,551,309,16761114,15551,15793,140625,0.110585,0.997792,0.969915,ok,8,8,1.0,1.0,1.0,1.0,1.0,1.0,1.0,1.0,0.9374,0.9374,1.0
microsam_vit_l_em_organelles,nucleus,zenodo_3675220_platynereis,Platynereis,nucleus_00258,sparse,80,nuclei.zip:train_data_nuclei_11,vit_l_em_organelles,0.494,0.971033,0.943697,0.960626,0.981668,0.971033,0.99994,0.999959,16761,687,313,16759455,17074,17448,140625,0.121415,0.988291,0.965476,ok,10,9,0.9,1.0,0.947368,0.9,0.9,1.0,0.947368,0.9,0.874124,0.922686,0.947368
microsam_vit_l_em_organelles,nucleus,zenodo_3675220_platynereis,Platynereis,nucleus_00259,sparse,80,nuclei.zip:train_data_nuclei_11,vit_l_em_organelles,0.498,0.97082,0.943296,0.96671,0.974966,0.97082,0.999934,0.999962,18382,633,472,16757729,18854,19015,140625,0.134073,0.969578,0.95935,ok,10,10,1.0,1.0,1.0,1.0,0.9,0.9,0.9,0.818182,0.896145,0.896145,1.0
microsam_vit_l_em_organelles,nucleus,zenodo_3675220_platynereis,Platynereis,nucleus_00260,sparse,80,nuclei.zip:train_data_nuclei_11,vit_l_em_organelles,0.492,0.966302,0.934801,0.969569,0.963057,0.966302,0.999923,0.999965,18639,585,715,16757277,19354,19224,140625,0.137628,0.986737,0.963678,ok,10,9,0.8,0.888889,0.842105,0.727273,0.8,0.888889,0.842105,0.727273,0.775245,0.920603,0.842105
microsam_vit_l_em_organelles,nucleus,zenodo_3675220_platynereis,Platynereis,nucleus_00261,sparse,80,nuclei.zip:train_data_nuclei_11,vit_l_em_organelles,0.492,0.977446,0.955887,0.972493,0.982449,0.977446,0.99995,0.999969,18137,513,324,16758242,18461,18650,138375,0.133413,0.978528,0.984576,ok,9,9,1.0,1.0,1.0,1.0,1.0,1.0,1.0,1.0,0.939219,0.939219,1.0
microsam_vit_l_em_organelles,nucleus,zenodo_3675220_platynereis,Platynereis,nucleus_00262,sparse,80,nuclei.zip:train_data_nuclei_11,vit_l_em_organelles,0.492,0.957068,0.91767,0.963997,0.950238,0.957068,0.999921,0.999967,14780,552,774,16761110,15554,15332,135000,0.115215,0.9748,0.932862,ok,10,10,0.9,0.9,0.9,0.818182,0.8,0.8,0.8,0.666667,0.784487,0.871652,0.9
microsam_vit_l_em_organelles,nucleus,zenodo_3675220_platynereis,Platynereis,nucleus_00263,sparse,80,nuclei.zip:train_data_nuclei_11,vit_l_em_organelles,0.488,0.938468,0.884069,0.94498,0.932045,0.938468,0.99991,0.99996,11576,674,844,16764122,12420,12250,129375,0.096,0.946333,0.904677,ok,10,10,0.7,0.7,0.7,0.538462,0.6,0.6,0.6,0.428571,0.611682,0.873831,0.7
microsam_vit_l_em_organelles,nucleus,zenodo_3675220_platynereis,Platynereis,nucleus_00264,sparse,80,nuclei.zip:train_data_nuclei_11,vit_l_em_organelles,0.49,0.955627,0.915025,0.954477,0.95678,0.955627,0.999947,0.999973,9519,454,430,16766813,9949,9973,129000,0.077124,0.967442,0.937956,ok,8,9,0.875,0.777778,0.823529,0.7,0.75,0.666667,0.705882,0.545455,0.740862,0.899618,0.823529
microsam_vit_l_em_organelles,nucleus,zenodo_3675220_platynereis,Platynereis,nucleus_00265,sparse,80,nuclei.zip:train_data_nuclei_11,vit_l_em_organelles,0.492,0.971879,0.945297,0.966949,0.97686,0.971879,0.999968,0.999981,9245,316,219,16767436,9464,9561,65750,0.143939,0.974424,0.982932,ok,7,7,1.0,1.0,1.0,1.0,1.0,1.0,1.0,1.0,0.94408,0.94408,1.0
microsam_vit_l_em_organelles,nucleus,zenodo_3675220_platynereis,Platynereis,nucleus_00266,sparse,80,nuclei.zip:train_data_nuclei_11,vit_l_em_organelles,0.495,0.936455,0.880503,0.946995,0.926147,0.936455,0.999931,0.999971,8540,478,681,16767517,9221,9018,104625,0.088134,0.963057,0.928259,ok,6,8,1.0,0.75,0.857143,0.75,1.0,0.75,0.857143,0.75,0.787553,0.918812,0.857143
microsam_vit_l_em_organelles,nucleus,zenodo_3675220_platynereis,Platynereis,nucleus_00267,sparse,80,nuclei.zip:train_data_nuclei_11,vit_l_em_organelles,0.495,0.972861,0.947157,0.96512,0.980728,0.972861,0.999966,0.999978,10127,366,199,16766524,10326,10493,107250,0.09628,0.998668,0.988417,ok,7,7,1.0,1.0,1.0,1.0,1.0,1.0,1.0,1.0,0.949393,0.949393,1.0
microsam_vit_l_em_organelles,nucleus,zenodo_3675220_platynereis,Platynereis,nucleus_00268,sparse,80,nuclei.zip:train_data_nuclei_11,vit_l_em_organelles,0.492,0.976013,0.953149,0.968419,0.983726,0.976013,0.999969,0.99998,10518,343,174,16766181,10692,10861,105000,0.101829,0.995024,0.992553,ok,8,7,0.875,1.0,0.933333,0.875,0.875,1.0,0.933333,0.875,0.891722,0.955417,0.933333
microsam_vit_l_em_organelles,nucleus,zenodo_3675220_platynereis,Platynereis,nucleus_00269,sparse,80,nuclei.zip:train_data_nuclei_11,vit_l_em_organelles,0.489,0.910037,0.834924,0.977111,0.85158,0.910037,0.999895,0.999988,8922,209,1555,16766530,10477,9131,102000,0.102716,0.939013,0.926336,ok,8,7,0.75,0.857143,0.8,0.666667,0.75,0.857143,0.8,0.666667,0.753043,0.941304,0.8
microsam_vit_l_em_organelles,nucleus,zenodo_3675220_platynereis,Platynereis,nucleus_00270,sparse,80,nuclei.zip:train_data_nuclei_11,vit_l_em_organelles,0.494,0.967573,0.937183,0.978011,0.957356,0.967573,0.999962,0.999987,9429,212,420,16767155,9849,9641,100125,0.098367,0.965347,0.95544,ok,7,8,1.0,0.875,0.933333,0.875,1.0,0.875,0.933333,0.875,0.86752,0.929486,0.933333
microsam_vit_l_em_organelles,nucleus,zenodo_3675220_platynereis,Platynereis,nucleus_00271,sparse,80,nuclei.zip:train_data_nuclei_11,vit_l_em_organelles,0.492,0.942509,0.891269,0.975715,0.911489,0.942509,0.999941,0.999988,8156,203,792,16768065,8948,8359,98250,0.091074,0.961586,0.919748,ok,8,8,1.0,1.0,1.0,1.0,0.75,0.75,0.75,0.6,0.835202,0.835202,1.0
microsam_vit_l_em_organelles,nucleus,zenodo_3675220_platynereis,Platynereis,nucleus_00272,sparse,80,nuclei.zip:train_data_nuclei_11,vit_l_em_organelles,0.49,0.87952,0.784949,0.979858,0.797822,0.87952,0.999901,0.999993,6081,125,1541,16769469,7622,6206,95625,0.079707,0.903752,0.883532,ok,5,8,1.0,0.625,0.769231,0.625,1.0,0.625,0.769231,0.625,0.717876,0.933239,0.769231
microsam_vit_l_em_organelles,nucleus,zenodo_3675220_platynereis,Platynereis,nucleus_00273,sparse,80,nuclei.zip:train_data_nuclei_11,vit_l_em_organelles,0.737,0.860739,0.755524,0.960851,0.77952,0.860739,0.999886,0.999986,5915,241,1673,16769387,7588,6156,62250,0.121896,0.891634,0.882464,ok,7,7,0.857143,0.857143,0.857143,0.75,0.857143,0.857143,0.857143,0.75,0.789094,0.920609,0.857143
microsam_vit_l_em_organelles,nucleus,zenodo_3675220_platynereis,Platynereis,nucleus_00274,sparse,80,nuclei.zip:train_data_nuclei_11,vit_l_em_organelles,0.494,0.842992,0.728597,0.949226,0.758144,0.842992,0.999873,0.999982,5702,305,1819,16769390,7521,6007,59500,0.126403,0.916212,0.868565,ok,7,7,0.857143,0.857143,0.857143,0.75,0.857143,0.857143,0.857143,0.75,0.791323,0.92321,0.857143
microsam_vit_l_em_organelles,nucleus,zenodo_3675220_platynereis,Platynereis,nucleus_00275,sparse,80,nuclei.zip:train_data_nuclei_12,vit_l_em_organelles,0.496,0.947881,0.900926,0.931133,0.965243,0.947881,0.999872,0.999914,19551,1446,704,16755515,20255,20997,105375,0.192218,0.919463,0.843269,ok,7,10,1.0,0.7,0.823529,0.7,1.0,0.7,0.823529,0.7,0.760247,0.923157,0.823529
microsam_vit_l_em_organelles,nucleus,zenodo_3675220_platynereis,Platynereis,nucleus_00276,sparse,80,nuclei.zip:train_data_nuclei_12,vit_l_em_organelles,0.501,0.965462,0.93323,0.951744,0.979581,0.965462,0.999915,0.99994,19861,1007,414,16755934,20275,20868,105000,0.193095,0.946977,0.938967,ok,11,11,0.818182,0.818182,0.818182,0.692308,0.818182,0.818182,0.818182,0.692308,0.737525,0.90142,0.818182
microsam_vit_l_em_organelles,nucleus,zenodo_3675220_platynereis,Platynereis,nucleus_00277,sparse,80,nuclei.zip:train_data_nuclei_12,vit_l_em_organelles,0.492,0.952528,0.90936,0.944749,0.960437,0.952528,0.99989,0.999936,18450,1079,760,16756927,19210,19529,105000,0.182952,0.948891,0.930687,ok,10,11,1.0,0.909091,0.952381,0.909091,1.0,0.909091,0.952381,0.909091,0.848836,0.891277,0.952381
microsam_vit_l_em_organelles,nucleus,zenodo_3675220_platynereis,Platynereis,nucleus_00278,sparse,80,nuclei.zip:train_data_nuclei_12,vit_l_em_organelles,0.493,0.971911,0.945357,0.955766,0.988611,0.971911,0.999931,0.999944,20138,932,232,16755914,20370,21070,104625,0.194695,0.989897,0.980878,ok,11,10,0.909091,1.0,0.952381,0.909091,0.909091,1.0,0.952381,0.909091,0.884821,0.929063,0.952381
microsam_vit_l_em_organelles,nucleus,zenodo_3675220_platynereis,Platynereis,nucleus_00279,sparse,80,nuclei.zip:train_data_nuclei_12,vit_l_em_organelles,0.493,0.970479,0.942651,0.961907,0.979206,0.970479,0.999924,0.999951,20908,828,444,16755036,21352,21736,105750,0.20191,0.982847,0.966845,ok,10,10,1.0,1.0,1.0,1.0,0.9,0.9,0.9,0.818182,0.915892,0.915892,1.0
microsam_vit_l_em_organelles,nucleus,zenodo_3675220_platynereis,Platynereis,nucleus_00280,sparse,80,nuclei.zip:train_data_nuclei_12,vit_l_em_organelles,0.492,0.969615,0.941022,0.963369,0.975942,0.969615,0.999925,0.999955,20040,762,494,16755920,20534,20802,103875,0.19768,0.995035,0.966712,ok,11,10,0.909091,1.0,0.952381,0.909091,0.909091,1.0,0.952381,0.909091,0.866041,0.909343,0.952381
microsam_vit_l_em_organelles,nucleus,zenodo_3675220_platynereis,Platynereis,nucleus_00281,sparse,80,nuclei.zip:train_data_nuclei_12,vit_l_em_organelles,0.493,0.933288,0.87492,0.957129,0.910606,0.933288,0.999848,0.999952,17816,798,1749,16756853,19565,18614,103875,0.188351,0.894791,0.873548,ok,8,10,1.0,0.8,0.888889,0.8,1.0,0.8,0.888889,0.8,0.816403,0.918453,0.888889
microsam_vit_l_em_organelles,nucleus,zenodo_3675220_platynereis,Platynereis,nucleus_00282,sparse,80,nuclei.zip:train_data_nuclei_12,vit_l_em_organelles,0.505,0.954633,0.913203,0.970167,0.939588,0.954633,0.999899,0.999967,17886,550,1150,16757630,19036,18436,104625,0.181945,0.947827,0.922886,ok,12,9,0.75,1.0,0.857143,0.75,0.666667,0.888889,0.761905,0.615385,0.739496,0.862746,0.857143
microsam_vit_l_em_organelles,nucleus,zenodo_3675220_platynereis,Platynereis,nucleus_00283,sparse,80,nuclei.zip:train_data_nuclei_12,vit_l_em_organelles,0.491,0.974207,0.949712,0.972388,0.976034,0.974207,0.999943,0.99997,17960,510,441,16758305,18401,18470,76725,0.239831,0.958376,0.946663,ok,8,8,1.0,1.0,1.0,1.0,1.0,1.0,1.0,1.0,0.936316,0.936316,1.0
microsam_vit_l_em_organelles,nucleus,zenodo_3675220_platynereis,Platynereis,nucleus_00284,sparse,80,nuclei.zip:train_data_nuclei_12,vit_l_em_organelles,0.494,0.929978,0.869121,0.971948,0.891483,0.929978,0.999866,0.999974,14968,432,1822,16759994,16790,15400,74790,0.224495,0.910628,0.88968,ok,7,8,0.857143,0.75,0.8,0.666667,0.857143,0.75,0.8,0.666667,0.756156,0.945195,0.8
microsam_vit_l_em_organelles,nucleus,zenodo_3675220_platynereis,Platynereis,nucleus_00285,sparse,80,nuclei.zip:train_data_nuclei_12,vit_l_em_organelles,0.498,0.966176,0.934566,0.970068,0.962316,0.966176,0.999938,0.999973,14811,457,580,16761368,15391,15268,73158,0.21038,0.970874,0.922634,ok,8,7,0.875,1.0,0.933333,0.875,0.75,0.857143,0.8,0.666667,0.827963,0.887103,0.933333
microsam_vit_l_em_organelles,nucleus,zenodo_3675220_platynereis,Platynereis,nucleus_00286,sparse,80,nuclei.zip:train_data_nuclei_12,vit_l_em_organelles,0.497,0.941341,0.889182,0.955351,0.927736,0.941341,0.999897,0.999962,13801,645,1075,16761695,14876,14446,87957,0.169128,0.931507,0.900567,ok,7,8,1.0,0.875,0.933333,0.875,1.0,0.875,0.933333,0.875,0.846845,0.907334,0.933333
microsam_vit_l_em_organelles,nucleus,zenodo_3675220_platynereis,Platynereis,nucleus_00287,sparse,80,nuclei.zip:train_data_nuclei_12,vit_l_em_organelles,0.491,0.955937,0.915594,0.944121,0.968053,0.955937,0.999923,0.999951,13939,825,460,16761992,14399,14764,85158,0.169086,0.964602,0.910498,ok,7,10,1.0,0.7,0.823529,0.7,1.0,0.7,0.823529,0.7,0.752921,0.914261,0.823529
microsam_vit_l_em_organelles,nucleus,zenodo_3675220_platynereis,Platynereis,nucleus_00288,sparse,80,nuclei.zip:train_data_nuclei_12,vit_l_em_organelles,0.494,0.960413,0.923841,0.945983,0.97529,0.960413,0.999923,0.999946,15709,897,398,16760212,16107,16606,87538,0.184,0.966384,0.914616,ok,9,11,1.0,0.818182,0.9,0.818182,0.888889,0.727273,0.8,0.666667,0.795996,0.88444,0.9
microsam_vit_l_em_organelles,nucleus,zenodo_3675220_platynereis,Platynereis,nucleus_00289,sparse,80,nuclei.zip:train_data_nuclei_12,vit_l_em_organelles,0.5,0.965447,0.933203,0.972722,0.958281,0.965447,0.999929,0.999972,16653,467,725,16759371,17378,17120,89088,0.195066,0.940493,0.927005,ok,10,12,0.8,0.666667,0.727273,0.571429,0.8,0.666667,0.727273,0.571429,0.67628,0.929885,0.727273
microsam_vit_l_em_organelles,nucleus,zenodo_3675220_platynereis,Platynereis,nucleus_00290,sparse,80,nuclei.zip:train_data_nuclei_12,vit_l_em_organelles,0.496,0.966782,0.9357,0.974179,0.959497,0.966782,0.999929,0.999973,17317,459,731,16758709,18048,17776,89436,0.201798,0.952126,0.934956,ok,11,12,0.818182,0.75,0.782609,0.642857,0.727273,0.666667,0.695652,0.533333,0.707506,0.904035,0.782609
microsam_vit_l_em_organelles,nucleus,zenodo_3675220_platynereis,Platynereis,nucleus_00291,sparse,80,nuclei.zip:train_data_nuclei_12,vit_l_em_organelles,0.491,0.964161,0.930802,0.97249,0.955974,0.964161,0.999922,0.99997,17675,500,814,16758227,18489,18175,87720,0.210773,0.983109,0.943504,ok,11,10,0.818182,0.9,0.857143,0.75,0.727273,0.8,0.761905,0.615385,0.773873,0.902851,0.857143
microsam_vit_l_em_organelles,nucleus,zenodo_3675220_platynereis,Platynereis,nucleus_00292,sparse,80,nuclei.zip:train_data_nuclei_12,vit_l_em_organelles,0.799,0.969072,0.939999,0.964555,0.973631,0.969072,0.999932,0.999961,17797,654,482,16758283,18279,18451,87122,0.209809,0.936058,0.935183,ok,8,9,1.0,0.888889,0.941176,0.888889,1.0,0.888889,0.941176,0.888889,0.856763,0.910311,0.941176
microsam_vit_l_em_organelles,nucleus,zenodo_3675220_platynereis,Platynereis,nucleus_00293,sparse,80,nuclei.zip:train_data_nuclei_12,vit_l_em_organelles,0.5,0.972516,0.946502,0.965785,0.979341,0.972516,0.999942,0.999963,17303,613,365,16758935,17668,17916,85340,0.207031,0.992893,0.956166,ok,9,9,1.0,1.0,1.0,1.0,1.0,1.0,1.0,1.0,0.921769,0.921769,1.0
microsam_vit_l_em_organelles,nucleus,zenodo_3675220_platynereis,Platynereis,nucleus_00294,sparse,80,nuclei.zip:train_data_nuclei_12,vit_l_em_organelles,0.511,0.958034,0.919448,0.967417,0.948831,0.958034,0.99992,0.999969,15261,514,823,16760618,16084,15775,83239,0.193227,0.96822,0.946692,ok,9,9,1.0,1.0,1.0,1.0,0.888889,0.888889,0.888889,0.8,0.874145,0.874145,1.0
microsam_vit_l_em_organelles,nucleus,zenodo_3675220_platynereis,Platynereis,nucleus_00295,sparse,80,nuclei.zip:train_data_nuclei_12,vit_l_em_organelles,0.492,0.962005,0.926791,0.971524,0.95267,0.962005,0.999936,0.999976,13647,400,678,16762491,14325,14047,75999,0.188489,0.952618,0.924281,ok,8,8,0.875,0.875,0.875,0.777778,0.625,0.625,0.625,0.454545,0.747143,0.853878,0.875
microsam_vit_l_em_organelles,nucleus,zenodo_3675220_platynereis,Platynereis,nucleus_00296,sparse,80,nuclei.zip:train_data_nuclei_12,vit_l_em_organelles,0.492,0.960668,0.924312,0.974752,0.946984,0.960668,0.99994,0.999981,12200,316,683,16764017,12883,12516,72900,0.176722,0.961938,0.96137,ok,10,9,0.7,0.777778,0.736842,0.583333,0.6,0.666667,0.631579,0.461538,0.642495,0.871958,0.736842
microsam_vit_l_em_organelles,nucleus,zenodo_3675220_platynereis,Platynereis,nucleus_00297,sparse,80,nuclei.zip:train_data_nuclei_12,vit_l_em_organelles,0.488,0.962174,0.927105,0.954741,0.969723,0.962174,0.999943,0.999965,12235,580,382,16764019,12617,12815,67410,0.187168,0.973453,0.963003,ok,10,9,0.9,1.0,0.947368,0.9,0.8,0.888889,0.842105,0.727273,0.816276,0.861625,0.947368
microsam_vit_l_em_organelles,nucleus,zenodo_3675220_platynereis,Platynereis,nucleus_00298,sparse,80,nuclei.zip:train_data_nuclei_12,vit_l_em_organelles,0.49,0.963206,0.929024,0.948665,0.978199,0.963206,0.999943,0.99996,12474,675,278,16763789,12752,13149,56875,0.224211,0.997368,0.9692,ok,9,8,0.888889,1.0,0.941176,0.888889,0.666667,0.75,0.705882,0.545455,0.805245,0.855573,0.941176
microsam_vit_l_em_organelles,nucleus,zenodo_3675220_platynereis,Platynereis,nucleus_00299,sparse,80,nuclei.zip:train_data_nuclei_12,vit_l_em_organelles,0.494,0.962763,0.928199,0.942155,0.984292,0.962763,0.999938,0.99995,13535,831,216,16762634,13751,14366,60454,0.227462,1.0,0.952066,ok,9,8,0.888889,1.0,0.941176,0.888889,0.777778,0.875,0.823529,0.7,0.825667,0.877271,0.941176
