model,organelle,dataset,dataset_label,crop_id,coverage,voxel_nm,source_image,model_type,infer_s,dice,iou,precision,recall,f1,accuracy,specificity,tp,fp,fn,tn,gt_area,pred_area,eval_area,gt_frac,cldice,boundary_f1,status,inst_n_pred,inst_n_gt,inst_precision@0.5,inst_recall@0.5,inst_f1@0.5,inst_ap@0.5,inst_precision@0.75,inst_recall@0.75,inst_f1@0.75,inst_ap@0.75,inst_pq,inst_sq,inst_rq
microsam_vit_l_em_organelles,mito,deepcontact_tem,DeepContact,tem_00000,sparse,4.68,20180115_B1_1_10.jpg,vit_l_em_organelles,0.983,0.574051,0.402575,0.581399,0.566886,0.574051,0.997682,0.998872,26206,18868,20022,16712120,46228,45074,1238472,0.037327,0.643832,0.485321,ok,,,,,,,,,,,,,
microsam_vit_l_em_organelles,mito,deepcontact_tem,DeepContact,tem_00001,sparse,4.68,20180115_B1_1_19.jpg,vit_l_em_organelles,0.603,0.636712,0.467042,0.68572,0.594243,0.636712,0.997421,0.99896,37921,17380,25893,16696022,63814,55301,1270392,0.050232,0.698171,0.567312,ok,,,,,,,,,,,,,
microsam_vit_l_em_organelles,mito,deepcontact_tem,DeepContact,tem_00002,sparse,4.68,20180115_B1_1_20.jpg,vit_l_em_organelles,0.6,0.585486,0.413913,0.606612,0.565782,0.585486,0.998874,0.999484,13340,8651,10238,16744987,23578,21991,530910,0.044411,0.721523,0.263258,ok,,,,,,,,,,,,,
microsam_vit_l_em_organelles,mito,deepcontact_tem,DeepContact,tem_00003,sparse,4.68,20180115_B1_1_28.jpg,vit_l_em_organelles,0.931,0.654632,0.486582,0.785545,0.56112,0.654632,0.996601,0.999115,54051,14756,42276,16666133,96327,68807,896660,0.107429,0.735653,0.210391,ok,,,,,,,,,,,,,
microsam_vit_l_em_organelles,mito,deepcontact_tem,DeepContact,tem_00004,sparse,4.68,20180115_B1_1_30.jpg,vit_l_em_organelles,0.619,0.776216,0.634275,0.882909,0.692529,0.776216,0.996967,0.999297,88260,11705,39186,16638065,127446,99965,1226745,0.10389,0.8517,0.688919,ok,,,,,,,,,,,,,
microsam_vit_l_em_organelles,mito,deepcontact_tem,DeepContact,tem_00005,sparse,4.68,20180115_B1_1_32.jpg,vit_l_em_organelles,0.851,0.373908,0.229942,0.528493,0.28929,0.373908,0.996507,0.999066,17500,15613,42993,16701110,60493,33113,816384,0.074099,0.400563,0.373957,ok,,,,,,,,,,,,,
microsam_vit_l_em_organelles,mito,deepcontact_tem,DeepContact,tem_00006,sparse,4.68,20180115_B7_1_09.jpg,vit_l_em_organelles,0.601,0.829796,0.709104,0.945545,0.739295,0.829796,0.99815,0.999739,75672,4358,26685,16670501,102357,80030,1282930,0.079784,0.85372,0.639076,ok,,,,,,,,,,,,,
microsam_vit_l_em_organelles,mito,deepcontact_tem,DeepContact,tem_00007,sparse,4.68,20180115_B7_1_10.jpg,vit_l_em_organelles,0.605,0.668489,0.502053,0.55429,0.841954,0.668489,0.99773,0.998155,38399,30877,7208,16700732,45607,69276,1048092,0.043514,0.627813,0.257085,ok,,,,,,,,,,,,,
microsam_vit_l_em_organelles,mito,deepcontact_tem,DeepContact,tem_00008,sparse,4.68,20180115_B7_1_11.jpg,vit_l_em_organelles,0.618,0.688034,0.52443,0.89805,0.557628,0.688034,0.996883,0.999607,57671,6547,45751,16667247,103422,64218,1226880,0.084297,0.764267,0.568969,ok,,,,,,,,,,,,,
microsam_vit_l_em_organelles,mito,deepcontact_tem,DeepContact,tem_00009,sparse,4.68,20180115_B7_1_15.jpg,vit_l_em_organelles,0.613,0.436941,0.279543,0.536522,0.368539,0.436941,0.997571,0.999184,15814,13661,27096,16720645,42910,29475,892314,0.048088,0.412855,0.170234,ok,,,,,,,,,,,,,
microsam_vit_l_em_organelles,mito,deepcontact_tem,DeepContact,tem_00010,sparse,4.68,20180115_B7_1_25.jpg,vit_l_em_organelles,0.616,0.522076,0.35325,0.384776,0.811727,0.522076,0.997722,0.998007,20876,33379,4842,16718119,25718,54255,1014930,0.02534,0.256379,0.119487,ok,,,,,,,,,,,,,
microsam_vit_l_em_organelles,mito,deepcontact_tem,DeepContact,tem_00011,sparse,4.68,20180115_B7_1_30.jpg,vit_l_em_organelles,0.609,0.428053,0.272308,0.293217,0.792469,0.428053,0.998807,0.998923,7492,18059,1962,16749703,9454,25551,1268552,0.007453,0.329897,0.109135,ok,,,,,,,,,,,,,
microsam_vit_l_em_organelles,mito,deepcontact_tem,DeepContact,tem_00012,sparse,4.68,20180115_B7_1_31.jpg,vit_l_em_organelles,0.597,0.449537,0.289937,0.567155,0.372323,0.449537,0.99599,0.998745,27473,20967,46315,16682461,73788,48440,879472,0.0839,0.447997,0.057643,ok,,,,,,,,,,,,,
microsam_vit_l_em_organelles,mito,deepcontact_tem,DeepContact,tem_00013,sparse,4.68,20180115_B7_1_40.jpg,vit_l_em_organelles,0.598,0.741348,0.589001,0.805965,0.686323,0.741348,0.998481,0.999474,36511,8790,16687,16715228,53198,45301,1223712,0.043473,0.63816,0.569118,ok,,,,,,,,,,,,,
microsam_vit_l_em_organelles,mito,deepcontact_tem,DeepContact,tem_00014,sparse,4.68,20180115_B7_1_41.jpg,vit_l_em_organelles,0.638,0.513488,0.345432,0.510969,0.516033,0.513488,0.996348,0.998149,32330,30942,30321,16683623,62651,63272,938616,0.066748,0.50696,0.406197,ok,,,,,,,,,,,,,
microsam_vit_l_em_organelles,mito,deepcontact_tem,DeepContact,tem_00015,sparse,4.68,20180115_B9_2_setted_01.jpg,vit_l_em_organelles,0.602,0.087254,0.045617,0.265816,0.052193,0.087254,0.996882,0.999587,2500,6905,45399,16722412,47899,9405,844497,0.056719,0.114345,0.014191,ok,,,,,,,,,,,,,
microsam_vit_l_em_organelles,mito,deepcontact_tem,DeepContact,tem_00016,sparse,4.68,20180115_B9_2_setted_02.jpg,vit_l_em_organelles,0.594,0.286847,0.167438,0.37486,0.232304,0.286847,0.997416,0.999131,8720,14542,28817,16725137,37537,23262,707350,0.053067,0.234065,0.246358,ok,,,,,,,,,,,,,
microsam_vit_l_em_organelles,mito,deepcontact_tem,DeepContact,tem_00017,sparse,4.68,20180115_B9_2_setted_03.jpg,vit_l_em_organelles,0.609,0.523886,0.354909,0.856422,0.377361,0.523886,0.99794,0.999809,19016,3188,31376,16723636,50392,22204,1050594,0.047965,0.594871,0.219128,ok,,,,,,,,,,,,,
microsam_vit_l_em_organelles,mito,deepcontact_tem,DeepContact,tem_00018,sparse,4.68,20180115_B9_2_setted_04.jpg,vit_l_em_organelles,0.603,0.23636,0.134018,0.356279,0.176838,0.23636,0.997231,0.999224,7189,12989,33464,16723574,40653,20178,827200,0.049145,0.223861,0.06128,ok,,,,,,,,,,,,,
microsam_vit_l_em_organelles,mito,deepcontact_tem,DeepContact,tem_00019,sparse,4.68,20180115_B9_2_setted_06.jpg,vit_l_em_organelles,0.602,0.724522,0.568039,0.99421,0.569925,0.724522,0.998047,0.999985,43096,251,32521,16701348,75617,43347,1303260,0.058021,0.881328,0.512216,ok,,,,,,,,,,,,,
microsam_vit_l_em_organelles,mito,deepcontact_tem,DeepContact,tem_00020,sparse,4.68,20180115_B9_2_setted_10.jpg,vit_l_em_organelles,0.612,0.537871,0.367869,0.67374,0.447606,0.537871,0.997343,0.999249,25941,12562,32014,16706699,57955,38503,1239040,0.046774,0.605327,0.372119,ok,,,,,,,,,,,,,
microsam_vit_l_em_organelles,mito,deepcontact_tem,DeepContact,tem_00021,sparse,4.68,20180115_B9_2_setted_16.jpg,vit_l_em_organelles,0.623,0.44161,0.283376,0.420216,0.465299,0.44161,0.995814,0.997708,27770,38315,31912,16679219,59682,66085,1141690,0.052275,0.332964,0.350303,ok,,,,,,,,,,,,,
microsam_vit_l_em_organelles,mito,deepcontact_tem,DeepContact,tem_00022,sparse,4.68,20180115_B9_2_setted_20.jpg,vit_l_em_organelles,0.6,0.453116,0.292922,0.691918,0.336857,0.453116,0.996699,0.999389,22944,10216,45168,16698888,68112,33160,944025,0.072151,0.455925,0.161744,ok,,,,,,,,,,,,,
microsam_vit_l_em_organelles,mito,deepcontact_tem,DeepContact,tem_00023,sparse,4.68,20180115_B9_3_Setted_25.jpg,vit_l_em_organelles,0.606,0.617045,0.446178,0.642118,0.593856,0.617045,0.997563,0.998902,32940,18359,22528,16703389,55468,51299,979080,0.056653,0.538975,0.252995,ok,,,,,,,,,,,,,
microsam_vit_l_em_organelles,mito,deepcontact_tem,DeepContact,tem_00024,sparse,4.68,20180115_B9_4_setted_01.jpg,vit_l_em_organelles,0.607,0.243769,0.138802,0.1762,0.395396,0.243769,0.99819,0.998635,4895,22886,7485,16741950,12380,27781,769874,0.016081,0.216439,0.098598,ok,,,,,,,,,,,,,
microsam_vit_l_em_organelles,mito,deepcontact_tem,DeepContact,tem_00025,sparse,4.68,20180115_B9_4_setted_02.jpg,vit_l_em_organelles,0.595,0.685412,0.521389,0.573109,0.852452,0.685412,0.999094,0.999264,16564,12338,2867,16745447,19431,28902,714868,0.027181,0.507198,0.372555,ok,,,,,,,,,,,,,
microsam_vit_l_em_organelles,mito,deepcontact_tem,DeepContact,tem_00026,sparse,4.68,20180115_B9_4_setted_03.jpg,vit_l_em_organelles,0.611,0.77068,0.626915,0.997769,0.627795,0.77068,0.998398,0.999994,45173,101,26782,16705160,71955,45274,1157013,0.06219,0.862401,0.270523,ok,,,,,,,,,,,,,
microsam_vit_l_em_organelles,mito,deepcontact_tem,DeepContact,tem_00027,sparse,4.68,20180115_B9_4_setted_04.jpg,vit_l_em_organelles,0.636,0.787135,0.648988,0.923133,0.686063,0.787135,0.999022,0.999849,30348,2527,13887,16730454,44235,32875,976260,0.045311,0.793924,0.726398,ok,,,,,,,,,,,,,
microsam_vit_l_em_organelles,mito,deepcontact_tem,DeepContact,tem_00028,sparse,4.68,20180115_B9_4_setted_10.jpg,vit_l_em_organelles,0.618,0.754284,0.605502,0.735554,0.773992,0.754284,0.998125,0.998962,48270,17354,14095,16697497,62365,65624,1182384,0.052745,0.844846,0.675978,ok,,,,,,,,,,,,,
microsam_vit_l_em_organelles,mito,deepcontact_tem,DeepContact,tem_00029,sparse,4.68,20180115_B9_4_setted_20.jpg,vit_l_em_organelles,0.621,0.782663,0.642931,0.783237,0.78209,0.782663,0.998798,0.9994,36296,10045,10113,16720762,46409,46341,989109,0.04692,0.875642,0.650867,ok,,,,,,,,,,,,,
microsam_vit_l_em_organelles,mito,deepcontact_tem,DeepContact,tem_00030,sparse,4.68,20180115_B9_5_setted_01.jpg,vit_l_em_organelles,0.717,0.791144,0.654456,0.966971,0.66942,0.791144,0.998452,0.999899,49185,1680,24289,16702062,73474,50865,1315275,0.055862,0.892969,0.64992,ok,,,,,,,,,,,,,
microsam_vit_l_em_organelles,mito,deepcontact_tem,DeepContact,tem_00031,sparse,4.68,20180115_B9_5_setted_02.jpg,vit_l_em_organelles,0.875,0.62733,0.457014,0.522795,0.784117,0.62733,0.998641,0.998955,19185,17512,5282,16735237,24467,36697,586282,0.041732,0.616779,0.318109,ok,,,,,,,,,,,,,
microsam_vit_l_em_organelles,mito,deepcontact_tem,DeepContact,tem_00032,sparse,4.68,20180115_B9_5_setted_03.jpg,vit_l_em_organelles,0.589,0.598971,0.427522,0.705691,0.520289,0.598971,0.998978,0.999681,12809,5342,11810,16747255,24619,18151,680184,0.036195,0.696336,0.217161,ok,,,,,,,,,,,,,
microsam_vit_l_em_organelles,mito,deepcontact_tem,DeepContact,tem_00033,sparse,4.68,20180115_B9_5_setted_04.jpg,vit_l_em_organelles,0.627,0.466992,0.304625,0.384676,0.594129,0.466992,0.996811,0.99776,23436,37488,16010,16700282,39446,60924,959769,0.041099,0.499308,0.165829,ok,,,,,,,,,,,,,
microsam_vit_l_em_organelles,mito,deepcontact_tem,DeepContact,tem_00034,sparse,4.68,20180115_B9_5_setted_10.jpg,vit_l_em_organelles,0.61,0.687294,0.52357,0.839188,0.581958,0.687294,0.997184,0.999404,51913,9948,37291,16678064,89204,61861,1304941,0.068359,0.73815,0.604359,ok,,,,,,,,,,,,,
microsam_vit_l_em_organelles,mito,deepcontact_tem,DeepContact,tem_00035,sparse,4.68,20180115_B9_5_setted_11.jpg,vit_l_em_organelles,0.622,0.569478,0.398091,0.73377,0.465297,0.569478,0.996539,0.999165,38407,13935,44136,16680738,82543,52342,1149480,0.071809,0.661172,0.47186,ok,,,,,,,,,,,,,
microsam_vit_l_em_organelles,mito,deepcontact_tem,DeepContact,tem_00036,sparse,4.68,20180115_B9_5_setted_20.jpg,vit_l_em_organelles,0.632,0.506487,0.339124,0.625478,0.425533,0.506487,0.998422,0.999514,13586,8135,18341,16737154,31927,21721,586332,0.054452,0.563923,0.160757,ok,,,,,,,,,,,,,
microsam_vit_l_em_organelles,mito,deepcontact_tem,DeepContact,tem_00037,sparse,4.68,20180115_B9_Setted_01.jpg,vit_l_em_organelles,0.622,0.704824,0.544192,0.641611,0.781855,0.704824,0.997848,0.99856,43106,24078,12027,16698005,55133,67184,1002001,0.055023,0.742766,0.240023,ok,,,,,,,,,,,,,
microsam_vit_l_em_organelles,mito,deepcontact_tem,DeepContact,tem_00038,sparse,4.68,20180115_B9_Setted_02.jpg,vit_l_em_organelles,0.609,0.505655,0.338379,0.613853,0.429883,0.505655,0.997327,0.999137,22936,14428,30418,16709434,53354,37364,1155456,0.046176,0.539964,0.418797,ok,,,,,,,,,,,,,
microsam_vit_l_em_organelles,mito,deepcontact_tem,DeepContact,tem_00039,sparse,4.68,20180115_B9_Setted_03.jpg,vit_l_em_organelles,0.617,0.330636,0.198061,0.418174,0.273403,0.330636,0.99826,0.999401,7211,10033,19164,16740808,26375,17244,931512,0.028314,0.415701,0.257888,ok,,,,,,,,,,,,,
microsam_vit_l_em_organelles,mito,deepcontact_tem,DeepContact,tem_00040,sparse,4.68,20180115_B9_Setted_04.jpg,vit_l_em_organelles,0.618,0.643132,0.473982,0.797888,0.538655,0.643132,0.997187,0.999355,42529,10773,36425,16687489,78954,53302,1288054,0.061297,0.66858,0.605185,ok,,,,,,,,,,,,,
microsam_vit_l_em_organelles,mito,deepcontact_tem,DeepContact,tem_00041,sparse,4.68,20180115_B9_Setted_10.jpg,vit_l_em_organelles,0.638,0.33368,0.20025,0.331941,0.335437,0.33368,0.995534,0.997742,18760,37756,37167,16683533,55927,56516,1043866,0.053577,0.239955,0.104819,ok,,,,,,,,,,,,,
microsam_vit_l_em_organelles,mito,deepcontact_tem,DeepContact,tem_00042,sparse,4.68,20180115_B9_Setted_20.jpg,vit_l_em_organelles,0.612,0.545279,0.374834,0.670772,0.459342,0.545279,0.997672,0.999313,23420,11495,27566,16714735,50986,34915,1280118,0.039829,0.571113,0.398212,ok,,,,,,,,,,,,,
microsam_vit_l_em_organelles,mito,deepcontact_tem,DeepContact,tem_00043,sparse,4.68,20180115_b10_1_05.jpg,vit_l_em_organelles,0.635,0.440954,0.282836,0.515406,0.385298,0.440954,0.996107,0.998551,25761,24221,41099,16686135,66860,49982,1297474,0.051531,0.504838,0.332126,ok,,,,,,,,,,,,,
microsam_vit_l_em_organelles,mito,deepcontact_tem,DeepContact,tem_00044,sparse,4.68,20180115_b10_1_07.jpg,vit_l_em_organelles,0.624,0.691849,0.528875,0.901818,0.561188,0.691849,0.997692,0.999717,43464,4732,33986,16695034,77450,48196,1232292,0.06285,0.671577,0.636659,ok,,,,,,,,,,,,,
microsam_vit_l_em_organelles,mito,deepcontact_tem,DeepContact,tem_00045,sparse,4.68,20180115_b10_1_10.jpg,vit_l_em_organelles,0.634,0.547643,0.377071,0.559092,0.536652,0.547643,0.99598,0.998072,40821,32192,35245,16668958,76066,73013,1266900,0.060041,0.461867,0.43879,ok,,,,,,,,,,,,,
microsam_vit_l_em_organelles,mito,deepcontact_tem,DeepContact,tem_00046,sparse,4.68,20180115_b10_1_20.jpg,vit_l_em_organelles,0.607,0.849906,0.738988,0.99336,0.742657,0.849906,0.999433,0.999989,26928,180,9331,16740777,36259,27108,1181864,0.03068,0.934272,0.731115,ok,,,,,,,,,,,,,
microsam_vit_l_em_organelles,mito,deepcontact_tem,DeepContact,tem_00047,sparse,4.68,20180115_b10_1_22.jpg,vit_l_em_organelles,0.616,0.633498,0.463591,0.596269,0.675685,0.633498,0.997203,0.998357,40560,27463,19468,16689725,60028,68023,1265505,0.047434,0.589792,0.526391,ok,,,,,,,,,,,,,
microsam_vit_l_em_organelles,mito,deepcontact_tem,DeepContact,tem_00048,sparse,4.68,20180115_b10_1_30.jpg,vit_l_em_organelles,0.608,0.561601,0.390435,0.652471,0.492947,0.561601,0.996829,0.998914,34074,18149,35049,16689944,69123,52223,1297824,0.053261,0.57556,0.410475,ok,,,,,,,,,,,,,
microsam_vit_l_em_organelles,mito,deepcontact_tem,DeepContact,tem_00049,sparse,4.68,20180115_b10_2_04.jpg,vit_l_em_organelles,0.65,0.809762,0.680336,0.835496,0.785566,0.809762,0.998411,0.999331,56721,11168,15483,16693844,72204,67889,1237250,0.058358,0.879202,0.777739,ok,,,,,,,,,,,,,
microsam_vit_l_em_organelles,mito,deepcontact_tem,DeepContact,tem_00050,sparse,4.68,20180115_b10_2_05.jpg,vit_l_em_organelles,0.614,0.778713,0.637617,0.816845,0.743983,0.778713,0.998109,0.999251,55824,12517,19210,16689665,75034,68341,1322520,0.056736,0.873981,0.67175,ok,,,,,,,,,,,,,
microsam_vit_l_em_organelles,mito,deepcontact_tem,DeepContact,tem_00051,sparse,4.68,20180115_b10_2_09.jpg,vit_l_em_organelles,0.612,0.760791,0.613933,0.818279,0.710851,0.760791,0.998593,0.999501,37550,8339,15274,16716053,52824,45889,1322685,0.039937,0.81753,0.714168,ok,,,,,,,,,,,,,
microsam_vit_l_em_organelles,mito,deepcontact_tem,DeepContact,tem_00052,sparse,4.68,20180115_b10_2_13.jpg,vit_l_em_organelles,0.628,0.759265,0.611948,0.790612,0.730309,0.759265,0.998459,0.999354,40760,10795,15052,16710609,55812,51555,1175588,0.047476,0.774515,0.678468,ok,,,,,,,,,,,,,
microsam_vit_l_em_organelles,mito,deepcontact_tem,DeepContact,tem_00053,sparse,4.68,20180115_b10_2_18.jpg,vit_l_em_organelles,0.618,0.821952,0.697723,0.862629,0.784938,0.821952,0.998406,0.999411,61722,9829,16911,16688754,78633,71551,1284204,0.061231,0.861072,0.685802,ok,,,,,,,,,,,,,
microsam_vit_l_em_organelles,mito,deepcontact_tem,DeepContact,tem_00054,sparse,4.68,20180115_b10_2_25.jpg,vit_l_em_organelles,0.614,0.793761,0.658046,0.803781,0.783988,0.793761,0.998815,0.999442,38268,9342,10544,16719062,48812,47610,896301,0.054459,0.78979,0.202609,ok,,,,,,,,,,,,,
microsam_vit_l_em_organelles,mito,deepcontact_tem,DeepContact,tem_00055,sparse,4.68,20180115_b10_2_29.jpg,vit_l_em_organelles,0.619,0.826436,0.704211,0.893032,0.769083,0.826436,0.999216,0.999776,31324,3752,9405,16732735,40729,35076,1322520,0.030797,0.923426,0.663363,ok,,,,,,,,,,,,,
microsam_vit_l_em_organelles,mito,deepcontact_tem,DeepContact,tem_00056,sparse,4.68,20180115_b10_2_30.jpg,vit_l_em_organelles,0.631,0.798627,0.664762,0.959567,0.68392,0.798627,0.998842,0.999903,38517,1623,17801,16719275,56318,40140,1307490,0.043073,0.905119,0.679088,ok,,,,,,,,,,,,,
microsam_vit_l_em_organelles,mito,deepcontact_tem,DeepContact,tem_00057,sparse,4.68,20180115_b10_3_05.jpg,vit_l_em_organelles,0.603,0.220062,0.123635,0.530479,0.138826,0.220062,0.998283,0.999785,4064,3597,25210,16744345,29274,7661,1127726,0.025958,0.14553,0.131654,ok,,,,,,,,,,,,,
microsam_vit_l_em_organelles,mito,deepcontact_tem,DeepContact,tem_00058,sparse,4.68,20180115_b10_3_09.jpg,vit_l_em_organelles,0.792,0.638014,0.468444,0.768393,0.545462,0.638014,0.997658,0.999375,34633,10439,28860,16703284,63493,45072,1126692,0.056353,0.590901,0.559159,ok,,,,,,,,,,,,,
microsam_vit_l_em_organelles,mito,deepcontact_tem,DeepContact,tem_00059,sparse,4.68,20180115_b10_3_10.jpg,vit_l_em_organelles,0.612,0.858458,0.752017,0.956749,0.778482,0.858458,0.999445,0.999924,28248,1277,8038,16739653,36286,29525,1073127,0.033813,0.8955,0.267897,ok,,,,,,,,,,,,,
microsam_vit_l_em_organelles,mito,deepcontact_tem,DeepContact,tem_00060,sparse,4.68,20180115_b10_3_11.jpg,vit_l_em_organelles,0.698,0.51541,0.347174,0.3888,0.764298,0.51541,0.996637,0.997182,30001,47162,9252,16690801,39253,77163,1197684,0.032774,0.45244,0.438936,ok,,,,,,,,,,,,,
microsam_vit_l_em_organelles,mito,deepcontact_tem,DeepContact,tem_00061,sparse,4.68,20180115_b10_3_15.jpg,vit_l_em_organelles,0.618,0.115363,0.061212,0.06651,0.434564,0.115363,0.996203,0.996523,4154,58303,5405,16709354,9559,62457,1108558,0.008623,0.091971,0.08734,ok,,,,,,,,,,,,,
microsam_vit_l_em_organelles,mito,deepcontact_tem,DeepContact,tem_00062,sparse,4.68,20180115_b10_3_20.jpg,vit_l_em_organelles,0.622,0.898434,0.815597,0.99378,0.819782,0.898434,0.99972,0.999992,20770,130,4566,16751750,25336,20900,368721,0.068713,0.956093,0.367233,ok,,,,,,,,,,,,,
microsam_vit_l_em_organelles,mito,deepcontact_tem,DeepContact,tem_00063,sparse,4.68,20180115_b10_3_25.jpg,vit_l_em_organelles,0.612,0.730628,0.575582,0.671117,0.801719,0.730628,0.998688,0.999126,29856,14631,7384,16725345,37240,44487,1264428,0.029452,0.696646,0.591009,ok,,,,,,,,,,,,,
microsam_vit_l_em_organelles,mito,deepcontact_tem,DeepContact,tem_00064,sparse,4.68,20180115_b10_3_30.jpg,vit_l_em_organelles,0.755,0.411733,0.259234,0.392317,0.433171,0.411733,0.998563,0.99922,8436,13067,11039,16744674,19475,21503,495144,0.039332,0.400191,0.339198,ok,,,,,,,,,,,,,
microsam_vit_l_em_organelles,mito,deepcontact_tem,DeepContact,tem_00065,sparse,4.68,20180115_b10_3_35.jpg,vit_l_em_organelles,0.62,0.658896,0.491309,0.599312,0.731635,0.658896,0.998053,0.99874,31543,21089,11570,16713014,43113,52632,1032852,0.041742,0.714294,0.185933,ok,,,,,,,,,,,,,
microsam_vit_l_em_organelles,mito,deepcontact_tem,DeepContact,tem_00066,sparse,4.68,20180115_b10_3_39.jpg,vit_l_em_organelles,0.608,0.857357,0.750329,0.903313,0.815851,0.857357,0.999491,0.999836,25683,2749,5797,16742987,31480,28432,1317170,0.0239,0.937384,0.835324,ok,,,,,,,,,,,,,
microsam_vit_l_em_organelles,mito,deeppi_em_skeletal_muscle,DeepPI,te_00021,partial,,test/input/x_0.tif,vit_l_em_organelles,5.685,0.93693,0.881343,0.965888,0.909657,0.93693,0.979815,0.99366,2515348,88835,249812,13923221,2765160,2604183,6553600,0.42193,0.953634,0.495505,ok,,,,,,,,,,,,,
microsam_vit_l_em_organelles,mito,deeppi_em_skeletal_muscle,DeepPI,te_00022,partial,,test/input/x_1.tif,vit_l_em_organelles,5.491,0.774926,0.632554,0.936365,0.660967,0.774926,0.940909,0.991829,1706639,115982,875393,14079202,2582032,1822621,6553600,0.393987,0.87828,0.51452,ok,,,,,,,,,,,,,
microsam_vit_l_em_organelles,mito,deeppi_em_skeletal_muscle,DeepPI,te_00023,partial,,test/input/x_2.tif,vit_l_em_organelles,5.44,0.913145,0.840172,0.949852,0.87917,0.913145,0.98254,0.994589,1539895,81300,211637,14944384,1751532,1621195,6553600,0.267263,0.931221,0.681266,ok,,,,,,,,,,,,,
microsam_vit_l_em_organelles,mito,deeppi_em_skeletal_muscle,DeepPI,te_00024,partial,,test/input/x_3.tif,vit_l_em_organelles,6.224,0.853811,0.744912,0.97626,0.758655,0.853811,0.941706,0.994663,2856007,69451,908559,12943199,3764566,2925458,6553600,0.574427,0.844398,0.55619,ok,,,,,,,,,,,,,
microsam_vit_l_em_organelles,mito,deeppi_em_skeletal_muscle,DeepPI,te_00025,partial,,test/input/x_4.tif,vit_l_em_organelles,5.705,0.643295,0.47416,0.974568,0.480101,0.643295,0.893331,0.996861,1613729,42112,1747502,13373873,3361231,1655841,6553600,0.512883,0.646301,0.269166,ok,,,,,,,,,,,,,
microsam_vit_l_em_organelles,mito,deeppi_em_skeletal_muscle,DeepPI,te_00026,partial,,test/input/x_5.tif,vit_l_em_organelles,5.459,0.925382,0.861126,0.929295,0.921502,0.925382,0.982466,0.990621,1824106,138787,155386,14658937,1979492,1962893,6553600,0.302047,0.939139,0.659873,ok,,,,,,,,,,,,,
microsam_vit_l_em_organelles,mito,empiar_10982_mitonet_benchmark,MitoNet,c_el_00000,sparse,24.0,mito_benchmarks/c_elegans/c_elegans_em.tif,vit_l_em_organelles,0.483,0.830606,0.710288,0.94917,0.738373,0.830606,0.999912,0.999988,3604,193,1277,16772142,4881,3797,64770,0.075359,0.886282,0.88134,ok,24,26,0.75,0.692308,0.72,0.5625,0.666667,0.615385,0.64,0.470588,0.617522,0.85767,0.72
microsam_vit_l_em_organelles,mito,empiar_10982_mitonet_benchmark,MitoNet,c_el_00001,sparse,24.0,mito_benchmarks/c_elegans/c_elegans_em.tif,vit_l_em_organelles,0.483,0.906953,0.829747,0.960542,0.859027,0.906953,0.999941,0.999988,4820,198,791,16771407,5611,5018,56925,0.098568,0.936499,0.923152,ok,33,31,0.757576,0.806452,0.78125,0.641026,0.666667,0.709677,0.6875,0.52381,0.688737,0.881583,0.78125
microsam_vit_l_em_organelles,mito,empiar_10982_mitonet_benchmark,MitoNet,c_el_00002,sparse,24.0,mito_benchmarks/c_elegans/c_elegans_em.tif,vit_l_em_organelles,0.481,0.86392,0.760439,0.956888,0.787417,0.86392,0.999947,0.999992,2841,128,767,16773480,3608,2969,57088,0.063201,0.904762,0.881463,ok,18,22,0.777778,0.636364,0.7,0.538462,0.611111,0.5,0.55,0.37931,0.599409,0.856298,0.7
microsam_vit_l_em_organelles,mito,empiar_10982_mitonet_benchmark,MitoNet,c_el_00003,sparse,24.0,mito_benchmarks/c_elegans/c_elegans_em.tif,vit_l_em_organelles,0.484,0.815408,0.688345,0.927159,0.727698,0.815408,0.99992,0.999986,2953,232,1105,16772926,4058,3185,55296,0.073387,0.831187,0.813953,ok,17,18,0.764706,0.722222,0.742857,0.590909,0.588235,0.555556,0.571429,0.4,0.638304,0.859256,0.742857
microsam_vit_l_em_organelles,mito,empiar_10982_mitonet_benchmark,MitoNet,c_el_00004,sparse,24.0,mito_benchmarks/c_elegans/c_elegans_em.tif,vit_l_em_organelles,0.489,0.904312,0.825337,0.956018,0.857912,0.904312,0.99997,0.999993,2391,110,396,16774319,2787,2501,46420,0.060039,0.971429,0.928957,ok,13,12,0.615385,0.666667,0.64,0.470588,0.615385,0.666667,0.64,0.470588,0.582747,0.910542,0.64
microsam_vit_l_em_organelles,mito,empiar_10982_mitonet_benchmark,MitoNet,c_el_00005,sparse,24.0,mito_benchmarks/c_elegans/c_elegans_em.tif,vit_l_em_organelles,0.482,0.79352,0.657715,0.922144,0.696386,0.79352,0.999955,0.999993,1445,122,630,16775019,2075,1567,45198,0.045909,0.916667,0.791949,ok,7,10,0.714286,0.5,0.588235,0.416667,0.714286,0.5,0.588235,0.416667,0.519942,0.883902,0.588235
microsam_vit_l_em_organelles,mito,empiar_10982_mitonet_benchmark,MitoNet,c_el_00006,sparse,24.0,mito_benchmarks/c_elegans/c_elegans_em.tif,vit_l_em_organelles,0.482,0.836164,0.718455,0.941809,0.751829,0.836164,0.999945,0.999991,2363,146,780,16773927,3143,2509,38208,0.08226,0.872457,0.822217,ok,11,17,0.818182,0.529412,0.642857,0.473684,0.545455,0.352941,0.428571,0.272727,0.532727,0.828686,0.642857
microsam_vit_l_em_organelles,mito,empiar_10982_mitonet_benchmark,MitoNet,c_el_00007,sparse,24.0,mito_benchmarks/c_elegans/c_elegans_em.tif,vit_l_em_organelles,0.484,0.738779,0.585765,0.905673,0.623823,0.738779,0.999944,0.999992,1325,138,799,16774954,2124,1463,65536,0.03241,0.843602,0.737928,ok,9,15,0.888889,0.533333,0.666667,0.5,0.777778,0.466667,0.583333,0.411765,0.556657,0.834985,0.666667
microsam_vit_l_em_organelles,mito,empiar_10982_mitonet_benchmark,MitoNet,c_el_00008,sparse,24.0,mito_benchmarks/c_elegans/c_elegans_em.tif,vit_l_em_organelles,0.488,0.85078,0.740311,0.970619,0.757282,0.85078,0.999941,0.999995,2808,85,900,16773423,3708,2893,62720,0.05912,0.835979,0.869622,ok,14,20,1.0,0.7,0.823529,0.7,0.785714,0.55,0.647059,0.478261,0.707979,0.859689,0.823529
microsam_vit_l_em_organelles,mito,empiar_10982_mitonet_benchmark,MitoNet,c_el_00009,sparse,24.0,mito_benchmarks/c_elegans/c_elegans_em.tif,vit_l_em_organelles,0.674,0.855605,0.747648,0.891799,0.822234,0.855605,0.999938,0.999978,3099,376,670,16773071,3769,3475,59648,0.063187,0.826679,0.835571,ok,18,22,0.666667,0.545455,0.6,0.428571,0.666667,0.545455,0.6,0.428571,0.53723,0.895384,0.6
microsam_vit_l_em_organelles,mito,empiar_10982_mitonet_benchmark,MitoNet,c_el_00010,sparse,24.0,mito_benchmarks/c_elegans/c_elegans_em.tif,vit_l_em_organelles,0.694,0.196071,0.108691,0.320452,0.141247,0.196071,0.999737,0.999932,539,1143,3277,16772257,3816,1682,61952,0.061596,0.18748,0.198727,ok,7,25,0.428571,0.12,0.1875,0.103448,0.285714,0.08,0.125,0.066667,0.158079,0.843086,0.1875
microsam_vit_l_em_organelles,mito,empiar_10982_mitonet_benchmark,MitoNet,c_el_00011,sparse,24.0,mito_benchmarks/c_elegans/c_elegans_em.tif,vit_l_em_organelles,0.485,0.901593,0.820819,0.929631,0.875196,0.901593,0.999927,0.999975,5575,422,795,16770424,6370,5997,65536,0.097198,0.905419,0.926976,ok,28,28,0.821429,0.821429,0.821429,0.69697,0.75,0.75,0.75,0.6,0.726566,0.884515,0.821429
microsam_vit_l_em_organelles,mito,empiar_10982_mitonet_benchmark,MitoNet,c_el_00012,sparse,24.0,mito_benchmarks/c_elegans/c_elegans_em.tif,vit_l_em_organelles,0.485,0.431392,0.275016,0.420496,0.442868,0.431392,0.999725,0.999856,1748,2409,2199,16770860,3947,4157,65536,0.060226,0.464491,0.425413,ok,12,18,0.416667,0.277778,0.333333,0.2,0.25,0.166667,0.2,0.111111,0.240616,0.721849,0.333333
microsam_vit_l_em_organelles,mito,empiar_10982_mitonet_benchmark,MitoNet,c_el_00013,sparse,24.0,mito_benchmarks/c_elegans/c_elegans_em.tif,vit_l_em_organelles,0.482,0.547906,0.377321,0.979487,0.380327,0.547906,0.999812,0.999998,1910,40,3112,16772154,5022,1950,56576,0.088766,0.522911,0.540115,ok,6,20,0.666667,0.2,0.307692,0.181818,0.5,0.15,0.230769,0.130435,0.261318,0.849282,0.307692
microsam_vit_l_em_organelles,mito,empiar_10982_mitonet_benchmark,MitoNet,c_el_00014,sparse,24.0,mito_benchmarks/c_elegans/c_elegans_em.tif,vit_l_em_organelles,0.492,0.910164,0.835139,0.990211,0.842092,0.910164,0.999962,0.999998,3237,32,607,16773340,3844,3269,44935,0.085546,0.94179,0.92477,ok,12,15,0.916667,0.733333,0.814815,0.6875,0.666667,0.533333,0.592593,0.421053,0.698464,0.857205,0.814815
microsam_vit_l_em_organelles,mito,empiar_10982_mitonet_benchmark,MitoNet,c_el_00015,sparse,24.0,mito_benchmarks/c_elegans/c_elegans_em.tif,vit_l_em_organelles,0.489,0.78113,0.640863,0.791207,0.771306,0.78113,0.999844,0.999927,4661,1230,1382,16769943,6043,5891,50853,0.118833,0.794769,0.792529,ok,27,29,0.777778,0.724138,0.75,0.6,0.740741,0.689655,0.714286,0.555556,0.658343,0.877791,0.75
microsam_vit_l_em_organelles,mito,empiar_10982_mitonet_benchmark,MitoNet,fly__00016,sparse,12.0,mito_benchmarks/fly_brain/fly_brain_em.tif,vit_l_em_organelles,0.489,0.888667,0.79964,0.956012,0.830185,0.888667,0.99994,0.999989,3999,184,818,16772215,4817,4183,44178,0.109036,0.799925,0.812217,ok,5,5,0.6,0.6,0.6,0.428571,0.6,0.6,0.6,0.428571,0.552435,0.920725,0.6
microsam_vit_l_em_organelles,mito,empiar_10982_mitonet_benchmark,MitoNet,fly__00017,sparse,12.0,mito_benchmarks/fly_brain/fly_brain_em.tif,vit_l_em_organelles,0.481,0.966721,0.935585,0.967939,0.965505,0.966721,0.999978,0.999989,5374,178,192,16771472,5566,5552,62985,0.08837,0.952693,0.982882,ok,11,9,0.818182,1.0,0.9,0.818182,0.727273,0.888889,0.8,0.666667,0.801678,0.890753,0.9
microsam_vit_l_em_organelles,mito,empiar_10982_mitonet_benchmark,MitoNet,fly__00018,sparse,12.0,mito_benchmarks/fly_brain/fly_brain_em.tif,vit_l_em_organelles,0.483,0.945633,0.896872,0.976835,0.916362,0.945633,0.999966,0.999993,5018,119,458,16771621,5476,5137,64005,0.085556,0.848684,0.916905,ok,8,10,1.0,0.8,0.888889,0.8,1.0,0.8,0.888889,0.8,0.849098,0.955235,0.888889
microsam_vit_l_em_organelles,mito,empiar_10982_mitonet_benchmark,MitoNet,fly__00019,sparse,12.0,mito_benchmarks/fly_brain/fly_brain_em.tif,vit_l_em_organelles,0.487,0.961766,0.926348,0.978296,0.945785,0.961766,0.999963,0.99999,7798,173,447,16768798,8245,7971,65025,0.126797,0.940006,0.947972,ok,11,12,0.909091,0.833333,0.869565,0.769231,0.909091,0.833333,0.869565,0.769231,0.823108,0.946574,0.869565
microsam_vit_l_em_organelles,mito,empiar_10982_mitonet_benchmark,MitoNet,fly__00020,sparse,12.0,mito_benchmarks/fly_brain/fly_brain_em.tif,vit_l_em_organelles,0.483,0.945117,0.895945,0.975013,0.917,0.945117,0.999949,0.999989,7336,188,664,16769028,8000,7524,62985,0.127014,0.969432,0.958253,ok,14,16,1.0,0.875,0.933333,0.875,0.857143,0.75,0.8,0.666667,0.834747,0.894372,0.933333
microsam_vit_l_em_organelles,mito,empiar_10982_mitonet_benchmark,MitoNet,fly__00021,sparse,12.0,mito_benchmarks/fly_brain/fly_brain_em.tif,vit_l_em_organelles,0.487,0.588586,0.417018,0.791194,0.468589,0.588586,0.999901,0.999981,1186,313,1345,16774372,2531,1499,65025,0.038923,0.647715,0.680794,ok,8,11,0.875,0.636364,0.736842,0.583333,0.875,0.636364,0.736842,0.583333,0.644524,0.874711,0.736842
microsam_vit_l_em_organelles,mito,empiar_10982_mitonet_benchmark,MitoNet,fly__00022,sparse,12.0,mito_benchmarks/fly_brain/fly_brain_em.tif,vit_l_em_organelles,0.48,0.900896,0.819664,0.977192,0.835651,0.900896,0.999935,0.999993,4927,115,969,16771205,5896,5042,43475,0.135618,0.982544,0.942308,ok,9,10,1.0,0.9,0.947368,0.9,1.0,0.9,0.947368,0.9,0.889972,0.939415,0.947368
microsam_vit_l_em_organelles,mito,empiar_10982_mitonet_benchmark,MitoNet,fly__00023,sparse,12.0,mito_benchmarks/fly_brain/fly_brain_em.tif,vit_l_em_organelles,0.493,0.965158,0.932663,0.975538,0.954998,0.965158,0.999964,0.999988,8255,207,389,16768365,8644,8462,65025,0.132933,0.965021,0.979045,ok,14,15,1.0,0.933333,0.965517,0.933333,1.0,0.933333,0.965517,0.933333,0.892369,0.924239,0.965517
microsam_vit_l_em_organelles,mito,empiar_10982_mitonet_benchmark,MitoNet,glyc_00024,sparse,18.0,mito_benchmarks/glycolytic_muscle/glycolytic_muscle_em.tif,vit_l_em_organelles,0.505,0.841601,0.726521,0.927275,0.770419,0.841601,0.99986,0.999971,6235,489,1858,16768634,8093,6724,259908,0.031138,0.900262,0.85615,ok,23,20,0.608696,0.7,0.651163,0.482759,0.434783,0.5,0.465116,0.30303,0.502598,0.771847,0.651163
microsam_vit_l_em_organelles,mito,empiar_10982_mitonet_benchmark,MitoNet,glyc_00025,sparse,18.0,mito_benchmarks/glycolytic_muscle/glycolytic_muscle_em.tif,vit_l_em_organelles,0.505,0.696806,0.53469,0.956681,0.547957,0.696806,0.99977,0.999988,4439,201,3662,16768914,8101,4640,286484,0.028277,0.794611,0.671417,ok,18,19,0.611111,0.578947,0.594595,0.423077,0.333333,0.315789,0.324324,0.193548,0.442401,0.744039,0.594595
microsam_vit_l_em_organelles,mito,empiar_10982_mitonet_benchmark,MitoNet,glyc_00026,sparse,18.0,mito_benchmarks/glycolytic_muscle/glycolytic_muscle_em.tif,vit_l_em_organelles,0.51,0.859736,0.753979,0.931503,0.798236,0.859736,0.999863,0.999969,7058,519,1784,16767855,8842,7577,292612,0.030217,0.881936,0.868395,ok,20,19,0.6,0.631579,0.615385,0.444444,0.45,0.473684,0.461538,0.3,0.484781,0.787769,0.615385
microsam_vit_l_em_organelles,mito,empiar_10982_mitonet_benchmark,MitoNet,glyc_00027,sparse,18.0,mito_benchmarks/glycolytic_muscle/glycolytic_muscle_em.tif,vit_l_em_organelles,0.508,0.572727,0.401274,0.961295,0.407864,0.572727,0.99977,0.999994,2583,104,3750,16770779,6333,2687,292229,0.021671,0.666787,0.453642,ok,11,18,0.454545,0.277778,0.344828,0.208333,0.363636,0.222222,0.275862,0.16,0.277284,0.804122,0.344828
microsam_vit_l_em_organelles,mito,empiar_10982_mitonet_benchmark,MitoNet,glyc_00028,sparse,18.0,mito_benchmarks/glycolytic_muscle/glycolytic_muscle_em.tif,vit_l_em_organelles,0.508,0.85329,0.744121,0.972521,0.760102,0.85329,0.999859,0.999988,6866,194,2167,16767989,9033,7060,248570,0.03634,0.942331,0.878979,ok,26,19,0.461538,0.631579,0.533333,0.363636,0.384615,0.526316,0.444444,0.285714,0.430281,0.806777,0.533333
microsam_vit_l_em_organelles,mito,empiar_10982_mitonet_benchmark,MitoNet,glyc_00029,sparse,18.0,mito_benchmarks/glycolytic_muscle/glycolytic_muscle_em.tif,vit_l_em_organelles,0.506,0.750629,0.600806,0.961305,0.615696,0.750629,0.999705,0.999982,7453,300,4652,16764811,12105,7753,272340,0.044448,0.841931,0.71776,ok,22,19,0.363636,0.421053,0.390244,0.242424,0.136364,0.157895,0.146341,0.078947,0.27435,0.703023,0.390244
microsam_vit_l_em_organelles,mito,empiar_10982_mitonet_benchmark,MitoNet,glyc_00030,sparse,18.0,mito_benchmarks/glycolytic_muscle/glycolytic_muscle_em.tif,vit_l_em_organelles,0.505,0.820691,0.695909,0.912679,0.745548,0.820691,0.999816,0.99996,7076,677,2415,16767048,9491,7753,269730,0.035187,0.891751,0.801926,ok,21,16,0.47619,0.625,0.540541,0.37037,0.285714,0.375,0.324324,0.193548,0.39503,0.730806,0.540541
microsam_vit_l_em_organelles,mito,empiar_10982_mitonet_benchmark,MitoNet,glyc_00031,sparse,18.0,mito_benchmarks/glycolytic_muscle/glycolytic_muscle_em.tif,vit_l_em_organelles,0.503,0.58171,0.410149,0.890214,0.432,0.58171,0.999782,0.999981,2538,313,3337,16771028,5875,2851,276736,0.02123,0.61624,0.497732,ok,6,15,0.5,0.2,0.285714,0.166667,0.333333,0.133333,0.190476,0.105263,0.231505,0.810268,0.285714
microsam_vit_l_em_organelles,mito,empiar_10982_mitonet_benchmark,MitoNet,glyc_00032,sparse,18.0,mito_benchmarks/glycolytic_muscle/glycolytic_muscle_em.tif,vit_l_em_organelles,0.512,0.86248,0.758212,0.933606,0.801425,0.86248,0.999848,0.999966,7987,568,1979,16766682,9966,8555,275377,0.03619,0.936974,0.851163,ok,20,18,0.55,0.611111,0.578947,0.407407,0.5,0.555556,0.526316,0.357143,0.479738,0.828638,0.578947
microsam_vit_l_em_organelles,mito,empiar_10982_mitonet_benchmark,MitoNet,glyc_00033,sparse,18.0,mito_benchmarks/glycolytic_muscle/glycolytic_muscle_em.tif,vit_l_em_organelles,0.507,0.731025,0.576075,0.959077,0.590592,0.731025,0.9998,0.999988,4570,195,3168,16769283,7738,4765,288405,0.02683,0.871108,0.671777,ok,16,17,0.3125,0.294118,0.30303,0.178571,0.25,0.235294,0.242424,0.137931,0.245918,0.81153,0.30303
microsam_vit_l_em_organelles,mito,empiar_10982_mitonet_benchmark,MitoNet,glyc_00034,sparse,18.0,mito_benchmarks/glycolytic_muscle/glycolytic_muscle_em.tif,vit_l_em_organelles,0.503,0.734097,0.5799,0.954729,0.596297,0.734097,0.999744,0.999983,5926,281,4012,16766997,9938,6207,278824,0.035643,0.776829,0.752308,ok,23,17,0.173913,0.235294,0.2,0.111111,0.086957,0.117647,0.1,0.052632,0.140834,0.704168,0.2
microsam_vit_l_em_organelles,mito,empiar_10982_mitonet_benchmark,MitoNet,glyc_00035,sparse,18.0,mito_benchmarks/glycolytic_muscle/glycolytic_muscle_em.tif,vit_l_em_organelles,0.504,0.875902,0.779204,0.895417,0.857219,0.875902,0.999809,0.999921,11293,1319,1881,16762723,13174,12612,285718,0.046108,0.923599,0.868479,ok,24,14,0.291667,0.5,0.368421,0.225806,0.166667,0.285714,0.210526,0.117647,0.28483,0.77311,0.368421
microsam_vit_l_em_organelles,mito,empiar_10982_mitonet_benchmark,MitoNet,glyc_00036,sparse,18.0,mito_benchmarks/glycolytic_muscle/glycolytic_muscle_em.tif,vit_l_em_organelles,0.513,0.912081,0.838373,0.923762,0.900693,0.912081,0.999894,0.999955,9233,762,1018,16766203,10251,9995,257131,0.039867,0.964775,0.907501,ok,23,12,0.434783,0.833333,0.571429,0.4,0.304348,0.583333,0.4,0.25,0.450658,0.788652,0.571429
microsam_vit_l_em_organelles,mito,empiar_10982_mitonet_benchmark,MitoNet,glyc_00037,sparse,18.0,mito_benchmarks/glycolytic_muscle/glycolytic_muscle_em.tif,vit_l_em_organelles,0.499,0.891,0.803426,0.926238,0.858344,0.891,0.999873,0.999959,8677,691,1432,16766416,10109,9368,288405,0.035051,0.92622,0.900776,ok,26,18,0.538462,0.777778,0.636364,0.466667,0.384615,0.555556,0.454545,0.294118,0.505132,0.79378,0.636364
microsam_vit_l_em_organelles,mito,empiar_10982_mitonet_benchmark,MitoNet,hela_00038,sparse,15.0,mito_benchmarks/hela_cell/hela_cell_em.tif,vit_l_em_organelles,0.486,0.805216,0.673942,0.902475,0.72688,0.805216,0.999913,0.999981,3026,327,1137,16772726,4163,3353,55460,0.075063,0.827531,0.764494,ok,9,11,0.777778,0.636364,0.7,0.538462,0.555556,0.454545,0.5,0.333333,0.566122,0.808746,0.7
microsam_vit_l_em_organelles,mito,empiar_10982_mitonet_benchmark,MitoNet,hela_00039,sparse,15.0,mito_benchmarks/hela_cell/hela_cell_em.tif,vit_l_em_organelles,0.483,0.885642,0.794756,0.944715,0.833522,0.885642,0.999887,0.999974,7365,431,1471,16767949,8836,7796,60416,0.146253,0.919872,0.89237,ok,17,16,0.588235,0.625,0.606061,0.434783,0.529412,0.5625,0.545455,0.375,0.547426,0.903253,0.606061
microsam_vit_l_em_organelles,mito,empiar_10982_mitonet_benchmark,MitoNet,hela_00040,sparse,15.0,mito_benchmarks/hela_cell/hela_cell_em.tif,vit_l_em_organelles,0.49,0.853573,0.74455,0.90539,0.807366,0.853573,0.999874,0.999961,6182,646,1475,16768913,7657,6828,65536,0.116837,0.831919,0.799136,ok,15,15,0.6,0.6,0.6,0.428571,0.533333,0.533333,0.533333,0.363636,0.512698,0.854496,0.6
microsam_vit_l_em_organelles,mito,empiar_10982_mitonet_benchmark,MitoNet,hela_00041,sparse,15.0,mito_benchmarks/hela_cell/hela_cell_em.tif,vit_l_em_organelles,0.478,0.895555,0.810864,0.92513,0.867812,0.895555,0.999943,0.99998,4090,331,623,16772172,4713,4421,61952,0.076075,0.89759,0.866449,ok,8,9,0.875,0.777778,0.823529,0.7,0.875,0.777778,0.823529,0.7,0.758111,0.920563,0.823529
microsam_vit_l_em_organelles,mito,empiar_10982_mitonet_benchmark,MitoNet,hela_00042,sparse,15.0,mito_benchmarks/hela_cell/hela_cell_em.tif,vit_l_em_organelles,0.483,0.769497,0.625352,0.967621,0.638718,0.769497,0.999945,0.999997,1554,52,879,16774731,2433,1606,40275,0.06041,0.917808,0.720859,ok,4,6,0.5,0.333333,0.4,0.25,0.5,0.333333,0.4,0.25,0.380325,0.950812,0.4
microsam_vit_l_em_organelles,mito,empiar_10982_mitonet_benchmark,MitoNet,hela_00043,sparse,15.0,mito_benchmarks/hela_cell/hela_cell_em.tif,vit_l_em_organelles,0.479,0.681797,0.517217,0.92,0.541575,0.681797,0.999959,0.999996,736,64,623,16775793,1359,800,63232,0.021492,0.690734,0.694411,ok,5,6,0.6,0.5,0.545455,0.375,0.2,0.166667,0.181818,0.1,0.387284,0.710021,0.545455
microsam_vit_l_em_organelles,mito,empiar_10982_mitonet_benchmark,MitoNet,hela_00044,sparse,15.0,mito_benchmarks/hela_cell/hela_cell_em.tif,vit_l_em_organelles,0.478,0.813359,0.68543,0.871438,0.762538,0.813359,0.999925,0.999976,2752,406,857,16773201,3609,3158,65536,0.055069,0.809507,0.767724,ok,9,13,0.888889,0.615385,0.727273,0.571429,0.888889,0.615385,0.727273,0.571429,0.628611,0.864341,0.727273
microsam_vit_l_em_organelles,mito,empiar_10982_mitonet_benchmark,MitoNet,hela_00045,sparse,15.0,mito_benchmarks/hela_cell/hela_cell_em.tif,vit_l_em_organelles,0.484,0.810803,0.681808,0.842595,0.781324,0.810803,0.999917,0.999967,2987,558,836,16772835,3823,3545,63744,0.059974,0.870246,0.787405,ok,11,14,0.818182,0.642857,0.72,0.5625,0.727273,0.571429,0.64,0.470588,0.617026,0.856981,0.72
microsam_vit_l_em_organelles,mito,empiar_10982_mitonet_benchmark,MitoNet,hela_00046,sparse,15.0,mito_benchmarks/hela_cell/hela_cell_em.tif,vit_l_em_organelles,0.48,0.58441,0.412839,0.916462,0.428982,0.58441,0.999874,0.999992,1492,136,1986,16773602,3478,1628,65536,0.05307,0.538462,0.437584,ok,4,15,0.5,0.133333,0.210526,0.117647,0.25,0.066667,0.105263,0.055556,0.1654,0.785652,0.210526
microsam_vit_l_em_organelles,mito,empiar_10982_mitonet_benchmark,MitoNet,hela_00047,sparse,15.0,mito_benchmarks/hela_cell/hela_cell_em.tif,vit_l_em_organelles,0.481,0.613438,0.442416,0.648564,0.581921,0.613438,0.999876,0.999947,1648,893,1184,16773491,2832,2541,60928,0.046481,0.591696,0.542853,ok,7,11,0.428571,0.272727,0.333333,0.2,0.428571,0.272727,0.333333,0.2,0.315271,0.945814,0.333333
microsam_vit_l_em_organelles,mito,empiar_10982_mitonet_benchmark,MitoNet,sali_00051,sparse,15.0,mito_benchmarks/salivary_gland/salivary_gland_em.tif,vit_l_em_organelles,0.599,0.0,0.0,nan,0.0,0.0,0.999965,1.0,0,0,581,16776635,581,0,5166,0.112466,0.0,0.0,ok,0,1,nan,0.0,0.0,0.0,nan,0.0,0.0,0.0,0.0,0.0,0.0
microsam_vit_l_em_organelles,mito,empiar_10982_mitonet_benchmark,MitoNet,sali_00052,sparse,15.0,mito_benchmarks/salivary_gland/salivary_gland_em.tif,vit_l_em_organelles,0.605,0.0,0.0,nan,0.0,0.0,0.999784,1.0,0,0,3626,16773590,3626,0,33440,0.108433,0.0,0.0,ok,0,2,nan,0.0,0.0,0.0,nan,0.0,0.0,0.0,0.0,0.0,0.0
microsam_vit_l_em_organelles,mito,empiar_10982_mitonet_benchmark,MitoNet,sali_00053,sparse,15.0,mito_benchmarks/salivary_gland/salivary_gland_em.tif,vit_l_em_organelles,0.596,0.0,0.0,nan,0.0,0.0,0.999663,1.0,0,0,5656,16771560,5656,0,360126,0.015706,0.0,0.0,ok,0,4,nan,0.0,0.0,0.0,nan,0.0,0.0,0.0,0.0,0.0,0.0
microsam_vit_l_em_organelles,mito,empiar_10982_mitonet_benchmark,MitoNet,sali_00054,sparse,15.0,mito_benchmarks/salivary_gland/salivary_gland_em.tif,vit_l_em_organelles,0.601,0.0,0.0,nan,0.0,0.0,0.999885,1.0,0,0,1934,16775282,1934,0,3348,0.577658,0.0,0.0,ok,0,1,nan,0.0,0.0,0.0,nan,0.0,0.0,0.0,0.0,0.0,0.0
microsam_vit_l_em_organelles,mito,empiar_10982_mitonet_benchmark,MitoNet,sali_00055,sparse,15.0,mito_benchmarks/salivary_gland/salivary_gland_em.tif,vit_l_em_organelles,0.801,0.0,0.0,nan,0.0,0.0,0.999812,1.0,0,0,3155,16774061,3155,0,181608,0.017373,0.0,0.0,ok,0,3,nan,0.0,0.0,0.0,nan,0.0,0.0,0.0,0.0,0.0,0.0
microsam_vit_l_em_organelles,mito,empiar_10982_mitonet_benchmark,MitoNet,sali_00056,sparse,15.0,mito_benchmarks/salivary_gland/salivary_gland_em.tif,vit_l_em_organelles,0.601,0.641566,0.472283,0.966131,0.480234,0.641566,0.999443,0.999983,8358,293,9046,16759519,17404,8651,628754,0.02768,0.670157,0.221527,ok,2,7,1.0,0.285714,0.444444,0.285714,1.0,0.285714,0.444444,0.285714,0.368093,0.82821,0.444444
microsam_vit_l_em_organelles,mito,empiar_10982_mitonet_benchmark,MitoNet,sali_00057,sparse,15.0,mito_benchmarks/salivary_gland/salivary_gland_em.tif,vit_l_em_organelles,0.608,0.0,0.0,0.0,0.0,0.0,0.999342,0.999992,0,140,10901,16766175,10901,140,586840,0.018576,0.0,0.0,ok,1,7,0.0,0.0,0.0,0.0,0.0,0.0,0.0,0.0,0.0,0.0,0.0
microsam_vit_l_em_organelles,mito,empiar_10982_mitonet_benchmark,MitoNet,sali_00058,sparse,15.0,mito_benchmarks/salivary_gland/salivary_gland_em.tif,vit_l_em_organelles,0.603,0.190917,0.105533,0.999327,0.10554,0.190917,0.99925,1.0,1484,1,12577,16763154,14061,1485,583289,0.024106,0.180233,0.115288,ok,1,10,1.0,0.1,0.181818,0.1,1.0,0.1,0.181818,0.1,0.141711,0.779412,0.181818
microsam_vit_l_em_organelles,mito,empiar_10982_mitonet_benchmark,MitoNet,sali_00059,sparse,15.0,mito_benchmarks/salivary_gland/salivary_gland_em.tif,vit_l_em_organelles,0.598,0.135101,0.072444,1.0,0.072444,0.135101,0.998868,1.0,1483,0,18988,16756745,20471,1483,539070,0.037975,0.180884,0.040065,ok,2,15,1.0,0.133333,0.235294,0.133333,0.0,0.0,0.0,0.0,0.141825,0.602758,0.235294
microsam_vit_l_em_organelles,mito,empiar_10982_mitonet_benchmark,MitoNet,sali_00060,sparse,15.0,mito_benchmarks/salivary_gland/salivary_gland_em.tif,vit_l_em_organelles,0.636,0.324877,0.193942,1.0,0.193942,0.324877,0.999091,1.0,3669,0,15249,16758298,18918,3669,573475,0.032988,0.420552,0.074795,ok,9,18,0.111111,0.055556,0.074074,0.038462,0.0,0.0,0.0,0.0,0.04146,0.559708,0.074074
microsam_vit_l_em_organelles,mito,empiar_10982_mitonet_benchmark,MitoNet,sali_00061,sparse,15.0,mito_benchmarks/salivary_gland/salivary_gland_em.tif,vit_l_em_organelles,0.602,0.422599,0.267908,0.64302,0.314717,0.422599,0.998899,0.999776,6762,3754,14724,16751976,21486,10516,572949,0.037501,0.47372,0.214453,ok,9,17,0.444444,0.235294,0.307692,0.181818,0.333333,0.176471,0.230769,0.130435,0.23485,0.763263,0.307692
microsam_vit_l_em_organelles,mito,empiar_10982_mitonet_benchmark,MitoNet,sali_00062,sparse,15.0,mito_benchmarks/salivary_gland/salivary_gland_em.tif,vit_l_em_organelles,0.605,0.17167,0.093895,0.158753,0.186876,0.17167,0.997934,0.998864,3591,19029,15625,16738971,19216,22620,543564,0.035352,0.254157,0.119394,ok,6,15,0.5,0.2,0.285714,0.166667,0.0,0.0,0.0,0.0,0.187479,0.656176,0.285714
microsam_vit_l_em_organelles,mito,empiar_10982_mitonet_benchmark,MitoNet,sali_00063,sparse,15.0,mito_benchmarks/salivary_gland/salivary_gland_em.tif,vit_l_em_organelles,0.597,0.0,0.0,0.0,0.0,0.0,0.998353,0.999899,0,1695,25940,16749581,25940,1695,606837,0.042746,0.0,0.0,ok,2,13,0.0,0.0,0.0,0.0,0.0,0.0,0.0,0.0,0.0,0.0,0.0
microsam_vit_l_em_organelles,mito,empiar_10982_mitonet_benchmark,MitoNet,sali_00064,sparse,15.0,mito_benchmarks/salivary_gland/salivary_gland_em.tif,vit_l_em_organelles,0.597,0.102356,0.053939,0.581737,0.056115,0.102356,0.998508,0.999939,1427,1026,24003,16750760,25430,2453,612689,0.041506,0.103714,0.06703,ok,9,15,0.222222,0.133333,0.166667,0.090909,0.0,0.0,0.0,0.0,0.116891,0.701349,0.166667
microsam_vit_l_em_organelles,mito,empiar_10982_mitonet_benchmark,MitoNet,sali_00065,sparse,15.0,mito_benchmarks/salivary_gland/salivary_gland_em.tif,vit_l_em_organelles,0.615,0.034629,0.01762,1.0,0.01762,0.034629,0.998631,1.0,412,0,22971,16753833,23383,412,640590,0.036502,0.057567,0.0,ok,1,19,0.0,0.0,0.0,0.0,0.0,0.0,0.0,0.0,0.0,0.0,0.0
microsam_vit_l_em_organelles,mito,empiar_10982_mitonet_benchmark,MitoNet,sali_00066,sparse,15.0,mito_benchmarks/salivary_gland/salivary_gland_em.tif,vit_l_em_organelles,0.608,0.091105,0.047727,0.100913,0.083034,0.091105,0.997661,0.998954,1967,17525,21722,16736002,23689,19492,562320,0.042127,0.089925,0.050958,ok,13,18,0.153846,0.111111,0.129032,0.068966,0.0,0.0,0.0,0.0,0.084444,0.654439,0.129032
microsam_vit_l_em_organelles,mito,empiar_10982_mitonet_benchmark,MitoNet,sali_00067,sparse,15.0,mito_benchmarks/salivary_gland/salivary_gland_em.tif,vit_l_em_organelles,0.604,0.042548,0.021737,0.168221,0.024354,0.042548,0.9985,0.999835,559,2764,22394,16751499,22953,3323,537320,0.042718,0.046039,0.0,ok,4,20,0.0,0.0,0.0,0.0,0.0,0.0,0.0,0.0,0.0,0.0,0.0
microsam_vit_l_em_organelles,mito,empiar_10982_mitonet_benchmark,MitoNet,sali_00068,sparse,15.0,mito_benchmarks/salivary_gland/salivary_gland_em.tif,vit_l_em_organelles,0.609,0.015136,0.007626,0.046719,0.009031,0.015136,0.997929,0.999675,267,5448,29299,16742202,29566,5715,602616,0.049063,0.026826,0.001073,ok,4,23,0.0,0.0,0.0,0.0,0.0,0.0,0.0,0.0,0.0,0.0,0.0
microsam_vit_l_em_organelles,mito,empiar_10982_mitonet_benchmark,MitoNet,sali_00069,sparse,15.0,mito_benchmarks/salivary_gland/salivary_gland_em.tif,vit_l_em_organelles,0.928,0.077865,0.04051,0.148547,0.05276,0.077865,0.997957,0.999505,1447,8294,25979,16741496,27426,9741,605616,0.045286,0.069134,0.01569,ok,9,23,0.111111,0.043478,0.0625,0.032258,0.0,0.0,0.0,0.0,0.031788,0.508612,0.0625
microsam_vit_l_em_organelles,mito,empiar_10982_mitonet_benchmark,MitoNet,sali_00070,sparse,15.0,mito_benchmarks/salivary_gland/salivary_gland_em.tif,vit_l_em_organelles,0.603,0.010802,0.005431,0.025963,0.00682,0.010802,0.998013,0.999592,182,6828,26504,16743702,26686,7010,712701,0.037443,0.015573,0.0,ok,6,20,0.0,0.0,0.0,0.0,0.0,0.0,0.0,0.0,0.0,0.0,0.0
microsam_vit_l_em_organelles,mito,empiar_10982_mitonet_benchmark,MitoNet,sali_00071,sparse,15.0,mito_benchmarks/salivary_gland/salivary_gland_em.tif,vit_l_em_organelles,0.625,0.144993,0.078163,0.161442,0.131586,0.144993,0.997774,0.999018,3167,16450,20901,16736698,24068,19617,808146,0.029782,0.098087,0.102542,ok,12,17,0.083333,0.058824,0.068966,0.035714,0.083333,0.058824,0.068966,0.035714,0.063016,0.913733,0.068966
microsam_vit_l_em_organelles,mito,empiar_10982_mitonet_benchmark,MitoNet,sali_00072,sparse,15.0,mito_benchmarks/salivary_gland/salivary_gland_em.tif,vit_l_em_organelles,0.613,0.132672,0.071049,0.165212,0.110841,0.132672,0.998186,0.999298,2328,11763,18675,16744450,21003,14091,840368,0.024993,0.141162,0.10144,ok,12,19,0.083333,0.052632,0.064516,0.033333,0.0,0.0,0.0,0.0,0.046476,0.720386,0.064516
microsam_vit_l_em_organelles,mito,empiar_10982_mitonet_benchmark,MitoNet,sali_00073,sparse,15.0,mito_benchmarks/salivary_gland/salivary_gland_em.tif,vit_l_em_organelles,0.609,0.050359,0.02583,0.049118,0.051663,0.050359,0.99779,0.998864,983,19030,18044,16739159,19027,20013,783881,0.024273,0.076398,0.016889,ok,14,17,0.0,0.0,0.0,0.0,0.0,0.0,0.0,0.0,0.0,0.0,0.0
microsam_vit_l_em_organelles,mito,empiar_10982_mitonet_benchmark,MitoNet,sali_00074,sparse,15.0,mito_benchmarks/salivary_gland/salivary_gland_em.tif,vit_l_em_organelles,0.606,0.091714,0.048061,0.124428,0.072621,0.091714,0.9983,0.999395,1440,10133,18389,16747254,19829,11573,750882,0.026408,0.126731,0.052265,ok,14,15,0.071429,0.066667,0.068966,0.035714,0.0,0.0,0.0,0.0,0.05018,0.727614,0.068966
microsam_vit_l_em_organelles,mito,empiar_10982_mitonet_benchmark,MitoNet,sali_00075,sparse,15.0,mito_benchmarks/salivary_gland/salivary_gland_em.tif,vit_l_em_organelles,0.611,0.026008,0.013176,0.020951,0.034285,0.026008,0.997281,0.998302,609,28459,17154,16730994,17763,29068,760971,0.023343,0.020323,0.02815,ok,5,14,0.0,0.0,0.0,0.0,0.0,0.0,0.0,0.0,0.0,0.0,0.0
microsam_vit_l_em_organelles,mito,empiar_10982_mitonet_benchmark,MitoNet,sali_00076,sparse,15.0,mito_benchmarks/salivary_gland/salivary_gland_em.tif,vit_l_em_organelles,0.607,0.013555,0.006824,0.013357,0.013758,0.013555,0.997371,0.998664,303,22382,21720,16732811,22023,22685,757185,0.029085,0.032564,0.03273,ok,2,17,0.0,0.0,0.0,0.0,0.0,0.0,0.0,0.0,0.0,0.0,0.0
microsam_vit_l_em_organelles,mito,empiar_10982_mitonet_benchmark,MitoNet,sali_00077,sparse,15.0,mito_benchmarks/salivary_gland/salivary_gland_em.tif,vit_l_em_organelles,0.628,0.0,0.0,0.0,0.0,0.0,0.998153,0.999206,0,13305,17682,16746229,17682,13305,687754,0.02571,0.0,0.0,ok,1,14,0.0,0.0,0.0,0.0,0.0,0.0,0.0,0.0,0.0,0.0,0.0
microsam_vit_l_em_organelles,mito,empiar_10982_mitonet_benchmark,MitoNet,sali_00078,sparse,15.0,mito_benchmarks/salivary_gland/salivary_gland_em.tif,vit_l_em_organelles,0.603,0.0,0.0,0.0,0.0,0.0,0.998223,0.999548,0,7581,22225,16747410,22225,7581,624682,0.035578,0.0,0.0,ok,1,15,0.0,0.0,0.0,0.0,0.0,0.0,0.0,0.0,0.0,0.0,0.0
microsam_vit_l_em_organelles,mito,empiar_10982_mitonet_benchmark,MitoNet,sali_00079,sparse,15.0,mito_benchmarks/salivary_gland/salivary_gland_em.tif,vit_l_em_organelles,0.644,0.069618,0.036065,0.917485,0.036182,0.069618,0.998512,0.999995,934,84,24880,16751318,25814,1018,594080,0.043452,0.038624,0.044518,ok,2,18,0.5,0.055556,0.1,0.052632,0.0,0.0,0.0,0.0,0.066555,0.665549,0.1
microsam_vit_l_em_organelles,mito,empiar_10982_mitonet_benchmark,MitoNet,sali_00080,sparse,15.0,mito_benchmarks/salivary_gland/salivary_gland_em.tif,vit_l_em_organelles,0.602,0.148717,0.080332,0.997749,0.080346,0.148717,0.99879,1.0,1773,4,20294,16755145,22067,1777,577424,0.038216,0.091975,0.086286,ok,1,20,1.0,0.05,0.095238,0.05,1.0,0.05,0.095238,0.05,0.076475,0.802989,0.095238
microsam_vit_l_em_organelles,mito,empiar_10982_mitonet_benchmark,MitoNet,sali_00081,sparse,15.0,mito_benchmarks/salivary_gland/salivary_gland_em.tif,vit_l_em_organelles,0.602,0.012818,0.00645,1.0,0.00645,0.012818,0.998696,1.0,142,0,21872,16755202,22014,142,326748,0.067373,0.019892,0.006633,ok,1,17,0.0,0.0,0.0,0.0,0.0,0.0,0.0,0.0,0.0,0.0,0.0
microsam_vit_l_em_organelles,mito,empiar_10982_mitonet_benchmark,MitoNet,sali_00082,sparse,15.0,mito_benchmarks/salivary_gland/salivary_gland_em.tif,vit_l_em_organelles,0.597,0.275629,0.159843,0.669259,0.173553,0.275629,0.998787,0.999886,3873,1914,18443,16752986,22316,5787,292248,0.07636,0.318851,0.186915,ok,3,14,0.333333,0.071429,0.117647,0.0625,0.0,0.0,0.0,0.0,0.071076,0.604149,0.117647
microsam_vit_l_em_organelles,mito,empiar_10982_mitonet_benchmark,MitoNet,sali_00083,sparse,15.0,mito_benchmarks/salivary_gland/salivary_gland_em.tif,vit_l_em_organelles,0.605,0.0,0.0,0.0,0.0,0.0,0.999132,0.999956,0,742,13829,16762645,13829,742,328185,0.042138,0.0,0.0,ok,2,9,0.0,0.0,0.0,0.0,0.0,0.0,0.0,0.0,0.0,0.0,0.0
microsam_vit_l_em_organelles,mito,empiar_10982_mitonet_benchmark,MitoNet,sali_00084,sparse,15.0,mito_benchmarks/salivary_gland/salivary_gland_em.tif,vit_l_em_organelles,0.597,0.091322,0.047846,0.240845,0.056343,0.091322,0.999391,0.999904,513,1617,8592,16766494,9105,2130,318004,0.028632,0.081814,0.001567,ok,2,7,0.0,0.0,0.0,0.0,0.0,0.0,0.0,0.0,0.0,0.0,0.0
microsam_vit_l_em_organelles,mito,empiar_10982_mitonet_benchmark,MitoNet,sali_00085,sparse,15.0,mito_benchmarks/salivary_gland/salivary_gland_em.tif,vit_l_em_organelles,0.595,0.0,0.0,nan,0.0,0.0,0.999647,1.0,0,0,5922,16771294,5922,0,204074,0.029019,0.0,0.0,ok,0,6,nan,0.0,0.0,0.0,nan,0.0,0.0,0.0,0.0,0.0,0.0
microsam_vit_l_em_organelles,mito,empiar_10982_mitonet_benchmark,MitoNet,sali_00086,sparse,15.0,mito_benchmarks/salivary_gland/salivary_gland_em.tif,vit_l_em_organelles,0.602,0.362717,0.221536,0.423785,0.317033,0.362717,0.999677,0.999875,1543,2098,3324,16770251,4867,3641,334880,0.014534,0.242431,0.123721,ok,3,5,0.666667,0.4,0.5,0.333333,0.0,0.0,0.0,0.0,0.34315,0.686299,0.5
microsam_vit_l_em_organelles,mito,empiar_10982_mitonet_benchmark,MitoNet,sali_00087,sparse,15.0,mito_benchmarks/salivary_gland/salivary_gland_em.tif,vit_l_em_organelles,0.585,0.0,0.0,nan,0.0,0.0,0.999956,1.0,0,0,740,16776476,740,0,3762,0.196704,0.0,0.0,ok,0,1,nan,0.0,0.0,0.0,nan,0.0,0.0,0.0,0.0,0.0,0.0
microsam_vit_l_em_organelles,mito,empiar_10982_mitonet_benchmark,MitoNet,sali_00088,sparse,15.0,mito_benchmarks/salivary_gland/salivary_gland_em.tif,vit_l_em_organelles,0.608,0.0,0.0,0.0,0.0,0.0,0.999703,0.999832,0,2810,2181,16772225,2181,2810,77682,0.028076,0.0,0.0,ok,1,2,0.0,0.0,0.0,0.0,0.0,0.0,0.0,0.0,0.0,0.0,0.0
microsam_vit_l_em_organelles,mito,empiar_10982_mitonet_benchmark,MitoNet,sali_00089,sparse,15.0,mito_benchmarks/salivary_gland/salivary_gland_em.tif,vit_l_em_organelles,0.607,0.0,0.0,nan,0.0,0.0,0.99974,1.0,0,0,4369,16772847,4369,0,82680,0.052842,0.0,0.0,ok,0,4,nan,0.0,0.0,0.0,nan,0.0,0.0,0.0,0.0,0.0,0.0
microsam_vit_l_em_organelles,mito,empiar_10982_mitonet_benchmark,MitoNet,sali_00090,sparse,15.0,mito_benchmarks/salivary_gland/salivary_gland_em.tif,vit_l_em_organelles,0.608,0.0,0.0,nan,0.0,0.0,0.999741,1.0,0,0,4341,16772875,4341,0,77546,0.05598,0.0,0.0,ok,0,6,nan,0.0,0.0,0.0,nan,0.0,0.0,0.0,0.0,0.0,0.0
microsam_vit_l_em_organelles,mito,empiar_10982_mitonet_benchmark,MitoNet,sali_00091,sparse,15.0,mito_benchmarks/salivary_gland/salivary_gland_em.tif,vit_l_em_organelles,0.606,0.0,0.0,nan,0.0,0.0,0.999233,1.0,0,0,12875,16764341,12875,0,57134,0.225347,0.0,0.0,ok,0,8,nan,0.0,0.0,0.0,nan,0.0,0.0,0.0,0.0,0.0,0.0
microsam_vit_l_em_organelles,mito,empiar_10982_mitonet_benchmark,MitoNet,sali_00092,sparse,15.0,mito_benchmarks/salivary_gland/salivary_gland_em.tif,vit_l_em_organelles,0.6,0.0,0.0,0.0,0.0,0.0,0.998946,0.999972,0,474,17204,16759538,17204,474,52974,0.324763,0.0,0.0,ok,1,7,0.0,0.0,0.0,0.0,0.0,0.0,0.0,0.0,0.0,0.0,0.0
microsam_vit_l_em_organelles,mito,empiar_10982_mitonet_benchmark,MitoNet,sali_00093,sparse,15.0,mito_benchmarks/salivary_gland/salivary_gland_em.tif,vit_l_em_organelles,0.606,0.109545,0.057946,0.869286,0.058456,0.109545,0.99895,0.99999,1084,163,17460,16758509,18544,1247,81420,0.227757,0.162526,0.04534,ok,1,6,0.0,0.0,0.0,0.0,0.0,0.0,0.0,0.0,0.0,0.0,0.0
microsam_vit_l_em_organelles,mito,empiar_10982_mitonet_benchmark,MitoNet,sali_00094,sparse,15.0,mito_benchmarks/salivary_gland/salivary_gland_em.tif,vit_l_em_organelles,0.595,0.0,0.0,0.0,0.0,0.0,0.999583,1.0,0,5,6993,16770218,6993,5,29388,0.237954,0.0,0.0,ok,1,3,0.0,0.0,0.0,0.0,0.0,0.0,0.0,0.0,0.0,0.0,0.0
microsam_vit_l_em_organelles,mito,empiar_10982_mitonet_benchmark,MitoNet,tem_00095,sparse,2.0,tem_benchmark/images/0s1JawDdbBymwtwOjgx8.tiff,vit_l_em_organelles,0.596,0.920613,0.852903,0.884947,0.959274,0.920613,0.99835,0.998744,160501,20867,6814,16589034,167315,181368,803160,0.208321,0.955449,0.588043,ok,18,17,0.777778,0.823529,0.8,0.666667,0.666667,0.705882,0.685714,0.521739,0.698667,0.873334,0.8
microsam_vit_l_em_organelles,mito,empiar_10982_mitonet_benchmark,MitoNet,tem_00096,sparse,2.0,tem_benchmark/images/17pOyGcUusCVRfzUZxTs.tiff,vit_l_em_organelles,0.528,0.843525,0.729393,0.925205,0.775097,0.843525,0.99838,0.999645,73242,5921,21252,16676801,94494,79163,365120,0.258803,0.86385,0.667263,ok,8,8,0.875,0.875,0.875,0.777778,0.875,0.875,0.875,0.777778,0.814889,0.931302,0.875
microsam_vit_l_em_organelles,mito,empiar_10982_mitonet_benchmark,MitoNet,tem_00097,sparse,2.0,tem_benchmark/images/1U0jYrdPwdlRDsQzkUNc.tiff,vit_l_em_organelles,0.581,0.872337,0.77358,0.94223,0.812097,0.872337,0.999048,0.9998,54590,3347,12631,16706648,67221,57937,1009664,0.066578,0.914081,0.769935,ok,40,43,0.775,0.72093,0.746988,0.596154,0.65,0.604651,0.626506,0.45614,0.639237,0.855752,0.746988
microsam_vit_l_em_organelles,mito,empiar_10982_mitonet_benchmark,MitoNet,tem_00098,sparse,2.0,tem_benchmark/images/1unGsOC0dfeB02LCtQwi.tiff,vit_l_em_organelles,0.593,0.925269,0.860931,0.929139,0.921431,0.925269,0.999204,0.999622,82633,6302,7046,16681235,89679,88935,894976,0.100203,0.886764,0.657705,ok,14,16,1.0,0.875,0.933333,0.875,1.0,0.875,0.933333,0.875,0.86581,0.927654,0.933333
microsam_vit_l_em_organelles,mito,empiar_10982_mitonet_benchmark,MitoNet,tem_00099,sparse,2.0,tem_benchmark/images/1vNHcbV4bWuC1zywuBdP.tiff,vit_l_em_organelles,0.603,0.956221,0.916115,0.976087,0.937148,0.956221,0.998367,0.999555,299194,7330,20066,16450626,319260,306524,814080,0.392173,0.961828,0.706298,ok,25,28,0.96,0.857143,0.90566,0.827586,0.92,0.821429,0.867925,0.766667,0.838029,0.925324,0.90566
microsam_vit_l_em_organelles,mito,empiar_10982_mitonet_benchmark,MitoNet,tem_00100,sparse,2.0,tem_benchmark/images/2Tlqk9n8mmGv6G0EGxwl.tiff,vit_l_em_organelles,0.631,0.728556,0.573014,0.99974,0.5731,0.728556,0.979003,0.999992,472757,123,352155,15952181,824912,472880,1048576,0.786697,0.813524,0.056197,ok,51,62,0.745098,0.612903,0.672566,0.506667,0.039216,0.032258,0.035398,0.018018,0.427657,0.635858,0.672566
microsam_vit_l_em_organelles,mito,empiar_10982_mitonet_benchmark,MitoNet,tem_00101,sparse,2.0,tem_benchmark/images/3ib2iOCHNQIgrUaxnLwm.tiff,vit_l_em_organelles,0.497,0.896717,0.812772,0.866076,0.929605,0.896717,0.999676,0.999782,23572,3645,1785,16748214,25357,27217,235470,0.107687,0.952025,0.91532,ok,90,86,0.855556,0.895349,0.875,0.777778,0.777778,0.813953,0.795455,0.660377,0.746948,0.853655,0.875
microsam_vit_l_em_organelles,mito,empiar_10982_mitonet_benchmark,MitoNet,tem_00102,sparse,2.0,tem_benchmark/images/3pbuH37yaTFrTt52QdNO.tiff,vit_l_em_organelles,0.685,0.966302,0.934801,0.987068,0.946392,0.966302,0.997154,0.999441,684708,8971,38785,16044752,723493,693679,1154560,0.62664,0.981455,0.909135,ok,21,23,1.0,0.913043,0.954545,0.913043,1.0,0.913043,0.954545,0.913043,0.883487,0.925558,0.954545
microsam_vit_l_em_organelles,mito,empiar_10982_mitonet_benchmark,MitoNet,tem_00103,sparse,2.0,tem_benchmark/images/5BzcbKwHruGS296dUugB.tiff,vit_l_em_organelles,0.488,0.877688,0.782036,0.951918,0.814197,0.877688,0.999725,0.99995,16551,836,3777,16756052,20328,17387,72756,0.2794,0.913963,0.894544,ok,73,79,0.849315,0.78481,0.815789,0.688889,0.589041,0.544304,0.565789,0.394495,0.665238,0.815453,0.815789
microsam_vit_l_em_organelles,mito,empiar_10982_mitonet_benchmark,MitoNet,tem_00104,sparse,2.0,tem_benchmark/images/6plriVrEepvhHyOBmtUc.tiff,vit_l_em_organelles,0.571,0.310107,0.183507,0.9072,0.187017,0.310107,0.998022,0.999954,7459,763,32425,16736569,39884,8222,619719,0.064358,0.237718,0.12217,ok,7,33,0.571429,0.121212,0.2,0.111111,0.285714,0.060606,0.1,0.052632,0.14714,0.735702,0.2
microsam_vit_l_em_organelles,mito,empiar_10982_mitonet_benchmark,MitoNet,tem_00105,sparse,2.0,tem_benchmark/images/6uc2ydKjW1yJG033GPjj.tiff,vit_l_em_organelles,0.697,0.885232,0.794096,0.892105,0.878464,0.885232,0.999588,0.999807,26657,3224,3688,16743647,30345,29881,381920,0.079454,0.945009,0.588703,ok,8,8,0.875,0.875,0.875,0.777778,0.75,0.75,0.75,0.6,0.726199,0.829942,0.875
microsam_vit_l_em_organelles,mito,empiar_10982_mitonet_benchmark,MitoNet,tem_00106,sparse,2.0,tem_benchmark/images/7Z7jSCJZ23zSW2ZztTPJ.tiff,vit_l_em_organelles,0.598,0.766854,0.621867,0.903731,0.665985,0.766854,0.996284,0.999343,102531,10922,51423,16612340,153954,113453,1048576,0.146822,0.778929,0.651752,ok,106,117,0.745283,0.675214,0.70852,0.548611,0.613208,0.555556,0.58296,0.411392,0.58758,0.829306,0.70852
microsam_vit_l_em_organelles,mito,empiar_10982_mitonet_benchmark,MitoNet,tem_00107,sparse,2.0,tem_benchmark/images/9SNS8ZHu7wx8HstQg2Vo.tiff,vit_l_em_organelles,0.585,0.749504,0.599365,0.979258,0.607072,0.749504,0.998886,0.999965,27949,592,18090,16730585,46039,28541,1012736,0.04546,0.759048,0.525756,ok,26,43,0.923077,0.55814,0.695652,0.533333,0.653846,0.395349,0.492754,0.326923,0.555135,0.798006,0.695652
microsam_vit_l_em_organelles,mito,empiar_10982_mitonet_benchmark,MitoNet,tem_00108,sparse,2.0,tem_benchmark/images/9jHLkwpVONtdgyvLyhds.tiff,vit_l_em_organelles,0.702,0.880687,0.78681,0.932568,0.834275,0.880687,0.998535,0.999607,90709,6559,18019,16661929,108728,97268,967680,0.112359,0.882693,0.617157,ok,13,15,0.923077,0.8,0.857143,0.75,0.923077,0.8,0.857143,0.75,0.794484,0.926898,0.857143
microsam_vit_l_em_organelles,mito,empiar_10982_mitonet_benchmark,MitoNet,tem_00109,sparse,2.0,tem_benchmark/images/AH9rwncuiyjonmnTpzc6.tiff,vit_l_em_organelles,0.584,0.867647,0.766233,0.956286,0.794045,0.867647,0.998293,0.999742,93849,4290,24342,16654735,118191,98139,864032,0.13679,0.782002,0.52987,ok,10,17,1.0,0.588235,0.740741,0.588235,0.9,0.529412,0.666667,0.5,0.655062,0.884333,0.740741
microsam_vit_l_em_organelles,mito,empiar_10982_mitonet_benchmark,MitoNet,tem_00110,sparse,2.0,tem_benchmark/images/ALknkSgr7aoWr14RfrSV.tiff,vit_l_em_organelles,0.696,0.96827,0.938491,0.952578,0.984487,0.96827,0.998949,0.999189,268951,13389,4238,16490638,273189,282340,1448502,0.188601,1.0,0.848574,ok,8,7,0.875,1.0,0.933333,0.875,0.75,0.857143,0.8,0.666667,0.827517,0.886625,0.933333
microsam_vit_l_em_organelles,mito,empiar_10982_mitonet_benchmark,MitoNet,tem_00111,sparse,2.0,tem_benchmark/images/AOVAPBvPacOXcUoVM3uZ.tiff,vit_l_em_organelles,0.603,0.959055,0.921331,0.990548,0.929503,0.959055,0.997887,0.999757,415193,3962,31490,16326571,446683,419155,829440,0.538536,0.96914,0.646867,ok,53,54,0.981132,0.962963,0.971963,0.945455,0.90566,0.888889,0.897196,0.813559,0.863835,0.888754,0.971963
microsam_vit_l_em_organelles,mito,empiar_10982_mitonet_benchmark,MitoNet,tem_00112,sparse,2.0,tem_benchmark/images/AvUtncbaV60ITOmLlAkQ.tiff,vit_l_em_organelles,0.791,0.787453,0.64942,0.963589,0.665758,0.787453,0.997612,0.999832,74206,2804,37255,16662951,111461,77010,801792,0.139015,0.781878,0.536897,ok,36,66,0.944444,0.515152,0.666667,0.5,0.611111,0.333333,0.431373,0.275,0.529105,0.793658,0.666667
microsam_vit_l_em_organelles,mito,empiar_10982_mitonet_benchmark,MitoNet,tem_00113,sparse,2.0,tem_benchmark/images/DccMhwElHJmbuS2J8lrU.tiff,vit_l_em_organelles,0.584,0.960819,0.924592,0.964344,0.957319,0.960819,0.999597,0.999816,82923,3066,3697,16687530,86620,85989,581632,0.148926,0.945354,0.780469,ok,5,6,1.0,0.833333,0.909091,0.833333,1.0,0.833333,0.909091,0.833333,0.869813,0.956794,0.909091
microsam_vit_l_em_organelles,mito,empiar_10982_mitonet_benchmark,MitoNet,tem_00114,sparse,2.0,tem_benchmark/images/DprwEW2YlVIuqe8iiBUM.tiff,vit_l_em_organelles,0.577,0.879428,0.784803,0.978843,0.798345,0.879428,0.999412,0.999954,35995,778,9092,16731351,45087,36773,794848,0.056724,0.798658,0.773865,ok,17,24,1.0,0.708333,0.829268,0.708333,0.941176,0.666667,0.780488,0.64,0.73913,0.891303,0.829268
microsam_vit_l_em_organelles,mito,empiar_10982_mitonet_benchmark,MitoNet,tem_00115,sparse,2.0,tem_benchmark/images/E3DjzU1Hv0lKtRerU0dr.tiff,vit_l_em_organelles,0.583,0.770446,0.626607,0.885417,0.681902,0.770446,0.99857,0.999688,40267,5211,18784,16712954,59051,45478,1048576,0.056315,0.8403,0.570727,ok,34,32,0.794118,0.84375,0.818182,0.692308,0.588235,0.625,0.606061,0.434783,0.653585,0.798826,0.818182
microsam_vit_l_em_organelles,mito,empiar_10982_mitonet_benchmark,MitoNet,tem_00116,sparse,2.0,tem_benchmark/images/FJkyZfNswUHYI8UXjInE.tiff,vit_l_em_organelles,0.58,0.777278,0.635694,0.928202,0.66857,0.777278,0.998292,0.999768,50005,3868,24789,16698554,74794,53873,973685,0.076815,0.775608,0.519478,ok,15,20,0.866667,0.65,0.742857,0.590909,0.8,0.6,0.685714,0.521739,0.627262,0.844391,0.742857
microsam_vit_l_em_organelles,mito,empiar_10982_mitonet_benchmark,MitoNet,tem_00117,sparse,2.0,tem_benchmark/images/FSqfiQ5X7pl4pbbBV3og.tiff,vit_l_em_organelles,0.605,0.911672,0.837681,0.861923,0.967516,0.911672,0.99954,0.999619,39851,6384,1338,16729643,41189,46235,444344,0.092696,0.962343,0.647322,ok,10,9,0.9,1.0,0.947368,0.9,0.7,0.777778,0.736842,0.583333,0.792686,0.836724,0.947368
microsam_vit_l_em_organelles,mito,empiar_10982_mitonet_benchmark,MitoNet,tem_00118,sparse,2.0,tem_benchmark/images/FcQtYwd3CZhEoqWrZQ6a.tiff,vit_l_em_organelles,0.588,0.606048,0.43477,0.97281,0.440118,0.606048,0.997857,0.999954,27657,773,35183,16713603,62840,28430,821744,0.076472,0.474657,0.497232,ok,11,30,1.0,0.366667,0.536585,0.366667,1.0,0.366667,0.536585,0.366667,0.487789,0.909062,0.536585
microsam_vit_l_em_organelles,mito,empiar_10982_mitonet_benchmark,MitoNet,tem_00119,sparse,2.0,tem_benchmark/images/GC18X3wh91fultTzXk0n.tiff,vit_l_em_organelles,0.588,0.86388,0.760378,0.798205,0.941331,0.86388,0.999004,0.999198,53012,13402,3304,16707498,56316,66414,468765,0.120137,0.779428,0.485913,ok,7,8,0.857143,0.75,0.8,0.666667,0.857143,0.75,0.8,0.666667,0.732308,0.915385,0.8
microsam_vit_l_em_organelles,mito,empiar_10982_mitonet_benchmark,MitoNet,tem_00120,sparse,2.0,tem_benchmark/images/Gp5MEeb8iAuYfrAcOb3T.tiff,vit_l_em_organelles,0.584,0.84013,0.724331,0.930919,0.765475,0.84013,0.998266,0.99966,76435,5672,23418,16671691,99853,82107,1001472,0.099706,0.816336,0.624731,ok,25,38,0.88,0.578947,0.698413,0.536585,0.84,0.552632,0.666667,0.5,0.606314,0.868132,0.698413
microsam_vit_l_em_organelles,mito,empiar_10982_mitonet_benchmark,MitoNet,tem_00121,sparse,2.0,tem_benchmark/images/HIv1HOOLTWhvBGs2GLAW.tiff,vit_l_em_organelles,1.06,0.948367,0.901805,0.988012,0.911782,0.948367,0.99845,0.999825,238761,2897,23101,16512457,261862,241658,1044480,0.25071,0.981131,0.748332,ok,52,50,0.903846,0.94,0.921569,0.854545,0.807692,0.84,0.823529,0.7,0.808392,0.877192,0.921569
microsam_vit_l_em_organelles,mito,empiar_10982_mitonet_benchmark,MitoNet,tem_00122,sparse,2.0,tem_benchmark/images/HWJC0I0n5pPosm91fPN9.tiff,vit_l_em_organelles,0.594,0.970968,0.943574,0.969502,0.972438,0.970968,0.999469,0.999718,149028,4688,4224,16619276,153252,153716,932000,0.164433,0.946079,0.795494,ok,15,16,1.0,0.9375,0.967742,0.9375,1.0,0.9375,0.967742,0.9375,0.918318,0.948929,0.967742
microsam_vit_l_em_organelles,mito,empiar_10982_mitonet_benchmark,MitoNet,tem_00123,sparse,2.0,tem_benchmark/images/IsdoTn0CZN3NNBHw9eHs.tiff,vit_l_em_organelles,0.578,0.753003,0.603854,0.903434,0.645518,0.753003,0.998809,0.999805,30462,3256,16728,16726770,47190,33718,1017856,0.046362,0.75205,0.634781,ok,59,73,0.728814,0.589041,0.651515,0.483146,0.644068,0.520548,0.575758,0.404255,0.531327,0.815525,0.651515
microsam_vit_l_em_organelles,mito,empiar_10982_mitonet_benchmark,MitoNet,tem_00124,sparse,2.0,tem_benchmark/images/JbZdraW8jUWOkWYenUQW.tiff,vit_l_em_organelles,0.514,0.985352,0.971127,0.982956,0.987761,0.985352,0.999817,0.999892,103461,1794,1282,16670679,104743,105255,282384,0.370924,0.99575,0.976119,ok,21,19,0.904762,1.0,0.95,0.904762,0.761905,0.842105,0.8,0.666667,0.880165,0.926489,0.95
microsam_vit_l_em_organelles,mito,empiar_10982_mitonet_benchmark,MitoNet,tem_00125,sparse,2.0,tem_benchmark/images/KDdqT7pjt4RB6DP9YhBv.tiff,vit_l_em_organelles,0.571,0.513835,0.345746,0.998206,0.345961,0.513835,0.999121,0.999999,7790,14,14727,16754685,22517,7804,147076,0.153098,0.517172,0.179681,ok,2,8,1.0,0.25,0.4,0.25,0.5,0.125,0.2,0.111111,0.329581,0.823952,0.4
microsam_vit_l_em_organelles,mito,empiar_10982_mitonet_benchmark,MitoNet,tem_00126,sparse,2.0,tem_benchmark/images/KYJvyQylQ6GoiyoABzCi.tiff,vit_l_em_organelles,0.591,0.925116,0.860666,0.98102,0.87524,0.925116,0.999621,0.999955,39230,759,5592,16731635,44822,39989,808588,0.055432,0.960659,0.970896,ok,45,47,1.0,0.957447,0.978261,0.957447,0.955556,0.914894,0.934783,0.877551,0.861192,0.88033,0.978261
microsam_vit_l_em_organelles,mito,empiar_10982_mitonet_benchmark,MitoNet,tem_00127,sparse,2.0,tem_benchmark/images/MTeOXdixYD6o3ysTjtlY.tiff,vit_l_em_organelles,0.578,0.418025,0.264242,1.0,0.264242,0.418025,0.997458,1.0,15316,0,42646,16719254,57962,15316,540155,0.107306,0.354136,0.106944,ok,8,14,0.5,0.285714,0.363636,0.222222,0.375,0.214286,0.272727,0.157895,0.285861,0.786118,0.363636
microsam_vit_l_em_organelles,mito,empiar_10982_mitonet_benchmark,MitoNet,tem_00128,sparse,2.0,tem_benchmark/images/MWyu8XxfJUz0tPpjMG68.tiff,vit_l_em_organelles,0.563,0.91065,0.835958,0.96822,0.859542,0.91065,0.999552,0.999925,38327,1258,6263,16731368,44590,39585,400334,0.111382,0.898826,0.78152,ok,19,23,1.0,0.826087,0.904762,0.826087,0.894737,0.73913,0.809524,0.68,0.787018,0.869862,0.904762
microsam_vit_l_em_organelles,mito,empiar_10982_mitonet_benchmark,MitoNet,tem_00129,sparse,2.0,tem_benchmark/images/N9aIKs7lUVsYd6bT3LxC.tiff,vit_l_em_organelles,0.591,0.963438,0.929455,0.970478,0.9565,0.963438,0.998943,0.99957,233626,7107,10625,16525858,244251,240733,1048576,0.232936,0.968874,0.770377,ok,16,18,1.0,0.888889,0.941176,0.888889,0.9375,0.833333,0.882353,0.789474,0.88119,0.936264,0.941176
microsam_vit_l_em_organelles,mito,empiar_10982_mitonet_benchmark,MitoNet,tem_00130,sparse,2.0,tem_benchmark/images/NFlQQXCuLN49baKGNHc8.tiff,vit_l_em_organelles,0.575,0.842213,0.727433,0.953723,0.754048,0.842213,0.998673,0.999827,59416,2883,19380,16695537,78796,62299,928768,0.084839,0.808859,0.582113,ok,15,16,0.8,0.75,0.774194,0.631579,0.6,0.5625,0.580645,0.409091,0.660626,0.853309,0.774194
microsam_vit_l_em_organelles,mito,empiar_10982_mitonet_benchmark,MitoNet,tem_00131,sparse,2.0,tem_benchmark/images/NWNws2Vo4AQhIw579f4E.tiff,vit_l_em_organelles,0.615,0.933208,0.87478,0.97221,0.897216,0.933208,0.996944,0.999375,358129,10237,41027,16367823,399156,368366,944424,0.422645,0.904057,0.621737,ok,31,39,0.967742,0.769231,0.857143,0.75,0.935484,0.74359,0.828571,0.707317,0.78638,0.917444,0.857143
microsam_vit_l_em_organelles,mito,empiar_10982_mitonet_benchmark,MitoNet,tem_00132,sparse,2.0,tem_benchmark/images/NpIsioJcraoQ7UM5w5KA.tiff,vit_l_em_organelles,0.567,0.644501,0.475471,0.820339,0.530738,0.644501,0.999127,0.999826,13278,2908,11740,16749290,25018,16186,502200,0.049817,0.760722,0.534712,ok,31,42,0.645161,0.47619,0.547945,0.377358,0.258065,0.190476,0.219178,0.123077,0.385891,0.704251,0.547945
microsam_vit_l_em_organelles,mito,empiar_10982_mitonet_benchmark,MitoNet,tem_00133,sparse,2.0,tem_benchmark/images/P4f6REHlY0j5oPr8hyFr.tiff,vit_l_em_organelles,0.495,0.82003,0.694959,0.90293,0.751073,0.82003,0.99973,0.999934,10325,1110,3422,16762359,13747,11435,158330,0.086825,0.887155,0.830017,ok,60,77,0.816667,0.636364,0.715328,0.556818,0.716667,0.558442,0.627737,0.457447,0.611984,0.855528,0.715328
microsam_vit_l_em_organelles,mito,empiar_10982_mitonet_benchmark,MitoNet,tem_00134,sparse,2.0,tem_benchmark/images/PRV36TemoPe3oPNL0RXZ.tiff,vit_l_em_organelles,0.622,0.856366,0.748811,0.958044,0.774199,0.856366,0.995643,0.999422,217886,9542,63548,16486240,281434,227428,1052945,0.267283,0.881473,0.77173,ok,40,44,0.85,0.772727,0.809524,0.68,0.775,0.704545,0.738095,0.584906,0.699327,0.863874,0.809524
microsam_vit_l_em_organelles,mito,empiar_10982_mitonet_benchmark,MitoNet,tem_00135,sparse,2.0,tem_benchmark/images/QLwSiZlPfFaKn9UkVw5A.tiff,vit_l_em_organelles,0.587,0.731261,0.576368,0.976072,0.584628,0.731261,0.997217,0.999907,63514,1557,45126,16667019,108640,65071,1048576,0.103607,0.740976,0.507223,ok,13,20,0.923077,0.6,0.727273,0.571429,0.846154,0.55,0.666667,0.5,0.64421,0.885789,0.727273
microsam_vit_l_em_organelles,mito,empiar_10982_mitonet_benchmark,MitoNet,tem_00136,sparse,2.0,tem_benchmark/images/QQZlSgIkiL7OdZ2a8oIm.tiff,vit_l_em_organelles,0.58,0.636776,0.46711,0.959523,0.4765,0.636776,0.997174,0.999895,41556,1753,45655,16688252,87211,43309,847100,0.102952,0.62433,0.411924,ok,17,25,0.647059,0.44,0.52381,0.354839,0.588235,0.4,0.47619,0.3125,0.438444,0.837029,0.52381
microsam_vit_l_em_organelles,mito,empiar_10982_mitonet_benchmark,MitoNet,tem_00137,sparse,2.0,tem_benchmark/images/QWlbQZ1v00zxmk2Fp3Le.tiff,vit_l_em_organelles,0.535,0.841024,0.725662,0.91483,0.778239,0.841024,0.998338,0.999588,73749,6866,21015,16675586,94764,80615,398812,0.237616,0.875914,0.50075,ok,12,12,0.833333,0.833333,0.833333,0.714286,0.583333,0.583333,0.583333,0.411765,0.685292,0.82235,0.833333
microsam_vit_l_em_organelles,mito,empiar_10982_mitonet_benchmark,MitoNet,tem_00138,sparse,2.0,tem_benchmark/images/QWqaLBDT0uuxxNX25kP9.tiff,vit_l_em_organelles,0.575,0.934019,0.876207,0.9217,0.946672,0.934019,0.999601,0.999759,47380,4025,2669,16723142,50049,51405,1048576,0.04773,0.974347,0.797194,ok,23,25,1.0,0.92,0.958333,0.92,0.956522,0.88,0.916667,0.846154,0.854539,0.891693,0.958333
microsam_vit_l_em_organelles,mito,empiar_10982_mitonet_benchmark,MitoNet,tem_00139,sparse,2.0,tem_benchmark/images/QsP5DBmv2NYg8LUlw8b1.tiff,vit_l_em_organelles,0.587,0.321618,0.191624,0.611135,0.218233,0.321618,0.998223,0.999731,7069,4498,25323,16740326,32392,11567,921496,0.035152,0.387664,0.156977,ok,12,41,0.416667,0.121951,0.188679,0.104167,0.25,0.073171,0.113208,0.06,0.140709,0.745759,0.188679
microsam_vit_l_em_organelles,mito,empiar_10982_mitonet_benchmark,MitoNet,tem_00140,sparse,2.0,tem_benchmark/images/R6p8J6wCSmn3aStj4GHv.tiff,vit_l_em_organelles,0.573,0.857925,0.751199,0.975071,0.765908,0.857925,0.999487,0.99996,26011,665,7950,16742590,33961,26676,1029120,0.033,0.857449,0.645487,ok,13,17,0.846154,0.647059,0.733333,0.578947,0.615385,0.470588,0.533333,0.363636,0.636541,0.86801,0.733333
microsam_vit_l_em_organelles,mito,empiar_10982_mitonet_benchmark,MitoNet,tem_00141,sparse,2.0,tem_benchmark/images/RoECvy0RbILoKiv8jYab.tiff,vit_l_em_organelles,0.58,0.940291,0.887311,0.954104,0.926873,0.940291,0.999913,0.999967,11496,553,907,16764260,12403,12049,52455,0.23645,0.994186,0.813825,ok,6,6,1.0,1.0,1.0,1.0,0.833333,0.833333,0.833333,0.714286,0.86397,0.86397,1.0
microsam_vit_l_em_organelles,mito,empiar_10982_mitonet_benchmark,MitoNet,tem_00142,sparse,2.0,tem_benchmark/images/SXnwBMNzR18D8sKSjh8g.tiff,vit_l_em_organelles,0.583,0.912057,0.838332,0.939709,0.885987,0.912057,0.999624,0.999875,32731,2100,4212,16738173,36943,34831,1048576,0.035232,0.948692,0.801578,ok,13,15,0.846154,0.733333,0.785714,0.647059,0.846154,0.733333,0.785714,0.647059,0.706311,0.898942,0.785714
microsam_vit_l_em_organelles,mito,empiar_10982_mitonet_benchmark,MitoNet,tem_00143,sparse,2.0,tem_benchmark/images/TCzgvIZVHqNFtdJEPaXf.tiff,vit_l_em_organelles,0.579,0.778384,0.637176,0.992078,0.640434,0.778384,0.991287,0.999875,256729,2050,144138,16374299,400867,258779,808828,0.495615,0.748817,0.435217,ok,10,17,0.8,0.470588,0.592593,0.421053,0.8,0.470588,0.592593,0.421053,0.529482,0.893501,0.592593
microsam_vit_l_em_organelles,mito,empiar_10982_mitonet_benchmark,MitoNet,tem_00144,sparse,2.0,tem_benchmark/images/TbVlEbkOaXvgqXuOC2y5.tiff,vit_l_em_organelles,0.586,0.966277,0.934753,0.953389,0.979517,0.966277,0.999198,0.999431,192863,9429,4033,16570891,196896,202292,1040384,0.189253,0.976392,0.682279,ok,12,13,1.0,0.923077,0.96,0.923077,1.0,0.923077,0.96,0.923077,0.907784,0.945609,0.96
microsam_vit_l_em_organelles,mito,empiar_10982_mitonet_benchmark,MitoNet,tem_00145,sparse,2.0,tem_benchmark/images/UH2Xa2sqyug07qibeLI2.tiff,vit_l_em_organelles,0.748,0.786526,0.648161,0.949515,0.671295,0.786526,0.996485,0.999652,108635,5776,53194,16609611,161829,114411,652036,0.24819,0.774582,0.523212,ok,16,21,0.875,0.666667,0.756757,0.608696,0.8125,0.619048,0.702703,0.541667,0.675112,0.892112,0.756757
microsam_vit_l_em_organelles,mito,empiar_10982_mitonet_benchmark,MitoNet,tem_00146,sparse,2.0,tem_benchmark/images/UTbbCmNhBbRwzOznV6eM.tiff,vit_l_em_organelles,0.584,0.594637,0.42312,0.474339,0.796687,0.594637,0.997893,0.998284,25925,28730,6616,16715945,32541,54655,406636,0.080025,0.646284,0.422721,ok,4,4,0.75,0.75,0.75,0.6,0.75,0.75,0.75,0.6,0.681216,0.908289,0.75
microsam_vit_l_em_organelles,mito,empiar_10982_mitonet_benchmark,MitoNet,tem_00147,sparse,2.0,tem_benchmark/images/Ub2PGMk15slpiDOMy6gd.tiff,vit_l_em_organelles,0.577,0.819794,0.694619,0.881859,0.765891,0.819794,0.998399,0.99951,61089,8184,18673,16689270,79762,69273,839474,0.095014,0.852521,0.631821,ok,16,20,0.875,0.7,0.777778,0.636364,0.8125,0.65,0.722222,0.565217,0.68337,0.878619,0.777778
microsam_vit_l_em_organelles,mito,empiar_10982_mitonet_benchmark,MitoNet,tem_00148,sparse,2.0,tem_benchmark/images/UuyHhnn7MjnSClcZPBAG.tiff,vit_l_em_organelles,0.553,0.849007,0.73763,0.92749,0.782769,0.849007,0.998856,0.999747,53979,4220,14980,16704037,68959,58199,533338,0.129297,0.859858,0.662026,ok,42,46,0.928571,0.847826,0.886364,0.795918,0.642857,0.586957,0.613636,0.442623,0.70788,0.798634,0.886364
microsam_vit_l_em_organelles,mito,empiar_10982_mitonet_benchmark,MitoNet,tem_00149,sparse,2.0,tem_benchmark/images/V52bj9CYW97AUqevB2Rv.tiff,vit_l_em_organelles,0.579,0.868357,0.767341,0.940129,0.806766,0.868357,0.996379,0.999228,200382,12761,47995,16516078,248377,213143,858112,0.289446,0.877276,0.661956,ok,24,22,0.791667,0.863636,0.826087,0.703704,0.666667,0.727273,0.695652,0.533333,0.717817,0.868936,0.826087
microsam_vit_l_em_organelles,mito,empiar_10982_mitonet_benchmark,MitoNet,tem_00150,sparse,2.0,tem_benchmark/images/VFu9kl8plvKxrBEwRfhL.tiff,vit_l_em_organelles,0.567,0.81429,0.686753,0.926447,0.726356,0.81429,0.999307,0.999879,25506,2025,9609,16740076,35115,27531,761805,0.046094,0.878359,0.663189,ok,21,30,0.952381,0.666667,0.784314,0.645161,0.857143,0.6,0.705882,0.545455,0.661716,0.843688,0.784314
microsam_vit_l_em_organelles,mito,empiar_10982_mitonet_benchmark,MitoNet,tem_00151,sparse,2.0,tem_benchmark/images/VcJ1fV2RlrJrmLHIzdIv.tiff,vit_l_em_organelles,0.586,0.627289,0.456971,0.943549,0.469815,0.627289,0.998582,0.999928,20024,1198,22597,16733397,42621,21222,858162,0.049665,0.711313,0.426195,ok,12,26,0.833333,0.384615,0.526316,0.357143,0.583333,0.269231,0.368421,0.225806,0.437304,0.830877,0.526316
microsam_vit_l_em_organelles,mito,empiar_10982_mitonet_benchmark,MitoNet,tem_00152,sparse,2.0,tem_benchmark/images/WCqmS6R1MFjZfQXMEbov.tiff,vit_l_em_organelles,0.543,0.939521,0.885941,0.968749,0.912005,0.939521,0.998814,0.9997,154563,4986,14913,16602754,169476,159549,416273,0.407127,0.94551,0.82602,ok,43,47,1.0,0.914894,0.955556,0.914894,0.976744,0.893617,0.933333,0.875,0.865383,0.905634,0.955556
microsam_vit_l_em_organelles,mito,empiar_10982_mitonet_benchmark,MitoNet,tem_00153,sparse,2.0,tem_benchmark/images/X1DAYM5MVaMXPhpeeTBT.tiff,vit_l_em_organelles,0.587,0.819416,0.694078,0.980046,0.704027,0.819416,0.999486,0.999976,19548,398,8218,16749052,27766,19946,304914,0.091062,0.827586,0.470521,ok,7,10,1.0,0.7,0.823529,0.7,0.714286,0.5,0.588235,0.416667,0.664054,0.806351,0.823529
microsam_vit_l_em_organelles,mito,empiar_10982_mitonet_benchmark,MitoNet,tem_00154,sparse,2.0,tem_benchmark/images/XsisEi7EmDiq7esbhl3k.tiff,vit_l_em_organelles,0.6,0.849553,0.738455,0.982887,0.748073,0.849553,0.99965,0.999983,16599,289,5590,16754738,22189,16888,1048576,0.021161,0.8124,0.76606,ok,16,19,0.6875,0.578947,0.628571,0.458333,0.625,0.526316,0.571429,0.4,0.537281,0.854765,0.628571
microsam_vit_l_em_organelles,mito,empiar_10982_mitonet_benchmark,MitoNet,tem_00155,sparse,2.0,tem_benchmark/images/XzLxoE9qQ3O9Gq28iveF.tiff,vit_l_em_organelles,0.591,0.946891,0.899139,0.913188,0.983177,0.946891,0.999343,0.99944,98302,9345,1682,16667887,99984,107647,1019904,0.098033,0.98103,0.70157,ok,21,21,1.0,1.0,1.0,1.0,0.952381,0.952381,0.952381,0.909091,0.889799,0.889799,1.0
microsam_vit_l_em_organelles,mito,empiar_10982_mitonet_benchmark,MitoNet,tem_00156,sparse,2.0,tem_benchmark/images/Y5Uy1ACZO4MkqTvSzJcS.tiff,vit_l_em_organelles,0.553,0.981389,0.963457,0.978048,0.984753,0.981389,0.999658,0.999796,151258,3395,2342,16620221,153600,154653,291000,0.527835,0.994486,0.863724,ok,9,9,1.0,1.0,1.0,1.0,1.0,1.0,1.0,1.0,0.954929,0.954929,1.0
microsam_vit_l_em_organelles,mito,empiar_10982_mitonet_benchmark,MitoNet,tem_00157,sparse,2.0,tem_benchmark/images/YnjZLcFb5mRSIQR7oTJ1.tiff,vit_l_em_organelles,0.716,0.431004,0.2747,0.941832,0.279441,0.431004,0.995582,0.999896,28076,1734,72396,16675010,100472,29810,715776,0.140368,0.416464,0.255043,ok,44,99,0.545455,0.242424,0.335664,0.201681,0.340909,0.151515,0.20979,0.117188,0.247786,0.738196,0.335664
microsam_vit_l_em_organelles,mito,empiar_10982_mitonet_benchmark,MitoNet,tem_00158,sparse,2.0,tem_benchmark/images/aLriAAXSpMzI1tSLzl05.tiff,vit_l_em_organelles,0.579,0.932118,0.872866,0.949613,0.915255,0.932118,0.999637,0.999868,41764,2216,3867,16729369,45631,43980,682520,0.066857,0.982671,0.823906,ok,18,19,0.944444,0.894737,0.918919,0.85,0.944444,0.894737,0.918919,0.85,0.842323,0.916645,0.918919
microsam_vit_l_em_organelles,mito,empiar_10982_mitonet_benchmark,MitoNet,tem_00159,sparse,2.0,tem_benchmark/images/bUsTjDOJHiHMPCNIWkuT.tiff,vit_l_em_organelles,0.578,0.583965,0.412394,0.871752,0.43903,0.583965,0.999516,0.99995,5703,839,7287,16763387,12990,6542,258842,0.050185,0.641837,0.438919,ok,7,9,0.714286,0.555556,0.625,0.454545,0.571429,0.444444,0.5,0.333333,0.502148,0.803438,0.625
microsam_vit_l_em_organelles,mito,empiar_10982_mitonet_benchmark,MitoNet,tem_00160,sparse,2.0,tem_benchmark/images/ch1HZ72XmfK9rD5K40QW.tiff,vit_l_em_organelles,0.566,0.734128,0.579938,0.933213,0.60505,0.734128,0.998724,0.999874,29567,2116,19300,16726233,48867,31683,859408,0.056861,0.666151,0.661581,ok,19,25,0.842105,0.64,0.727273,0.571429,0.578947,0.44,0.5,0.333333,0.584458,0.803629,0.727273
microsam_vit_l_em_organelles,mito,empiar_10982_mitonet_benchmark,MitoNet,tem_00161,sparse,2.0,tem_benchmark/images/cwpw4Zu4rqVzbTMPhql2.tiff,vit_l_em_organelles,0.607,0.927555,0.864898,0.933785,0.921407,0.927555,0.9994,0.999727,64434,4569,5496,16702717,69930,69003,1037312,0.067415,0.910162,0.802008,ok,15,18,0.933333,0.777778,0.848485,0.736842,0.866667,0.722222,0.787879,0.65,0.767472,0.904521,0.848485
microsam_vit_l_em_organelles,mito,empiar_10982_mitonet_benchmark,MitoNet,tem_00162,sparse,2.0,tem_benchmark/images/d2Cvt7UfKPIAnaJGlKpw.tiff,vit_l_em_organelles,0.576,0.890158,0.802059,0.962017,0.828289,0.890158,0.999264,0.999882,50022,1975,10370,16714849,60392,51997,826110,0.073104,0.920319,0.812772,ok,57,64,0.894737,0.796875,0.842975,0.728571,0.754386,0.671875,0.710744,0.551282,0.699697,0.830033,0.842975
microsam_vit_l_em_organelles,mito,empiar_10982_mitonet_benchmark,MitoNet,tem_00163,sparse,2.0,tem_benchmark/images/d7McLI44TDhNmnd1QSpo.tiff,vit_l_em_organelles,0.605,0.888886,0.799996,0.93523,0.846918,0.888886,0.998894,0.999692,74218,5140,13415,16684443,87633,79358,650960,0.134621,0.937134,0.675545,ok,15,16,0.866667,0.8125,0.83871,0.722222,0.8,0.75,0.774194,0.631579,0.738894,0.880989,0.83871
microsam_vit_l_em_organelles,mito,empiar_10982_mitonet_benchmark,MitoNet,tem_00164,sparse,2.0,tem_benchmark/images/dYaOkBZPfpE3oHiplIst.tiff,vit_l_em_organelles,0.575,0.89723,0.813615,0.987739,0.821916,0.89723,0.999657,0.999981,25135,312,5446,16746323,30581,25447,576534,0.053043,0.887912,0.734166,ok,8,10,1.0,0.8,0.888889,0.8,1.0,0.8,0.888889,0.8,0.80695,0.907818,0.888889
microsam_vit_l_em_organelles,mito,empiar_10982_mitonet_benchmark,MitoNet,tem_00165,sparse,2.0,tem_benchmark/images/e8mrOPbV0mqJZ5L7xY8c.tiff,vit_l_em_organelles,0.591,0.861446,0.756614,0.9685,0.775703,0.861446,0.99869,0.999867,68348,2223,19763,16686882,88111,70571,731964,0.120376,0.887161,0.585112,ok,32,47,0.9375,0.638298,0.759494,0.612245,0.65625,0.446809,0.531646,0.362069,0.610056,0.80324,0.759494
microsam_vit_l_em_organelles,mito,empiar_10982_mitonet_benchmark,MitoNet,tem_00166,sparse,2.0,tem_benchmark/images/eL79mWeRWlqFAqOO6w8o.tiff,vit_l_em_organelles,0.588,0.946643,0.898692,0.962748,0.931069,0.946643,0.999729,0.999907,40265,1558,2981,16732412,43246,41823,571120,0.075721,0.973913,0.934804,ok,21,21,0.952381,0.952381,0.952381,0.909091,0.904762,0.904762,0.904762,0.826087,0.865667,0.90895,0.952381
microsam_vit_l_em_organelles,mito,empiar_10982_mitonet_benchmark,MitoNet,tem_00167,sparse,2.0,tem_benchmark/images/ghAKYp44DzBUhlyn7Kec.tiff,vit_l_em_organelles,0.581,0.896785,0.812884,0.917093,0.877357,0.896785,0.998818,0.999533,86160,7789,12044,16671223,98204,93949,1044480,0.094022,0.94953,0.647246,ok,24,25,0.833333,0.8,0.816327,0.689655,0.708333,0.68,0.693878,0.53125,0.686155,0.840539,0.816327
microsam_vit_l_em_organelles,mito,empiar_10982_mitonet_benchmark,MitoNet,tem_00168,sparse,2.0,tem_benchmark/images/gxdh9YGZMJUB58YvyzgM.tiff,vit_l_em_organelles,0.596,0.803732,0.671866,0.986061,0.678308,0.803732,0.994864,0.999849,176434,2494,83675,16514613,260109,178928,962560,0.270226,0.807186,0.496957,ok,26,42,0.923077,0.571429,0.705882,0.545455,0.807692,0.5,0.617647,0.446809,0.621656,0.880679,0.705882
microsam_vit_l_em_organelles,mito,empiar_10982_mitonet_benchmark,MitoNet,tem_00169,sparse,2.0,tem_benchmark/images/hR5EYnvM2Ysjfddi9ZTt.tiff,vit_l_em_organelles,0.603,0.925392,0.861144,0.953029,0.899314,0.925392,0.997863,0.999337,222394,10961,24899,16518962,247293,233355,1048576,0.235837,0.914835,0.653761,ok,25,27,0.92,0.851852,0.884615,0.793103,0.84,0.777778,0.807692,0.677419,0.790165,0.89323,0.884615
microsam_vit_l_em_organelles,mito,empiar_10982_mitonet_benchmark,MitoNet,tem_00170,sparse,2.0,tem_benchmark/images/iDXfFDvQLRHsB4XZHb3A.tiff,vit_l_em_organelles,1.006,0.952298,0.908939,0.971534,0.933808,0.952298,0.999635,0.999893,61058,1789,4328,16710041,65386,62847,914432,0.071504,0.976095,0.689074,ok,6,6,1.0,1.0,1.0,1.0,0.833333,0.833333,0.833333,0.714286,0.901699,0.901699,1.0
microsam_vit_l_em_organelles,mito,empiar_10982_mitonet_benchmark,MitoNet,tem_00171,sparse,2.0,tem_benchmark/images/iidFXTWegya1bm1hl5to.tiff,vit_l_em_organelles,0.629,0.670313,0.504113,0.95628,0.516006,0.670313,0.99239,0.999641,129794,5934,121742,16519746,251536,135728,1382400,0.181956,0.695771,0.596599,ok,77,129,0.857143,0.511628,0.640777,0.471429,0.688312,0.410853,0.514563,0.346405,0.520924,0.812956,0.640777
microsam_vit_l_em_organelles,mito,empiar_10982_mitonet_benchmark,MitoNet,tem_00172,sparse,2.0,tem_benchmark/images/j1k88xV7tmKNMLM4bj1h.tiff,vit_l_em_organelles,0.593,0.885671,0.794801,0.953875,0.826569,0.885671,0.998726,0.99976,82804,4004,17374,16673034,100178,86808,790251,0.126767,0.934548,0.607203,ok,20,21,0.85,0.809524,0.829268,0.708333,0.65,0.619048,0.634146,0.464286,0.661519,0.797714,0.829268
microsam_vit_l_em_organelles,mito,empiar_10982_mitonet_benchmark,MitoNet,tem_00173,sparse,2.0,tem_benchmark/images/k0Ij8iyjBDimmOPwtFHL.tiff,vit_l_em_organelles,0.54,0.859418,0.753491,0.96023,0.777763,0.859418,0.998674,0.999831,67992,2816,19428,16686980,87420,70808,288351,0.303172,0.826023,0.602125,ok,13,18,0.923077,0.666667,0.774194,0.631579,0.769231,0.555556,0.645161,0.47619,0.667826,0.862608,0.774194
microsam_vit_l_em_organelles,mito,empiar_10982_mitonet_benchmark,MitoNet,tem_00174,sparse,2.0,tem_benchmark/images/k4Uw1csHJKTrviecgXyz.tiff,vit_l_em_organelles,0.593,0.950982,0.906544,0.923958,0.979634,0.950982,0.999268,0.999412,119051,9798,2475,16645892,121526,128849,956416,0.127064,0.987036,0.747361,ok,18,19,1.0,0.947368,0.972973,0.947368,1.0,0.947368,0.972973,0.947368,0.892317,0.917103,0.972973
microsam_vit_l_em_organelles,mito,empiar_10982_mitonet_benchmark,MitoNet,tem_00175,sparse,2.0,tem_benchmark/images/kBnMAlFJtapfTpTu5iHL.tiff,vit_l_em_organelles,0.633,0.434295,0.27738,0.475124,0.399927,0.434295,0.999657,0.999855,2206,2437,3310,16769263,5516,4643,76310,0.072284,0.100575,0.355685,ok,2,2,0.5,0.5,0.5,0.333333,0.5,0.5,0.5,0.333333,0.444937,0.889875,0.5
microsam_vit_l_em_organelles,mito,empiar_10982_mitonet_benchmark,MitoNet,tem_00176,sparse,2.0,tem_benchmark/images/kF3EaTAoYeTRf12uLsIX.tiff,vit_l_em_organelles,0.724,0.9312,0.871258,0.882958,0.985019,0.9312,0.996059,0.996366,447452,59313,6805,16263646,454257,506765,1740000,0.261067,0.854318,0.760954,ok,43,41,0.930233,0.97561,0.952381,0.909091,0.906977,0.95122,0.928571,0.866667,0.85505,0.897802,0.952381
microsam_vit_l_em_organelles,mito,empiar_10982_mitonet_benchmark,MitoNet,tem_00177,sparse,2.0,tem_benchmark/images/lCH8UM6Mv2AG7zDPrqHA.tiff,vit_l_em_organelles,0.573,0.74295,0.591026,0.779529,0.709649,0.74295,0.998817,0.999515,28689,8114,11738,16728675,40427,36803,824776,0.049016,0.816384,0.699662,ok,26,36,0.807692,0.583333,0.677419,0.512195,0.538462,0.388889,0.451613,0.291667,0.532063,0.785427,0.677419
microsam_vit_l_em_organelles,mito,empiar_10982_mitonet_benchmark,MitoNet,tem_00178,sparse,2.0,tem_benchmark/images/lw3ENjwOInSmgeNNY0Qk.tiff,vit_l_em_organelles,0.572,0.472567,0.309386,0.891985,0.321429,0.472567,0.998654,0.999927,10116,1225,21356,16744519,31472,11341,551040,0.057114,0.442848,0.240533,ok,10,17,0.7,0.411765,0.518519,0.35,0.3,0.176471,0.222222,0.125,0.368429,0.710542,0.518519
microsam_vit_l_em_organelles,mito,empiar_10982_mitonet_benchmark,MitoNet,tem_00179,sparse,2.0,tem_benchmark/images/ngygM944aKxBq6rf72Zl.tiff,vit_l_em_organelles,0.576,0.943266,0.892625,0.947058,0.939505,0.943266,0.999892,0.99995,15080,843,971,16760322,16051,15923,838656,0.019139,0.873096,0.7089,ok,4,5,1.0,0.8,0.888889,0.8,1.0,0.8,0.888889,0.8,0.782208,0.879984,0.888889
microsam_vit_l_em_organelles,mito,empiar_10982_mitonet_benchmark,MitoNet,tem_00180,sparse,2.0,tem_benchmark/images/pLeNHL0RTZwYh5EwN7up.tiff,vit_l_em_organelles,0.482,0.912489,0.839062,0.933477,0.892424,0.912489,0.999733,0.999901,23336,1663,2813,16749404,26149,24999,69888,0.374156,0.920144,0.876953,ok,24,24,0.75,0.75,0.75,0.6,0.666667,0.666667,0.666667,0.5,0.63982,0.853093,0.75
microsam_vit_l_em_organelles,mito,empiar_10982_mitonet_benchmark,MitoNet,tem_00181,sparse,2.0,tem_benchmark/images/pu4kmugMyXvbFtAgLogm.tiff,vit_l_em_organelles,0.572,0.843062,0.728701,0.868993,0.818634,0.843062,0.998977,0.999584,46094,6949,10212,16713961,56306,53043,1020928,0.055152,0.851445,0.539782,ok,9,9,0.666667,0.666667,0.666667,0.5,0.444444,0.444444,0.444444,0.285714,0.557238,0.835857,0.666667
microsam_vit_l_em_organelles,mito,empiar_10982_mitonet_benchmark,MitoNet,tem_00182,sparse,2.0,tem_benchmark/images/qOA9ml35XYXQjtWmFvvg.tiff,vit_l_em_organelles,0.582,0.944989,0.895716,0.944444,0.945535,0.944989,0.99946,0.999726,77792,4576,4481,16690367,82273,82368,683220,0.120419,0.951365,0.786747,ok,18,17,0.944444,1.0,0.971429,0.944444,0.944444,1.0,0.971429,0.944444,0.877873,0.903693,0.971429
microsam_vit_l_em_organelles,mito,empiar_10982_mitonet_benchmark,MitoNet,tem_00183,sparse,2.0,tem_benchmark/images/qqRmOpdujNXIqEuWrFLk.tiff,vit_l_em_organelles,0.628,0.926783,0.863557,0.985192,0.874913,0.926783,0.998023,0.999809,209903,3155,30010,16534148,239913,213058,1116250,0.214928,0.95312,0.922332,ok,73,76,0.945205,0.907895,0.926174,0.8625,0.90411,0.868421,0.885906,0.795181,0.810629,0.875244,0.926174
microsam_vit_l_em_organelles,mito,empiar_10982_mitonet_benchmark,MitoNet,tem_00184,sparse,2.0,tem_benchmark/images/qs9OOX5WsQhRE3Kg2rpU.tiff,vit_l_em_organelles,0.569,0.974278,0.949846,0.987009,0.961871,0.974278,0.99998,0.999995,6458,85,256,16770417,6714,6543,147804,0.045425,1.0,0.959136,ok,2,2,1.0,1.0,1.0,1.0,1.0,1.0,1.0,1.0,0.951436,0.951436,1.0
microsam_vit_l_em_organelles,mito,empiar_10982_mitonet_benchmark,MitoNet,tem_00185,sparse,2.0,tem_benchmark/images/sN90grldkJUpRIAJ64Bz.tiff,vit_l_em_organelles,0.579,0.320213,0.190627,0.884063,0.195515,0.320213,0.998584,0.999956,5597,734,23030,16747855,28627,6331,526959,0.054325,0.354369,0.277628,ok,4,10,1.0,0.4,0.571429,0.4,0.75,0.3,0.428571,0.272727,0.467152,0.817517,0.571429
microsam_vit_l_em_organelles,mito,empiar_10982_mitonet_benchmark,MitoNet,tem_00186,sparse,2.0,tem_benchmark/images/sXnNKReR54pzKRZ5rpfP.tiff,vit_l_em_organelles,0.581,0.951172,0.906891,0.961688,0.940884,0.951172,0.999473,0.999794,86073,3429,5408,16682306,91481,89502,626628,0.145989,0.948628,0.708598,ok,9,11,1.0,0.818182,0.9,0.818182,0.888889,0.727273,0.8,0.666667,0.795667,0.884074,0.9
microsam_vit_l_em_organelles,mito,empiar_10982_mitonet_benchmark,MitoNet,tem_00187,sparse,2.0,tem_benchmark/images/snDIBSvwQMaqGKBbGF6V.tiff,vit_l_em_organelles,0.909,0.551219,0.380471,0.938258,0.390241,0.551219,0.997417,0.999895,26609,1751,41577,16707279,68186,28360,1013968,0.067247,0.487979,0.360528,ok,7,17,1.0,0.411765,0.583333,0.411765,0.857143,0.352941,0.5,0.333333,0.513148,0.879682,0.583333
microsam_vit_l_em_organelles,mito,empiar_10982_mitonet_benchmark,MitoNet,tem_00188,sparse,2.0,tem_benchmark/images/uBBsOocNXDq5poteflbh.tiff,vit_l_em_organelles,0.518,0.94788,0.900924,0.968787,0.927857,0.94788,0.999431,0.999832,86750,2795,6745,16680926,93495,89545,281074,0.332635,0.928571,0.818365,ok,14,14,0.928571,0.928571,0.928571,0.866667,0.857143,0.857143,0.857143,0.75,0.844271,0.909215,0.928571
microsam_vit_l_em_organelles,mito,empiar_10982_mitonet_benchmark,MitoNet,tem_00189,sparse,2.0,tem_benchmark/images/v64IdYxtp9vzYzojtxir.tiff,vit_l_em_organelles,0.612,0.947129,0.899568,0.952354,0.941961,0.947129,0.999364,0.999713,95643,4785,5893,16670895,101536,100428,568340,0.178654,0.995199,0.630258,ok,14,14,0.785714,0.785714,0.785714,0.647059,0.714286,0.714286,0.714286,0.555556,0.689994,0.878174,0.785714
microsam_vit_l_em_organelles,mito,empiar_10982_mitonet_benchmark,MitoNet,tem_00190,sparse,2.0,tem_benchmark/images/vziaz0e1YZ9BJHIY7tJV.tiff,vit_l_em_organelles,0.592,0.897452,0.81398,0.869132,0.927679,0.897452,0.999337,0.999562,48654,7326,3793,16717443,52447,55980,961536,0.054545,0.940261,0.547351,ok,15,14,0.8,0.857143,0.827586,0.705882,0.8,0.857143,0.827586,0.705882,0.726424,0.877762,0.827586
microsam_vit_l_em_organelles,mito,empiar_10982_mitonet_benchmark,MitoNet,tem_00191,sparse,2.0,tem_benchmark/images/xHSMEPuKIY4T3X4UURT5.tiff,vit_l_em_organelles,0.591,0.864885,0.761937,0.896015,0.835846,0.864885,0.998091,0.999286,102514,11897,20133,16642672,122647,114411,724104,0.169378,0.887146,0.41428,ok,17,16,0.823529,0.875,0.848485,0.736842,0.705882,0.75,0.727273,0.571429,0.720737,0.84944,0.848485
microsam_vit_l_em_organelles,mito,empiar_10982_mitonet_benchmark,MitoNet,tem_00192,sparse,2.0,tem_benchmark/images/yayA9ov0gTMPe5oUDmCY.tiff,vit_l_em_organelles,0.528,0.911942,0.838137,0.929905,0.894659,0.911942,0.999547,0.999823,39348,2966,4633,16730269,43981,42314,248050,0.177307,0.9429,0.797655,ok,30,32,0.933333,0.875,0.903226,0.823529,0.766667,0.71875,0.741935,0.589744,0.773775,0.856679,0.903226
microsam_vit_l_em_organelles,mito,empiar_10982_mitonet_benchmark,MitoNet,tem_00193,sparse,2.0,tem_benchmark/images/yn4W2WociugOlXWN83Ps.tiff,vit_l_em_organelles,0.589,0.755165,0.606639,0.949494,0.626867,0.755165,0.996915,0.999745,79824,4246,47514,16645632,127338,84070,1048576,0.121439,0.697375,0.549995,ok,34,65,0.823529,0.430769,0.565657,0.394366,0.764706,0.4,0.525253,0.356164,0.505141,0.893017,0.565657
microsam_vit_l_em_organelles,mito,empiar_10982_mitonet_benchmark,MitoNet,tem_00194,sparse,2.0,tem_benchmark/images/zRf1ZWOS08TxjOvROo86.tiff,vit_l_em_organelles,0.583,0.877195,0.781254,0.918754,0.839234,0.877195,0.999462,0.99983,32240,2851,6176,16735949,38416,35091,523887,0.073329,0.809417,0.621838,ok,7,13,1.0,0.538462,0.7,0.538462,1.0,0.538462,0.7,0.538462,0.63989,0.914128,0.7
microsam_vit_l_em_organelles,mito,orgsegnet_plant,PlantHunter,te_00008,partial,24.68,image/A_001.tif,vit_l_em_organelles,10.143,0.471288,0.308291,0.402151,0.569133,0.471288,0.99695,0.997974,22808,33907,17267,16703234,40075,56715,10710694,0.003742,0.537465,0.413914,ok,,,,,,,,,,,,,
microsam_vit_l_em_organelles,mito,orgsegnet_plant,PlantHunter,te_00009,partial,24.68,image/A_001.tif,vit_l_em_organelles,10.731,0.360755,0.220074,0.296243,0.461185,0.360755,0.996096,0.997377,18482,43906,21593,16693235,40075,62388,8985870,0.00446,0.433049,0.256229,ok,,,,,,,,,,,,,
microsam_vit_l_em_organelles,mito,orgsegnet_plant,PlantHunter,te_00016,partial,7.41,image/A_005.tif,vit_l_em_organelles,10.065,0.633477,0.463568,0.555788,0.736414,0.633477,0.984173,0.988862,229463,183398,82132,16282223,311595,412861,10025966,0.031079,0.655631,0.323389,ok,,,,,,,,,,,,,
microsam_vit_l_em_organelles,mito,orgsegnet_plant,PlantHunter,te_00017,partial,7.41,image/A_005.tif,vit_l_em_organelles,9.834,0.751936,0.602482,0.67588,0.84728,0.751936,0.9862,0.989716,350900,168275,63249,16194792,414149,519175,12274542,0.03374,0.69904,0.472976,ok,,,,,,,,,,,,,
microsam_vit_l_em_organelles,mito,orgsegnet_plant,PlantHunter,te_00026,partial,7.41,image/A_017.tif,vit_l_em_organelles,10.405,0.917201,0.847065,0.905939,0.928747,0.917201,0.996876,0.998169,290329,30144,22274,16434469,312603,320473,13221888,0.023643,0.877727,0.556567,ok,,,,,,,,,,,,,
microsam_vit_l_em_organelles,mito,orgsegnet_plant,PlantHunter,te_00027,partial,7.41,image/A_017.tif,vit_l_em_organelles,10.265,0.803254,0.671199,0.677431,0.98648,0.803254,0.993645,0.993741,217645,103635,2983,16452953,220628,321280,13218660,0.016691,0.701975,0.657555,ok,,,,,,,,,,,,,
microsam_vit_l_em_organelles,mito,orgsegnet_plant,PlantHunter,te_00048,partial,6.17,image/A_033.tif,vit_l_em_organelles,10.052,0.0,0.0,0.0,0.0,0.0,0.98263,0.997601,0,39648,251779,16485789,251779,39648,11939840,0.021087,0.0,0.0,ok,,,,,,,,,,,,,
microsam_vit_l_em_organelles,mito,orgsegnet_plant,PlantHunter,te_00049,partial,6.17,image/A_033.tif,vit_l_em_organelles,10.931,0.0,0.0,0.0,0.0,0.0,0.964535,0.979199,0,343757,251247,16182212,251247,343757,11882634,0.021144,0.0,0.0,ok,,,,,,,,,,,,,
microsam_vit_l_em_organelles,mito,orgsegnet_plant,PlantHunter,te_00066,partial,5.29,image/A_046.tif,vit_l_em_organelles,9.99,0.755691,0.607318,0.654427,0.894031,0.755691,0.995688,0.996452,111888,59083,13262,16592983,125150,170971,13225984,0.009462,0.595151,0.544605,ok,,,,,,,,,,,,,
microsam_vit_l_em_organelles,mito,orgsegnet_plant,PlantHunter,te_00067,partial,5.29,image/A_046.tif,vit_l_em_organelles,9.962,0.918544,0.849359,0.975653,0.867751,0.918544,0.998852,0.999837,108599,2710,16551,16649356,125150,111309,11469408,0.010912,0.855924,0.526884,ok,,,,,,,,,,,,,
microsam_vit_l_em_organelles,mito,orgsegnet_plant,PlantHunter,te_00088,partial,6.17,image/A_104.tif,vit_l_em_organelles,10.896,0.806564,0.675833,0.911992,0.722986,0.806564,0.994607,0.998898,188619,18202,72270,16498125,260889,206821,12641265,0.020638,0.72336,0.205922,ok,,,,,,,,,,,,,
microsam_vit_l_em_organelles,mito,orgsegnet_plant,PlantHunter,te_00089,partial,6.17,image/A_104.tif,vit_l_em_organelles,10.093,0.90618,0.828455,0.935745,0.878427,0.90618,0.996926,0.998963,249084,17104,34473,16476555,283557,266188,13230080,0.021433,0.766682,0.48655,ok,,,,,,,,,,,,,
microsam_vit_l_em_organelles,mito,orgsegnet_plant,PlantHunter,te_00113,partial,12.34,image/A_116.tif,vit_l_em_organelles,10.252,0.0,0.0,0.0,0.0,0.0,0.998128,0.999685,0,5272,26129,16745815,26129,5272,13226850,0.001975,0.0,0.0,ok,,,,,,,,,,,,,
microsam_vit_l_em_organelles,mito,orgsegnet_plant,PlantHunter,te_00150,partial,4.63,image/A_135.tif,vit_l_em_organelles,10.352,0.608144,0.43693,0.44422,0.963802,0.608144,0.995795,0.995904,54743,68491,2056,16651926,56799,123234,6895834,0.008237,0.238569,0.283393,ok,,,,,,,,,,,,,
microsam_vit_l_em_organelles,mito,orgsegnet_plant,PlantHunter,te_00151,partial,4.63,image/A_135.tif,vit_l_em_organelles,10.123,0.926746,0.863491,0.896025,0.959647,0.926746,0.999486,0.999622,54507,6325,2292,16714092,56799,60832,7632996,0.007441,0.688889,0.521404,ok,,,,,,,,,,,,,
microsam_vit_l_em_organelles,mito,orgsegnet_plant,PlantHunter,te_00170,partial,18.51,image/A_145.tif,vit_l_em_organelles,10.154,0.875023,0.777814,0.857778,0.892977,0.875023,0.99615,0.997731,226099,37488,27098,16486531,253197,263587,13230080,0.019138,0.892572,0.850622,ok,,,,,,,,,,,,,
microsam_vit_l_em_organelles,mito,orgsegnet_plant,PlantHunter,te_00171,partial,18.51,image/A_145.tif,vit_l_em_organelles,10.053,0.861568,0.756802,0.833439,0.891661,0.861568,0.995726,0.997301,223165,44599,27115,16482337,250280,267764,13230080,0.018917,0.87894,0.818469,ok,,,,,,,,,,,,,
microsam_vit_l_em_organelles,mito,orgsegnet_plant,PlantHunter,te_00210,partial,7.41,image/A_165.tif,vit_l_em_organelles,9.888,0.542273,0.371999,0.465648,0.649083,0.542273,0.99243,0.994818,75232,86332,40673,16574979,115905,161564,13223620,0.008765,0.479814,0.258621,ok,,,,,,,,,,,,,
microsam_vit_l_em_organelles,mito,orgsegnet_plant,PlantHunter,te_00211,partial,7.41,image/A_165.tif,vit_l_em_organelles,10.826,0.752803,0.603595,0.614886,0.970476,0.752803,0.995597,0.995772,112483,70450,3422,16590861,115905,182933,13210700,0.008774,0.27065,0.33532,ok,,,,,,,,,,,,,
microsam_vit_l_em_organelles,mito,orgsegnet_plant,PlantHunter,te_00216,partial,7.41,image/A_168.tif,vit_l_em_organelles,10.366,0.572451,0.401003,0.839094,0.434407,0.572451,0.96947,0.995887,342899,65755,446450,15922112,789349,408654,13225984,0.059682,0.428447,0.353973,ok,,,,,,,,,,,,,
microsam_vit_l_em_organelles,mito,orgsegnet_plant,PlantHunter,te_00217,partial,7.41,image/A_168.tif,vit_l_em_organelles,9.879,0.526313,0.35714,0.672038,0.432525,0.526313,0.973868,0.992669,243568,118864,319563,16095221,563131,362432,13222755,0.042588,0.319052,0.243445,ok,,,,,,,,,,,,,
microsam_vit_l_em_organelles,mito,orgsegnet_plant,PlantHunter,te_00234,partial,6.17,image/A_177.tif,vit_l_em_organelles,10.485,0.0,0.0,0.0,0.0,0.0,0.970466,0.986401,0,224463,271037,16281716,271037,224463,12248160,0.022129,0.0,0.0,ok,,,,,,,,,,,,,
microsam_vit_l_em_organelles,mito,orgsegnet_plant,PlantHunter,te_00235,partial,6.17,image/A_177.tif,vit_l_em_organelles,10.119,0.0,0.0,0.0,0.0,0.0,0.999525,0.999573,0,7163,804,16769249,804,7163,13217160,6.1e-05,0.0,0.0,ok,,,,,,,,,,,,,
microsam_vit_l_em_organelles,mito,orgsegnet_plant,PlantHunter,te_00240,partial,5.29,image/A_180.tif,vit_l_em_organelles,9.927,0.503636,0.336573,0.449657,0.572343,0.503636,0.937446,0.958878,532432,651653,397835,15195296,930267,1184085,11833344,0.078614,0.554675,0.120471,ok,,,,,,,,,,,,,
microsam_vit_l_em_organelles,mito,orgsegnet_plant,PlantHunter,te_00241,partial,5.29,image/A_180.tif,vit_l_em_organelles,10.594,0.301679,0.177634,0.264521,0.350982,0.301679,0.924367,0.952359,274090,762084,506834,15234208,780924,1036174,10897308,0.071662,0.346142,0.146873,ok,,,,,,,,,,,,,
microsam_vit_l_em_organelles,mito,orgsegnet_plant,PlantHunter,te_00242,partial,7.41,image/A_181.tif,vit_l_em_organelles,10.074,0.733885,0.579636,0.832305,0.656281,0.733885,0.982788,0.995039,398172,80225,208538,16090281,606710,478397,13217160,0.045903,0.565771,0.514493,ok,,,,,,,,,,,,,
microsam_vit_l_em_organelles,mito,orgsegnet_plant,PlantHunter,te_00243,partial,7.41,image/A_181.tif,vit_l_em_organelles,10.047,0.706202,0.545836,0.765129,0.655702,0.706202,0.98027,0.992448,397821,122119,208889,16048387,606710,519940,13226850,0.04587,0.415182,0.428977,ok,,,,,,,,,,,,,
microsam_vit_l_em_organelles,mito,orgsegnet_plant,PlantHunter,te_00248,partial,3.09,image/A_184.tif,vit_l_em_organelles,10.83,0.0,0.0,0.0,0.0,0.0,0.977886,0.984731,0,254385,116634,16406197,116634,254385,13217792,0.008824,0.0,0.0,ok,,,,,,,,,,,,,
microsam_vit_l_em_organelles,mito,orgsegnet_plant,PlantHunter,te_00249,partial,3.09,image/A_184.tif,vit_l_em_organelles,10.122,0.0,0.0,0.0,0.0,0.0,0.982493,0.989371,0,177091,116634,16483491,116634,177091,13215432,0.008826,0.0,0.0,ok,,,,,,,,,,,,,
microsam_vit_l_em_organelles,mito,orgsegnet_plant,PlantHunter,te_00258,partial,5.29,image/A_189.tif,vit_l_em_organelles,10.217,0.0,0.0,nan,0.0,0.0,0.991216,1.0,0,0,147377,16629839,147377,0,13225984,0.011143,0.0,0.0,ok,,,,,,,,,,,,,
microsam_vit_l_em_organelles,mito,orgsegnet_plant,PlantHunter,te_00259,partial,5.29,image/A_189.tif,vit_l_em_organelles,10.094,0.0,0.0,0.0,0.0,0.0,0.992625,0.999604,0,6594,117133,16653489,117133,6594,12514320,0.00936,0.0,0.0,ok,,,,,,,,,,,,,
microsam_vit_l_em_organelles,mito,orgsegnet_plant,PlantHunter,te_00264,partial,12.34,image/A_192.tif,vit_l_em_organelles,10.17,0.781654,0.641569,0.71497,0.862056,0.781654,0.999314,0.99951,20604,8214,3297,16745101,23901,28818,13226850,0.001807,0.15873,0.456067,ok,,,,,,,,,,,,,
microsam_vit_l_em_organelles,mito,orgsegnet_plant,PlantHunter,te_00265,partial,12.34,image/A_192.tif,vit_l_em_organelles,10.239,0.847944,0.736026,0.834129,0.862223,0.847944,0.999559,0.999755,20608,4098,3293,16749217,23901,24706,13226850,0.001807,0.657183,0.29231,ok,,,,,,,,,,,,,
microsam_vit_l_em_organelles,mito,orgsegnet_plant,PlantHunter,te_00270,partial,24.68,image/A_195.tif,vit_l_em_organelles,9.89,0.240636,0.136775,0.176401,0.378442,0.240636,0.998253,0.998706,4645,21687,7629,16743255,12274,26332,13226850,0.000928,0.178404,0.164867,ok,,,,,,,,,,,,,
microsam_vit_l_em_organelles,mito,orgsegnet_plant,PlantHunter,te_00271,partial,24.68,image/A_195.tif,vit_l_em_organelles,10.051,0.192405,0.106443,0.210357,0.177276,0.192405,0.996982,0.998648,6032,22643,27994,16720547,34026,28675,13223620,0.002573,0.115367,0.166326,ok,,,,,,,,,,,,,
microsam_vit_l_em_organelles,mito,orgsegnet_plant,PlantHunter,te_00274,partial,24.68,image/A_197.tif,vit_l_em_organelles,10.365,0.002228,0.001115,0.001221,0.01279,0.002228,0.991353,0.992092,162,132566,12504,16631984,12666,132728,12309530,0.001029,0.0,0.007715,ok,,,,,,,,,,,,,
microsam_vit_l_em_organelles,mito,orgsegnet_plant,PlantHunter,te_00275,partial,24.68,image/A_197.tif,vit_l_em_organelles,10.219,0.0,0.0,0.0,0.0,0.0,0.993697,0.993901,0,102308,3434,16671474,3434,102308,10035610,0.000342,0.0,0.0,ok,,,,,,,,,,,,,
microsam_vit_l_em_organelles,mito,orgsegnet_plant,PlantHunter,te_00280,partial,18.51,image/A_200.tif,vit_l_em_organelles,9.916,0.053826,0.027657,0.034244,0.12571,0.053826,0.99434,0.995454,2701,76173,18785,16679557,21486,78874,10909214,0.00197,0.050682,0.041659,ok,,,,,,,,,,,,,
microsam_vit_l_em_organelles,mito,orgsegnet_plant,PlantHunter,te_00281,partial,18.51,image/A_200.tif,vit_l_em_organelles,10.321,0.104169,0.054947,0.071508,0.191753,0.104169,0.995776,0.996807,4120,53496,17366,16702234,21486,57616,13115392,0.001638,0.124352,0.037734,ok,,,,,,,,,,,,,
microsam_vit_l_em_organelles,mito,orgsegnet_plant,PlantHunter,te_00308,partial,5.29,image/A_214.tif,vit_l_em_organelles,10.071,0.692934,0.530144,0.541686,0.961362,0.692934,0.993354,0.993606,125800,106438,5056,16539922,130856,232238,12709888,0.010296,0.27907,0.363277,ok,,,,,,,,,,,,,
microsam_vit_l_em_organelles,mito,orgsegnet_plant,PlantHunter,te_00309,partial,5.29,image/A_214.tif,vit_l_em_organelles,9.935,0.64913,0.480527,0.668673,0.630697,0.64913,0.991967,0.996274,124666,61772,72998,16517780,197664,186438,13223620,0.014948,0.328539,0.38422,ok,,,,,,,,,,,,,
microsam_vit_l_em_organelles,mito,orgsegnet_plant,PlantHunter,te_00326,partial,12.34,image/A_223.tif,vit_l_em_organelles,10.708,0.552734,0.381916,0.411902,0.839901,0.552734,0.977642,0.979946,231774,330918,44180,16170344,275954,562692,13230080,0.020858,0.517582,0.419372,ok,,,,,,,,,,,,,
microsam_vit_l_em_organelles,mito,orgsegnet_plant,PlantHunter,te_00327,partial,12.34,image/A_223.tif,vit_l_em_organelles,9.997,0.430356,0.274174,0.289364,0.83931,0.430356,0.963454,0.96553,231611,568804,44343,15932458,275954,800415,13226850,0.020863,0.279903,0.385844,ok,,,,,,,,,,,,,
microsam_vit_l_em_organelles,mito,orgsegnet_plant,PlantHunter,te_00346,partial,14.81,image/A_233.tif,vit_l_em_organelles,9.943,0.363068,0.221798,0.279982,0.516273,0.363068,0.981572,0.986355,88116,226604,82561,16379935,170677,314720,13230080,0.012901,0.303902,0.285972,ok,,,,,,,,,,,,,
microsam_vit_l_em_organelles,mito,orgsegnet_plant,PlantHunter,te_00347,partial,14.81,image/A_233.tif,vit_l_em_organelles,10.774,0.371494,0.228119,0.285384,0.532022,0.371494,0.981686,0.986308,90804,227378,79873,16379161,170677,318182,13230080,0.012901,0.304248,0.297497,ok,,,,,,,,,,,,,
microsam_vit_l_em_organelles,mito,orgsegnet_plant,PlantHunter,te_00356,partial,24.68,image/A_238.tif,vit_l_em_organelles,9.976,0.431399,0.275022,0.377278,0.503648,0.431399,0.989348,0.993276,67795,111900,66813,16530708,134608,179695,13226850,0.010177,0.474154,0.459187,ok,,,,,,,,,,,,,
microsam_vit_l_em_organelles,mito,orgsegnet_plant,PlantHunter,te_00357,partial,24.68,image/A_238.tif,vit_l_em_organelles,9.963,0.575475,0.403977,0.692305,0.492383,0.575475,0.992326,0.997664,87263,38784,89963,16561206,177226,126047,13230080,0.013396,0.652796,0.62121,ok,,,,,,,,,,,,,
microsam_vit_l_em_organelles,mito,orgsegnet_plant,PlantHunter,te_00360,partial,4.63,image/A_240.tif,vit_l_em_organelles,11.004,0.724785,0.568363,0.58132,0.962263,0.724785,0.989523,0.989919,231455,166699,9077,16369985,240532,398154,13223620,0.01819,0.278545,0.219987,ok,,,,,,,,,,,,,
microsam_vit_l_em_organelles,mito,orgsegnet_plant,PlantHunter,te_00361,partial,4.63,image/A_240.tif,vit_l_em_organelles,10.127,0.439329,0.2815,0.341611,0.615348,0.439329,0.977482,0.98275,148011,285262,92521,16251422,240532,433273,13223620,0.01819,0.454826,0.095927,ok,,,,,,,,,,,,,
microsam_vit_l_em_organelles,mito,orgsegnet_plant,PlantHunter,te_00374,partial,3.7,image/A_247.tif,vit_l_em_organelles,10.216,0.0,0.0,0.0,0.0,0.0,0.981667,0.988765,0,187138,120436,16469642,120436,187138,13230080,0.009103,0.0,0.0,ok,,,,,,,,,,,,,
microsam_vit_l_em_organelles,mito,orgsegnet_plant,PlantHunter,te_00396,partial,4.63,image/A_258.tif,vit_l_em_organelles,10.061,0.313238,0.185704,0.218425,0.553497,0.313238,0.933877,0.94453,252995,905272,204090,15414859,457085,1158267,13230080,0.034549,0.341657,0.037188,ok,,,,,,,,,,,,,
microsam_vit_l_em_organelles,mito,orgsegnet_plant,PlantHunter,te_00442,partial,4.63,image/A_72.tif,vit_l_em_organelles,9.872,0.892525,0.805911,0.868224,0.918226,0.892525,0.993465,0.995756,455242,69095,40542,16212337,495784,524337,13226850,0.037483,0.57931,0.289413,ok,,,,,,,,,,,,,
microsam_vit_l_em_organelles,mito,orgsegnet_plant,PlantHunter,te_00443,partial,4.63,image/A_72.tif,vit_l_em_organelles,10.512,0.792761,0.656673,0.750606,0.839933,0.792761,0.984333,0.989675,502740,167039,95808,16011629,598548,669779,13226850,0.045252,0.602881,0.285827,ok,,,,,,,,,,,,,
microsam_vit_l_em_organelles,mito,orgsegnet_plant,PlantHunter,te_00444,partial,3.7,image/A_73.tif,vit_l_em_organelles,10.069,0.263931,0.152028,0.481035,0.181855,0.263931,0.94615,0.989,161975,174747,728708,15711786,890683,336722,13213696,0.067406,0.107044,0.095032,ok,,,,,,,,,,,,,
microsam_vit_l_em_organelles,mito,orgsegnet_plant,PlantHunter,te_00445,partial,3.7,image/A_73.tif,vit_l_em_organelles,10.073,0.000795,0.000398,0.001807,0.00051,0.000795,0.931992,0.984216,454,250749,890229,15635784,890683,251203,13204018,0.067455,0.0,0.0,ok,,,,,,,,,,,,,
microsam_vit_l_em_organelles,mito,orgsegnet_plant,PlantHunter,te_00460,partial,9.26,image/A_84.tif,vit_l_em_organelles,10.611,0.0,0.0,0.0,0.0,0.0,0.997268,0.999398,0,10082,35751,16731383,35751,10082,9726168,0.003676,0.0,0.0,ok,,,,,,,,,,,,,
microsam_vit_l_em_organelles,mito,orgsegnet_plant,PlantHunter,te_00461,partial,9.26,image/A_84.tif,vit_l_em_organelles,10.166,0.0,0.0,0.0,0.0,0.0,0.992587,0.994706,0,88625,35751,16652840,35751,88625,11966250,0.002988,0.0,0.0,ok,,,,,,,,,,,,,
microsam_vit_l_em_organelles,mito,orgsegnet_plant,PlantHunter,te_00482,partial,3.09,image/A_96.tif,vit_l_em_organelles,9.821,0.452766,0.29263,0.999522,0.292671,0.452766,0.961721,0.999992,265675,127,642086,15869328,907761,265802,9970767,0.091042,0.473068,0.169367,ok,,,,,,,,,,,,,
microsam_vit_l_em_organelles,mito,orgsegnet_plant,PlantHunter,te_00483,partial,3.09,image/A_96.tif,vit_l_em_organelles,10.678,0.384513,0.238017,0.999047,0.238071,0.384513,0.961189,0.999988,203393,194,650944,15922685,854337,203587,13226850,0.064591,0.548803,0.215017,ok,,,,,,,,,,,,,
microsam_vit_l_em_organelles,mito,orgsegnet_plant,PlantHunter,te_00500,partial,6.17,image/C017.tif,vit_l_em_organelles,10.307,0.865475,0.762852,0.922233,0.815298,0.865475,0.990307,0.997266,523109,44111,118508,16091488,641617,567220,9380317,0.0684,0.925878,0.194741,ok,,,,,,,,,,,,,
microsam_vit_l_em_organelles,mito,orgsegnet_plant,PlantHunter,te_00501,partial,6.17,image/C017.tif,vit_l_em_organelles,9.966,0.748867,0.598552,0.987538,0.603107,0.748867,0.986609,0.999739,334959,4227,220430,16217600,555389,339186,8423745,0.065931,0.593484,0.134738,ok,,,,,,,,,,,,,
microsam_vit_l_em_organelles,mito,orgsegnet_plant,PlantHunter,te_00504,partial,7.41,image/C019.tif,vit_l_em_organelles,10.121,0.55014,0.379443,0.429551,0.764861,0.55014,0.986927,0.989272,134110,178100,41229,16423777,175339,312210,13152256,0.013331,0.291498,0.377552,ok,,,,,,,,,,,,,
microsam_vit_l_em_organelles,mito,orgsegnet_plant,PlantHunter,te_00505,partial,7.41,image/C019.tif,vit_l_em_organelles,10.124,0.393147,0.244669,0.248156,0.945681,0.393147,0.985555,0.985754,78500,237833,4509,16456374,83009,316333,10704075,0.007755,0.103448,0.376349,ok,,,,,,,,,,,,,
microsam_vit_l_em_organelles,mito,orgsegnet_plant,PlantHunter,te_00526,partial,9.26,image/C046.tif,vit_l_em_organelles,9.957,0.579182,0.40764,0.418225,0.941543,0.579182,0.995374,0.995557,53409,74295,3316,16646196,56725,127704,8721529,0.006504,0.234719,0.369153,ok,,,,,,,,,,,,,
microsam_vit_l_em_organelles,mito,orgsegnet_plant,PlantHunter,te_00527,partial,9.26,image/C046.tif,vit_l_em_organelles,10.248,0.700614,0.539188,0.55645,0.945597,0.700614,0.997268,0.997443,53639,42756,3086,16677735,56725,96395,10878640,0.005214,0.238482,0.416478,ok,,,,,,,,,,,,,
microsam_vit_l_em_organelles,mito,orgsegnet_plant,PlantHunter,te_00530,partial,14.81,image/C051.tif,vit_l_em_organelles,10.151,0.091965,0.048199,0.076781,0.114635,0.091965,0.986536,0.991753,11439,137543,88347,16539887,99786,148982,13230080,0.007542,0.060844,0.057288,ok,,,,,,,,,,,,,
microsam_vit_l_em_organelles,mito,orgsegnet_plant,PlantHunter,te_00531,partial,14.81,image/C051.tif,vit_l_em_organelles,9.995,0.128408,0.068609,0.096033,0.193712,0.128408,0.981703,0.987224,22612,212848,94118,16447638,116730,235460,13226850,0.008825,0.132372,0.090813,ok,,,,,,,,,,,,,
microsam_vit_l_em_organelles,mito,orgsegnet_plant,PlantHunter,te_00532,partial,6.17,image/C052.tif,vit_l_em_organelles,10.73,0.585955,0.414382,0.436841,0.889623,0.585955,0.986727,0.987763,157570,203133,19550,16396963,177120,360703,13223620,0.013394,0.165414,0.277282,ok,,,,,,,,,,,,,
microsam_vit_l_em_organelles,mito,orgsegnet_plant,PlantHunter,te_00533,partial,6.17,image/C052.tif,vit_l_em_organelles,10.099,0.722202,0.565193,0.602224,0.90188,0.722202,0.992675,0.993644,159741,105511,17379,16494585,177120,265252,13223620,0.013394,0.260521,0.388579,ok,,,,,,,,,,,,,
microsam_vit_l_em_organelles,mito,orgsegnet_plant,PlantHunter,te_00542,partial,3.7,image/C057.tif,vit_l_em_organelles,10.443,0.0,0.0,nan,0.0,0.0,0.977269,1.0,0,0,381360,16395856,381360,0,6892944,0.055326,0.0,0.0,ok,,,,,,,,,,,,,
microsam_vit_l_em_organelles,mito,orgsegnet_plant,PlantHunter,te_00543,partial,3.7,image/C057.tif,vit_l_em_organelles,10.116,0.0,0.0,nan,0.0,0.0,0.95765,1.0,0,0,710508,16066708,710508,0,9250605,0.076807,0.0,0.0,ok,,,,,,,,,,,,,
microsam_vit_l_em_organelles,mito,orgsegnet_plant,PlantHunter,te_00564,partial,18.51,image/C076.tif,vit_l_em_organelles,10.005,0.610511,0.439378,0.599067,0.622402,0.610511,0.969171,0.983176,405364,271295,245926,15854631,651290,676659,13230080,0.049228,0.608685,0.573903,ok,,,,,,,,,,,,,
microsam_vit_l_em_organelles,mito,orgsegnet_plant,PlantHunter,te_00565,partial,18.51,image/C076.tif,vit_l_em_organelles,10.192,0.691302,0.528237,0.639225,0.752617,0.691302,0.976602,0.98468,439539,248073,144475,15945129,584014,687612,13230080,0.044143,0.653995,0.661624,ok,,,,,,,,,,,,,
microsam_vit_l_em_organelles,mito,orgsegnet_plant,PlantHunter,te_00576,partial,14.81,image/C088.tif,vit_l_em_organelles,9.946,0.0,0.0,0.0,0.0,0.0,0.987272,0.997401,0,43154,170387,16563675,170387,43154,8928486,0.019084,0.0,0.0,ok,,,,,,,,,,,,,
microsam_vit_l_em_organelles,mito,orgsegnet_plant,PlantHunter,te_00577,partial,14.81,image/C088.tif,vit_l_em_organelles,10.044,0.284739,0.166004,0.438458,0.210826,0.284739,0.989243,0.99723,35922,46006,134465,16560823,170387,81928,9119565,0.018684,0.292842,0.252341,ok,,,,,,,,,,,,,
microsam_vit_l_em_organelles,mito,orgsegnet_plant,PlantHunter,te_00610,partial,6.17,image/C119.tif,vit_l_em_organelles,10.738,0.256334,0.147009,0.642887,0.160081,0.256334,0.978439,0.997887,62344,34631,327109,16353132,389453,96975,13230080,0.029437,0.152505,0.079893,ok,,,,,,,,,,,,,
microsam_vit_l_em_organelles,mito,orgsegnet_plant,PlantHunter,te_00611,partial,6.17,image/C119.tif,vit_l_em_organelles,9.957,0.0,0.0,0.0,0.0,0.0,0.974999,0.99817,0,29987,389453,16357776,389453,29987,13226850,0.029444,0.0,0.0,ok,,,,,,,,,,,,,
microsam_vit_l_em_organelles,mito,orgsegnet_plant,PlantHunter,te_00630,partial,12.34,image/C171.tif,vit_l_em_organelles,9.935,0.862476,0.758205,0.849214,0.876159,0.862476,0.994524,0.99689,288090,51153,40720,16397253,328810,339243,13225984,0.024861,0.777228,0.627305,ok,,,,,,,,,,,,,
microsam_vit_l_em_organelles,mito,orgsegnet_plant,PlantHunter,te_00631,partial,12.34,image/C171.tif,vit_l_em_organelles,10.491,0.800228,0.666983,0.717912,0.903865,0.800228,0.993042,0.994438,233819,91874,24869,16426654,258688,325693,13226850,0.019558,0.493082,0.491719,ok,,,,,,,,,,,,,
microsam_vit_l_em_organelles,mito,orgsegnet_plant,PlantHunter,te_00646,partial,3.7,image/C179.tif,vit_l_em_organelles,9.878,0.101743,0.053598,0.091922,0.113914,0.101743,0.994383,0.996849,5337,52723,41514,16677642,46851,58060,10821632,0.004329,0.151643,0.113708,ok,,,,,,,,,,,,,
microsam_vit_l_em_organelles,mito,orgsegnet_plant,PlantHunter,te_00686,partial,3.09,image/C199.tif,vit_l_em_organelles,9.922,0.0,0.0,0.0,0.0,0.0,0.984313,0.991713,0,137995,125181,16514040,125181,137995,13223620,0.009466,0.0,0.0,ok,,,,,,,,,,,,,
microsam_vit_l_em_organelles,mito,orgsegnet_plant,PlantHunter,te_00687,partial,3.09,image/C199.tif,vit_l_em_organelles,10.603,0.545633,0.375169,0.432458,0.739042,0.545633,0.990816,0.992709,92514,121412,32667,16530623,125181,213926,13223620,0.009466,0.49162,0.069815,ok,,,,,,,,,,,,,
microsam_vit_l_em_organelles,mito,orgsegnet_plant,PlantHunter,te_00690,partial,12.34,image/C201.tif,vit_l_em_organelles,10.205,0.013198,0.006643,0.006644,0.966785,0.013198,0.922429,0.922405,8703,1301126,299,15467088,9002,1309829,13230080,0.00068,0.009799,0.030832,ok,,,,,,,,,,,,,
microsam_vit_l_em_organelles,mito,orgsegnet_plant,PlantHunter,te_00691,partial,12.34,image/C201.tif,vit_l_em_organelles,10.048,0.204972,0.114189,0.115184,0.92961,0.204972,0.933537,0.933574,143741,1104179,10884,15518412,154625,1247920,13226850,0.01169,0.100721,0.168552,ok,,,,,,,,,,,,,
microsam_vit_l_em_organelles,mito,orgsegnet_plant,PlantHunter,te_00696,partial,5.29,image/C204.tif,vit_l_em_organelles,10.509,0.735736,0.581949,0.712739,0.760268,0.735736,0.979234,0.987888,484996,195472,152932,15943816,637928,680468,13230080,0.048218,0.536395,0.360861,ok,,,,,,,,,,,,,
microsam_vit_l_em_organelles,mito,orgsegnet_plant,PlantHunter,te_00697,partial,5.29,image/C204.tif,vit_l_em_organelles,9.947,0.865026,0.762154,0.834992,0.8973,0.865026,0.989353,0.992991,572413,113118,65515,16026170,637928,685531,13223620,0.048242,0.61266,0.40722,ok,,,,,,,,,,,,,
microsam_vit_l_em_organelles,mito,orgsegnet_plant,PlantHunter,te_00724,partial,6.17,image/C218.tif,vit_l_em_organelles,9.884,0.38379,0.237463,0.240163,0.954798,0.38379,0.986392,0.986532,71099,224946,3366,16477805,74465,296045,13230080,0.005628,0.042389,0.319225,ok,,,,,,,,,,,,,
microsam_vit_l_em_organelles,mito,orgsegnet_plant,PlantHunter,te_00725,partial,6.17,image/C218.tif,vit_l_em_organelles,10.256,0.0,0.0,0.0,0.0,0.0,0.988432,0.988983,0,184732,9341,16583143,9341,184732,13226850,0.000706,0.0,0.0,ok,,,,,,,,,,,,,
microsam_vit_l_em_organelles,mito,orgsegnet_plant,PlantHunter,te_00768,partial,5.29,image/C240.tif,vit_l_em_organelles,10.106,0.0,0.0,0.0,0.0,0.0,0.954588,0.961368,0,643565,118326,16015325,118326,643565,11898351,0.009945,0.0,0.0,ok,,,,,,,,,,,,,
microsam_vit_l_em_organelles,mito,orgsegnet_plant,PlantHunter,te_00769,partial,5.29,image/C240.tif,vit_l_em_organelles,10.079,0.0,0.0,0.0,0.0,0.0,0.963787,0.970632,0,489233,118326,16169657,118326,489233,11863467,0.009974,0.0,0.0,ok,,,,,,,,,,,,,
microsam_vit_l_em_organelles,mito,orgsegnet_plant,PlantHunter,te_00772,partial,18.51,image/C242.tif,vit_l_em_organelles,10.535,0.593293,0.42176,0.528773,0.675747,0.593293,0.990825,0.993976,112278,100059,53876,16511003,166154,212337,13230080,0.012559,0.426785,0.411693,ok,,,,,,,,,,,,,
microsam_vit_l_em_organelles,mito,orgsegnet_plant,PlantHunter,te_00773,partial,18.51,image/C242.tif,vit_l_em_organelles,10.104,0.583945,0.412375,0.504462,0.693159,0.583945,0.99022,0.993191,115149,113112,50973,16497982,166122,228261,13226850,0.012559,0.424547,0.412404,ok,,,,,,,,,,,,,
microsam_vit_l_em_organelles,mito,orgsegnet_plant,PlantHunter,te_00794,partial,4.63,image/C253.tif,vit_l_em_organelles,10.075,0.805014,0.67366,0.880078,0.741748,0.805014,0.993838,0.998237,213404,29079,74300,16460433,287704,242483,13230080,0.021746,0.820529,0.16812,ok,,,,,,,,,,,,,
microsam_vit_l_em_organelles,mito,orgsegnet_plant,PlantHunter,te_00795,partial,4.63,image/C253.tif,vit_l_em_organelles,10.037,0.835179,0.717001,0.77673,0.90314,0.835179,0.993887,0.99547,259837,74690,27867,16414822,287704,334527,12622840,0.022792,0.734177,0.321084,ok,,,,,,,,,,,,,
microsam_vit_l_em_organelles,mito,orgsegnet_plant,PlantHunter,te_00798,partial,5.29,image/C255.tif,vit_l_em_organelles,10.004,0.511073,0.343249,0.443606,0.602742,0.511073,0.988454,0.992354,101245,126987,66729,16482255,167974,228232,13230080,0.012696,0.502511,0.10508,ok,,,,,,,,,,,,,
microsam_vit_l_em_organelles,mito,orgsegnet_plant,PlantHunter,te_00799,partial,5.29,image/C255.tif,vit_l_em_organelles,10.593,0.85405,0.745277,0.824669,0.885601,0.85405,0.99697,0.998096,148758,31627,19216,16577615,167974,180385,13223620,0.012703,0.562118,0.10792,ok,,,,,,,,,,,,,
microsam_vit_l_em_organelles,mito,orgsegnet_plant,PlantHunter,te_00802,partial,6.17,image/C257.tif,vit_l_em_organelles,10.375,0.666409,0.49971,0.699671,0.636166,0.666409,0.987409,0.994493,210999,90570,120674,16354973,331673,301569,12107776,0.027393,0.458051,0.202184,ok,,,,,,,,,,,,,
microsam_vit_l_em_organelles,mito,orgsegnet_plant,PlantHunter,te_00803,partial,6.17,image/C257.tif,vit_l_em_organelles,9.936,0.0,0.0,0.0,0.0,0.0,0.987366,0.996697,0,54903,157060,16565253,157060,54903,12104820,0.012975,0.0,0.0,ok,,,,,,,,,,,,,
microsam_vit_l_em_organelles,mito,orgsegnet_plant,PlantHunter,te_00823,partial,4.63,image/C267.tif,vit_l_em_organelles,10.831,0.112731,0.059732,0.073673,0.239934,0.112731,0.987208,0.989747,13634,171428,43190,16548964,56824,185062,10574802,0.005374,0.138505,0.059445,ok,,,,,,,,,,,,,
microsam_vit_l_em_organelles,mito,orgsegnet_plant,PlantHunter,te_00834,partial,,image/C606.tif,vit_l_em_organelles,9.913,0.23634,0.134005,0.488244,0.155903,0.23634,0.969812,0.994952,78372,82146,424325,16192373,502697,160518,6726600,0.074733,0.149757,0.208507,ok,,,,,,,,,,,,,
microsam_vit_l_em_organelles,mito,orgsegnet_plant,PlantHunter,te_00835,partial,,image/C606.tif,vit_l_em_organelles,9.908,0.421885,0.267334,0.977074,0.269022,0.421885,0.979094,0.999816,127981,3003,347746,16298486,475727,130984,6457248,0.073673,0.379483,0.217771,ok,,,,,,,,,,,,,
microsam_vit_l_em_organelles,mito,orgsegnet_plant,PlantHunter,te_00846,partial,2.47,image/C_008.tif,vit_l_em_organelles,10.807,0.058802,0.030292,0.134953,0.037591,0.058802,0.834316,0.961527,86833,556599,2223114,13910670,2309947,643432,11617942,0.198826,0.07041,0.0,ok,,,,,,,,,,,,,
microsam_vit_l_em_organelles,mito,orgsegnet_plant,PlantHunter,te_00847,partial,2.47,image/C_008.tif,vit_l_em_organelles,10.153,0.025841,0.01309,0.10875,0.014663,0.025841,0.84779,0.980813,33870,277578,2276077,14189691,2309947,311448,9347955,0.247107,0.0,0.0,ok,,,,,,,,,,,,,
microsam_vit_l_em_organelles,mito,orgsegnet_plant,PlantHunter,te_00895,partial,6.17,image/L1_003.tif,vit_l_em_organelles,9.958,0.923748,0.858301,0.947994,0.900711,0.923748,0.988991,0.996049,1118812,61377,123331,15473696,1242143,1180189,9271190,0.133979,0.853997,0.789885,ok,,,,,,,,,,,,,
microsam_vit_l_em_organelles,mito,orgsegnet_plant,PlantHunter,te_00896,partial,6.17,image/L1_003.tif,vit_l_em_organelles,10.248,0.91622,0.845394,0.908646,0.923922,0.91622,0.982629,0.989356,1593562,160215,131217,14892222,1724779,1753777,11199110,0.15401,0.897388,0.814437,ok,,,,,,,,,,,,,
microsam_vit_l_em_organelles,mito,orgsegnet_plant,PlantHunter,te_00913,partial,4.63,image/L1_014.tif,vit_l_em_organelles,10.151,0.891662,0.804504,0.953028,0.837721,0.891662,0.98499,0.996713,1036340,51078,200754,15489044,1237094,1087418,5999753,0.206191,0.855703,0.541978,ok,,,,,,,,,,,,,
microsam_vit_l_em_organelles,mito,orgsegnet_plant,PlantHunter,te_00914,partial,4.63,image/L1_014.tif,vit_l_em_organelles,10.24,0.932715,0.873913,0.981166,0.888823,0.932715,0.99266,0.998964,853528,16384,106762,15800542,960290,869912,4477352,0.214477,0.860534,0.584147,ok,,,,,,,,,,,,,
microsam_vit_l_em_organelles,mito,orgsegnet_plant,PlantHunter,te_00951,partial,3.7,image/L7_011.tif,vit_l_em_organelles,10.001,0.201462,0.112014,0.978924,0.112285,0.201462,0.954394,0.999869,96518,2078,763064,15915556,859582,98596,4528587,0.189812,0.234726,0.064516,ok,,,,,,,,,,,,,
microsam_vit_l_em_organelles,mito,orgsegnet_plant,PlantHunter,te_00952,partial,3.7,image/L7_011.tif,vit_l_em_organelles,10.096,0.228849,0.129209,0.997549,0.12925,0.228849,0.955371,0.999983,111101,273,748481,15917361,859582,111374,5776260,0.148813,0.231293,0.079624,ok,,,,,,,,,,,,,
microsam_vit_l_em_organelles,mito,orgsegnet_plant,PlantHunter,te_00955,partial,3.7,image/L8_002.tif,vit_l_em_organelles,9.963,0.753598,0.604618,0.888204,0.654421,0.753598,0.968988,0.993565,795636,100145,420150,15461285,1215786,895781,9090270,0.133746,0.718378,0.367789,ok,,,,,,,,,,,,,
microsam_vit_l_em_organelles,mito,orgsegnet_plant,PlantHunter,te_00956,partial,3.7,image/L8_002.tif,vit_l_em_organelles,10.256,0.777242,0.635647,0.936265,0.664396,0.777242,0.977784,0.997198,650250,44265,328458,15754243,978708,694515,7145118,0.136976,0.768132,0.339191,ok,,,,,,,,,,,,,
microsam_vit_l_em_organelles,mito,orgsegnet_plant,PlantHunter,te_00961,sparse,1.48,image/M4D-25000X-0006.tif,vit_l_em_organelles,2.45,0.0,0.0,0.0,0.0,0.0,0.995699,0.999672,0,5484,66668,16705064,66668,5484,1695450,0.039322,0.0,0.0,ok,,,,,,,,,,,,,
microsam_vit_l_em_organelles,mito,orgsegnet_plant,PlantHunter,te_00989,partial,4.63,image/c10_003.tif,vit_l_em_organelles,9.929,0.52116,0.352411,0.368445,0.890086,0.52116,0.960966,0.962699,356379,610872,44008,15765957,400387,967251,13206610,0.030317,0.26764,0.291863,ok,,,,,,,,,,,,,
microsam_vit_l_em_organelles,mito,orgsegnet_plant,PlantHunter,te_00990,partial,4.63,image/c10_003.tif,vit_l_em_organelles,10.329,0.686659,0.522833,0.541095,0.939364,0.686659,0.97954,0.980522,376109,318980,24278,16057849,400387,695089,13222755,0.03028,0.226914,0.288475,ok,,,,,,,,,,,,,
microsam_vit_l_em_organelles,mito,orgsegnet_plant,PlantHunter,te_01002,partial,4.63,image/c13_002.tif,vit_l_em_organelles,10.097,0.646822,0.478002,0.487072,0.962501,0.646822,0.994958,0.995114,77464,81576,3018,16615158,80482,159040,13222755,0.006087,0.56701,0.28145,ok,,,,,,,,,,,,,
microsam_vit_l_em_organelles,mito,orgsegnet_plant,PlantHunter,te_01011,partial,5.29,image/c6_003.tif,vit_l_em_organelles,9.891,0.547663,0.377091,0.64763,0.474431,0.547663,0.976855,0.992145,235069,127899,260407,16153841,495476,362968,13230080,0.037451,0.453656,0.269283,ok,,,,,,,,,,,,,
microsam_vit_l_em_organelles,mito,orgsegnet_plant,PlantHunter,te_01012,partial,5.29,image/c6_003.tif,vit_l_em_organelles,10.738,0.550445,0.379734,0.605739,0.504401,0.550445,0.97292,0.988843,278139,181034,273285,16044758,551424,459173,13226850,0.04169,0.510018,0.230286,ok,,,,,,,,,,,,,
microsam_vit_l_em_organelles,mito,orgsegnet_plant,PlantHunter,te_01013,partial,,image/cs10_001.tif,vit_l_em_organelles,9.895,0.195253,0.108188,0.14967,0.280757,0.195253,0.997814,0.998492,4450,25282,11400,16736084,15850,29732,13040258,0.001215,0.097826,0.169028,ok,,,,,,,,,,,,,
microsam_vit_l_em_organelles,mito,orgsegnet_plant,PlantHunter,te_01014,partial,,image/cs10_001.tif,vit_l_em_organelles,9.904,0.196597,0.109014,0.148861,0.289401,0.196597,0.997765,0.998435,4587,26227,11263,16735139,15850,30814,13201408,0.001201,0.177215,0.132512,ok,,,,,,,,,,,,,
microsam_vit_l_em_organelles,mito,orgsegnet_plant,PlantHunter,te_01015,partial,14.81,image/g-l_004.tif,vit_l_em_organelles,10.405,0.257979,0.148092,0.161123,0.646771,0.257979,0.984462,0.985878,45316,235935,24749,16471216,70065,281251,13230080,0.005296,0.22898,0.108517,ok,,,,,,,,,,,,,
microsam_vit_l_em_organelles,mito,orgsegnet_plant,PlantHunter,te_01016,partial,14.81,image/g-l_004.tif,vit_l_em_organelles,10.147,0.422056,0.267472,0.277182,0.884193,0.422056,0.989887,0.99033,61951,161552,8114,16545599,70065,223503,13226850,0.005297,0.117424,0.194695,ok,,,,,,,,,,,,,
microsam_vit_l_em_organelles,mito,orgsegnet_plant,PlantHunter,te_01029,partial,5.29,image/h3_007.tif,vit_l_em_organelles,9.86,0.569361,0.397977,0.411193,0.925273,0.569361,0.992465,0.992829,83566,119662,6749,16567239,90315,203228,13230080,0.006826,0.141509,0.232373,ok,,,,,,,,,,,,,
microsam_vit_l_em_organelles,mito,orgsegnet_plant,PlantHunter,te_01030,partial,5.29,image/h3_007.tif,vit_l_em_organelles,10.145,0.51383,0.345741,0.353175,0.942612,0.51383,0.994114,0.994285,52183,95571,3177,16626285,55360,147754,13230080,0.004184,0.293785,0.35911,ok,,,,,,,,,,,,,
microsam_vit_l_em_organelles,mito,orgsegnet_plant,PlantHunter,te_01033,partial,3.7,image/h4_004.tif,vit_l_em_organelles,10.166,0.157829,0.085675,0.606873,0.09071,0.157829,0.9643,0.99775,56123,36356,562587,16122150,618710,92479,11821173,0.052339,0.058602,0.0,ok,,,,,,,,,,,,,
microsam_vit_l_em_organelles,mito,orgsegnet_plant,PlantHunter,te_01034,partial,3.7,image/h4_004.tif,vit_l_em_organelles,10.537,0.464526,0.30253,0.564179,0.394793,0.464526,0.976441,0.991897,171440,132435,262813,16210528,434253,303875,9694389,0.044794,0.253091,0.076843,ok,,,,,,,,,,,,,
microsam_vit_l_em_organelles,mito,orgsegnet_plant,PlantHunter,te_01055,partial,14.81,image/n-l_001.tif,vit_l_em_organelles,10.534,0.612797,0.44175,0.480441,0.845808,0.612797,0.975244,0.978313,328660,355420,59915,16033221,388575,684080,13230080,0.029371,0.530687,0.431668,ok,,,,,,,,,,,,,
microsam_vit_l_em_organelles,mito,orgsegnet_plant,PlantHunter,te_01056,partial,14.81,image/n-l_001.tif,vit_l_em_organelles,10.059,0.598441,0.426983,0.53263,0.682809,0.598441,0.974986,0.983185,312717,274402,145269,16044828,457986,587119,13217160,0.034651,0.446984,0.431768,ok,,,,,,,,,,,,,
microsam_vit_l_em_organelles,mito,orgsegnet_plant,PlantHunter,te_01073,partial,5.29,image/n-o_007.tif,vit_l_em_organelles,10.768,0.914704,0.842815,0.883808,0.947838,0.914704,0.997927,0.998521,186488,24517,10263,16555948,196751,211005,8385024,0.023465,0.681725,0.285756,ok,,,,,,,,,,,,,
microsam_vit_l_em_organelles,mito,orgsegnet_plant,PlantHunter,te_01074,partial,5.29,image/n-o_007.tif,vit_l_em_organelles,10.07,0.776091,0.634108,0.646891,0.969779,0.776091,0.993438,0.993718,190805,104152,5946,16476313,196751,294957,10194944,0.019299,0.41196,0.379367,ok,,,,,,,,,,,,,
microsam_vit_l_em_organelles,mito,orgsegnet_plant,PlantHunter,te_01081,partial,9.26,image/o1_004.tif,vit_l_em_organelles,9.862,0.334216,0.200636,0.2016,0.976713,0.334216,0.992819,0.992849,30240,119760,721,16626495,30961,150000,13221888,0.002342,0.045543,0.239411,ok,,,,,,,,,,,,,
microsam_vit_l_em_organelles,mito,orgsegnet_plant,PlantHunter,te_01082,partial,9.26,image/o1_004.tif,vit_l_em_organelles,10.571,0.339434,0.204408,0.205303,0.979135,0.339434,0.992967,0.992993,30315,117345,646,16628910,30961,147660,13230080,0.00234,0.048426,0.209436,ok,,,,,,,,,,,,,
microsam_vit_l_em_organelles,mito,orgsegnet_plant,PlantHunter,te_01085,partial,6.17,image/o1_009.tif,vit_l_em_organelles,10.392,0.814101,0.686485,0.720765,0.935207,0.814101,0.996675,0.997158,122138,47318,8462,16599298,130600,169456,11309056,0.011548,0.552632,0.416919,ok,,,,,,,,,,,,,
microsam_vit_l_em_organelles,mito,orgsegnet_plant,PlantHunter,te_01086,partial,6.17,image/o1_009.tif,vit_l_em_organelles,9.913,0.881557,0.7882,0.827947,0.942589,0.881557,0.99807,0.998496,120511,25043,7340,16624322,127851,145554,10914233,0.011714,0.701488,0.52037,ok,,,,,,,,,,,,,
microsam_vit_l_em_organelles,mito,orgsegnet_plant,PlantHunter,te_01087,partial,7.41,image/o3_004.tif,vit_l_em_organelles,10.707,0.610189,0.439045,0.443179,0.979195,0.610189,0.993018,0.993095,91684,115194,1948,16568390,93632,206878,13230080,0.007077,0.227848,0.31611,ok,,,,,,,,,,,,,
microsam_vit_l_em_organelles,mito,orgsegnet_plant,PlantHunter,te_01088,partial,7.41,image/o3_004.tif,vit_l_em_organelles,9.987,0.638049,0.468481,0.475233,0.970566,0.638049,0.993855,0.993985,90876,100348,2756,16583236,93632,191224,13226850,0.007079,0.375,0.434304,ok,,,,,,,,,,,,,
microsam_vit_l_em_organelles,mito,orgsegnet_plant,PlantHunter,te_01091,partial,5.29,image/o3_010.tif,vit_l_em_organelles,9.966,0.373695,0.229782,0.234225,0.923744,0.373695,0.986817,0.987087,65983,215725,5447,16490061,71430,281708,13230080,0.005399,0.131148,0.197212,ok,,,,,,,,,,,,,
microsam_vit_l_em_organelles,mito,orgsegnet_plant,PlantHunter,te_01092,partial,5.29,image/o3_010.tif,vit_l_em_organelles,10.709,0.779496,0.638667,0.653799,0.965029,0.779496,0.997675,0.997815,68932,36501,2498,16669285,71430,105433,12366900,0.005776,0.247525,0.473812,ok,,,,,,,,,,,,,
microsam_vit_l_em_organelles,mito,orgsegnet_plant,PlantHunter,te_01093,partial,5.29,image/o4_002.tif,vit_l_em_organelles,10.165,0.654566,0.486509,0.492292,0.976425,0.654566,0.995701,0.995782,68339,70479,1650,16636748,69989,138818,13230080,0.00529,0.222222,0.423703,ok,,,,,,,,,,,,,
microsam_vit_l_em_organelles,mito,orgsegnet_plant,PlantHunter,te_01094,partial,5.29,image/o4_002.tif,vit_l_em_organelles,9.873,0.600203,0.428779,0.432813,0.978725,0.600203,0.994561,0.994627,68500,89767,1489,16617460,69989,158267,13230080,0.00529,0.252953,0.407232,ok,,,,,,,,,,,,,
microsam_vit_l_em_organelles,mito,orgsegnet_plant,PlantHunter,te_01099,partial,7.41,image/o4_008.tif,vit_l_em_organelles,10.304,0.37508,0.23083,0.235248,0.924755,0.37508,0.977775,0.97816,111900,363768,9105,16292443,121005,475668,13230080,0.009146,0.205808,0.251731,ok,,,,,,,,,,,,,
microsam_vit_l_em_organelles,mito,orgsegnet_plant,PlantHunter,te_01100,partial,7.41,image/o4_008.tif,vit_l_em_organelles,10.087,0.316763,0.188187,0.188904,0.980232,0.316763,0.969501,0.969423,118613,509289,2392,16146922,121005,627902,13230080,0.009146,0.08228,0.234281,ok,,,,,,,,,,,,,
microsam_vit_l_em_organelles,mito,orgsegnet_plant,PlantHunter,te_01115,partial,14.81,image/p5_008.tif,vit_l_em_organelles,10.471,0.229111,0.129376,0.133197,0.818514,0.229111,0.993524,0.99373,16146,105073,3580,16652417,19726,121219,7205900,0.002737,0.562783,0.243695,ok,,,,,,,,,,,,,
microsam_vit_l_em_organelles,mito,orgsegnet_plant,PlantHunter,te_01116,partial,14.81,image/p5_008.tif,vit_l_em_organelles,10.271,0.230861,0.130494,0.13354,0.851212,0.230861,0.993331,0.993499,16791,108947,2935,16648543,19726,125738,7205900,0.002737,0.543411,0.24591,ok,,,,,,,,,,,,,
microsam_vit_l_em_organelles,mito,orgsegnet_plant,PlantHunter,te_01119,partial,,image/wh5_007.tif,vit_l_em_organelles,9.932,0.847713,0.735678,0.743848,0.98529,0.847713,0.998758,0.998805,58006,19975,866,16698369,58872,77981,9121520,0.006454,0.653333,0.551434,ok,,,,,,,,,,,,,
microsam_vit_l_em_organelles,mito,orgsegnet_plant,PlantHunter,te_01120,partial,,image/wh5_007.tif,vit_l_em_organelles,10.319,0.384406,0.237935,0.244714,0.895706,0.384406,0.989933,0.990265,52732,162752,6140,16555592,58872,215484,11379290,0.005174,0.32596,0.275532,ok,,,,,,,,,,,,,
microsam_vit_l_em_organelles,mito,orgsegnet_plant,PlantHunter,te_01121,partial,,image/xc0_001.tif,vit_l_em_organelles,9.904,0.837656,0.720661,0.796809,0.882917,0.837656,0.998349,0.998908,71473,18226,9478,16678039,80951,89699,13225984,0.006121,0.869701,0.801453,ok,,,,,,,,,,,,,
microsam_vit_l_em_organelles,mito,orgsegnet_plant,PlantHunter,te_01122,partial,,image/xc0_001.tif,vit_l_em_organelles,10.136,0.778653,0.637537,0.73908,0.822705,0.778653,0.998517,0.999076,43772,15453,9433,16708558,53205,59225,13205504,0.004029,0.813466,0.755704,ok,,,,,,,,,,,,,
microsam_vit_l_em_organelles,mito,orgsegnet_plant,PlantHunter,te_01133,partial,2.47,image/z002.tif,vit_l_em_organelles,10.844,0.0,0.0,nan,0.0,0.0,0.968289,1.0,0,0,532017,16245199,532017,0,677144,0.785678,0.0,0.0,ok,,,,,,,,,,,,,
microsam_vit_l_em_organelles,mito,orgsegnet_plant,PlantHunter,te_01134,partial,2.47,image/z002.tif,vit_l_em_organelles,10.314,0.001807,0.000904,1.0,0.000904,0.001807,0.968318,1.0,481,0,531536,16245199,532017,481,677144,0.785678,0.0,0.0,ok,,,,,,,,,,,,,
microsam_vit_l_em_organelles,mito,orgsegnet_plant,PlantHunter,te_01135,partial,3.09,image/z003.tif,vit_l_em_organelles,9.926,0.308474,0.182364,0.946444,0.184266,0.308474,0.910421,0.998732,335202,18968,1483921,14939125,1819123,354170,5202589,0.349657,0.151563,0.096539,ok,,,,,,,,,,,,,
microsam_vit_l_em_organelles,mito,orgsegnet_plant,PlantHunter,te_01136,partial,3.09,image/z003.tif,vit_l_em_organelles,10.522,0.09756,0.051282,0.931686,0.051475,0.09756,0.90509,0.999582,86071,6311,1586017,15098817,1672088,92382,4674373,0.357714,0.0,0.109241,ok,,,,,,,,,,,,,
microsam_vit_l_em_organelles,mito,orgsegnet_plant,PlantHunter,te_01139,partial,3.09,image/z005.tif,vit_l_em_organelles,10.072,0.541714,0.371473,0.574821,0.512212,0.541714,0.944007,0.973832,555205,410669,528731,15282611,1083936,965874,6810730,0.159151,0.140441,0.066797,ok,,,,,,,,,,,,,
microsam_vit_l_em_organelles,mito,orgsegnet_plant,PlantHunter,te_01140,partial,3.09,image/z005.tif,vit_l_em_organelles,9.899,0.569251,0.397869,0.649033,0.506936,0.569251,0.950434,0.981066,549486,297136,534450,15396144,1083936,846622,6810730,0.159151,0.14112,0.049864,ok,,,,,,,,,,,,,
microsam_vit_l_em_organelles,mito,orgsegnet_plant,PlantHunter,te_01163,partial,14.81,image/z028.tif,vit_l_em_organelles,10.66,0.23431,0.132702,0.133201,0.972539,0.23431,0.973387,0.973391,68316,444564,1929,16262407,70245,512880,5321472,0.0132,0.122381,0.197838,ok,,,,,,,,,,,,,
microsam_vit_l_em_organelles,mito,orgsegnet_plant,PlantHunter,te_01164,partial,14.81,image/z028.tif,vit_l_em_organelles,9.829,0.333618,0.200205,0.201253,0.974646,0.333618,0.983698,0.983736,68464,271724,1781,16435247,70245,340188,6125184,0.011468,0.149201,0.286848,ok,,,,,,,,,,,,,
microsam_vit_l_em_organelles,mito,orgsegnet_plant,PlantHunter,te_01195,partial,14.81,image/z046.tif,vit_l_em_organelles,9.863,0.672268,0.506328,0.513957,0.971521,0.672268,0.997456,0.997526,43767,41390,1283,16690776,45050,85157,13217792,0.003408,0.176678,0.452896,ok,,,,,,,,,,,,,
microsam_vit_l_em_organelles,mito,orgsegnet_plant,PlantHunter,te_01196,partial,14.81,image/z046.tif,vit_l_em_organelles,10.822,0.700971,0.539611,0.545889,0.979134,0.700971,0.997757,0.997807,44110,36694,940,16695472,45050,80804,13222755,0.003407,0.213115,0.523825,ok,,,,,,,,,,,,,
microsam_vit_l_em_organelles,mito,orgsegnet_plant,PlantHunter,te_01199,partial,18.51,image/z052.tif,vit_l_em_organelles,10.108,0.231252,0.130744,0.151828,0.484932,0.231252,0.996301,0.996889,9333,52138,9913,16705832,19246,61471,13225984,0.001455,0.375,0.33017,ok,,,,,,,,,,,,,
microsam_vit_l_em_organelles,mito,orgsegnet_plant,PlantHunter,te_01200,partial,18.51,image/z052.tif,vit_l_em_organelles,10.539,0.199523,0.110817,0.129477,0.434688,0.199523,0.995999,0.996644,8366,56248,10880,16701722,19246,64614,13197312,0.001458,0.361905,0.286871,ok,,,,,,,,,,,,,
microsam_vit_l_em_organelles,mito,orgsegnet_plant,PlantHunter,te_01211,partial,4.63,image/z061.tif,vit_l_em_organelles,10.271,0.724354,0.567834,0.570042,0.993224,0.724354,0.99218,0.992169,172375,130015,1176,16473650,173551,302390,9740288,0.017818,0.341463,0.353702,ok,,,,,,,,,,,,,
microsam_vit_l_em_organelles,mito,orgsegnet_plant,PlantHunter,te_01212,partial,4.63,image/z061.tif,vit_l_em_organelles,10.071,0.0,0.0,0.0,0.0,0.0,0.985899,0.997165,0,47027,189543,16540646,189543,47027,9512000,0.019927,0.0,0.0,ok,,,,,,,,,,,,,
microsam_vit_l_em_organelles,mito,orgsegnet_plant,PlantHunter,te_01219,partial,5.29,image/z065.tif,vit_l_em_organelles,10.683,0.632079,0.462073,0.47642,0.938812,0.632079,0.990145,0.990612,142030,156089,9257,16469840,151287,298119,11206656,0.0135,0.415669,0.297513,ok,,,,,,,,,,,,,
microsam_vit_l_em_organelles,mito,orgsegnet_plant,PlantHunter,te_01255,partial,18.51,image/z084.tif,vit_l_em_organelles,9.899,0.25764,0.147869,0.372463,0.196931,0.25764,0.997611,0.9993,6955,11718,28362,16730181,35317,18673,11424322,0.003091,0.106195,0.181109,ok,,,,,,,,,,,,,
microsam_vit_l_em_organelles,mito,orgsegnet_plant,PlantHunter,te_01256,partial,18.51,image/z084.tif,vit_l_em_organelles,9.898,0.734446,0.580335,0.732218,0.736687,0.734446,0.998496,0.999237,34888,12759,12470,16717099,47358,47647,11105874,0.004264,0.610882,0.566584,ok,,,,,,,,,,,,,
microsam_vit_l_em_organelles,mito,orgsegnet_plant,PlantHunter,te_01273,partial,5.29,image/z093.tif,vit_l_em_organelles,10.917,0.667899,0.501388,0.751911,0.600774,0.667899,0.990288,0.996724,163852,54062,108883,16450419,272735,217914,13221888,0.020628,0.394615,0.27889,ok,,,,,,,,,,,,,
microsam_vit_l_em_organelles,mito,orgsegnet_plant,PlantHunter,te_01274,partial,5.29,image/z093.tif,vit_l_em_organelles,9.945,0.373562,0.229681,0.334446,0.42304,0.373562,0.98188,0.989109,90643,180381,123623,16382569,214266,271024,13215432,0.016213,0.221172,0.271963,ok,,,,,,,,,,,,,
microsam_vit_l_em_organelles,mito,orgsegnet_plant,PlantHunter,te_01281,partial,5.29,image/z097.tif,vit_l_em_organelles,9.932,0.877067,0.781049,0.809456,0.957001,0.877067,0.991014,0.992193,537801,126597,24164,16088654,561965,664398,13033472,0.043117,0.578947,0.497466,ok,,,,,,,,,,,,,
microsam_vit_l_em_organelles,mito,orgsegnet_plant,PlantHunter,te_01282,partial,5.29,image/z097.tif,vit_l_em_organelles,10.482,0.913535,0.840833,0.932514,0.895314,0.913535,0.994226,0.997714,511783,37038,59841,16168554,571624,548821,13027108,0.04388,0.821958,0.51053,ok,,,,,,,,,,,,,
microsam_vit_l_em_organelles,mito,orgsegnet_plant,PlantHunter,te_01285,partial,14.81,image/z099.tif,vit_l_em_organelles,10.007,0.55896,0.387887,0.396803,0.945242,0.55896,0.99501,0.995177,53047,80639,3073,16640457,56120,133686,10134465,0.005538,0.424322,0.481482,ok,,,,,,,,,,,,,
microsam_vit_l_em_organelles,mito,orgsegnet_plant,PlantHunter,te_01286,partial,14.81,image/z099.tif,vit_l_em_organelles,9.89,0.404707,0.253688,0.255733,0.969451,0.404707,0.982856,0.982937,97774,284555,3081,16391806,100855,382329,10726320,0.009403,0.447788,0.49886,ok,,,,,,,,,,,,,
microsam_vit_l_em_organelles,mito,orgsegnet_plant,PlantHunter,te_01305,partial,5.29,image/z171.tif,vit_l_em_organelles,11.023,0.748828,0.598502,0.616288,0.953998,0.748828,0.985358,0.986093,366176,227988,17657,16165395,383833,594164,13204884,0.029068,0.536485,0.348083,ok,,,,,,,,,,,,,
microsam_vit_l_em_organelles,mito,orgsegnet_plant,PlantHunter,te_01306,partial,5.29,image/z171.tif,vit_l_em_organelles,9.953,0.412745,0.260037,0.371809,0.463811,0.412745,0.969805,0.981652,178026,300784,205807,16092599,383833,478810,13208111,0.02906,0.319874,0.20782,ok,,,,,,,,,,,,,
microsam_vit_l_em_organelles,mito,orgsegnet_plant,PlantHunter,te_01307,partial,5.29,image/z172.tif,vit_l_em_organelles,9.852,0.441395,0.283199,0.507126,0.390749,0.441395,0.990252,0.99622,64615,62799,100747,16549055,165362,127414,10555640,0.015666,0.262194,0.288768,ok,,,,,,,,,,,,,
microsam_vit_l_em_organelles,mito,orgsegnet_plant,PlantHunter,te_01308,partial,5.29,image/z172.tif,vit_l_em_organelles,10.423,0.535557,0.365707,0.978197,0.368712,0.535557,0.993697,0.999918,60971,1359,104391,16610495,165362,62330,13199056,0.012528,0.720359,0.159095,ok,,,,,,,,,,,,,
microsam_vit_l_em_organelles,mito,orgsegnet_plant,PlantHunter,te_01331,partial,14.81,image/z184.tif,vit_l_em_organelles,10.133,0.795689,0.6607,0.728046,0.877189,0.795689,0.99766,0.998289,76447,28556,10703,16661510,87150,105003,13225984,0.006589,0.817496,0.762249,ok,,,,,,,,,,,,,
microsam_vit_l_em_organelles,mito,orgsegnet_plant,PlantHunter,te_01332,partial,14.81,image/z184.tif,vit_l_em_organelles,10.631,0.71757,0.559539,0.734076,0.70179,0.71757,0.99713,0.998673,61161,22156,25989,16667910,87150,83317,13223620,0.00659,0.654369,0.689049,ok,,,,,,,,,,,,,
microsam_vit_l_em_organelles,mito,orgsegnet_plant,PlantHunter,te_01359,partial,14.81,image/z198.tif,vit_l_em_organelles,10.509,0.497589,0.331193,0.375486,0.737373,0.497589,0.975788,0.979729,201156,334566,71645,16169849,272801,535722,12826330,0.021269,0.486311,0.466698,ok,,,,,,,,,,,,,
microsam_vit_l_em_organelles,mito,orgsegnet_plant,PlantHunter,te_01360,partial,14.81,image/z198.tif,vit_l_em_organelles,9.984,0.366421,0.224306,0.248835,0.694701,0.366421,0.980631,0.982955,93968,283664,41296,16358288,135264,377632,10519642,0.012858,0.281825,0.348287,ok,,,,,,,,,,,,,
microsam_vit_l_em_organelles,mito,orgsegnet_plant,PlantHunter,te_01367,partial,3.7,image/z202.tif,vit_l_em_organelles,10.684,0.0,0.0,0.0,0.0,0.0,0.936028,0.999546,0,7130,1066142,15703944,1066142,7130,10526720,0.10128,0.0,0.0,ok,,,,,,,,,,,,,
microsam_vit_l_em_organelles,mito,orgsegnet_plant,PlantHunter,te_01368,partial,3.7,image/z202.tif,vit_l_em_organelles,9.98,0.0,0.0,0.0,0.0,0.0,0.922912,0.985297,0,231058,1062258,15483900,1062258,231058,9963890,0.106611,0.0,0.0,ok,,,,,,,,,,,,,
microsam_vit_l_em_organelles,mito,orgsegnet_plant,PlantHunter,te_01391,partial,4.63,image/z214.tif,vit_l_em_organelles,9.911,0.536472,0.366561,0.376063,0.935514,0.536472,0.991644,0.991936,81124,134595,5592,16555905,86716,215719,13230080,0.006554,0.277262,0.417229,ok,,,,,,,,,,,,,
microsam_vit_l_em_organelles,mito,orgsegnet_plant,PlantHunter,te_01392,partial,4.63,image/z214.tif,vit_l_em_organelles,10.62,0.761,0.614205,0.623495,0.976317,0.761,0.99486,0.995017,137278,82897,3330,16553711,140608,220175,13192608,0.010658,0.225166,0.513742,ok,,,,,,,,,,,,,
microsam_vit_l_em_organelles,mito,orgsegnet_plant,PlantHunter,te_01393,partial,5.29,image/z215.tif,vit_l_em_organelles,10.3,0.496963,0.330639,0.422254,0.603791,0.496963,0.978173,0.98498,180889,247500,118700,16230127,299589,428389,12077672,0.024805,0.616719,0.364202,ok,,,,,,,,,,,,,
microsam_vit_l_em_organelles,mito,orgsegnet_plant,PlantHunter,te_01394,partial,5.29,image/z215.tif,vit_l_em_organelles,9.863,0.372997,0.229254,0.326561,0.434829,0.372997,0.973895,0.983696,130270,268645,169319,16208982,299589,398915,12703184,0.023584,0.475738,0.229098,ok,,,,,,,,,,,,,
microsam_vit_l_em_organelles,mito,orgsegnet_plant,PlantHunter,te_01395,partial,14.81,image/z216.tif,vit_l_em_organelles,10.764,0.167286,0.091278,0.091422,0.983059,0.167286,0.957923,0.957814,70909,704717,1222,16000368,72131,775626,13222755,0.005455,0.071979,0.109139,ok,,,,,,,,,,,,,
microsam_vit_l_em_organelles,mito,orgsegnet_plant,PlantHunter,te_01396,partial,14.81,image/z216.tif,vit_l_em_organelles,10.112,0.226281,0.127574,0.133026,0.756873,0.226281,0.977747,0.978701,54594,355808,17537,16349277,72131,410402,13222755,0.005455,0.322965,0.186015,ok,,,,,,,,,,,,,
microsam_vit_l_em_organelles,mito,orgsegnet_plant,PlantHunter,te_01431,partial,2.47,image/z234.tif,vit_l_em_organelles,9.866,0.135207,0.072505,0.113969,0.166174,0.135207,0.980543,0.988066,25518,198385,128044,16425269,153562,223903,13220390,0.011616,0.201962,0.081411,ok,,,,,,,,,,,,,
microsam_vit_l_em_organelles,mito,orgsegnet_plant,PlantHunter,te_01432,partial,2.47,image/z234.tif,vit_l_em_organelles,10.58,0.0,0.0,0.0,0.0,0.0,0.98172,0.990789,0,153118,153562,16470536,153562,153118,12829560,0.011969,0.0,0.0,ok,,,,,,,,,,,,,
microsam_vit_l_em_organelles,mito,orgsegnet_plant,PlantHunter,te_01439,partial,6.17,image/z238.tif,vit_l_em_organelles,10.095,0.743023,0.591119,0.650416,0.866379,0.743023,0.988418,0.990823,280927,150992,43327,16301970,324254,431919,13208111,0.02455,0.716959,0.23825,ok,,,,,,,,,,,,,
microsam_vit_l_em_organelles,mito,orgsegnet_plant,PlantHunter,te_01440,partial,6.17,image/z238.tif,vit_l_em_organelles,9.835,0.803885,0.672081,0.681112,0.980652,0.803885,0.992686,0.992873,251502,117750,4962,16403002,256464,369252,13204884,0.019422,0.749146,0.315083,ok,,,,,,,,,,,,,
microsam_vit_l_em_organelles,mito,orgsegnet_plant,PlantHunter,te_01461,partial,4.63,image/z249.tif,vit_l_em_organelles,10.611,0.942697,0.891605,0.905522,0.983054,0.942697,0.998572,0.99876,197067,20561,3397,16556191,200464,217628,9532597,0.021029,1.0,0.647779,ok,,,,,,,,,,,,,
microsam_vit_l_em_organelles,mito,orgsegnet_plant,PlantHunter,te_01462,partial,4.63,image/z249.tif,vit_l_em_organelles,10.046,0.94534,0.896346,0.924767,0.966849,0.94534,0.998722,0.999091,185401,15083,6357,16570375,191758,200484,9539584,0.020101,0.947867,0.656763,ok,,,,,,,,,,,,,
microsam_vit_l_em_organelles,mito,orgsegnet_plant,PlantHunter,te_01475,partial,4.63,image/z256.tif,vit_l_em_organelles,10.312,0.837866,0.720972,0.768877,0.920456,0.837866,0.992954,0.994417,305457,91820,26397,16353542,331854,397277,13190250,0.025159,0.554562,0.489911,ok,,,,,,,,,,,,,
microsam_vit_l_em_organelles,mito,orgsegnet_plant,PlantHunter,te_01476,partial,4.63,image/z256.tif,vit_l_em_organelles,10.363,0.835639,0.71768,0.959369,0.740178,0.835639,0.994241,0.999367,245631,10403,86223,16434959,331854,256034,13217792,0.025107,0.859006,0.482397,ok,,,,,,,,,,,,,
microsam_vit_l_em_organelles,mito,orgsegnet_plant,PlantHunter,te_01503,partial,,image/z600.tif,vit_l_em_organelles,10.201,0.768781,0.624406,0.773685,0.763938,0.768781,0.975559,0.987447,681689,199405,210646,15685476,892335,881094,13230080,0.067447,0.817093,0.585275,ok,,,,,,,,,,,,,
microsam_vit_l_em_organelles,mito,orgsegnet_plant,PlantHunter,te_01504,partial,,image/z600.tif,vit_l_em_organelles,10.539,0.744703,0.593248,0.736917,0.752654,0.744703,0.977348,0.987664,554278,197880,182153,15842905,736431,752158,12748810,0.057765,0.798817,0.569866,ok,,,,,,,,,,,,,
microsam_vit_l_em_organelles,mito,orgsegnet_plant,PlantHunter,te_01519,partial,,image/z608.tif,vit_l_em_organelles,9.913,0.687956,0.524339,0.718172,0.66018,0.687956,0.965064,0.983951,646112,253550,332578,15544976,978690,899662,8915595,0.109773,0.741105,0.387784,ok,,,,,,,,,,,,,
microsam_vit_l_em_organelles,mito,orgsegnet_plant,PlantHunter,te_01520,partial,,image/z608.tif,vit_l_em_organelles,9.903,0.728144,0.572505,0.7091,0.748238,0.728144,0.971764,0.983662,634414,260261,213463,15669078,847877,894675,9894105,0.085695,0.776641,0.395687,ok,,,,,,,,,,,,,
microsam_vit_l_em_organelles,mito,zenodo_mitoem2,ME2-Mossy,ME2-Mossy_00163,sparse,8.0,Dataset004_ME2-Mossy/me2-mossy_train01,vit_l_em_organelles,0.656,0.881857,0.78868,0.918289,0.848206,0.881857,0.99984,0.999947,10047,894,1798,16764477,11845,10941,33631,0.352205,0.722674,0.690925,ok,5,5,0.8,0.8,0.8,0.666667,0.8,0.8,0.8,0.666667,0.711243,0.889054,0.8
microsam_vit_l_em_organelles,mito,zenodo_mitoem2,ME2-Mossy,ME2-Mossy_00164,sparse,8.0,Dataset004_ME2-Mossy/me2-mossy_train01,vit_l_em_organelles,0.668,0.793324,0.657446,0.779505,0.807642,0.793324,0.999478,0.999716,16803,4753,4002,16751658,20805,21556,89500,0.232458,0.648342,0.71145,ok,10,7,0.6,0.857143,0.705882,0.545455,0.4,0.571429,0.470588,0.307692,0.571593,0.809757,0.705882
microsam_vit_l_em_organelles,mito,zenodo_mitoem2,ME2-Mossy,ME2-Mossy_00165,sparse,8.0,Dataset004_ME2-Mossy/me2-mossy_train01,vit_l_em_organelles,0.672,0.207818,0.115958,0.117188,0.916992,0.207818,0.99114,0.991234,19498,146884,1765,16609069,21263,166382,1332168,0.015961,0.138472,0.192644,ok,78,10,0.115385,0.9,0.204545,0.113924,0.102564,0.8,0.181818,0.1,0.17972,0.878631,0.204545
microsam_vit_l_em_organelles,mito,zenodo_mitoem2,ME2-Mossy,ME2-Mossy_00166,sparse,8.0,Dataset004_ME2-Mossy/me2-mossy_train01,vit_l_em_organelles,0.876,0.225137,0.126848,0.129962,0.841093,0.225137,0.992462,0.99266,18372,122992,3471,16632381,21843,141364,1004544,0.021744,0.140413,0.203082,ok,76,13,0.131579,0.769231,0.224719,0.126582,0.131579,0.769231,0.224719,0.126582,0.202507,0.901155,0.224719
microsam_vit_l_em_organelles,mito,zenodo_mitoem2,ME2-Mossy,ME2-Mossy_00167,sparse,8.0,Dataset004_ME2-Mossy/me2-mossy_train01,vit_l_em_organelles,0.687,0.510213,0.342473,0.352533,0.923087,0.510213,0.993743,0.993993,54680,100426,4556,16617554,59236,155106,884540,0.066968,0.463805,0.410653,ok,66,20,0.30303,1.0,0.465116,0.30303,0.287879,0.95,0.44186,0.283582,0.413131,0.888232,0.465116
microsam_vit_l_em_organelles,mito,zenodo_mitoem2,ME2-Mossy,ME2-Mossy_00168,sparse,8.0,Dataset004_ME2-Mossy/me2-mossy_train01,vit_l_em_organelles,0.658,0.578379,0.406845,0.431214,0.878036,0.578379,0.993906,0.99446,70127,92500,9741,16604848,79868,162627,862416,0.09261,0.555543,0.452378,ok,77,34,0.363636,0.823529,0.504505,0.337349,0.311688,0.705882,0.432432,0.275862,0.428551,0.849449,0.504505
microsam_vit_l_em_organelles,mito,zenodo_mitoem2,ME2-Mossy,ME2-Mossy_00169,sparse,8.0,Dataset004_ME2-Mossy/me2-mossy_train01,vit_l_em_organelles,0.67,0.690745,0.527586,0.540115,0.957882,0.690745,0.995537,0.995734,83625,71203,3677,16618711,87302,154828,605682,0.144138,0.638218,0.553476,ok,63,28,0.380952,0.857143,0.527473,0.358209,0.365079,0.821429,0.505495,0.338235,0.482252,0.914269,0.527473
microsam_vit_l_em_organelles,mito,zenodo_mitoem2,ME2-Mossy,ME2-Mossy_00170,sparse,8.0,Dataset004_ME2-Mossy/me2-mossy_train01,vit_l_em_organelles,0.666,0.715769,0.557353,0.577082,0.942205,0.715769,0.996132,0.996412,81709,59881,5012,16630614,86721,141590,676296,0.128229,0.676169,0.55934,ok,72,36,0.444444,0.888889,0.592593,0.421053,0.416667,0.833333,0.555556,0.384615,0.532486,0.89857,0.592593
microsam_vit_l_em_organelles,mito,zenodo_mitoem2,ME2-Mossy,ME2-Mossy_00171,sparse,8.0,Dataset004_ME2-Mossy/me2-mossy_train01,vit_l_em_organelles,0.681,0.713769,0.55493,0.584215,0.917154,0.713769,0.996394,0.996784,75435,53687,6814,16641280,82249,129122,660970,0.124437,0.704299,0.578881,ok,66,32,0.409091,0.84375,0.55102,0.380282,0.393939,0.8125,0.530612,0.361111,0.499082,0.905741,0.55102
microsam_vit_l_em_organelles,mito,zenodo_mitoem2,ME2-Mossy,ME2-Mossy_00172,sparse,8.0,Dataset004_ME2-Mossy/me2-mossy_train01,vit_l_em_organelles,0.656,0.826409,0.704172,0.727631,0.956219,0.826409,0.998573,0.998724,56983,21330,2609,16696294,59592,78313,273920,0.217553,0.738316,0.686677,ok,33,21,0.606061,0.952381,0.740741,0.588235,0.575758,0.904762,0.703704,0.542857,0.675461,0.911872,0.740741
microsam_vit_l_em_organelles,mito,zenodo_mitoem2,ME2-Mossy,ME2-Mossy_00173,sparse,8.0,Dataset004_ME2-Mossy/me2-mossy_train01,vit_l_em_organelles,0.652,0.750669,0.600857,0.617584,0.956867,0.750669,0.996763,0.996967,81749,50620,3685,16641162,85434,132369,458337,0.1864,0.720359,0.611837,ok,57,25,0.438596,1.0,0.609756,0.438596,0.421053,0.96,0.585366,0.413793,0.534969,0.877349,0.609756
microsam_vit_l_em_organelles,mito,zenodo_mitoem2,ME2-Mossy,ME2-Mossy_00174,sparse,8.0,Dataset004_ME2-Mossy/me2-mossy_train01,vit_l_em_organelles,0.664,0.723032,0.56621,0.606622,0.894728,0.723032,0.997978,0.998283,44281,28715,5210,16699010,49491,72996,326469,0.151595,0.732207,0.604744,ok,33,22,0.515152,0.772727,0.618182,0.447368,0.484848,0.727273,0.581818,0.410256,0.546784,0.884503,0.618182
microsam_vit_l_em_organelles,mito,zenodo_mitoem2,ME2-Mossy,ME2-Mossy_00175,sparse,8.0,Dataset004_ME2-Mossy/me2-mossy_train01,vit_l_em_organelles,0.665,0.705082,0.5445,0.560574,0.949973,0.705082,0.998167,0.998278,36763,28818,1936,16709699,38699,65581,234624,0.164941,0.705682,0.597313,ok,29,15,0.482759,0.933333,0.636364,0.466667,0.482759,0.933333,0.636364,0.466667,0.574662,0.90304,0.636364
microsam_vit_l_em_organelles,mito,zenodo_mitoem2,ME2-Mossy,ME2-Mossy_00176,sparse,8.0,Dataset004_ME2-Mossy/me2-mossy_train01,vit_l_em_organelles,0.65,0.778236,0.636978,0.657189,0.953943,0.778236,0.999167,0.999236,24523,12792,1184,16738717,25707,37315,134900,0.190563,0.644485,0.687673,ok,17,9,0.529412,1.0,0.692308,0.529412,0.529412,1.0,0.692308,0.529412,0.639682,0.923986,0.692308
microsam_vit_l_em_organelles,mito,zenodo_mitoem2,ME2-Mossy,ME2-Mossy_00177,sparse,8.0,Dataset004_ME2-Mossy/me2-mossy_train01,vit_l_em_organelles,0.675,0.556303,0.385332,0.42581,0.802116,0.556303,0.998969,0.999128,10839,14616,2674,16749087,13513,25455,97240,0.138965,0.250672,0.502466,ok,14,5,0.285714,0.8,0.421053,0.266667,0.214286,0.6,0.315789,0.1875,0.369631,0.877874,0.421053
microsam_vit_l_em_organelles,mito,zenodo_mitoem2,ME2-Mossy,ME2-Mossy_00178,sparse,8.0,Dataset004_ME2-Mossy/me2-mossy_train01,vit_l_em_organelles,0.682,0.920031,0.851905,0.873404,0.971916,0.920031,0.999845,0.999871,14916,2162,431,16759707,15347,17078,28392,0.54054,0.872223,0.745607,ok,8,6,0.75,1.0,0.857143,0.75,0.5,0.666667,0.571429,0.4,0.693342,0.808899,0.857143
microsam_vit_l_em_organelles,mito,zenodo_mitoem2,ME2-Mossy,ME2-Mossy_00179,sparse,8.0,Dataset004_ME2-Mossy/me2-mossy_train01,vit_l_em_organelles,0.647,0.88943,0.800877,0.983442,0.811824,0.88943,0.999819,0.999988,12235,206,2836,16761939,15071,12441,38480,0.391658,0.87377,0.677667,ok,5,7,0.6,0.428571,0.5,0.333333,0.4,0.285714,0.333333,0.2,0.396202,0.792403,0.5
microsam_vit_l_em_organelles,mito,zenodo_mitoem2,ME2-Mossy,ME2-Mossy_00180,sparse,8.0,Dataset004_ME2-Mossy/me2-mossy_train01,vit_l_em_organelles,0.631,0.0,0.0,nan,0.0,0.0,0.999964,1.0,0,0,605,16776611,605,0,9072,0.066689,0.0,0.0,ok,0,2,nan,0.0,0.0,0.0,nan,0.0,0.0,0.0,0.0,0.0,0.0
microsam_vit_l_em_organelles,mito,zenodo_mitoem2,ME2-Mossy,ME2-Mossy_00181,sparse,8.0,Dataset004_ME2-Mossy/me2-mossy_train02,vit_l_em_organelles,2.415,0.926468,0.863009,0.96123,0.894132,0.926468,0.999931,0.999982,7314,295,866,16768741,8180,7609,15616,0.523822,0.960289,0.549147,ok,3,3,1.0,1.0,1.0,1.0,0.666667,0.666667,0.666667,0.5,0.781418,0.781418,1.0
microsam_vit_l_em_organelles,mito,zenodo_mitoem2,ME2-Mossy,ME2-Mossy_00182,sparse,8.0,Dataset004_ME2-Mossy/me2-mossy_train02,vit_l_em_organelles,2.729,0.837993,0.721159,0.920121,0.769324,0.837993,0.999678,0.999928,13984,1214,4193,16757825,18177,15198,39184,0.463888,0.879381,0.571449,ok,6,4,0.5,0.75,0.6,0.428571,0.333333,0.5,0.4,0.25,0.461207,0.768678,0.6
microsam_vit_l_em_organelles,mito,zenodo_mitoem2,ME2-Mossy,ME2-Mossy_00183,sparse,8.0,Dataset004_ME2-Mossy/me2-mossy_train02,vit_l_em_organelles,2.562,0.519813,0.351181,0.362893,0.915832,0.519813,0.997825,0.997931,19749,34672,1815,16720980,21564,54421,266600,0.080885,0.447906,0.33516,ok,29,8,0.275862,1.0,0.432432,0.275862,0.206897,0.75,0.324324,0.193548,0.353514,0.817502,0.432432
microsam_vit_l_em_organelles,mito,zenodo_mitoem2,ME2-Mossy,ME2-Mossy_00184,sparse,8.0,Dataset004_ME2-Mossy/me2-mossy_train02,vit_l_em_organelles,2.401,0.591373,0.419823,0.458366,0.833126,0.591373,0.996575,0.997062,41583,49137,8329,16678167,49912,90720,412848,0.120897,0.657552,0.434994,ok,43,14,0.209302,0.642857,0.315789,0.1875,0.162791,0.5,0.245614,0.14,0.258751,0.819378,0.315789
microsam_vit_l_em_organelles,mito,zenodo_mitoem2,ME2-Mossy,ME2-Mossy_00185,sparse,8.0,Dataset004_ME2-Mossy/me2-mossy_train02,vit_l_em_organelles,2.652,0.796982,0.662485,0.705734,0.915329,0.796982,0.99898,0.999163,33588,14005,3107,16726516,36695,47593,221480,0.165681,0.791905,0.647381,ok,28,14,0.464286,0.928571,0.619048,0.448276,0.357143,0.714286,0.47619,0.3125,0.504018,0.814183,0.619048
microsam_vit_l_em_organelles,mito,zenodo_mitoem2,ME2-Mossy,ME2-Mossy_00186,sparse,8.0,Dataset004_ME2-Mossy/me2-mossy_train02,vit_l_em_organelles,2.42,0.564811,0.393545,0.425857,0.838364,0.564811,0.997495,0.997804,27277,36775,5259,16707905,32536,64052,271982,0.119626,0.450877,0.442193,ok,36,14,0.305556,0.785714,0.44,0.282051,0.222222,0.571429,0.32,0.190476,0.365733,0.831212,0.44
microsam_vit_l_em_organelles,mito,zenodo_mitoem2,ME2-Mossy,ME2-Mossy_00187,sparse,8.0,Dataset004_ME2-Mossy/me2-mossy_train02,vit_l_em_organelles,2.411,0.360491,0.219878,0.236243,0.760431,0.360491,0.995163,0.995584,22873,73947,7206,16673190,30079,96820,732320,0.041074,0.286762,0.280481,ok,67,17,0.223881,0.882353,0.357143,0.217391,0.164179,0.647059,0.261905,0.150685,0.287955,0.806273,0.357143
microsam_vit_l_em_organelles,mito,zenodo_mitoem2,ME2-Mossy,ME2-Mossy_00188,sparse,8.0,Dataset004_ME2-Mossy/me2-mossy_train02,vit_l_em_organelles,2.408,0.326403,0.195031,0.20473,0.804563,0.326403,0.991741,0.992208,33572,130410,8155,16605079,41727,163982,1045476,0.039912,0.260289,0.333148,ok,87,24,0.218391,0.791667,0.342342,0.206522,0.206897,0.75,0.324324,0.193548,0.292426,0.854192,0.342342
microsam_vit_l_em_organelles,mito,zenodo_mitoem2,ME2-Mossy,ME2-Mossy_00189,sparse,8.0,Dataset004_ME2-Mossy/me2-mossy_train02,vit_l_em_organelles,2.404,0.567672,0.396328,0.414904,0.898501,0.567672,0.995065,0.995414,54362,76661,6141,16640052,60503,131023,888572,0.06809,0.620986,0.576644,ok,74,29,0.337838,0.862069,0.485437,0.320513,0.22973,0.586207,0.330097,0.197674,0.389457,0.802281,0.485437
microsam_vit_l_em_organelles,mito,zenodo_mitoem2,ME2-Mossy,ME2-Mossy_00190,sparse,8.0,Dataset004_ME2-Mossy/me2-mossy_train02,vit_l_em_organelles,2.651,0.580757,0.409202,0.431768,0.886744,0.580757,0.994746,0.995191,61055,80352,7798,16628011,68853,141407,1140984,0.060345,0.630136,0.583109,ok,89,31,0.303371,0.870968,0.45,0.290323,0.235955,0.677419,0.35,0.212121,0.359978,0.799951,0.45
microsam_vit_l_em_organelles,mito,zenodo_mitoem2,ME2-Mossy,ME2-Mossy_00191,sparse,8.0,Dataset004_ME2-Mossy/me2-mossy_train02,vit_l_em_organelles,2.421,0.60463,0.433311,0.460647,0.879545,0.60463,0.993698,0.994327,80839,94651,11071,16590655,91910,175490,976320,0.094139,0.676506,0.614168,ok,102,41,0.362745,0.902439,0.517483,0.349057,0.264706,0.658537,0.377622,0.232759,0.415679,0.803272,0.517483
microsam_vit_l_em_organelles,mito,zenodo_mitoem2,ME2-Mossy,ME2-Mossy_00192,sparse,8.0,Dataset004_ME2-Mossy/me2-mossy_train02,vit_l_em_organelles,2.426,0.618245,0.447434,0.47604,0.8816,0.618245,0.993098,0.993809,93767,103206,12593,16567650,106360,196973,992680,0.107144,0.705669,0.632815,ok,113,48,0.362832,0.854167,0.509317,0.341667,0.265487,0.625,0.372671,0.229008,0.415158,0.815127,0.509317
microsam_vit_l_em_organelles,mito,zenodo_mitoem2,ME2-Mossy,ME2-Mossy_00193,sparse,8.0,Dataset004_ME2-Mossy/me2-mossy_train02,vit_l_em_organelles,2.408,0.671797,0.505794,0.539606,0.889772,0.671797,0.992906,0.993754,121816,103934,15091,16536375,136907,225750,1198770,0.114206,0.765634,0.658735,ok,119,65,0.403361,0.738462,0.521739,0.352941,0.310924,0.569231,0.402174,0.251701,0.428023,0.820377,0.521739
microsam_vit_l_em_organelles,mito,zenodo_mitoem2,ME2-Mossy,ME2-Mossy_00194,sparse,8.0,Dataset004_ME2-Mossy/me2-mossy_train02,vit_l_em_organelles,2.526,0.703101,0.54214,0.56105,0.941471,0.703101,0.99513,0.995461,96739,75686,6014,16598777,102753,172425,913230,0.112516,0.790421,0.686731,ok,96,39,0.34375,0.846154,0.488889,0.323529,0.28125,0.692308,0.4,0.25,0.404457,0.827299,0.488889
microsam_vit_l_em_organelles,mito,zenodo_mitoem2,ME2-Mossy,ME2-Mossy_00195,sparse,8.0,Dataset004_ME2-Mossy/me2-mossy_train02,vit_l_em_organelles,2.404,0.48059,0.316301,0.325139,0.92086,0.48059,0.993393,0.993635,51279,106435,4407,16615095,55686,157714,937687,0.059387,0.538543,0.507501,ok,87,27,0.241379,0.777778,0.368421,0.225806,0.172414,0.555556,0.263158,0.151515,0.297627,0.807844,0.368421
microsam_vit_l_em_organelles,mito,zenodo_mitoem2,ME2-Mossy,ME2-Mossy_00196,sparse,8.0,Dataset004_ME2-Mossy/me2-mossy_train02,vit_l_em_organelles,2.428,0.762196,0.615765,0.64039,0.941223,0.762196,0.998841,0.998955,31162,17499,1946,16726609,33108,48661,194208,0.170477,0.738112,0.670108,ok,30,20,0.666667,1.0,0.8,0.666667,0.633333,0.95,0.76,0.612903,0.693162,0.866452,0.8
microsam_vit_l_em_organelles,mito,zenodo_mitoem2,ME2-Mossy,ME2-Mossy_00197,sparse,8.0,Dataset004_ME2-Mossy/me2-mossy_train02,vit_l_em_organelles,2.439,0.265865,0.153313,0.157532,0.851289,0.265865,0.994816,0.994975,15748,84219,2751,16674498,18499,99967,743728,0.024873,0.266421,0.219572,ok,43,9,0.162791,0.777778,0.269231,0.155556,0.162791,0.777778,0.269231,0.155556,0.231942,0.8615,0.269231
microsam_vit_l_em_organelles,mito,zenodo_mitoem2,ME2-Mossy,ME2-Mossy_00198,sparse,8.0,Dataset004_ME2-Mossy/me2-mossy_train02,vit_l_em_organelles,3.118,0.675557,0.510069,0.514399,0.983765,0.675557,0.999726,0.999731,4787,4519,79,16767831,4866,9306,51936,0.093692,0.42735,0.65294,ok,6,2,0.333333,1.0,0.5,0.333333,0.166667,0.5,0.25,0.142857,0.392853,0.785706,0.5
microsam_vit_l_em_organelles,mito,zenodo_mitoem2,ME2-Mossy,ME2-Mossy_00199,sparse,8.0,Dataset004_ME2-Mossy/me2-mossy_train02,vit_l_em_organelles,2.439,0.969018,0.939899,0.995399,0.944,0.969018,0.999995,1.0,1298,6,77,16775835,1375,1304,1806,0.761351,1.0,1.0,ok,1,1,1.0,1.0,1.0,1.0,1.0,1.0,1.0,1.0,0.939899,0.939899,1.0
microsam_vit_l_em_organelles,mito,zenodo_mitoem2,ME2-Mossy,ME2-Mossy_00200,sparse,8.0,Dataset004_ME2-Mossy/me2-mossy_train03,vit_l_em_organelles,0.866,0.703526,0.542646,0.559021,0.948784,0.703526,0.999336,0.999378,13227,10434,714,16752841,13941,23661,79632,0.175068,0.739812,0.613134,ok,10,2,0.0,0.0,0.0,0.0,0.0,0.0,0.0,0.0,0.0,0.0,0.0
microsam_vit_l_em_organelles,mito,zenodo_mitoem2,ME2-Mossy,ME2-Mossy_00201,sparse,8.0,Dataset004_ME2-Mossy/me2-mossy_train03,vit_l_em_organelles,0.68,0.546329,0.375827,0.405388,0.837503,0.546329,0.997627,0.997901,23971,35160,4651,16713434,28622,59131,355113,0.0806,0.557453,0.388042,ok,31,6,0.096774,0.5,0.162162,0.088235,0.096774,0.5,0.162162,0.088235,0.136347,0.840805,0.162162
microsam_vit_l_em_organelles,mito,zenodo_mitoem2,ME2-Mossy,ME2-Mossy_00202,sparse,8.0,Dataset004_ME2-Mossy/me2-mossy_train03,vit_l_em_organelles,0.693,0.628247,0.457988,0.484301,0.893951,0.628247,0.99821,0.998387,25373,27018,3010,16721815,28383,52391,310717,0.091347,0.602393,0.531749,ok,30,11,0.3,0.818182,0.439024,0.28125,0.233333,0.636364,0.341463,0.205882,0.364242,0.829663,0.439024
microsam_vit_l_em_organelles,mito,zenodo_mitoem2,ME2-Mossy,ME2-Mossy_00203,sparse,8.0,Dataset004_ME2-Mossy/me2-mossy_train03,vit_l_em_organelles,0.686,0.779047,0.638065,0.710506,0.862225,0.779047,0.999285,0.999486,21134,8611,3377,16744094,24511,29745,138355,0.17716,0.779392,0.614736,ok,17,12,0.529412,0.75,0.62069,0.45,0.411765,0.583333,0.482759,0.318182,0.525453,0.846564,0.62069
microsam_vit_l_em_organelles,mito,zenodo_mitoem2,ME2-Mossy,ME2-Mossy_00204,sparse,8.0,Dataset004_ME2-Mossy/me2-mossy_train03,vit_l_em_organelles,0.673,0.411039,0.258684,0.27835,0.785473,0.411039,0.995358,0.995792,27175,70454,7422,16672165,34597,97629,517760,0.066821,0.324206,0.327983,ok,51,12,0.176471,0.75,0.285714,0.166667,0.117647,0.5,0.190476,0.105263,0.236793,0.828775,0.285714
microsam_vit_l_em_organelles,mito,zenodo_mitoem2,ME2-Mossy,ME2-Mossy_00205,sparse,8.0,Dataset004_ME2-Mossy/me2-mossy_train03,vit_l_em_organelles,0.681,0.465158,0.303066,0.319672,0.853673,0.465158,0.993607,0.994064,46643,99266,7995,16623312,54638,145909,922960,0.059199,0.480052,0.40642,ok,75,18,0.2,0.833333,0.322581,0.192308,0.173333,0.722222,0.27957,0.1625,0.283542,0.87898,0.322581
microsam_vit_l_em_organelles,mito,zenodo_mitoem2,ME2-Mossy,ME2-Mossy_00206,sparse,8.0,Dataset004_ME2-Mossy/me2-mossy_train03,vit_l_em_organelles,0.67,0.456539,0.295789,0.313618,0.838795,0.456539,0.992133,0.992739,55441,121338,10655,16589782,66096,176779,927243,0.071282,0.470626,0.443427,ok,90,25,0.222222,0.8,0.347826,0.210526,0.177778,0.64,0.278261,0.161616,0.288115,0.828329,0.347826
microsam_vit_l_em_organelles,mito,zenodo_mitoem2,ME2-Mossy,ME2-Mossy_00207,sparse,8.0,Dataset004_ME2-Mossy/me2-mossy_train03,vit_l_em_organelles,0.676,0.658176,0.490508,0.509538,0.929248,0.658176,0.99657,0.99681,55399,53325,4218,16664274,59617,108724,566304,0.105274,0.64482,0.522858,ok,63,24,0.31746,0.833333,0.45977,0.298507,0.31746,0.833333,0.45977,0.298507,0.408534,0.888562,0.45977
microsam_vit_l_em_organelles,mito,zenodo_mitoem2,ME2-Mossy,ME2-Mossy_00208,sparse,8.0,Dataset004_ME2-Mossy/me2-mossy_train03,vit_l_em_organelles,0.694,0.728292,0.572689,0.592195,0.945613,0.728292,0.998218,0.998352,40059,27586,2304,16707267,42363,67645,315372,0.134327,0.791448,0.597891,ok,41,22,0.414634,0.772727,0.539683,0.369565,0.365854,0.681818,0.47619,0.3125,0.465552,0.862641,0.539683
microsam_vit_l_em_organelles,mito,zenodo_mitoem2,ME2-Mossy,ME2-Mossy_00209,sparse,8.0,Dataset004_ME2-Mossy/me2-mossy_train03,vit_l_em_organelles,0.71,0.683228,0.518866,0.539883,0.93021,0.683228,0.996765,0.997016,58526,49879,4391,16664420,62917,108405,475800,0.132234,0.642925,0.544519,ok,61,25,0.360656,0.88,0.511628,0.34375,0.311475,0.76,0.44186,0.283582,0.443086,0.866032,0.511628
microsam_vit_l_em_organelles,mito,zenodo_mitoem2,ME2-Mossy,ME2-Mossy_00210,sparse,8.0,Dataset004_ME2-Mossy/me2-mossy_train03,vit_l_em_organelles,0.705,0.569783,0.398389,0.421747,0.87795,0.569783,0.993179,0.993775,75782,103904,10535,16586995,86317,179686,812844,0.106191,0.511029,0.447397,ok,101,36,0.29703,0.833333,0.437956,0.280374,0.277228,0.777778,0.408759,0.256881,0.384304,0.877495,0.437956
microsam_vit_l_em_organelles,mito,zenodo_mitoem2,ME2-Mossy,ME2-Mossy_00211,sparse,8.0,Dataset004_ME2-Mossy/me2-mossy_train03,vit_l_em_organelles,0.701,0.561178,0.390026,0.404592,0.915494,0.561178,0.994384,0.994695,60245,88658,5561,16622752,65806,148903,699344,0.094097,0.487349,0.480883,ok,68,27,0.338235,0.851852,0.484211,0.319444,0.294118,0.740741,0.421053,0.266667,0.421332,0.870142,0.484211
microsam_vit_l_em_organelles,mito,zenodo_mitoem2,ME2-Mossy,ME2-Mossy_00212,sparse,8.0,Dataset004_ME2-Mossy/me2-mossy_train03,vit_l_em_organelles,0.675,0.615983,0.445069,0.463527,0.917874,0.615983,0.995278,0.995599,63538,73537,5685,16634456,69223,137075,607590,0.11393,0.677371,0.490274,ok,72,30,0.361111,0.866667,0.509804,0.342105,0.305556,0.733333,0.431373,0.275,0.43883,0.860781,0.509804
microsam_vit_l_em_organelles,mito,zenodo_mitoem2,ME2-Mossy,ME2-Mossy_00213,sparse,8.0,Dataset004_ME2-Mossy/me2-mossy_train03,vit_l_em_organelles,0.674,0.514937,0.346744,0.361814,0.892765,0.514937,0.995023,0.995326,44324,78181,5324,16649387,49648,122505,631120,0.078666,0.506137,0.40279,ok,71,19,0.225352,0.842105,0.355556,0.216216,0.197183,0.736842,0.311111,0.184211,0.311352,0.875676,0.355556
microsam_vit_l_em_organelles,mito,zenodo_mitoem2,ME2-Mossy,ME2-Mossy_00214,sparse,8.0,Dataset004_ME2-Mossy/me2-mossy_train03,vit_l_em_organelles,0.714,0.343525,0.207383,0.212956,0.887942,0.343525,0.993307,0.993515,29382,108590,3708,16635536,33090,137972,647634,0.051094,0.305781,0.251153,ok,69,14,0.144928,0.714286,0.240964,0.136986,0.115942,0.571429,0.192771,0.106667,0.197098,0.817956,0.240964
microsam_vit_l_em_organelles,mito,zenodo_mitoem2,ME2-Mossy,ME2-Mossy_00215,sparse,8.0,Dataset004_ME2-Mossy/me2-mossy_train03,vit_l_em_organelles,0.79,0.320661,0.190944,0.196509,0.870852,0.320661,0.994552,0.994735,21571,88200,3199,16664246,24770,109771,581543,0.042594,0.388175,0.261073,ok,41,9,0.170732,0.777778,0.28,0.162791,0.121951,0.555556,0.2,0.111111,0.226276,0.808127,0.28
microsam_vit_l_em_organelles,mito,zenodo_mitoem2,ME2-Mossy,ME2-Mossy_00216,sparse,8.0,Dataset004_ME2-Mossy/me2-mossy_train03,vit_l_em_organelles,0.688,0.316195,0.187786,0.192004,0.89528,0.316195,0.997653,0.997715,9105,38316,1065,16728730,10170,47421,301693,0.03371,0.148406,0.208433,ok,27,5,0.148148,0.8,0.25,0.142857,0.148148,0.8,0.25,0.142857,0.216478,0.865913,0.25
microsam_vit_l_em_organelles,mito,zenodo_mitoem2,ME2-Mossy,ME2-Mossy_00217,sparse,8.0,Dataset004_ME2-Mossy/me2-mossy_train03,vit_l_em_organelles,0.664,0.921785,0.854918,0.993333,0.859852,0.921785,0.999989,1.0,1043,7,170,16775996,1213,1050,1620,0.748765,1.0,0.826581,ok,1,1,1.0,1.0,1.0,1.0,1.0,1.0,1.0,1.0,0.854918,0.854918,1.0
