model,organelle,dataset,dataset_label,crop_id,coverage,voxel_nm,source_image,model_type,infer_s,dice,iou,precision,recall,f1,accuracy,specificity,tp,fp,fn,tn,gt_area,pred_area,eval_area,gt_frac,cldice,boundary_f1,status
microsam_vit_l_em_organelles,er,empiar_10994_hela_sbfsem,EMPIAR-10994,160621_00000,sparse,15.19,160621_HeLa_Control/02_processed_dataset/160621_HeLa_R01_001.tif,vit_l_em_organelles,0.7,0.0,0.0,0.0,0.0,0.0,0.999301,0.999684,0,5295,6429,16765492,6429,5295,196168,0.032773,0.0,0.005942,ok
microsam_vit_l_em_organelles,er,empiar_10994_hela_sbfsem,EMPIAR-10994,160621_00001,sparse,15.19,160621_HeLa_Control/02_processed_dataset/160621_HeLa_R01_015.tif,vit_l_em_organelles,0.682,0.003619,0.001813,0.003109,0.004328,0.003619,0.99895,0.999388,32,10261,7361,16759562,7393,10293,269671,0.027415,0.0,0.024617,ok
microsam_vit_l_em_organelles,er,empiar_10994_hela_sbfsem,EMPIAR-10994,160621_00002,sparse,15.19,160621_HeLa_Control/02_processed_dataset/160621_HeLa_R01_029.tif,vit_l_em_organelles,0.702,0.000215,0.000107,0.000272,0.000177,0.000215,0.998889,0.999561,2,7363,11277,16758574,11279,7365,298309,0.03781,0.0,0.009782,ok
microsam_vit_l_em_organelles,er,empiar_10994_hela_sbfsem,EMPIAR-10994,160621_00003,sparse,15.19,160621_HeLa_Control/02_processed_dataset/160621_HeLa_R01_043.tif,vit_l_em_organelles,0.692,0.006861,0.003442,0.007268,0.006497,0.006861,0.998516,0.999299,86,11746,13151,16752233,13237,11832,443916,0.029819,0.0,0.029802,ok
microsam_vit_l_em_organelles,er,empiar_10994_hela_sbfsem,EMPIAR-10994,160621_00004,sparse,15.19,160621_HeLa_Control/02_processed_dataset/160621_HeLa_R01_057.tif,vit_l_em_organelles,0.71,0.003346,0.001676,0.002974,0.003823,0.003346,0.998047,0.9989,55,18439,14330,16744392,14385,18494,513380,0.02802,0.0,0.012723,ok
microsam_vit_l_em_organelles,er,empiar_10994_hela_sbfsem,EMPIAR-10994,160621_00005,sparse,15.19,160621_HeLa_Control/02_processed_dataset/160621_HeLa_R01_071.tif,vit_l_em_organelles,0.705,0.003313,0.001659,0.00302,0.003669,0.003313,0.997884,0.998838,59,19480,16020,16741657,16079,19539,647348,0.024838,0.0,0.021404,ok
microsam_vit_l_em_organelles,er,empiar_10994_hela_sbfsem,EMPIAR-10994,160621_00006,sparse,15.19,160621_HeLa_Control/02_processed_dataset/160621_HeLa_R01_085.tif,vit_l_em_organelles,0.696,0.000822,0.000411,0.001032,0.000683,0.000822,0.99826,0.999307,12,11619,17565,16748020,17577,11631,718998,0.024447,0.0,0.009121,ok
microsam_vit_l_em_organelles,er,empiar_10994_hela_sbfsem,EMPIAR-10994,160621_00007,sparse,15.19,160621_HeLa_Control/02_processed_dataset/160621_HeLa_R01_099.tif,vit_l_em_organelles,0.706,0.000801,0.000401,0.000985,0.000675,0.000801,0.998365,0.999335,11,11153,16284,16749768,16295,11164,815304,0.019986,0.0,0.011844,ok
microsam_vit_l_em_organelles,er,empiar_10994_hela_sbfsem,EMPIAR-10994,160621_00008,sparse,15.19,160621_HeLa_Control/02_processed_dataset/160621_HeLa_R01_113.tif,vit_l_em_organelles,0.713,0.001633,0.000817,0.001315,0.002154,0.001633,0.997814,0.998641,30,22777,13897,16740512,13927,22807,917590,0.015178,0.0,0.018912,ok
microsam_vit_l_em_organelles,er,empiar_10994_hela_sbfsem,EMPIAR-10994,160621_00009,sparse,15.19,160621_HeLa_Control/02_processed_dataset/160621_HeLa_R01_127.tif,vit_l_em_organelles,0.701,0.002154,0.001078,0.001634,0.003159,0.002154,0.997736,0.998506,41,25052,12939,16739184,12980,25093,946275,0.013717,0.005234,0.023034,ok
microsam_vit_l_em_organelles,er,empiar_10994_hela_sbfsem,EMPIAR-10994,160621_00010,sparse,15.19,160621_HeLa_Control/02_processed_dataset/160621_HeLa_R01_141.tif,vit_l_em_organelles,0.701,0.003066,0.001535,0.002542,0.00386,0.003066,0.99717,0.998291,73,28641,18837,16729665,18910,28714,940905,0.020098,0.0,0.024217,ok
microsam_vit_l_em_organelles,er,empiar_10994_hela_sbfsem,EMPIAR-10994,160621_00011,sparse,15.19,160621_HeLa_Control/02_processed_dataset/160621_HeLa_R01_155.tif,vit_l_em_organelles,0.703,0.001228,0.000614,0.000875,0.002061,0.001228,0.996413,0.997478,37,42267,17917,16716995,17954,42304,1015740,0.017676,0.0,0.019037,ok
microsam_vit_l_em_organelles,er,empiar_10994_hela_sbfsem,EMPIAR-10994,160621_00012,sparse,15.19,160621_HeLa_Control/02_processed_dataset/160621_HeLa_R01_169.tif,vit_l_em_organelles,0.702,0.0006,0.0003,0.000459,0.000863,0.0006,0.997417,0.998312,13,28292,15048,16733863,15061,28305,986112,0.015273,0.0,0.007958,ok
microsam_vit_l_em_organelles,er,empiar_10994_hela_sbfsem,EMPIAR-10994,160621_00013,sparse,15.19,160621_HeLa_Control/02_processed_dataset/160621_HeLa_R01_183.tif,vit_l_em_organelles,0.729,0.000801,0.000401,0.000584,0.001276,0.000801,0.996581,0.997651,23,39365,18003,16719825,18026,39388,1051632,0.017141,0.0,0.030796,ok
microsam_vit_l_em_organelles,er,empiar_10994_hela_sbfsem,EMPIAR-10994,160621_00014,sparse,15.19,160621_HeLa_Control/02_processed_dataset/160621_HeLa_R01_197.tif,vit_l_em_organelles,0.721,0.0,0.0,0.0,0.0,0.0,0.997214,0.998534,0,24562,22179,16730475,22179,24562,1102000,0.020126,0.0,0.004767,ok
microsam_vit_l_em_organelles,er,empiar_10994_hela_sbfsem,EMPIAR-10994,160621_00015,sparse,15.19,160621_HeLa_Control/02_processed_dataset/160621_HeLa_R01_211.tif,vit_l_em_organelles,0.693,0.000424,0.000212,0.000422,0.000425,0.000424,0.997188,0.998587,10,23671,23507,16730028,23517,23681,1150240,0.020445,0.0,0.01246,ok
microsam_vit_l_em_organelles,er,empiar_10994_hela_sbfsem,EMPIAR-10994,160621_00016,sparse,15.19,160621_HeLa_Control/02_processed_dataset/160621_HeLa_R01_225.tif,vit_l_em_organelles,0.713,0.004668,0.002339,0.005958,0.003837,0.004668,0.998017,0.999223,78,13013,20250,16743875,20328,13091,1240512,0.016387,0.0,0.017775,ok
microsam_vit_l_em_organelles,er,empiar_10994_hela_sbfsem,EMPIAR-10994,160621_00017,sparse,15.19,160621_HeLa_Control/02_processed_dataset/160621_HeLa_R01_239.tif,vit_l_em_organelles,1.117,0.000272,0.000136,0.000416,0.000202,0.000272,0.996489,0.998852,8,19211,39689,16718308,39697,19219,1260004,0.031505,0.0,0.012896,ok
microsam_vit_l_em_organelles,er,empiar_10994_hela_sbfsem,EMPIAR-10994,160621_00018,sparse,15.19,160621_HeLa_Control/02_processed_dataset/160621_HeLa_R01_253.tif,vit_l_em_organelles,0.744,0.002825,0.001414,0.002604,0.003086,0.002825,0.995876,0.997759,98,37533,31660,16707925,31758,37631,1258763,0.02523,0.0,0.021012,ok
microsam_vit_l_em_organelles,er,empiar_10994_hela_sbfsem,EMPIAR-10994,160621_00019,sparse,15.19,160621_HeLa_Control/02_processed_dataset/160621_HeLa_R01_267.tif,vit_l_em_organelles,0.707,0.000991,0.000496,0.00093,0.00106,0.000991,0.995072,0.997369,41,44036,38635,16694504,38676,44077,1296026,0.029842,0.0,0.026273,ok
microsam_vit_l_em_organelles,er,empiar_10994_hela_sbfsem,EMPIAR-10994,160621_00020,sparse,15.19,160621_HeLa_Control/02_processed_dataset/160621_HeLa_R01_281.tif,vit_l_em_organelles,0.708,0.007487,0.003757,0.007645,0.007335,0.007487,0.995275,0.997681,299,38814,40463,16697640,40762,39113,1288808,0.031628,0.005003,0.034759,ok
microsam_vit_l_em_organelles,er,empiar_10994_hela_sbfsem,EMPIAR-10994,160621_00021,sparse,15.19,160621_HeLa_Control/02_processed_dataset/160621_HeLa_R01_295.tif,vit_l_em_organelles,0.713,0.00094,0.00047,0.000981,0.000902,0.00094,0.99569,0.997931,34,34640,37665,16704877,37699,34674,1255490,0.030027,0.0,0.017971,ok
microsam_vit_l_em_organelles,er,empiar_10994_hela_sbfsem,EMPIAR-10994,160621_00022,sparse,15.19,160621_HeLa_Control/02_processed_dataset/160621_HeLa_R01_309.tif,vit_l_em_organelles,0.723,0.001358,0.00068,0.001333,0.001384,0.001358,0.995618,0.997763,50,37458,36066,16703642,36116,37508,1246416,0.028976,0.0,0.043181,ok
microsam_vit_l_em_organelles,er,empiar_10994_hela_sbfsem,EMPIAR-10994,160621_00023,sparse,15.19,160621_HeLa_Control/02_processed_dataset/160621_HeLa_R01_323.tif,vit_l_em_organelles,0.76,0.018958,0.00957,0.01871,0.019213,0.018958,0.99554,0.997735,723,37919,36908,16701666,37631,38642,1227088,0.030667,0.008766,0.061866,ok
microsam_vit_l_em_organelles,er,empiar_10994_hela_sbfsem,EMPIAR-10994,160621_00024,sparse,15.19,160621_HeLa_Control/02_processed_dataset/160621_HeLa_R01_337.tif,vit_l_em_organelles,0.715,0.004476,0.002243,0.006984,0.003294,0.004476,0.996421,0.998853,135,19196,40849,16717036,40984,19331,1227945,0.033376,0.0,0.036069,ok
microsam_vit_l_em_organelles,er,empiar_10994_hela_sbfsem,EMPIAR-10994,160621_00025,sparse,15.19,160621_HeLa_Control/02_processed_dataset/160621_HeLa_R01_351.tif,vit_l_em_organelles,0.707,0.003971,0.00199,0.007807,0.002663,0.003971,0.996711,0.999165,110,13980,41197,16721929,41307,14090,1163760,0.035494,0.0,0.021706,ok
microsam_vit_l_em_organelles,er,empiar_10994_hela_sbfsem,EMPIAR-10994,160621_00026,sparse,15.19,160621_HeLa_Control/02_processed_dataset/160621_HeLa_R01_365.tif,vit_l_em_organelles,0.703,7e-05,3.5e-05,9.5e-05,5.5e-05,7e-05,0.996578,0.998745,2,21005,36411,16719798,36413,21007,1103157,0.033008,0.0,0.008786,ok
microsam_vit_l_em_organelles,er,empiar_10994_hela_sbfsem,EMPIAR-10994,160621_00027,sparse,15.19,160621_HeLa_Control/02_processed_dataset/160621_HeLa_R01_379.tif,vit_l_em_organelles,0.704,0.000255,0.000128,0.000404,0.000186,0.000255,0.996262,0.998817,8,19796,42918,16714494,42926,19804,1101539,0.038969,0.0,0.011983,ok
microsam_vit_l_em_organelles,er,empiar_10994_hela_sbfsem,EMPIAR-10994,160621_00028,sparse,15.19,160621_HeLa_Control/02_processed_dataset/160621_HeLa_R01_393.tif,vit_l_em_organelles,0.734,0.0,0.0,0.0,0.0,0.0,0.996122,0.998663,0,22373,42686,16712157,42686,22373,994068,0.042941,0.0,0.004578,ok
microsam_vit_l_em_organelles,er,empiar_10994_hela_sbfsem,EMPIAR-10994,160621_00029,sparse,15.19,160621_HeLa_Control/02_processed_dataset/160621_HeLa_R01_407.tif,vit_l_em_organelles,0.717,0.00135,0.000675,0.002397,0.000939,0.00135,0.995943,0.998856,46,19141,48929,16709100,48975,19187,1005984,0.048684,0.000856,0.010594,ok
microsam_vit_l_em_organelles,er,empiar_10994_hela_sbfsem,EMPIAR-10994,160621_00030,sparse,15.19,160621_HeLa_Control/02_processed_dataset/160621_HeLa_R01_421.tif,vit_l_em_organelles,0.721,0.000917,0.000459,0.001272,0.000717,0.000917,0.996365,0.998687,28,21977,39004,16716207,39032,22005,956483,0.040808,0.0,0.011871,ok
microsam_vit_l_em_organelles,er,empiar_10994_hela_sbfsem,EMPIAR-10994,160621_00031,sparse,15.19,160621_HeLa_Control/02_processed_dataset/160621_HeLa_R01_435.tif,vit_l_em_organelles,0.699,0.001941,0.000971,0.002611,0.001544,0.001941,0.996505,0.9987,57,21770,36863,16718526,36920,21827,855369,0.043163,0.0,0.003504,ok
microsam_vit_l_em_organelles,er,empiar_10994_hela_sbfsem,EMPIAR-10994,160621_00032,sparse,15.19,160621_HeLa_Control/02_processed_dataset/160621_HeLa_R01_449.tif,vit_l_em_organelles,0.713,0.00236,0.001182,0.00247,0.002261,0.00236,0.996876,0.998505,62,25043,27365,16724746,27427,25105,781834,0.03508,0.0,0.022975,ok
microsam_vit_l_em_organelles,er,empiar_10994_hela_sbfsem,EMPIAR-10994,160621_00033,sparse,15.19,160621_HeLa_Control/02_processed_dataset/160621_HeLa_R01_463.tif,vit_l_em_organelles,0.692,0.000717,0.000359,0.001215,0.000508,0.000717,0.997674,0.999313,14,11504,27524,16738174,27538,11518,662515,0.041566,0.0,0.007703,ok
microsam_vit_l_em_organelles,er,empiar_10994_hela_sbfsem,EMPIAR-10994,160621_00034,sparse,15.19,160621_HeLa_Control/02_processed_dataset/160621_HeLa_R01_477.tif,vit_l_em_organelles,0.709,0.005715,0.002866,0.006461,0.005124,0.005715,0.997263,0.998788,132,20297,25630,16731157,25762,20429,575757,0.044745,0.0,0.017214,ok
microsam_vit_l_em_organelles,er,empiar_10994_hela_sbfsem,EMPIAR-10994,160621_00035,sparse,15.19,160621_HeLa_Control/02_processed_dataset/160621_HeLa_R01_491.tif,vit_l_em_organelles,0.7,0.003393,0.0017,0.005165,0.002527,0.003393,0.998004,0.999345,57,10979,22501,16743679,22558,11036,488308,0.046196,0.0,0.01533,ok
microsam_vit_l_em_organelles,er,empiar_10994_hela_sbfsem,EMPIAR-10994,160621_00036,sparse,15.19,160621_HeLa_Control/02_processed_dataset/160621_HeLa_R01_505.tif,vit_l_em_organelles,0.71,0.002862,0.001433,0.004839,0.002031,0.002862,0.998338,0.999509,40,8226,19651,16749299,19691,8266,359732,0.054738,0.0,0.011913,ok
microsam_vit_l_em_organelles,er,empiar_10994_hela_sbfsem,EMPIAR-10994,160621_00037,sparse,15.19,160621_HeLa_Control/02_processed_dataset/160621_HeLa_R01_519.tif,vit_l_em_organelles,0.707,0.000957,0.000479,0.001632,0.000677,0.000957,0.998755,0.999635,10,6118,14770,16756318,14780,6128,225348,0.065587,0.0,0.010798,ok
microsam_vit_l_em_organelles,er,empiar_10994_hela_sbfsem,EMPIAR-10994,160621_00038,sparse,15.19,160621_HeLa_Control/02_processed_dataset/160621_HeLa_R01_533.tif,vit_l_em_organelles,0.72,0.0,0.0,nan,0.0,0.0,0.999277,1.0,0,0,12122,16765094,12122,0,126338,0.095949,0.0,0.0,ok
microsam_vit_l_em_organelles,er,empiar_10994_hela_sbfsem,EMPIAR-10994,160621_00039,sparse,15.19,160621_HeLa_Control/02_processed_dataset/160621_HeLa_R01_547.tif,vit_l_em_organelles,0.688,0.0,0.0,nan,0.0,0.0,0.99969,1.0,0,0,5202,16772014,5202,0,68672,0.075751,0.0,0.0,ok
microsam_vit_l_em_organelles,er,empiar_10994_hela_sbfsem,EMPIAR-10994,161107_00040,sparse,14.82,161107_HeLa_REEP3-4_KD_LBR/02_processed_dataset/161107_HeLa_REEP3-4_KD_LBR_001.tif,vit_l_em_organelles,2.392,7.9e-05,4e-05,7.4e-05,8.6e-05,7.9e-05,0.996997,0.998387,2,27016,23372,16726826,23374,27018,459433,0.050876,0.0,0.011074,ok
microsam_vit_l_em_organelles,er,empiar_10994_hela_sbfsem,EMPIAR-10994,161107_00041,sparse,14.82,161107_HeLa_REEP3-4_KD_LBR/02_processed_dataset/161107_HeLa_REEP3-4_KD_LBR_015.tif,vit_l_em_organelles,2.761,0.006359,0.00319,0.006616,0.006122,0.006359,0.997132,0.99862,154,23122,25003,16728937,25157,23276,618240,0.040691,0.007126,0.021996,ok
microsam_vit_l_em_organelles,er,empiar_10994_hela_sbfsem,EMPIAR-10994,161107_00042,sparse,14.82,161107_HeLa_REEP3-4_KD_LBR/02_processed_dataset/161107_HeLa_REEP3-4_KD_LBR_029.tif,vit_l_em_organelles,2.706,0.002127,0.001065,0.002494,0.001855,0.002127,0.99575,0.998184,76,30395,40905,16705840,40981,30471,778960,0.05261,0.0,0.011246,ok
microsam_vit_l_em_organelles,er,empiar_10994_hela_sbfsem,EMPIAR-10994,161107_00043,sparse,14.82,161107_HeLa_REEP3-4_KD_LBR/02_processed_dataset/161107_HeLa_REEP3-4_KD_LBR_043.tif,vit_l_em_organelles,2.59,0.0,0.0,0.0,0.0,0.0,0.994962,0.99781,0,36634,47894,16692688,47894,36634,891111,0.053746,0.0,0.000368,ok
microsam_vit_l_em_organelles,er,empiar_10994_hela_sbfsem,EMPIAR-10994,161107_00044,sparse,14.82,161107_HeLa_REEP3-4_KD_LBR/02_processed_dataset/161107_HeLa_REEP3-4_KD_LBR_057.tif,vit_l_em_organelles,2.382,0.000172,8.6e-05,0.000281,0.000124,0.000172,0.994472,0.998298,8,28444,64303,16684461,64311,28452,961136,0.066911,0.000408,0.005547,ok
microsam_vit_l_em_organelles,er,empiar_10994_hela_sbfsem,EMPIAR-10994,161107_00045,sparse,14.82,161107_HeLa_REEP3-4_KD_LBR/02_processed_dataset/161107_HeLa_REEP3-4_KD_LBR_071.tif,vit_l_em_organelles,2.36,0.000353,0.000176,0.000688,0.000237,0.000353,0.994254,0.998521,17,24706,71693,16680800,71710,24723,951966,0.075328,0.0,0.009818,ok
microsam_vit_l_em_organelles,er,empiar_10994_hela_sbfsem,EMPIAR-10994,161107_00046,sparse,14.82,161107_HeLa_REEP3-4_KD_LBR/02_processed_dataset/161107_HeLa_REEP3-4_KD_LBR_085.tif,vit_l_em_organelles,2.581,0.000842,0.000421,0.001747,0.000555,0.000842,0.995334,0.998872,33,18859,59427,16698897,59460,18892,897795,0.066229,0.0,0.008135,ok
microsam_vit_l_em_organelles,er,empiar_10994_hela_sbfsem,EMPIAR-10994,161107_00047,sparse,14.82,161107_HeLa_REEP3-4_KD_LBR/02_processed_dataset/161107_HeLa_REEP3-4_KD_LBR_099.tif,vit_l_em_organelles,2.351,0.009451,0.004748,0.019257,0.006263,0.009451,0.992704,0.998217,584,29743,92668,16654221,93252,30327,1001616,0.093102,0.012807,0.030109,ok
microsam_vit_l_em_organelles,er,empiar_10994_hela_sbfsem,EMPIAR-10994,161107_00048,sparse,14.82,161107_HeLa_REEP3-4_KD_LBR/02_processed_dataset/161107_HeLa_REEP3-4_KD_LBR_113.tif,vit_l_em_organelles,2.363,0.008665,0.004352,0.015884,0.005958,0.008665,0.991831,0.997775,599,37113,99941,16639563,100540,37712,1121196,0.089672,0.002525,0.027126,ok
microsam_vit_l_em_organelles,er,empiar_10994_hela_sbfsem,EMPIAR-10994,161107_00049,sparse,14.82,161107_HeLa_REEP3-4_KD_LBR/02_processed_dataset/161107_HeLa_REEP3-4_KD_LBR_127.tif,vit_l_em_organelles,2.365,0.011837,0.005954,0.015091,0.009737,0.011837,0.992178,0.996928,786,51299,79935,16645196,80721,52085,1284552,0.06284,0.004991,0.042391,ok
microsam_vit_l_em_organelles,er,empiar_10994_hela_sbfsem,EMPIAR-10994,161107_00050,sparse,14.82,161107_HeLa_REEP3-4_KD_LBR/02_processed_dataset/161107_HeLa_REEP3-4_KD_LBR_141.tif,vit_l_em_organelles,2.358,0.005061,0.002537,0.009013,0.003518,0.005061,0.991211,0.997527,375,41231,106221,16629389,106596,41606,1336068,0.079783,0.00397,0.020339,ok
microsam_vit_l_em_organelles,er,empiar_10994_hela_sbfsem,EMPIAR-10994,161107_00051,sparse,14.82,161107_HeLa_REEP3-4_KD_LBR/02_processed_dataset/161107_HeLa_REEP3-4_KD_LBR_155.tif,vit_l_em_organelles,2.52,0.004133,0.002071,0.008481,0.002732,0.004133,0.989917,0.997535,351,41036,128128,16607701,128479,41387,1343216,0.09565,0.0,0.019682,ok
microsam_vit_l_em_organelles,er,empiar_10994_hela_sbfsem,EMPIAR-10994,161107_00052,sparse,14.82,161107_HeLa_REEP3-4_KD_LBR/02_processed_dataset/161107_HeLa_REEP3-4_KD_LBR_169.tif,vit_l_em_organelles,2.722,0.002599,0.001301,0.00668,0.001613,0.002599,0.98934,0.997917,233,34646,144201,16598136,144434,34879,1260284,0.114604,0.003289,0.01799,ok
microsam_vit_l_em_organelles,er,empiar_10994_hela_sbfsem,EMPIAR-10994,161107_00053,sparse,14.82,161107_HeLa_REEP3-4_KD_LBR/02_processed_dataset/161107_HeLa_REEP3-4_KD_LBR_183.tif,vit_l_em_organelles,2.367,0.003997,0.002002,0.006672,0.002853,0.003997,0.98785,0.996339,409,60894,142948,16572965,143357,61303,1649640,0.086902,0.0,0.012081,ok
microsam_vit_l_em_organelles,er,empiar_10994_hela_sbfsem,EMPIAR-10994,161107_00054,sparse,14.82,161107_HeLa_REEP3-4_KD_LBR/02_processed_dataset/161107_HeLa_REEP3-4_KD_LBR_197.tif,vit_l_em_organelles,2.415,0.000231,0.000115,0.000707,0.000138,0.000231,0.987604,0.997958,24,33901,174067,16569224,174091,33925,1635685,0.106433,0.0,0.006992,ok
microsam_vit_l_em_organelles,er,empiar_10994_hela_sbfsem,EMPIAR-10994,161107_00055,sparse,14.82,161107_HeLa_REEP3-4_KD_LBR/02_processed_dataset/161107_HeLa_REEP3-4_KD_LBR_211.tif,vit_l_em_organelles,2.366,0.00245,0.001227,0.007876,0.001451,0.00245,0.989711,0.998394,212,26705,145909,16604390,146121,26917,1667608,0.087623,0.0,0.011182,ok
microsam_vit_l_em_organelles,er,empiar_10994_hela_sbfsem,EMPIAR-10994,161107_00056,sparse,14.82,161107_HeLa_REEP3-4_KD_LBR/02_processed_dataset/161107_HeLa_REEP3-4_KD_LBR_225.tif,vit_l_em_organelles,2.466,0.000533,0.000266,0.002012,0.000307,0.000533,0.98949,0.998598,47,23308,153023,16600838,153070,23355,1612450,0.09493,0.0,0.00952,ok
microsam_vit_l_em_organelles,er,empiar_10994_hela_sbfsem,EMPIAR-10994,161107_00057,sparse,14.82,161107_HeLa_REEP3-4_KD_LBR/02_processed_dataset/161107_HeLa_REEP3-4_KD_LBR_239.tif,vit_l_em_organelles,2.378,0.002032,0.001017,0.006094,0.001219,0.002032,0.990048,0.998334,170,27726,139249,16610071,139419,27896,1575144,0.088512,0.0,0.015249,ok
microsam_vit_l_em_organelles,er,empiar_10994_hela_sbfsem,EMPIAR-10994,161107_00058,sparse,14.82,161107_HeLa_REEP3-4_KD_LBR/02_processed_dataset/161107_HeLa_REEP3-4_KD_LBR_253.tif,vit_l_em_organelles,2.368,0.000316,0.000158,0.00089,0.000192,0.000316,0.989435,0.998109,28,31445,145798,16599945,145826,31473,1529190,0.095362,0.0,0.009028,ok
microsam_vit_l_em_organelles,er,empiar_10994_hela_sbfsem,EMPIAR-10994,161107_00059,sparse,14.82,161107_HeLa_REEP3-4_KD_LBR/02_processed_dataset/161107_HeLa_REEP3-4_KD_LBR_267.tif,vit_l_em_organelles,2.338,0.000766,0.000383,0.002,0.000473,0.000766,0.990044,0.998081,64,31935,135107,16610110,135171,31999,1467352,0.092119,0.0,0.014358,ok
microsam_vit_l_em_organelles,er,empiar_10994_hela_sbfsem,EMPIAR-10994,161107_00060,sparse,14.82,161107_HeLa_REEP3-4_KD_LBR/02_processed_dataset/161107_HeLa_REEP3-4_KD_LBR_281.tif,vit_l_em_organelles,2.348,0.003758,0.001883,0.007722,0.002483,0.003758,0.989824,0.997514,322,41378,129343,16606173,129665,41700,1486760,0.087213,0.005415,0.018229,ok
microsam_vit_l_em_organelles,er,empiar_10994_hela_sbfsem,EMPIAR-10994,161107_00061,sparse,14.82,161107_HeLa_REEP3-4_KD_LBR/02_processed_dataset/161107_HeLa_REEP3-4_KD_LBR_295.tif,vit_l_em_organelles,2.354,0.005967,0.002992,0.010869,0.004112,0.005967,0.990249,0.997318,491,44682,118908,16613135,119399,45173,1512783,0.078927,0.008016,0.019379,ok
microsam_vit_l_em_organelles,er,empiar_10994_hela_sbfsem,EMPIAR-10994,161107_00062,sparse,14.82,161107_HeLa_REEP3-4_KD_LBR/02_processed_dataset/161107_HeLa_REEP3-4_KD_LBR_309.tif,vit_l_em_organelles,3.01,0.000874,0.000437,0.001709,0.000587,0.000874,0.991008,0.997687,66,38552,112313,16626285,112379,38618,1397968,0.080387,0.0,0.009871,ok
microsam_vit_l_em_organelles,er,empiar_10994_hela_sbfsem,EMPIAR-10994,161107_00063,sparse,14.82,161107_HeLa_REEP3-4_KD_LBR/02_processed_dataset/161107_HeLa_REEP3-4_KD_LBR_323.tif,vit_l_em_organelles,2.609,0.002127,0.001064,0.003881,0.001465,0.002127,0.991386,0.997629,154,39522,104999,16632541,105153,39676,1324230,0.079407,0.0,0.013151,ok
microsam_vit_l_em_organelles,er,empiar_10994_hela_sbfsem,EMPIAR-10994,161107_00064,sparse,14.82,161107_HeLa_REEP3-4_KD_LBR/02_processed_dataset/161107_HeLa_REEP3-4_KD_LBR_337.tif,vit_l_em_organelles,2.601,0.001181,0.000591,0.002124,0.000818,0.001181,0.992341,0.99786,76,35698,92806,16648636,92882,35774,1256065,0.073947,0.0,0.01491,ok
microsam_vit_l_em_organelles,er,empiar_10994_hela_sbfsem,EMPIAR-10994,161107_00065,sparse,14.82,161107_HeLa_REEP3-4_KD_LBR/02_processed_dataset/161107_HeLa_REEP3-4_KD_LBR_351.tif,vit_l_em_organelles,2.34,0.000913,0.000457,0.001519,0.000653,0.000913,0.992957,0.997873,54,35503,82652,16659007,82706,35557,1258213,0.065733,0.001743,0.008934,ok
microsam_vit_l_em_organelles,er,empiar_10994_hela_sbfsem,EMPIAR-10994,161107_00066,sparse,14.82,161107_HeLa_REEP3-4_KD_LBR/02_processed_dataset/161107_HeLa_REEP3-4_KD_LBR_365.tif,vit_l_em_organelles,2.365,0.001145,0.000573,0.001504,0.000924,0.001145,0.992093,0.996979,76,50442,82211,16644487,82287,50518,1360800,0.06047,0.0,0.02547,ok
microsam_vit_l_em_organelles,er,empiar_10994_hela_sbfsem,EMPIAR-10994,161107_00067,sparse,14.82,161107_HeLa_REEP3-4_KD_LBR/02_processed_dataset/161107_HeLa_REEP3-4_KD_LBR_379.tif,vit_l_em_organelles,2.524,0.000691,0.000346,0.001136,0.000496,0.000691,0.993448,0.998,38,33404,76520,16667254,76558,33442,1265940,0.060475,0.0,0.019574,ok
microsam_vit_l_em_organelles,er,empiar_10994_hela_sbfsem,EMPIAR-10994,161107_00068,sparse,14.82,161107_HeLa_REEP3-4_KD_LBR/02_processed_dataset/161107_HeLa_REEP3-4_KD_LBR_393.tif,vit_l_em_organelles,2.364,0.000339,0.000169,0.000577,0.00024,0.000339,0.993669,0.998134,18,31166,75057,16670975,75075,31184,996968,0.075303,0.0,0.019596,ok
microsam_vit_l_em_organelles,er,empiar_10994_hela_sbfsem,EMPIAR-10994,161107_00069,sparse,14.82,161107_HeLa_REEP3-4_KD_LBR/02_processed_dataset/161107_HeLa_REEP3-4_KD_LBR_407.tif,vit_l_em_organelles,2.346,0.001688,0.000845,0.003006,0.001174,0.001688,0.993937,0.998292,86,28527,73189,16675414,73275,28613,1014324,0.07224,0.002537,0.02062,ok
microsam_vit_l_em_organelles,er,empiar_10994_hela_sbfsem,EMPIAR-10994,161107_00070,sparse,14.82,161107_HeLa_REEP3-4_KD_LBR/02_processed_dataset/161107_HeLa_REEP3-4_KD_LBR_421.tif,vit_l_em_organelles,2.356,0.003504,0.001755,0.004739,0.00278,0.003504,0.994813,0.998078,153,32132,54890,16690041,55043,32285,847841,0.064921,0.0,0.021157,ok
microsam_vit_l_em_organelles,er,empiar_10994_hela_sbfsem,EMPIAR-10994,161107_00071,sparse,14.82,161107_HeLa_REEP3-4_KD_LBR/02_processed_dataset/161107_HeLa_REEP3-4_KD_LBR_435.tif,vit_l_em_organelles,2.366,5.1e-05,2.5e-05,6.9e-05,4e-05,5.1e-05,0.995298,0.998259,2,29127,49758,16698329,49760,29129,806323,0.061712,0.0,0.003944,ok
microsam_vit_l_em_organelles,er,empiar_10994_hela_sbfsem,EMPIAR-10994,161107_00072,sparse,14.82,161107_HeLa_REEP3-4_KD_LBR/02_processed_dataset/161107_HeLa_REEP3-4_KD_LBR_449.tif,vit_l_em_organelles,2.39,0.006127,0.003073,0.012137,0.004098,0.006127,0.995746,0.998929,220,17907,53462,16705627,53682,18127,606498,0.088511,0.003677,0.01572,ok
microsam_vit_l_em_organelles,er,empiar_10994_hela_sbfsem,EMPIAR-10994,161107_00073,sparse,14.82,161107_HeLa_REEP3-4_KD_LBR/02_processed_dataset/161107_HeLa_REEP3-4_KD_LBR_463.tif,vit_l_em_organelles,2.823,0.0054,0.002707,0.010464,0.003639,0.0054,0.996772,0.999169,147,13901,40251,16722917,40398,14048,433794,0.093127,0.0,0.007396,ok
microsam_vit_l_em_organelles,er,empiar_12885_aive,AIVE,set1_00000,sparse,6.5104,Set1_-_AIVE_SOURCE_DATA/Dataset1_overview.tif,vit_l_em_organelles,1.761,0.040057,0.020438,0.04829,0.034222,0.040057,0.972995,0.98871,9453,186303,266769,16314691,276222,195756,2098640,0.13162,0.037856,0.086468,ok
microsam_vit_l_em_organelles,er,empiar_12885_aive,AIVE,set1_00001,sparse,6.5104,Set1_-_AIVE_SOURCE_DATA/Dataset1_overview.tif,vit_l_em_organelles,2.054,0.010207,0.00513,0.010621,0.009824,0.010207,0.965828,0.983287,2956,275369,297946,16200945,300902,278325,2074960,0.145016,0.007735,0.044275,ok
microsam_vit_l_em_organelles,er,empiar_12885_aive,AIVE,set1_00002,sparse,6.5104,Set1_-_AIVE_SOURCE_DATA/Dataset1_overview.tif,vit_l_em_organelles,1.787,0.000313,0.000156,0.000357,0.000278,0.000313,0.966827,0.985189,87,243859,312694,16220576,312781,243946,1983200,0.157715,0.0,0.038352,ok
microsam_vit_l_em_organelles,er,empiar_12885_aive,AIVE,set1_00003,sparse,6.5104,Set1_-_AIVE_SOURCE_DATA/Dataset1_overview.tif,vit_l_em_organelles,1.795,0.006977,0.003501,0.007288,0.006692,0.006977,0.966881,0.983871,1952,265899,289750,16219615,291702,267851,1932880,0.150916,0.006399,0.044165,ok
microsam_vit_l_em_organelles,er,empiar_12885_aive,AIVE,set1_00004,sparse,6.5104,Set1_-_AIVE_SOURCE_DATA/Dataset1_overview.tif,vit_l_em_organelles,2.019,0.006614,0.003318,0.006522,0.006708,0.006614,0.967646,0.983326,1807,275256,267555,16232598,269362,277063,1867760,0.144217,0.005186,0.074465,ok
microsam_vit_l_em_organelles,er,empiar_12885_aive,AIVE,set1_00005,sparse,6.5104,Set1_-_AIVE_SOURCE_DATA/Dataset1_overview.tif,vit_l_em_organelles,1.769,0.004194,0.002101,0.0046,0.003853,0.004194,0.969373,0.985807,1082,234133,279710,16262291,280792,235215,1850000,0.151779,0.0,0.051696,ok
microsam_vit_l_em_organelles,er,empiar_12885_aive,AIVE,set1_00006,sparse,6.5104,Set1_-_AIVE_SOURCE_DATA/Dataset1_overview.tif,vit_l_em_organelles,1.781,0.000271,0.000136,0.000304,0.000245,0.000271,0.971416,0.987038,65,214022,265541,16297588,265606,214087,1844080,0.144032,0.0,0.047487,ok
microsam_vit_l_em_organelles,er,empiar_12885_aive,AIVE,set1_00007,sparse,6.5104,Set1_-_AIVE_SOURCE_DATA/Dataset1_overview.tif,vit_l_em_organelles,1.786,0.002008,0.001005,0.001865,0.002174,0.002008,0.970611,0.98396,496,265446,227615,16283659,228111,265942,1835200,0.124298,0.0,0.05787,ok
microsam_vit_l_em_organelles,er,empiar_12885_aive,AIVE,set1_00008,sparse,6.5104,Set1_-_AIVE_SOURCE_DATA/Dataset1_overview.tif,vit_l_em_organelles,1.78,0.001759,0.00088,0.001694,0.001829,0.001759,0.975983,0.987383,355,209235,193703,16373923,194058,209590,1778960,0.109085,0.0,0.04688,ok
microsam_vit_l_em_organelles,er,empiar_12885_aive,AIVE,set1_00009,sparse,6.5104,Set1_-_AIVE_SOURCE_DATA/Dataset1_overview.tif,vit_l_em_organelles,1.791,0.035212,0.017921,0.037624,0.03309,0.035212,0.979893,0.990509,6156,157461,179883,16433716,186039,163617,1704522,0.109144,0.020329,0.052341,ok
microsam_vit_l_em_organelles,er,empiar_12885_aive,AIVE,set1_00010,sparse,6.5104,Set1_-_AIVE_SOURCE_DATA/Dataset1_overview.tif,vit_l_em_organelles,1.757,0.061615,0.031787,0.090498,0.046708,0.061615,0.98128,0.993741,10311,103625,210444,16452836,220755,113936,1617404,0.136487,0.025573,0.040431,ok
microsam_vit_l_em_organelles,er,empiar_12885_aive,AIVE,set1_00011,sparse,6.5104,Set1_-_AIVE_SOURCE_DATA/Dataset1_overview.tif,vit_l_em_organelles,2.14,0.000502,0.000251,0.000546,0.000465,0.000502,0.983162,0.992188,71,129868,152633,16494644,152704,129939,1592480,0.095891,0.0,0.023197,ok
microsam_vit_l_em_organelles,er,empiar_12885_aive,AIVE,set1_00012,sparse,6.5104,Set1_-_AIVE_SOURCE_DATA/Dataset1_overview.tif,vit_l_em_organelles,2.045,0.000116,5.8e-05,0.00014,9.8e-05,0.000116,0.984525,0.993561,15,107049,152578,16517574,152593,107064,1536240,0.099329,0.0,0.019916,ok
microsam_vit_l_em_organelles,er,empiar_12885_aive,AIVE,set1_00013,sparse,6.5104,Set1_-_AIVE_SOURCE_DATA/Dataset1_overview.tif,vit_l_em_organelles,1.768,1e-05,5e-06,1.9e-05,7e-06,1e-05,0.988607,0.996853,1,52366,138773,16586076,138774,52367,1431756,0.096926,0.0,0.016008,ok
microsam_vit_l_em_organelles,er,empiar_12885_aive,AIVE,set1_00014,sparse,6.5104,Set1_-_AIVE_SOURCE_DATA/Dataset1_overview.tif,vit_l_em_organelles,1.992,0.0,0.0,0.0,0.0,0.0,0.991442,0.999102,0,14958,128625,16633633,128625,14958,1316310,0.097716,0.0,0.007905,ok
microsam_vit_l_em_organelles,er,empiar_12885_aive,AIVE,set1_00015,sparse,6.5104,Set1_-_AIVE_SOURCE_DATA/Dataset1_overview.tif,vit_l_em_organelles,1.766,2.8e-05,1.4e-05,0.000142,1.6e-05,2.8e-05,0.995804,0.999578,1,7053,63350,16706812,63351,7054,1157360,0.054738,0.0,0.013428,ok
microsam_vit_l_em_organelles,er,empiar_12885_aive,AIVE,set1_00016,sparse,6.5104,Set1_-_AIVE_SOURCE_DATA/Dataset1_overview.tif,vit_l_em_organelles,1.755,0.022723,0.011492,0.108878,0.012685,0.022723,0.996668,0.999682,650,5320,50590,16720656,51240,5970,1074480,0.047688,0.022326,0.02163,ok
microsam_vit_l_em_organelles,er,empiar_12885_aive,AIVE,set1_00017,sparse,6.5104,Set1_-_AIVE_SOURCE_DATA/Dataset1_overview.tif,vit_l_em_organelles,1.789,0.008197,0.004116,0.023385,0.00497,0.008197,0.995933,0.999296,282,11777,56462,16708695,56744,12059,976800,0.058092,0.008016,0.028993,ok
microsam_vit_l_em_organelles,er,empiar_12885_aive,AIVE,set1_00018,sparse,6.5104,Set1_-_AIVE_SOURCE_DATA/Dataset1_overview.tif,vit_l_em_organelles,1.76,0.000171,8.5e-05,0.000659,9.8e-05,0.000171,0.996509,0.999547,5,7579,50984,16718648,50989,7584,1089280,0.04681,0.0,0.012799,ok
microsam_vit_l_em_organelles,er,empiar_12885_aive,AIVE,set2_00019,sparse,6.5104,Set2_-_AIVE_SOURCE_DATA/Dataset2_overview.tif,vit_l_em_organelles,1.806,0.026055,0.013199,0.032212,0.021873,0.026055,0.978111,0.991084,4912,147576,219653,16405075,224565,152488,1927940,0.116479,0.013723,0.038414,ok
microsam_vit_l_em_organelles,er,empiar_12885_aive,AIVE,set2_00020,sparse,6.5104,Set2_-_AIVE_SOURCE_DATA/Dataset2_overview.tif,vit_l_em_organelles,1.794,0.019668,0.009932,0.019874,0.019466,0.019668,0.978888,0.989441,3553,175221,178974,16419468,182527,178774,2053930,0.088867,0.014666,0.087889,ok
microsam_vit_l_em_organelles,er,empiar_12885_aive,AIVE,set2_00021,sparse,6.5104,Set2_-_AIVE_SOURCE_DATA/Dataset2_overview.tif,vit_l_em_organelles,1.801,0.008672,0.004355,0.009925,0.0077,0.008672,0.982571,0.992319,1279,127586,164822,16483529,166101,128865,2100810,0.079065,0.008571,0.032099,ok
microsam_vit_l_em_organelles,er,empiar_12885_aive,AIVE,set2_00022,sparse,6.5104,Set2_-_AIVE_SOURCE_DATA/Dataset2_overview.tif,vit_l_em_organelles,1.801,0.006422,0.003221,0.010094,0.004709,0.006422,0.986665,0.995735,723,70906,152814,16552773,153537,71629,2162340,0.071005,0.004776,0.041558,ok
microsam_vit_l_em_organelles,er,empiar_12885_aive,AIVE,set2_00023,sparse,6.5104,Set2_-_AIVE_SOURCE_DATA/Dataset2_overview.tif,vit_l_em_organelles,1.796,0.002154,0.001078,0.00341,0.001574,0.002154,0.989838,0.996772,184,53775,116708,16606549,116892,53959,2118390,0.05518,0.0,0.062007,ok
microsam_vit_l_em_organelles,er,empiar_12885_aive,AIVE,set2_00024,sparse,6.5104,Set2_-_AIVE_SOURCE_DATA/Dataset2_overview.tif,vit_l_em_organelles,1.781,1.6e-05,8e-06,3.7e-05,1.1e-05,1.6e-05,0.992721,0.998363,1,27308,94809,16655098,94810,27309,2092020,0.04532,0.0,0.028353,ok
microsam_vit_l_em_organelles,er,empiar_12885_aive,AIVE,set2_00025,sparse,6.5104,Set2_-_AIVE_SOURCE_DATA/Dataset2_overview.tif,vit_l_em_organelles,1.792,0.012999,0.006542,0.02015,0.009594,0.012999,0.993555,0.997927,712,34623,73501,16668380,74213,35335,2080300,0.035674,0.011496,0.043498,ok
microsam_vit_l_em_organelles,er,empiar_12885_aive,AIVE,set2_00026,sparse,6.5104,Set2_-_AIVE_SOURCE_DATA/Dataset2_overview.tif,vit_l_em_organelles,1.841,0.005908,0.002963,0.008824,0.00444,0.005908,0.992999,0.997653,349,39200,78251,16659416,78600,39549,2080386,0.037781,0.0,0.05618,ok
microsam_vit_l_em_organelles,er,empiar_12885_aive,AIVE,set2_00027,sparse,6.5104,Set2_-_AIVE_SOURCE_DATA/Dataset2_overview.tif,vit_l_em_organelles,1.8,0.000502,0.000251,0.000672,0.000401,0.000502,0.994309,0.997867,24,35664,59819,16681709,59843,35688,2077370,0.028807,0.0,0.02224,ok
microsam_vit_l_em_organelles,er,empiar_12885_aive,AIVE,set2_00028,sparse,6.5104,Set2_-_AIVE_SOURCE_DATA/Dataset2_overview.tif,vit_l_em_organelles,1.802,0.0,0.0,0.0,0.0,0.0,0.99453,0.998332,0,27876,63892,16685448,63892,27876,2074440,0.0308,0.0,0.004261,ok
microsam_vit_l_em_organelles,er,empiar_12885_aive,AIVE,set2_00029,sparse,6.5104,Set2_-_AIVE_SOURCE_DATA/Dataset2_overview.tif,vit_l_em_organelles,1.818,2.1e-05,1.1e-05,2.8e-05,1.7e-05,2.1e-05,0.994331,0.997834,1,36207,58910,16682098,58911,36208,2097880,0.028081,0.0,0.00641,ok
microsam_vit_l_em_organelles,er,empiar_12885_aive,AIVE,set2_00030,sparse,6.5104,Set2_-_AIVE_SOURCE_DATA/Dataset2_overview.tif,vit_l_em_organelles,1.828,0.004054,0.002031,0.005254,0.0033,0.004054,0.993645,0.997542,217,41083,65537,16670379,65754,41300,2048070,0.032105,0.009507,0.028874,ok
microsam_vit_l_em_organelles,er,empiar_12885_aive,AIVE,set2_00031,sparse,6.5104,Set2_-_AIVE_SOURCE_DATA/Dataset2_overview.tif,vit_l_em_organelles,2.051,0.0,0.0,0.0,0.0,0.0,0.993932,0.998505,0,24962,76836,16675418,76836,24962,2056860,0.037356,0.0,0.012757,ok
microsam_vit_l_em_organelles,er,empiar_12885_aive,AIVE,set2_00032,sparse,6.5104,Set2_-_AIVE_SOURCE_DATA/Dataset2_overview.tif,vit_l_em_organelles,1.802,0.004344,0.002177,0.006435,0.003278,0.004344,0.991502,0.997122,311,48017,94551,16634337,94862,48328,2036350,0.046584,0.0,0.0351,ok
microsam_vit_l_em_organelles,er,empiar_12885_aive,AIVE,set2_00033,sparse,6.5104,Set2_-_AIVE_SOURCE_DATA/Dataset2_overview.tif,vit_l_em_organelles,1.812,0.009147,0.004594,0.012659,0.00716,0.009147,0.989591,0.996228,806,62862,111765,16601783,112571,63668,2015840,0.055843,0.0,0.039183,ok
microsam_vit_l_em_organelles,er,empiar_12885_aive,AIVE,set2_00034,sparse,6.5104,Set2_-_AIVE_SOURCE_DATA/Dataset2_overview.tif,vit_l_em_organelles,1.801,0.000206,0.000103,0.000297,0.000158,0.000206,0.988438,0.995954,20,67371,126604,16583221,126624,67391,2009980,0.062998,0.0,0.050527,ok
microsam_vit_l_em_organelles,er,empiar_12885_aive,AIVE,set2_00035,sparse,6.5104,Set2_-_AIVE_SOURCE_DATA/Dataset2_overview.tif,vit_l_em_organelles,1.807,0.001877,0.00094,0.001749,0.002026,0.001877,0.987197,0.993087,202,115291,99501,16562222,99703,115493,2012910,0.049532,0.0,0.054621,ok
microsam_vit_l_em_organelles,er,empiar_12885_aive,AIVE,set2_00036,sparse,6.5104,Set2_-_AIVE_SOURCE_DATA/Dataset2_overview.tif,vit_l_em_organelles,1.809,0.000226,0.000113,0.000196,0.000268,0.000226,0.985782,0.991731,27,137890,100655,16538644,100682,137917,1974820,0.050983,0.0,0.07288,ok
microsam_vit_l_em_organelles,er,empiar_12885_aive,AIVE,set2_00037,sparse,6.5104,Set2_-_AIVE_SOURCE_DATA/Dataset2_overview.tif,vit_l_em_organelles,1.805,0.001471,0.000736,0.001489,0.001454,0.001471,0.98673,0.993399,164,110000,112630,16554422,112794,110164,1966030,0.057371,0.0,0.057953,ok
microsam_vit_l_em_organelles,er,empiar_12885_aive,AIVE,set2_00038,sparse,6.5104,Set2_-_AIVE_SOURCE_DATA/Dataset2_overview.tif,vit_l_em_organelles,2.499,0.001608,0.000805,0.00207,0.001315,0.001608,0.985938,0.994492,190,91609,144320,16541097,144510,91799,1954310,0.073944,0.0,0.060113,ok
microsam_vit_l_em_organelles,er,empiar_12885_aive,AIVE,set2_00039,sparse,6.5104,Set2_-_AIVE_SOURCE_DATA/Dataset2_overview.tif,vit_l_em_organelles,1.785,0.001923,0.000963,0.002313,0.001646,0.001923,0.985029,0.993722,242,104398,146781,16525795,147023,104640,1892780,0.077676,0.0,0.070318,ok
microsam_vit_l_em_organelles,er,empiar_12885_aive,AIVE,set2_00040,sparse,6.5104,Set2_-_AIVE_SOURCE_DATA/Dataset2_overview.tif,vit_l_em_organelles,1.819,0.000255,0.000128,0.000352,0.0002,0.000255,0.986917,0.995215,28,79615,139877,16557696,139905,79643,1892780,0.073915,0.0,0.030792,ok
microsam_vit_l_em_organelles,er,empiar_12885_aive,AIVE,set3_00041,sparse,6.5104,Set3_-_AIVE_SOURCE_DATA/Dataset3_overview.tif,vit_l_em_organelles,1.804,0.001132,0.000566,0.001457,0.000925,0.001132,0.992636,0.997127,70,47978,75566,16653602,75636,48048,2366330,0.031963,0.0,0.018855,ok
microsam_vit_l_em_organelles,er,empiar_12885_aive,AIVE,set3_00042,sparse,6.5104,Set3_-_AIVE_SOURCE_DATA/Dataset3_overview.tif,vit_l_em_organelles,1.806,6.1e-05,3e-05,6.1e-05,6.1e-05,6.1e-05,0.990221,0.995059,5,82499,81559,16613153,81564,82504,2400360,0.03398,0.0,0.024607,ok
microsam_vit_l_em_organelles,er,empiar_12885_aive,AIVE,set3_00043,sparse,6.5104,Set3_-_AIVE_SOURCE_DATA/Dataset3_overview.tif,vit_l_em_organelles,1.802,0.007481,0.003755,0.011993,0.005436,0.007481,0.992962,0.997804,445,36661,81410,16658700,81855,37106,2443520,0.033499,0.013576,0.041123,ok
microsam_vit_l_em_organelles,er,empiar_12885_aive,AIVE,set3_00044,sparse,6.5104,Set3_-_AIVE_SOURCE_DATA/Dataset3_overview.tif,vit_l_em_organelles,2.047,0.013966,0.007032,0.027386,0.009373,0.013966,0.993881,0.998454,727,25819,76839,16673831,77566,26546,2432100,0.031893,0.0,0.043447,ok
microsam_vit_l_em_organelles,er,empiar_12885_aive,AIVE,set3_00045,sparse,6.5104,Set3_-_AIVE_SOURCE_DATA/Dataset3_overview.tif,vit_l_em_organelles,1.831,0.0,0.0,0.0,0.0,0.0,0.993346,0.997737,0,37794,73843,16665579,73843,37794,2446840,0.030179,0.0,0.003097,ok
microsam_vit_l_em_organelles,er,empiar_12885_aive,AIVE,set3_00046,sparse,6.5104,Set3_-_AIVE_SOURCE_DATA/Dataset3_overview.tif,vit_l_em_organelles,1.819,0.00215,0.001076,0.002308,0.002013,0.00215,0.992642,0.996559,133,57500,65943,16653640,66076,57633,2446840,0.027005,0.0,0.022593,ok
microsam_vit_l_em_organelles,er,empiar_12885_aive,AIVE,set3_00047,sparse,6.5104,Set3_-_AIVE_SOURCE_DATA/Dataset3_overview.tif,vit_l_em_organelles,1.82,0.007561,0.003795,0.007483,0.007641,0.007561,0.991316,0.995593,555,73612,72075,16630974,72630,74167,2446840,0.029683,0.0,0.038284,ok
microsam_vit_l_em_organelles,er,empiar_12885_aive,AIVE,set3_00048,sparse,6.5104,Set3_-_AIVE_SOURCE_DATA/Dataset3_overview.tif,vit_l_em_organelles,1.817,0.000584,0.000292,0.000658,0.000524,0.000584,0.992038,0.996456,39,59196,74382,16643599,74421,59235,2442690,0.030467,0.0,0.025718,ok
microsam_vit_l_em_organelles,er,empiar_12885_aive,AIVE,set3_00049,sparse,6.5104,Set3_-_AIVE_SOURCE_DATA/Dataset3_overview.tif,vit_l_em_organelles,1.817,0.000423,0.000211,0.00061,0.000324,0.000423,0.992389,0.997348,27,44266,83420,16649503,83447,44293,2446840,0.034104,0.0,0.016875,ok
microsam_vit_l_em_organelles,er,empiar_12885_aive,AIVE,set3_00050,sparse,6.5104,Set3_-_AIVE_SOURCE_DATA/Dataset3_overview.tif,vit_l_em_organelles,1.794,0.002079,0.001041,0.002044,0.002115,0.002079,0.99136,0.995587,151,73717,71245,16632103,71396,73868,2446840,0.029179,0.0,0.026943,ok
microsam_vit_l_em_organelles,er,empiar_12885_aive,AIVE,set3_00051,sparse,6.5104,Set3_-_AIVE_SOURCE_DATA/Dataset3_overview.tif,vit_l_em_organelles,2.174,0.003895,0.001951,0.004516,0.003424,0.003895,0.99314,0.997032,225,49596,65497,16661898,65722,49821,2446840,0.02686,0.0,0.032166,ok
microsam_vit_l_em_organelles,er,empiar_12885_aive,AIVE,set3_00052,sparse,6.5104,Set3_-_AIVE_SOURCE_DATA/Dataset3_overview.tif,vit_l_em_organelles,2.129,0.013594,0.006843,0.015925,0.011858,0.013594,0.993512,0.997227,750,46346,62498,16667622,63248,47096,2402620,0.026325,0.022594,0.022183,ok
microsam_vit_l_em_organelles,er,empiar_12885_aive,AIVE,set3_00053,sparse,6.5104,Set3_-_AIVE_SOURCE_DATA/Dataset3_overview.tif,vit_l_em_organelles,1.838,0.0,0.0,0.0,0.0,0.0,0.995086,0.998518,0,24782,57662,16694772,57662,24782,2346608,0.024572,0.0,0.006987,ok
microsam_vit_l_em_organelles,er,empiar_12885_aive,AIVE,set3_00054,sparse,6.5104,Set3_-_AIVE_SOURCE_DATA/Dataset3_overview.tif,vit_l_em_organelles,1.832,0.0,0.0,0.0,0.0,0.0,0.996187,0.999474,0,8798,55175,16713243,55175,8798,2317070,0.023812,0.0,0.005522,ok
microsam_vit_l_em_organelles,er,empiar_12885_aive,AIVE,set3_00055,sparse,6.5104,Set3_-_AIVE_SOURCE_DATA/Dataset3_overview.tif,vit_l_em_organelles,1.826,0.0,0.0,0.0,0.0,0.0,0.99565,0.999328,0,11227,61749,16704240,61749,11227,2301426,0.026831,0.0,0.002267,ok
microsam_vit_l_em_organelles,er,empiar_12885_aive,AIVE,set3_00056,sparse,6.5104,Set3_-_AIVE_SOURCE_DATA/Dataset3_overview.tif,vit_l_em_organelles,1.876,0.0,0.0,0.0,0.0,0.0,0.994079,0.998152,0,30873,68459,16677884,68459,30873,2249324,0.030435,0.0,0.009369,ok
microsam_vit_l_em_organelles,er,empiar_13156_hela_stard3_er,EMPIAR-13156,ctrl_00000,sparse,8,Ctrl/ROI_CICGFA_001.tif,vit_l_em_organelles,3.563,0.0,0.0,0.0,0.0,0.0,0.993958,0.996509,0,58426,42947,16675843,42947,58426,1991960,0.02156,0.0,0.000694,ok
microsam_vit_l_em_organelles,er,empiar_13156_hela_stard3_er,EMPIAR-13156,ctrl_00001,sparse,8,Ctrl/ROI_CICGFA_026.tif,vit_l_em_organelles,3.54,0.0,0.0,0.0,0.0,0.0,0.992685,0.994017,0,100250,22473,16654493,22473,100250,2042784,0.011001,0.0,0.0,ok
microsam_vit_l_em_organelles,er,empiar_13156_hela_stard3_er,EMPIAR-13156,ctrl_00002,sparse,8,Ctrl/ROI_CICGFA_051.tif,vit_l_em_organelles,3.515,0.0,0.0,0.0,0.0,0.0,0.989502,0.990886,0,152702,23418,16601096,23418,152702,1646182,0.014226,0.0,0.0,ok
microsam_vit_l_em_organelles,er,empiar_13156_hela_stard3_er,EMPIAR-13156,ctrl_00003,sparse,8,Ctrl/ROI_CICGFA_076.tif,vit_l_em_organelles,3.48,0.0,0.0,0.0,0.0,0.0,0.988137,0.989991,0,167609,31411,16578196,31411,167609,2101330,0.014948,0.0,0.0,ok
microsam_vit_l_em_organelles,er,empiar_13156_hela_stard3_er,EMPIAR-13156,ctrl_00004,sparse,8,Ctrl/ROI_CICGFA_101.tif,vit_l_em_organelles,3.472,0.0,0.0,0.0,0.0,0.0,0.988421,0.98996,0,168180,26088,16582948,26088,168180,2265480,0.011515,0.0,0.0,ok
microsam_vit_l_em_organelles,er,empiar_13156_hela_stard3_er,EMPIAR-13156,ctrl_00005,sparse,8,Ctrl/ROI_CICGFA_126.tif,vit_l_em_organelles,3.472,0.0,0.0,0.0,0.0,0.0,0.987715,0.989411,0,177345,28767,16571104,28767,177345,2234500,0.012874,0.0,0.0,ok
microsam_vit_l_em_organelles,er,empiar_13156_hela_stard3_er,EMPIAR-13156,ctrl_00006,sparse,8,Ctrl/ROI_CICGFA_176.tif,vit_l_em_organelles,3.437,0.0,0.0,0.0,0.0,0.0,0.995497,0.997042,0,49545,25999,16701672,25999,49545,1204224,0.02159,0.0,0.0,ok
microsam_vit_l_em_organelles,er,empiar_13156_hela_stard3_er,EMPIAR-13156,ctrl_00007,sparse,8,Ctrl/ROI_CICGFA_201.tif,vit_l_em_organelles,3.687,0.0,0.0,0.0,0.0,0.0,0.995942,0.997926,0,34726,33362,16709128,33362,34726,1215669,0.027443,0.0,0.001263,ok
microsam_vit_l_em_organelles,er,empiar_13156_hela_stard3_er,EMPIAR-13156,ctrl_00008,sparse,8,Ctrl/ROI_CICGFA_226.tif,vit_l_em_organelles,3.458,0.0,0.0,0.0,0.0,0.0,0.996403,0.998155,0,30905,29437,16716874,29437,30905,1270692,0.023166,0.0,0.0,ok
microsam_vit_l_em_organelles,er,empiar_13156_hela_stard3_er,EMPIAR-13156,ctrl_00009,sparse,8,Ctrl/ROI_CICGFA_251.tif,vit_l_em_organelles,3.474,0.0,0.0,0.0,0.0,0.0,0.995844,0.997862,0,35804,33929,16707483,33929,35804,1324570,0.025615,0.0,0.0,ok
microsam_vit_l_em_organelles,er,empiar_13156_hela_stard3_er,EMPIAR-13156,ctrl_00010,sparse,8,Ctrl/ROI_CICGFA_276.tif,vit_l_em_organelles,3.481,0.0,0.0,0.0,0.0,0.0,0.992558,0.99407,0,99338,25526,16652352,25526,99338,2463390,0.010362,0.0,0.0,ok
microsam_vit_l_em_organelles,er,empiar_13156_hela_stard3_er,EMPIAR-13156,ctrl_00011,sparse,8,Ctrl/ROI_CICGFA_301.tif,vit_l_em_organelles,3.877,0.0,0.0,0.0,0.0,0.0,0.992277,0.993646,0,106457,23117,16647642,23117,106457,2483433,0.009308,0.0,0.0,ok
microsam_vit_l_em_organelles,er,empiar_13156_hela_stard3_er,EMPIAR-13156,ctrl_00012,sparse,8,Ctrl/ROI_CICGFA_326.tif,vit_l_em_organelles,3.98,0.0,0.0,0.0,0.0,0.0,0.996068,0.997373,0,44017,21959,16711240,21959,44017,1381950,0.01589,0.0,0.0,ok
microsam_vit_l_em_organelles,er,empiar_13156_hela_stard3_er,EMPIAR-13156,ctrl_00013,sparse,8,Ctrl/ROI_CICGFA_351.tif,vit_l_em_organelles,3.474,0.0,0.0,0.0,0.0,0.0,0.996926,0.998098,0,31873,19695,16725648,19695,31873,1398384,0.014084,0.0,0.0,ok
microsam_vit_l_em_organelles,er,empiar_13156_hela_stard3_er,EMPIAR-13156,ctrl_00014,sparse,8,Ctrl/ROI_CICGFA_376.tif,vit_l_em_organelles,3.501,0.0,0.0,0.0,0.0,0.0,0.992994,0.994596,0,90511,27038,16659667,27038,90511,2526810,0.0107,0.0,0.0,ok
microsam_vit_l_em_organelles,er,empiar_13156_hela_stard3_er,EMPIAR-13156,ctrl_00015,sparse,8,Ctrl/ROI_CICGFA_401.tif,vit_l_em_organelles,3.539,0.0,0.0,0.0,0.0,0.0,0.993128,0.994391,0,93990,21295,16661931,21295,93990,2445840,0.008707,0.0,0.0,ok
microsam_vit_l_em_organelles,er,empiar_13156_hela_stard3_er,EMPIAR-13156,ctrl_00016,sparse,8,Ctrl/ROI_CICGFA_426.tif,vit_l_em_organelles,3.492,0.0,0.0,0.0,0.0,0.0,0.992672,0.993896,0,102284,20654,16654278,20654,102284,2555808,0.008081,0.0,0.0,ok
microsam_vit_l_em_organelles,er,empiar_13156_hela_stard3_er,EMPIAR-13156,ctrl_00017,sparse,8,Ctrl/ROI_CICGFA_451.tif,vit_l_em_organelles,3.538,0.0,0.0,0.0,0.0,0.0,0.989805,0.993131,0,114862,56176,16606178,56176,114862,2484372,0.022612,0.0,0.0,ok
microsam_vit_l_em_organelles,er,empiar_13156_hela_stard3_er,EMPIAR-13156,ctrl_00018,sparse,8,Ctrl/ROI_CICGFA_476.tif,vit_l_em_organelles,3.495,0.0,0.0,0.0,0.0,0.0,0.990598,0.993563,0,107679,50053,16619484,50053,107679,2478762,0.020193,0.0,0.0,ok
microsam_vit_l_em_organelles,er,empiar_13156_hela_stard3_er,EMPIAR-13156,ctrl_00019,sparse,8,Ctrl/ROI_CICGFA_501.tif,vit_l_em_organelles,3.62,0.0,0.0,0.0,0.0,0.0,0.991061,0.994234,0,96432,53545,16627239,53545,96432,2626760,0.020384,0.0,0.00053,ok
microsam_vit_l_em_organelles,er,empiar_13156_hela_stard3_er,EMPIAR-13156,ctrl_00020,sparse,8,Ctrl/ROI_CICGFA_526.tif,vit_l_em_organelles,3.76,0.0,0.0,0.0,0.0,0.0,0.991784,0.99418,0,97408,40437,16639371,40437,97408,2371690,0.01705,0.0,0.0,ok
microsam_vit_l_em_organelles,er,empiar_13156_hela_stard3_er,EMPIAR-13156,ctrl_00021,sparse,8,Ctrl/ROI_CICGFA_551.tif,vit_l_em_organelles,3.544,0.0,0.0,0.0,0.0,0.0,0.992708,0.995731,0,71412,50923,16654881,50923,71412,2503329,0.020342,0.0,0.001206,ok
microsam_vit_l_em_organelles,er,empiar_13156_hela_stard3_er,EMPIAR-13156,ctrl_00022,sparse,8,Ctrl/ROI_CICGFA_576.tif,vit_l_em_organelles,3.494,0.0,0.0,0.0,0.0,0.0,0.991619,0.995083,0,82214,58396,16636606,58396,82214,2510772,0.023258,0.0,0.0,ok
microsam_vit_l_em_organelles,er,empiar_13156_hela_stard3_er,EMPIAR-13156,ctrl_00023,sparse,8,Ctrl/ROI_CICGFA_601.tif,vit_l_em_organelles,3.517,0.002232,0.001117,0.001988,0.002546,0.002232,0.990623,0.994711,176,88364,68955,16619721,69131,88540,2492667,0.027734,0.007231,0.007474,ok
microsam_vit_l_em_organelles,er,empiar_13156_hela_stard3_er,EMPIAR-13156,ctrl_00024,sparse,8,Ctrl/ROI_CICGFA_626.tif,vit_l_em_organelles,3.485,0.0,0.0,0.0,0.0,0.0,0.990782,0.99414,0,97979,56681,16622556,56681,97979,2494920,0.022719,0.0,0.0,ok
microsam_vit_l_em_organelles,er,empiar_13156_hela_stard3_er,EMPIAR-13156,ctrl_00025,sparse,8,Ctrl/ROI_CICGFA_651.tif,vit_l_em_organelles,3.498,0.0,0.0,0.0,0.0,0.0,0.990892,0.993841,0,103027,49782,16624407,49782,103027,2628584,0.018939,0.0,0.0,ok
microsam_vit_l_em_organelles,er,empiar_13156_hela_stard3_er,EMPIAR-13156,ctrl_00026,sparse,8,Ctrl/ROI_CICGFA_676.tif,vit_l_em_organelles,3.475,0.0,0.0,0.0,0.0,0.0,0.991692,0.993963,0,101051,38334,16637831,38334,101051,2573740,0.014894,0.0,0.0,ok
microsam_vit_l_em_organelles,er,empiar_13156_hela_stard3_er,EMPIAR-13156,ctrl_00027,sparse,8,Ctrl/ROI_CICGFA_701.tif,vit_l_em_organelles,4.103,0.0,0.0,0.0,0.0,0.0,0.992226,0.994343,0,94700,35724,16646792,35724,94700,2664288,0.013408,0.0,0.000635,ok
microsam_vit_l_em_organelles,er,empiar_13156_hela_stard3_er,EMPIAR-13156,ctrl_00028,sparse,8,Ctrl/ROI_CICGFA_726.tif,vit_l_em_organelles,3.552,0.0,0.0,0.0,0.0,0.0,0.991648,0.993989,0,100604,39516,16637096,39516,100604,2497440,0.015823,0.0,0.0,ok
microsam_vit_l_em_organelles,er,empiar_13156_hela_stard3_er,EMPIAR-13156,ctrl_00029,sparse,8,Ctrl/ROI_CICGFA_751.tif,vit_l_em_organelles,3.481,0.0,0.0,0.0,0.0,0.0,0.992136,0.994236,0,96497,35438,16645281,35438,96497,2563839,0.013822,0.0,0.0,ok
microsam_vit_l_em_organelles,er,empiar_13156_hela_stard3_er,EMPIAR-13156,ctrl_00030,sparse,8,Ctrl/ROI_CICGFA_776.tif,vit_l_em_organelles,3.727,0.0,0.0,0.0,0.0,0.0,0.992344,0.994813,0,86802,41638,16648776,41638,86802,2676132,0.015559,0.0,0.0,ok
microsam_vit_l_em_organelles,er,empiar_13156_hela_stard3_er,EMPIAR-13156,ctrl_00031,sparse,8,Ctrl/ROI_CICGFA_801.tif,vit_l_em_organelles,3.496,0.0,0.0,0.0,0.0,0.0,0.992668,0.994998,0,83731,39282,16654203,39282,83731,2667132,0.014728,0.0,0.0,ok
microsam_vit_l_em_organelles,er,empiar_13156_hela_stard3_er,EMPIAR-13156,ctrl_00032,sparse,8,Ctrl/ROI_CICGFA_826.tif,vit_l_em_organelles,3.474,0.0,0.0,0.0,0.0,0.0,0.993393,0.995628,0,73190,37657,16666369,37657,73190,2547688,0.014781,0.0,0.005869,ok
microsam_vit_l_em_organelles,er,empiar_13156_hela_stard3_er,EMPIAR-13156,ctrl_00033,sparse,8,Ctrl/ROI_CICGFA_851.tif,vit_l_em_organelles,3.457,0.0,0.0,0.0,0.0,0.0,0.994391,0.996278,0,62328,31771,16683117,31771,62328,2575496,0.012336,0.0,0.0,ok
microsam_vit_l_em_organelles,er,empiar_13156_hela_stard3_er,EMPIAR-13156,ctrl_00034,sparse,8,Ctrl/ROI_CICGFA_876.tif,vit_l_em_organelles,3.767,0.0,0.0,0.0,0.0,0.0,0.993683,0.996387,0,60454,45523,16671239,45523,60454,2594466,0.017546,0.0,0.0,ok
microsam_vit_l_em_organelles,er,empiar_13156_hela_stard3_er,EMPIAR-13156,ctrl_00035,sparse,8,Ctrl/ROI_CICGFA_901.tif,vit_l_em_organelles,3.441,0.0,0.0,0.0,0.0,0.0,0.993189,0.995992,0,67054,47222,16662940,47222,67054,2608281,0.018105,0.0,0.0,ok
microsam_vit_l_em_organelles,er,empiar_13156_hela_stard3_er,EMPIAR-13156,ctrl_00036,sparse,8,Ctrl/ROI_CICGFA_926.tif,vit_l_em_organelles,3.484,0.0,0.0,0.0,0.0,0.0,0.993179,0.995886,0,68830,45603,16662783,45603,68830,2893934,0.015758,0.0,0.0,ok
microsam_vit_l_em_organelles,er,empiar_13156_hela_stard3_er,EMPIAR-13156,ctrl_00037,sparse,8,Ctrl/ROI_CICGFA_951.tif,vit_l_em_organelles,3.482,0.0,0.0,0.0,0.0,0.0,0.99305,0.995496,0,75377,41230,16660609,41230,75377,2678544,0.015393,0.0,0.0007,ok
microsam_vit_l_em_organelles,er,empiar_13156_hela_stard3_er,EMPIAR-13156,ctrl_00038,sparse,8,Ctrl/ROI_CICGFA_976.tif,vit_l_em_organelles,3.689,0.0,0.0,0.0,0.0,0.0,0.992429,0.994834,0,86456,40565,16650195,40565,86456,2590802,0.015657,0.0,0.0,ok
microsam_vit_l_em_organelles,er,empiar_13156_hela_stard3_er,EMPIAR-13156,star_00039,partial,5,STARD3_WT/image_001.tif,vit_l_em_organelles,5.277,0.0,0.0,0.0,0.0,0.0,0.997325,0.998097,0,31901,12979,16732336,12979,31901,1378350,0.009416,0.0,0.015282,ok
microsam_vit_l_em_organelles,er,empiar_13156_hela_stard3_er,EMPIAR-13156,star_00040,partial,5,STARD3_WT/image_041.tif,vit_l_em_organelles,5.266,0.0,0.0,0.0,0.0,0.0,0.995813,0.998828,0,19603,50640,16706973,50640,19603,1669492,0.030333,0.0,0.0,ok
microsam_vit_l_em_organelles,er,empiar_13156_hela_stard3_er,EMPIAR-13156,star_00041,partial,5,STARD3_WT/image_081.tif,vit_l_em_organelles,5.912,0.001021,0.000511,0.000837,0.00131,0.001021,0.99452,0.996649,47,56105,35833,16685231,35880,56152,1933395,0.018558,0.0,0.024566,ok
microsam_vit_l_em_organelles,er,empiar_13156_hela_stard3_er,EMPIAR-13156,star_00042,partial,5,STARD3_WT/image_121.tif,vit_l_em_organelles,5.44,0.0,0.0,0.0,0.0,0.0,0.994928,0.996764,0,54187,30900,16692129,30900,54187,2273400,0.013592,0.0,0.0,ok
microsam_vit_l_em_organelles,er,empiar_13156_hela_stard3_er,EMPIAR-13156,star_00043,partial,5,STARD3_WT/image_161.tif,vit_l_em_organelles,5.331,0.000241,0.00012,0.00015,0.000613,0.000241,0.985643,0.988429,29,193585,47281,16536321,47310,193614,3065652,0.015432,0.0,0.054958,ok
microsam_vit_l_em_organelles,er,empiar_13156_hela_stard3_er,EMPIAR-13156,star_00044,partial,5,STARD3_WT/image_201.tif,vit_l_em_organelles,5.351,0.001613,0.000807,0.001038,0.003613,0.001613,0.986645,0.989589,181,174138,49915,16552982,50096,174319,2948040,0.016993,0.0,0.012341,ok
microsam_vit_l_em_organelles,er,empiar_13156_hela_stard3_er,EMPIAR-13156,star_00045,partial,5,STARD3_WT/image_241.tif,vit_l_em_organelles,5.255,0.0,0.0,0.0,0.0,0.0,0.988912,0.992091,0,132272,53758,16591186,53758,132272,3017454,0.017816,0.0,0.0,ok
microsam_vit_l_em_organelles,er,empiar_13156_hela_stard3_er,EMPIAR-13156,star_00046,partial,5,STARD3_WT/image_281.tif,vit_l_em_organelles,6.3,0.0,0.0,0.0,0.0,0.0,0.989104,0.990976,0,151106,31705,16594405,31705,151106,2735272,0.011591,0.0,0.000644,ok
microsam_vit_l_em_organelles,er,empiar_13156_hela_stard3_er,EMPIAR-13156,star_00047,partial,5,STARD3_WT/image_321.tif,vit_l_em_organelles,5.438,0.002288,0.001145,0.00128,0.010773,0.002288,0.984767,0.986349,293,228660,26905,16521358,27198,228953,3075870,0.008842,0.0,0.03257,ok
microsam_vit_l_em_organelles,er,empiar_13156_hela_stard3_er,EMPIAR-13156,star_00048,partial,5,STARD3_WT/image_361.tif,vit_l_em_organelles,5.383,0.004239,0.002124,0.002799,0.008736,0.004239,0.98656,0.989773,480,171020,54467,16551249,54947,171500,3247162,0.016922,0.0,0.065312,ok
microsam_vit_l_em_organelles,er,empiar_13156_hela_stard3_er,EMPIAR-13156,star_00049,partial,5,STARD3_WT/image_401.tif,vit_l_em_organelles,5.333,0.000379,0.00019,0.000304,0.000504,0.000379,0.989311,0.993304,34,111882,67443,16597857,67477,111916,3214710,0.02099,0.0,0.01932,ok
microsam_vit_l_em_organelles,er,empiar_13156_hela_stard3_er,EMPIAR-13156,star_00050,partial,5,STARD3_WT/image_441.tif,vit_l_em_organelles,5.273,0.002604,0.001304,0.001499,0.009931,0.002604,0.989773,0.991093,224,149242,22332,16605418,22556,149466,1821246,0.012385,0.0,0.038589,ok
microsam_vit_l_em_organelles,er,empiar_13156_hela_stard3_er,EMPIAR-13156,star_00051,partial,5,STARD3_WT/image_481.tif,vit_l_em_organelles,6.063,0.000609,0.000305,0.000385,0.001459,0.000609,0.990414,0.992397,49,127298,33528,16616341,33577,127347,2440251,0.01376,0.0,0.016103,ok
microsam_vit_l_em_organelles,er,empiar_13156_hela_stard3_er,EMPIAR-13156,star_00052,partial,5,STARD3_WT/image_521.tif,vit_l_em_organelles,5.554,0.000348,0.000174,0.000198,0.001404,0.000348,0.980111,0.982527,58,292427,41248,16443483,41306,292485,2731590,0.015122,0.0,0.007742,ok
microsam_vit_l_em_organelles,er,empiar_13156_hela_stard3_er,EMPIAR-13156,star_00053,partial,5,STARD3_WT/image_561.tif,vit_l_em_organelles,5.598,0.001051,0.000526,0.000565,0.007477,0.001051,0.983228,0.984381,148,261735,19647,16495686,19795,261883,2285003,0.008663,0.0,0.012836,ok
microsam_vit_l_em_organelles,er,empiar_13156_hela_stard3_er,EMPIAR-13156,star_00054,partial,5,STARD3_WT/image_601.tif,vit_l_em_organelles,5.339,0.000185,9.2e-05,0.000107,0.000668,0.000185,0.979976,0.982691,31,289594,46347,16441244,46378,289625,2215042,0.020938,0.0,0.008075,ok
microsam_vit_l_em_organelles,er,empiar_13156_hela_stard3_er,EMPIAR-13156,star_00055,partial,5,STARD3_WT/image_641.tif,vit_l_em_organelles,5.273,0.0018,0.000901,0.001032,0.007051,0.0018,0.9842,0.986178,239,231426,33659,16511892,33898,231665,2311686,0.014664,0.0,0.03052,ok
microsam_vit_l_em_organelles,er,empiar_13156_hela_stard3_er,EMPIAR-13156,star_00056,partial,5,STARD3_WT/image_681.tif,vit_l_em_organelles,6.024,0.0,0.0,0.0,0.0,0.0,0.982189,0.984315,0,262577,36240,16478399,36240,262577,2483695,0.014591,0.0,0.002107,ok
microsam_vit_l_em_organelles,er,empiar_13156_hela_stard3_er,EMPIAR-13156,star_00057,partial,5,STARD3_WT/image_721.tif,vit_l_em_organelles,5.508,0.0,0.0,0.0,0.0,0.0,0.988456,0.990288,0,162635,31038,16583543,31038,162635,2197811,0.014122,0.0,0.000593,ok
microsam_vit_l_em_organelles,er,empiar_13156_hela_stard3_er,EMPIAR-13156,star_00058,partial,5,STARD3_WT/image_761.tif,vit_l_em_organelles,5.464,0.0,0.0,0.0,0.0,0.0,0.987956,0.98978,0,171143,30930,16575143,30930,171143,1800435,0.017179,0.0,0.0,ok
microsam_vit_l_em_organelles,er,empiar_13156_hela_stard3_er,EMPIAR-13156,star_00059,partial,5,STARD3_WT/image_801.tif,vit_l_em_organelles,5.298,0.002783,0.001394,0.00148,0.023346,0.002783,0.982319,0.983333,414,279322,17319,16480161,17733,279736,1702241,0.010417,0.0,0.020882,ok
microsam_vit_l_em_organelles,er,empiar_13156_hela_stard3_er,EMPIAR-13156,star_00060,sparse,8,STARD3_FA_YA/image001.tif,vit_l_em_organelles,3.465,0.001001,0.000501,0.000794,0.001353,0.001001,0.99762,0.998498,20,25170,14758,16737268,14778,25190,295110,0.050076,0.0,0.028432,ok
microsam_vit_l_em_organelles,er,empiar_13156_hela_stard3_er,EMPIAR-13156,star_00061,sparse,8,STARD3_FA_YA/image026.tif,vit_l_em_organelles,3.431,0.003507,0.001757,0.002503,0.005854,0.003507,0.997121,0.99798,85,33869,14434,16728828,14519,33954,332898,0.043614,0.0,0.038033,ok
microsam_vit_l_em_organelles,er,empiar_13156_hela_stard3_er,EMPIAR-13156,star_00062,sparse,8,STARD3_FA_YA/image051.tif,vit_l_em_organelles,3.5,0.0045,0.002255,0.003251,0.007309,0.0045,0.997284,0.998116,103,31583,13990,16731540,14093,31686,439479,0.032068,0.0,0.050717,ok
microsam_vit_l_em_organelles,er,empiar_13156_hela_stard3_er,EMPIAR-13156,star_00063,sparse,8,STARD3_FA_YA/image076.tif,vit_l_em_organelles,3.742,0.0,0.0,0.0,0.0,0.0,0.997197,0.997609,0,40096,6929,16730191,6929,40096,444125,0.015601,0.0,0.022409,ok
microsam_vit_l_em_organelles,er,empiar_13156_hela_stard3_er,EMPIAR-13156,star_00064,sparse,8,STARD3_FA_YA/image101.tif,vit_l_em_organelles,3.508,0.0,0.0,0.0,0.0,0.0,0.996178,0.996464,0,59314,4803,16713099,4803,59314,499944,0.009607,0.0,0.0,ok
microsam_vit_l_em_organelles,er,empiar_13156_hela_stard3_er,EMPIAR-13156,star_00065,sparse,8,STARD3_FA_YA/image126.tif,vit_l_em_organelles,3.553,0.0,0.0,0.0,0.0,0.0,0.996829,0.997225,0,46533,6669,16724014,6669,46533,471393,0.014147,0.0,0.0,ok
microsam_vit_l_em_organelles,er,empiar_13156_hela_stard3_er,EMPIAR-13156,star_00066,sparse,8,STARD3_FA_YA/image151.tif,vit_l_em_organelles,3.431,0.0,0.0,0.0,0.0,0.0,0.998164,0.9984,0,26833,3974,16746409,3974,26833,472770,0.008406,0.0,0.0,ok
microsam_vit_l_em_organelles,er,empiar_13156_hela_stard3_er,EMPIAR-13156,star_00067,sparse,8,STARD3_FA_YA/image176.tif,vit_l_em_organelles,3.446,0.0,0.0,0.0,0.0,0.0,0.997896,0.998374,0,27275,8030,16741911,8030,27275,622528,0.012899,0.0,0.0,ok
microsam_vit_l_em_organelles,er,empiar_13156_hela_stard3_er,EMPIAR-13156,star_00068,sparse,8,STARD3_FA_YA/image201.tif,vit_l_em_organelles,3.469,0.0,0.0,0.0,0.0,0.0,0.996634,0.997079,0,48986,7486,16720744,7486,48986,626400,0.011951,0.0,0.021609,ok
microsam_vit_l_em_organelles,er,empiar_13156_hela_stard3_er,EMPIAR-13156,star_00069,sparse,8,STARD3_FA_YA/image226.tif,vit_l_em_organelles,3.47,0.0,0.0,0.0,0.0,0.0,0.996715,0.997078,0,49009,6106,16722101,6106,49009,645474,0.00946,0.0,0.0,ok
microsam_vit_l_em_organelles,er,empiar_13156_hela_stard3_er,EMPIAR-13156,star_00070,sparse,8,STARD3_FA_YA/image251.tif,vit_l_em_organelles,3.573,0.000467,0.000234,0.000301,0.001042,0.000467,0.996938,0.997622,12,39865,11507,16725832,11519,39877,704688,0.016346,0.0,0.025672,ok
microsam_vit_l_em_organelles,er,empiar_13156_hela_stard3_er,EMPIAR-13156,star_00071,sparse,8,STARD3_FA_YA/image276.tif,vit_l_em_organelles,3.74,0.0,0.0,0.0,0.0,0.0,0.997158,0.997853,0,35993,11682,16729541,11682,35993,1132738,0.010313,0.0,0.0,ok
microsam_vit_l_em_organelles,er,empiar_13156_hela_stard3_er,EMPIAR-13156,star_00072,sparse,8,STARD3_FA_YA/image301.tif,vit_l_em_organelles,3.52,0.002389,0.001196,0.0015,0.005865,0.002389,0.996067,0.996863,79,52591,13391,16711155,13470,52670,795744,0.016928,0.0,0.023153,ok
microsam_vit_l_em_organelles,er,empiar_13156_hela_stard3_er,EMPIAR-13156,star_00073,sparse,8,STARD3_FA_YA/image326.tif,vit_l_em_organelles,3.669,0.000425,0.000212,0.000242,0.001713,0.000425,0.995509,0.996063,16,66023,9326,16701851,9342,66039,1200615,0.007781,0.0,0.013347,ok
microsam_vit_l_em_organelles,er,empiar_13156_hela_stard3_er,EMPIAR-13156,star_00074,sparse,8,STARD3_FA_YA/image351.tif,vit_l_em_organelles,3.47,0.0,0.0,0.0,0.0,0.0,0.99704,0.997524,0,41514,8140,16727562,8140,41514,794664,0.010243,0.0,0.0,ok
microsam_vit_l_em_organelles,er,empiar_13156_hela_stard3_er,EMPIAR-13156,star_00075,sparse,8,STARD3_FA_YA/image376.tif,vit_l_em_organelles,3.428,0.0,0.0,0.0,0.0,0.0,0.997172,0.997716,0,38306,9147,16729763,9147,38306,1524453,0.006,0.0,0.0,ok
microsam_vit_l_em_organelles,er,empiar_13156_hela_stard3_er,EMPIAR-13156,star_00076,sparse,8,STARD3_FA_YA/image401.tif,vit_l_em_organelles,3.433,0.001839,0.00092,0.00113,0.004931,0.001839,0.997089,0.997629,45,39761,9081,16728329,9126,39806,1658727,0.005502,0.0,0.039301,ok
microsam_vit_l_em_organelles,er,empiar_13156_hela_stard3_er,EMPIAR-13156,star_00077,sparse,8,STARD3_FA_YA/image426.tif,vit_l_em_organelles,4.044,0.002748,0.001376,0.001707,0.007049,0.002748,0.996626,0.997279,78,45623,10987,16720528,11065,45701,1623625,0.006815,0.0,0.025665,ok
microsam_vit_l_em_organelles,er,empiar_13156_hela_stard3_er,EMPIAR-13156,star_00078,sparse,8,STARD3_FA_YA/image451.tif,vit_l_em_organelles,3.724,0.0,0.0,0.0,0.0,0.0,0.995304,0.996041,0,66367,12426,16698423,12426,66367,1689050,0.007357,0.0,0.007915,ok
microsam_vit_l_em_organelles,er,empiar_13156_hela_stard3_er,EMPIAR-13156,star_00079,sparse,8,STARD3_FA_YA/image476.tif,vit_l_em_organelles,3.661,0.0,0.0,0.0,0.0,0.0,0.994115,0.994746,0,88084,10657,16678475,10657,88084,1754610,0.006074,0.0,0.010689,ok
microsam_vit_l_em_organelles,er,empiar_13156_hela_stard3_er,EMPIAR-13156,star_00080,sparse,8,STARD3_FA_YA/image501.tif,vit_l_em_organelles,3.377,0.0,0.0,0.0,0.0,0.0,0.994218,0.994673,0,89330,7674,16680212,7674,89330,1725175,0.004448,0.0,0.0,ok
microsam_vit_l_em_organelles,er,empiar_13156_hela_stard3_er,EMPIAR-13156,star_00081,sparse,8,STARD3_FA_YA/image526.tif,vit_l_em_organelles,3.614,0.0,0.0,0.0,0.0,0.0,0.994038,0.994753,0,87975,12058,16677183,12058,87975,1913150,0.006303,0.0,0.008055,ok
microsam_vit_l_em_organelles,er,empiar_13156_hela_stard3_er,EMPIAR-13156,star_00082,sparse,8,STARD3_FA_YA/image551.tif,vit_l_em_organelles,3.391,0.000182,9.1e-05,9.3e-05,0.003353,0.000182,0.994753,0.994894,8,85659,2378,16689171,2386,85667,1772544,0.001346,0.0,0.011791,ok
microsam_vit_l_em_organelles,er,empiar_13156_hela_stard3_er,EMPIAR-13156,star_00083,sparse,8,STARD3_FA_YA/image576.tif,vit_l_em_organelles,3.4,0.0,0.0,0.0,0.0,0.0,0.993654,0.994184,0,97521,8944,16670751,8944,97521,2231080,0.004009,0.0,0.004391,ok
microsam_vit_l_em_organelles,er,lab_islet_liver_er,islet/liver-ER,C57_August_CD1_Islet1_5nm_00000,sparse,5.0,C57_August_CD1_Islet1_5nm (52da818e-dd00-455e-9ffa-acaf33ca03d3),vit_l_em_organelles,0.509,0.000278,0.000139,0.000221,0.000372,0.000278,0.999142,0.999462,2,9028,5368,16762818,5370,9030,90022,0.059652,0.0,0.007493,ok
microsam_vit_l_em_organelles,er,lab_islet_liver_er,islet/liver-ER,C57_August_CD1_Islet1_5nm_00001,sparse,5.0,C57_August_CD1_Islet1_5nm (52da818e-dd00-455e-9ffa-acaf33ca03d3),vit_l_em_organelles,0.502,0.030407,0.015438,0.023629,0.042638,0.030407,0.998825,0.999239,309,12768,6938,16757201,7247,13077,105848,0.068466,0.0,0.029135,ok
microsam_vit_l_em_organelles,er,lab_islet_liver_er,islet/liver-ER,C57_August_CD1_Islet1_5nm_00002,sparse,5.0,C57_August_CD1_Islet1_5nm (52da818e-dd00-455e-9ffa-acaf33ca03d3),vit_l_em_organelles,0.509,0.006763,0.003393,0.005683,0.00835,0.006763,0.998512,0.999113,85,14873,10095,16752163,10180,14958,213532,0.047674,0.0,0.015246,ok
microsam_vit_l_em_organelles,er,lab_islet_liver_er,islet/liver-ER,C57_August_CD1_Islet1_5nm_00003,sparse,5.0,C57_August_CD1_Islet1_5nm (52da818e-dd00-455e-9ffa-acaf33ca03d3),vit_l_em_organelles,0.511,0.0,0.0,0.0,0.0,0.0,0.998892,0.999315,0,11483,7112,16758621,7112,11483,167790,0.042386,0.0,0.0,ok
microsam_vit_l_em_organelles,er,lab_islet_liver_er,islet/liver-ER,C57_August_CD1_Islet1_5nm_00004,sparse,5.0,C57_August_CD1_Islet1_5nm (52da818e-dd00-455e-9ffa-acaf33ca03d3),vit_l_em_organelles,0.875,0.0,0.0,0.0,0.0,0.0,0.999305,0.999708,0,4890,6778,16765548,6778,4890,65520,0.103449,0.0,0.0,ok
microsam_vit_l_em_organelles,er,lab_islet_liver_er,islet/liver-ER,C57_August_CD1_Islet1_5nm_00005,sparse,5.0,C57_August_CD1_Islet1_5nm (52da818e-dd00-455e-9ffa-acaf33ca03d3),vit_l_em_organelles,0.587,0.0,0.0,0.0,0.0,0.0,0.999037,0.999357,0,10786,5369,16761061,5369,10786,82302,0.065235,0.0,0.0,ok
microsam_vit_l_em_organelles,er,lab_islet_liver_er,islet/liver-ER,C57_August_CD2_Islet1_5nm_00000,sparse,5.0,C57_August_CD2_Islet1_5nm (653b3562-e697-40c1-9387-a1fc566be74a),vit_l_em_organelles,0.508,0.00239,0.001196,0.001697,0.004038,0.00239,0.998855,0.999193,23,13530,5673,16757990,5696,13553,110679,0.051464,0.0,0.048276,ok
microsam_vit_l_em_organelles,er,lab_islet_liver_er,islet/liver-ER,C57_August_CD2_Islet1_5nm_00001,sparse,5.0,C57_August_CD2_Islet1_5nm (653b3562-e697-40c1-9387-a1fc566be74a),vit_l_em_organelles,0.791,0.0,0.0,0.0,0.0,0.0,0.999724,0.999837,0,2732,1902,16772582,1902,2732,30690,0.061975,0.0,0.0,ok
microsam_vit_l_em_organelles,er,lab_islet_liver_er,islet/liver-ER,C57_August_CD2_Islet1_5nm_00002,sparse,5.0,C57_August_CD2_Islet1_5nm (653b3562-e697-40c1-9387-a1fc566be74a),vit_l_em_organelles,0.517,0.0,0.0,0.0,0.0,0.0,0.997424,0.99862,0,23123,20101,16733992,20101,23123,145184,0.138452,0.0,0.005169,ok
microsam_vit_l_em_organelles,er,lab_islet_liver_er,islet/liver-ER,C57_August_CD2_Islet1_5nm_00003,sparse,5.0,C57_August_CD2_Islet1_5nm (653b3562-e697-40c1-9387-a1fc566be74a),vit_l_em_organelles,0.5,0.0,0.0,0.0,0.0,0.0,0.999269,0.999566,0,7276,4994,16764946,4994,7276,92274,0.054121,0.0,0.0,ok
microsam_vit_l_em_organelles,er,lab_islet_liver_er,islet/liver-ER,C57_August_CD2_Islet1_5nm_00004,sparse,5.0,C57_August_CD2_Islet1_5nm (653b3562-e697-40c1-9387-a1fc566be74a),vit_l_em_organelles,0.503,0.0,0.0,0.0,0.0,0.0,0.999405,0.999557,0,7439,2540,16767237,2540,7439,104601,0.024283,0.0,0.0,ok
microsam_vit_l_em_organelles,er,lab_islet_liver_er,islet/liver-ER,C57_August_CD2_Islet1_5nm_00005,sparse,5.0,C57_August_CD2_Islet1_5nm (653b3562-e697-40c1-9387-a1fc566be74a),vit_l_em_organelles,0.507,0.0,0.0,0.0,0.0,0.0,0.999303,0.999862,0,2311,9380,16765525,9380,2311,96120,0.097586,0.0,0.0,ok
microsam_vit_l_em_organelles,er,lab_islet_liver_er,islet/liver-ER,C57_August_CD2_Islet1_5nm_00006,sparse,5.0,C57_August_CD2_Islet1_5nm (653b3562-e697-40c1-9387-a1fc566be74a),vit_l_em_organelles,0.495,0.0,0.0,0.0,0.0,0.0,0.999825,0.999952,0,811,2118,16774287,2118,811,22344,0.094791,0.0,0.0,ok
microsam_vit_l_em_organelles,er,lab_islet_liver_er,islet/liver-ER,C57_August_CD3_Islet1_5nm_00000,sparse,5.0,C57_August_CD3_Islet1_5nm (ff41fb16-1ae0-4fea-a19c-8573dec13b9b),vit_l_em_organelles,0.516,0.003281,0.001643,0.004724,0.002513,0.003281,0.998334,0.999422,46,9691,18257,16749222,18303,9737,201940,0.090636,0.0,0.042443,ok
microsam_vit_l_em_organelles,er,lab_islet_liver_er,islet/liver-ER,C57_August_CD3_Islet1_5nm_00001,sparse,5.0,C57_August_CD3_Islet1_5nm (ff41fb16-1ae0-4fea-a19c-8573dec13b9b),vit_l_em_organelles,0.51,0.0,0.0,0.0,0.0,0.0,0.998419,0.999171,0,13899,12619,16750698,12619,13899,127696,0.098821,0.0,0.009459,ok
microsam_vit_l_em_organelles,er,lab_islet_liver_er,islet/liver-ER,C57_August_CD3_Islet1_5nm_00002,sparse,5.0,C57_August_CD3_Islet1_5nm (ff41fb16-1ae0-4fea-a19c-8573dec13b9b),vit_l_em_organelles,0.511,0.00025,0.000125,0.001004,0.000143,0.00025,0.998571,0.999822,3,2984,20991,16753238,20994,2987,177572,0.118228,0.0,0.010635,ok
microsam_vit_l_em_organelles,er,lab_islet_liver_er,islet/liver-ER,C57_August_CD3_Islet1_5nm_00003,sparse,5.0,C57_August_CD3_Islet1_5nm (ff41fb16-1ae0-4fea-a19c-8573dec13b9b),vit_l_em_organelles,0.507,0.0,0.0,0.0,0.0,0.0,0.998762,0.999394,0,10161,10606,16756449,10606,10161,140188,0.075656,0.0,0.0,ok
microsam_vit_l_em_organelles,er,lab_islet_liver_er,islet/liver-ER,C57_August_CR1_Islet1_5nm_00000,sparse,5.0,C57_August_CR1_Islet1_5nm (35bc272b-5c55-4216-997e-b60163e05e4a),vit_l_em_organelles,0.512,0.001857,0.000929,0.002838,0.00138,0.001857,0.998847,0.999623,18,6325,13027,16757846,13045,6343,130325,0.100096,0.0,0.014953,ok
microsam_vit_l_em_organelles,er,lab_islet_liver_er,islet/liver-ER,C57_August_CR1_Islet1_5nm_00001,sparse,5.0,C57_August_CR1_Islet1_5nm (35bc272b-5c55-4216-997e-b60163e05e4a),vit_l_em_organelles,0.501,0.0,0.0,0.0,0.0,0.0,0.999173,0.999742,0,4330,9541,16763345,9541,4330,144228,0.066152,0.0,0.0,ok
microsam_vit_l_em_organelles,er,lab_islet_liver_er,islet/liver-ER,C57_August_CR2_Islet2_5nm_00000,sparse,5.0,C57_August_CR2_Islet2_5nm (cb5d7426-6157-420b-907a-b7b295cb9d14),vit_l_em_organelles,0.498,0.0,0.0,0.0,0.0,0.0,0.999091,0.999635,0,6118,9128,16761970,9128,6118,114933,0.07942,0.0,0.0,ok
microsam_vit_l_em_organelles,er,lab_islet_liver_er,islet/liver-ER,C57_August_CR2_Islet2_5nm_00001,sparse,5.0,C57_August_CR2_Islet2_5nm (cb5d7426-6157-420b-907a-b7b295cb9d14),vit_l_em_organelles,0.511,0.016024,0.008077,0.017829,0.014551,0.016024,0.998595,0.999369,192,10577,13003,16753444,13195,10769,189154,0.069758,0.0,0.04155,ok
microsam_vit_l_em_organelles,er,lab_islet_liver_er,islet/liver-ER,C57_August_CR3_Islet1_5nm_00000,sparse,5.0,C57_August_CR3_Islet1_5nm (eec267e5-ef64-4d24-b3a0-b719965ba1db),vit_l_em_organelles,0.521,0.0,0.0,0.0,0.0,0.0,0.998984,0.999668,0,5558,11495,16760163,11495,5558,218624,0.052579,0.0,0.0,ok
microsam_vit_l_em_organelles,er,lab_islet_liver_er,islet/liver-ER,C57_August_CR3_Islet1_5nm_00001,sparse,5.0,C57_August_CR3_Islet1_5nm (eec267e5-ef64-4d24-b3a0-b719965ba1db),vit_l_em_organelles,0.516,0.00783,0.003931,0.010033,0.006421,0.00783,0.996888,0.998786,206,20326,31878,16724806,32084,20532,257048,0.124817,0.0,0.013007,ok
microsam_vit_l_em_organelles,er,lab_islet_liver_er,islet/liver-ER,C57_August_CR3_Islet2_5nm_00000,sparse,5.0,C57_August_CR3_Islet2_5nm (11f3e2c0-415f-4f10-b77d-5b9d44403374),vit_l_em_organelles,0.49,0.007796,0.003913,0.00721,0.008486,0.007796,0.999408,0.99968,39,5370,4557,16767250,4596,5409,53654,0.08566,0.0,0.015709,ok
microsam_vit_l_em_organelles,er,lab_islet_liver_er,islet/liver-ER,Liver_13C_Wafer1_Section1_1h_5nm_00000,sparse,5.0,Liver_13C_Wafer1_Section1_1h_5nm (68bfadaf-3f24-418c-b038-cdd3471f23b9),vit_l_em_organelles,0.603,0.042536,0.02173,0.037047,0.049935,0.042536,0.986876,0.992378,4891,127130,93057,16552138,97948,132021,1004544,0.097505,0.0,0.062217,ok
microsam_vit_l_em_organelles,er,lab_islet_liver_er,islet/liver-ER,Liver_13C_Wafer1_Section1_1h_5nm_00001,sparse,5.0,Liver_13C_Wafer1_Section1_1h_5nm (68bfadaf-3f24-418c-b038-cdd3471f23b9),vit_l_em_organelles,0.598,0.018341,0.009255,0.014276,0.025641,0.018341,0.988572,0.992598,1791,123664,68058,16583703,69849,125455,594828,0.117427,0.002476,0.071383,ok
microsam_vit_l_em_organelles,er,lab_islet_liver_er,islet/liver-ER,Liver_13C_Wafer1_Section1_1h_5nm_00002,sparse,5.0,Liver_13C_Wafer1_Section1_1h_5nm (68bfadaf-3f24-418c-b038-cdd3471f23b9),vit_l_em_organelles,0.599,0.010591,0.005324,0.008072,0.015395,0.010591,0.990478,0.993717,855,105062,54684,16616615,55539,105917,786324,0.070631,0.0,0.032822,ok
microsam_vit_l_em_organelles,er,lab_islet_liver_er,islet/liver-ER,Liver_13C_Wafer1_Section1_1h_5nm_00003,sparse,5.0,Liver_13C_Wafer1_Section1_1h_5nm (68bfadaf-3f24-418c-b038-cdd3471f23b9),vit_l_em_organelles,0.629,0.025224,0.012773,0.018912,0.037862,0.025224,0.980951,0.98713,4135,214515,105077,16453489,109212,218650,725868,0.150457,0.0,0.03329,ok
microsam_vit_l_em_organelles,er,lab_islet_liver_er,islet/liver-ER,Liver_13C_Wafer1_Section1_1h_5nm_00004,sparse,5.0,Liver_13C_Wafer1_Section1_1h_5nm (68bfadaf-3f24-418c-b038-cdd3471f23b9),vit_l_em_organelles,0.619,0.039981,0.020398,0.030633,0.057539,0.039981,0.979488,0.986383,7166,226761,117375,16425914,124541,233927,1053696,0.118194,0.0176,0.169606,ok
microsam_vit_l_em_organelles,er,lab_islet_liver_er,islet/liver-ER,Liver_13C_Wafer1_Section1_1h_5nm_00005,sparse,5.0,Liver_13C_Wafer1_Section1_1h_5nm (68bfadaf-3f24-418c-b038-cdd3471f23b9),vit_l_em_organelles,0.571,0.032892,0.016721,0.04261,0.026783,0.032892,0.986271,0.994708,3917,88009,142331,16542959,146248,91926,750905,0.194762,0.02811,0.030366,ok
microsam_vit_l_em_organelles,er,lab_islet_liver_er,islet/liver-ER,Liver_13C_Wafer1_Section2_2_5h_5nm_00000,sparse,5.0,Liver_13C_Wafer1_Section2_2_5h_5nm (2013eb07-4dc4-4e54-bd84-60da68eaea58),vit_l_em_organelles,0.572,0.004976,0.002494,0.003408,0.009214,0.004976,0.987508,0.990836,524,153230,56346,16567116,56870,153754,765625,0.074279,0.0,0.062601,ok
microsam_vit_l_em_organelles,er,lab_islet_liver_er,islet/liver-ER,Liver_13C_Wafer1_Section2_2_5h_5nm_00001,sparse,5.0,Liver_13C_Wafer1_Section2_2_5h_5nm (2013eb07-4dc4-4e54-bd84-60da68eaea58),vit_l_em_organelles,0.536,0.000897,0.000449,0.000797,0.001027,0.000897,0.990177,0.994445,74,92801,72001,16612340,72075,92875,386636,0.186416,0.0,0.025261,ok
microsam_vit_l_em_organelles,er,lab_islet_liver_er,islet/liver-ER,Liver_13C_Wafer1_Section2_2_5h_5nm_00002,sparse,5.0,Liver_13C_Wafer1_Section2_2_5h_5nm (2013eb07-4dc4-4e54-bd84-60da68eaea58),vit_l_em_organelles,0.963,0.015926,0.008027,0.019971,0.013244,0.015926,0.983515,0.993387,2238,109825,166744,16498409,168982,112063,774175,0.218274,0.0,0.049819,ok
microsam_vit_l_em_organelles,er,lab_islet_liver_er,islet/liver-ER,Liver_13C_Wafer1_Section2_2_5h_5nm_00003,sparse,5.0,Liver_13C_Wafer1_Section2_2_5h_5nm (2013eb07-4dc4-4e54-bd84-60da68eaea58),vit_l_em_organelles,0.793,0.011053,0.005557,0.009355,0.013502,0.011053,0.98063,0.988445,1816,192300,132679,16450421,134495,194116,728355,0.184656,0.0,0.153158,ok
microsam_vit_l_em_organelles,er,lab_islet_liver_er,islet/liver-ER,Liver_13C_Wafer1_Section2_2_5h_5nm_00004,sparse,5.0,Liver_13C_Wafer1_Section2_2_5h_5nm (2013eb07-4dc4-4e54-bd84-60da68eaea58),vit_l_em_organelles,0.827,0.001639,0.00082,0.001371,0.002038,0.001639,0.984825,0.99087,209,152240,102362,16522405,102571,152449,648270,0.158223,0.0,0.029774,ok
microsam_vit_l_em_organelles,er,lab_islet_liver_er,islet/liver-ER,Liver_13C_Wafer1_Section2_2_5h_5nm_00005,sparse,5.0,Liver_13C_Wafer1_Section2_2_5h_5nm (2013eb07-4dc4-4e54-bd84-60da68eaea58),vit_l_em_organelles,0.558,0.009673,0.00486,0.007237,0.01458,0.009673,0.989369,0.992853,871,119483,58870,16597992,59741,120354,482735,0.123755,0.0,0.068102,ok
microsam_vit_l_em_organelles,er,lab_islet_liver_er,islet/liver-ER,Liver_13C_Wafer1_Section2_2_5h_5nm_00006,sparse,5.0,Liver_13C_Wafer1_Section2_2_5h_5nm (2013eb07-4dc4-4e54-bd84-60da68eaea58),vit_l_em_organelles,0.603,0.015034,0.007574,0.011254,0.022638,0.015034,0.982888,0.98846,2191,192496,94593,16487936,96784,194687,725783,0.133351,0.0,0.11476,ok
microsam_vit_l_em_organelles,er,lab_islet_liver_er,islet/liver-ER,Liver_13C_Wafer1_Section2_2_5h_5nm_00007,sparse,5.0,Liver_13C_Wafer1_Section2_2_5h_5nm (2013eb07-4dc4-4e54-bd84-60da68eaea58),vit_l_em_organelles,0.715,0.008387,0.004211,0.005975,0.014065,0.008387,0.975743,0.982808,1721,286327,120639,16368529,122360,288048,863964,0.141626,0.0,0.107369,ok
microsam_vit_l_em_organelles,er,lab_islet_liver_er,islet/liver-ER,Liver_13C_Wafer1_Section2_2_5h_5nm_00008,sparse,5.0,Liver_13C_Wafer1_Section2_2_5h_5nm (2013eb07-4dc4-4e54-bd84-60da68eaea58),vit_l_em_organelles,0.572,0.005641,0.002829,0.003896,0.010217,0.005641,0.98401,0.988353,761,194545,73722,16508188,74483,195306,523491,0.142281,0.0,0.064795,ok
microsam_vit_l_em_organelles,er,lab_islet_liver_er,islet/liver-ER,R396_Mosaic_48hour_ROI1_00000,sparse,5.0,R396_Mosaic_48hour_ROI1 (9eb5255b-0e5c-4480-89e2-a73cb3614c5e),vit_l_em_organelles,0.51,0.000197,9.8e-05,0.000174,0.000227,0.000197,0.999394,0.999657,1,5755,4408,16767052,4409,5756,97344,0.045293,0.0,0.01447,ok
microsam_vit_l_em_organelles,er,lab_islet_liver_er,islet/liver-ER,R396_Mosaic_48hour_ROI1_00001,sparse,5.0,R396_Mosaic_48hour_ROI1 (9eb5255b-0e5c-4480-89e2-a73cb3614c5e),vit_l_em_organelles,0.501,5.1e-05,2.6e-05,0.000155,3.1e-05,5.1e-05,0.997682,0.999614,1,6470,32424,16738321,32425,6471,163564,0.19824,0.0,0.013967,ok
microsam_vit_l_em_organelles,er,lab_islet_liver_er,islet/liver-ER,R396_Mosaic_48hour_ROI1_00002,sparse,5.0,R396_Mosaic_48hour_ROI1 (9eb5255b-0e5c-4480-89e2-a73cb3614c5e),vit_l_em_organelles,0.505,0.001644,0.000822,0.003203,0.001105,0.001644,0.997755,0.999424,31,9646,28015,16739524,28046,9677,155211,0.180696,0.0,0.023609,ok
microsam_vit_l_em_organelles,er,lab_islet_liver_er,islet/liver-ER,R396_Mosaic_48hour_ROI1_00003,sparse,5.0,R396_Mosaic_48hour_ROI1 (9eb5255b-0e5c-4480-89e2-a73cb3614c5e),vit_l_em_organelles,0.492,0.0,0.0,0.0,0.0,0.0,0.998544,0.999609,0,6547,17882,16752787,17882,6547,142120,0.125823,0.0,0.001568,ok
microsam_vit_l_em_organelles,er,lab_islet_liver_er,islet/liver-ER,R396_Mosaic_48hour_ROI1_00004,sparse,5.0,R396_Mosaic_48hour_ROI1 (9eb5255b-0e5c-4480-89e2-a73cb3614c5e),vit_l_em_organelles,0.495,0.0,0.0,0.0,0.0,0.0,0.999466,0.999622,0,6343,2610,16768263,2610,6343,42196,0.061854,0.0,0.00471,ok
microsam_vit_l_em_organelles,er,lab_islet_liver_er,islet/liver-ER,R396_Mosaic_48hour_ROI1_00005,sparse,5.0,R396_Mosaic_48hour_ROI1 (9eb5255b-0e5c-4480-89e2-a73cb3614c5e),vit_l_em_organelles,0.489,0.00121,0.000606,0.002653,0.000784,0.00121,0.999607,0.99991,4,1504,5097,16770611,5101,1508,101500,0.050256,0.0,0.010716,ok
microsam_vit_l_em_organelles,er,lab_islet_liver_er,islet/liver-ER,R396_Mosaic_48hour_ROI1_00006,sparse,5.0,R396_Mosaic_48hour_ROI1 (9eb5255b-0e5c-4480-89e2-a73cb3614c5e),vit_l_em_organelles,0.651,0.0,0.0,0.0,0.0,0.0,0.999353,0.999851,0,2500,8353,16766363,8353,2500,122150,0.068383,0.0,0.005267,ok
microsam_vit_l_em_organelles,er,lab_islet_liver_er,islet/liver-ER,R396_Mosaic_48hour_ROI1_00007,sparse,5.0,R396_Mosaic_48hour_ROI1 (9eb5255b-0e5c-4480-89e2-a73cb3614c5e),vit_l_em_organelles,0.499,0.006556,0.003289,0.007042,0.006132,0.006556,0.99953,0.999781,26,3666,4214,16769310,4240,3692,103800,0.040848,0.006836,0.021043,ok
microsam_vit_l_em_organelles,er,lab_islet_liver_er,islet/liver-ER,R396_Mosaic_48hour_ROI1_00008,sparse,5.0,R396_Mosaic_48hour_ROI1 (9eb5255b-0e5c-4480-89e2-a73cb3614c5e),vit_l_em_organelles,0.495,0.003964,0.001986,0.004087,0.003848,0.003964,0.999281,0.999651,24,5848,6213,16765131,6237,5872,55120,0.113153,0.0,0.070733,ok
microsam_vit_l_em_organelles,er,lab_islet_liver_er,islet/liver-ER,R396_Mosaic_48hour_ROI1_00009,sparse,5.0,R396_Mosaic_48hour_ROI1 (9eb5255b-0e5c-4480-89e2-a73cb3614c5e),vit_l_em_organelles,0.5,0.002572,0.001288,0.003914,0.001915,0.002572,0.998844,0.99962,25,6363,13028,16757800,13053,6388,142080,0.091871,0.0,0.027126,ok
microsam_vit_l_em_organelles,er,lab_islet_liver_er,islet/liver-ER,R396_Mosaic_48hour_ROI1_00010,sparse,5.0,R396_Mosaic_48hour_ROI1 (9eb5255b-0e5c-4480-89e2-a73cb3614c5e),vit_l_em_organelles,0.495,0.0,0.0,0.0,0.0,0.0,0.999568,0.999894,0,1773,5483,16769960,5483,1773,106904,0.051289,0.0,0.001347,ok
microsam_vit_l_em_organelles,er,lab_islet_liver_er,islet/liver-ER,R396_Mosaic_48hour_ROI1_00011,sparse,5.0,R396_Mosaic_48hour_ROI1 (9eb5255b-0e5c-4480-89e2-a73cb3614c5e),vit_l_em_organelles,0.492,0.0,0.0,0.0,0.0,0.0,0.999792,0.999889,0,1861,1626,16773729,1626,1861,62640,0.025958,0.0,0.011704,ok
microsam_vit_l_em_organelles,er,lab_islet_liver_er,islet/liver-ER,R396_Mosaic_48hour_ROI1_00012,sparse,5.0,R396_Mosaic_48hour_ROI1 (9eb5255b-0e5c-4480-89e2-a73cb3614c5e),vit_l_em_organelles,0.493,0.0,0.0,0.0,0.0,0.0,0.999319,0.99972,0,4704,6725,16765787,6725,4704,76368,0.08806,0.0,0.008538,ok
microsam_vit_l_em_organelles,er,lab_islet_liver_er,islet/liver-ER,R396_Mosaic_48hour_ROI1_00013,sparse,5.0,R396_Mosaic_48hour_ROI1 (9eb5255b-0e5c-4480-89e2-a73cb3614c5e),vit_l_em_organelles,0.503,0.001911,0.000956,0.004891,0.001187,0.001911,0.999315,0.999867,11,2238,9253,16765714,9264,2249,118686,0.078055,0.0,0.029672,ok
microsam_vit_l_em_organelles,er,lab_islet_liver_er,islet/liver-ER,R396_Mosaic_48hour_ROI1_00014,sparse,5.0,R396_Mosaic_48hour_ROI1 (9eb5255b-0e5c-4480-89e2-a73cb3614c5e),vit_l_em_organelles,0.498,0.0,0.0,0.0,0.0,0.0,0.998766,0.999968,0,543,20157,16756516,20157,543,137856,0.146218,0.0,0.0,ok
microsam_vit_l_em_organelles,er,lab_islet_liver_er,islet/liver-ER,R400_48H_Islet2_00000,sparse,5.0,R400_48H_Islet2 (79ef71d4-69e2-46bd-919d-334a998dd9c7),vit_l_em_organelles,0.525,0.000366,0.000183,0.000744,0.000243,0.000366,0.997396,0.999359,8,10738,32944,16733526,32952,10746,343720,0.095869,0.0,0.011286,ok
microsam_vit_l_em_organelles,er,lab_islet_liver_er,islet/liver-ER,R400_48H_Islet2_00001,sparse,5.0,R400_48H_Islet2 (79ef71d4-69e2-46bd-919d-334a998dd9c7),vit_l_em_organelles,0.509,0.0,0.0,0.0,0.0,0.0,0.999409,0.999769,0,3873,6049,16767294,6049,3873,180960,0.033427,0.0,0.000694,ok
microsam_vit_l_em_organelles,er,lab_islet_liver_er,islet/liver-ER,R400_48H_Islet2_00002,sparse,5.0,R400_48H_Islet2 (79ef71d4-69e2-46bd-919d-334a998dd9c7),vit_l_em_organelles,0.521,0.000197,9.8e-05,0.000586,0.000118,0.000197,0.999394,0.999898,1,1705,8461,16767049,8462,1706,87308,0.096921,0.0,0.015031,ok
microsam_vit_l_em_organelles,er,lab_islet_liver_er,islet/liver-ER,R400_48H_Islet2_00003,sparse,5.0,R400_48H_Islet2 (79ef71d4-69e2-46bd-919d-334a998dd9c7),vit_l_em_organelles,0.526,0.0,0.0,0.0,0.0,0.0,0.999015,0.999478,0,8752,7777,16760687,7777,8752,189658,0.041005,0.0,0.009948,ok
microsam_vit_l_em_organelles,er,lab_islet_liver_er,islet/liver-ER,R400_48H_Islet2_00004,sparse,5.0,R400_48H_Islet2 (79ef71d4-69e2-46bd-919d-334a998dd9c7),vit_l_em_organelles,0.518,0.0,0.0,0.0,0.0,0.0,0.999524,0.999854,0,2444,5535,16769237,5535,2444,131660,0.04204,0.0,0.002647,ok
microsam_vit_l_em_organelles,er,lab_islet_liver_er,islet/liver-ER,R400_48H_Islet2_00005,sparse,5.0,R400_48H_Islet2 (79ef71d4-69e2-46bd-919d-334a998dd9c7),vit_l_em_organelles,0.543,0.003814,0.00191,0.007996,0.002504,0.003814,0.997665,0.999444,75,9305,29878,16737958,29953,9380,272700,0.109839,0.0,0.018359,ok
microsam_vit_l_em_organelles,er,lab_islet_liver_er,islet/liver-ER,R400_48H_Islet2_00006,sparse,5.0,R400_48H_Islet2 (79ef71d4-69e2-46bd-919d-334a998dd9c7),vit_l_em_organelles,0.512,0.000211,0.000105,0.000316,0.000158,0.000211,0.998303,0.999434,3,9484,18991,16748738,18994,9487,218799,0.08681,0.0,0.015015,ok
microsam_vit_l_em_organelles,er,lab_islet_liver_er,islet/liver-ER,R400_48H_Islet2_00007,sparse,5.0,R400_48H_Islet2 (79ef71d4-69e2-46bd-919d-334a998dd9c7),vit_l_em_organelles,0.804,0.0,0.0,0.0,0.0,0.0,0.998013,0.999786,0,3581,29761,16743874,29761,3581,421610,0.070589,0.0,0.0,ok
microsam_vit_l_em_organelles,er,lab_islet_liver_er,islet/liver-ER,R400_48H_Islet2_00008,sparse,5.0,R400_48H_Islet2 (79ef71d4-69e2-46bd-919d-334a998dd9c7),vit_l_em_organelles,0.531,0.005647,0.002831,0.006476,0.005005,0.005647,0.997607,0.998956,114,17489,22661,16736952,22775,17603,308286,0.073876,0.0,0.026419,ok
microsam_vit_l_em_organelles,er,lab_islet_liver_er,islet/liver-ER,R400_48H_Islet2_00009,sparse,5.0,R400_48H_Islet2 (79ef71d4-69e2-46bd-919d-334a998dd9c7),vit_l_em_organelles,0.735,0.002364,0.001184,0.004774,0.001571,0.002364,0.997183,0.999303,56,11674,35586,16729900,35642,11730,243718,0.146243,0.0,0.026939,ok
microsam_vit_l_em_organelles,er,lab_islet_liver_er,islet/liver-ER,R400_48H_Islet2_00010,sparse,5.0,R400_48H_Islet2 (79ef71d4-69e2-46bd-919d-334a998dd9c7),vit_l_em_organelles,0.523,0.001291,0.000646,0.002925,0.000829,0.001291,0.998064,0.999573,21,7159,25323,16744713,25344,7180,275080,0.092133,0.0,0.028048,ok
microsam_vit_l_em_organelles,er,lab_islet_liver_er,islet/liver-ER,R400_48H_Islet2_00011,sparse,5.0,R400_48H_Islet2 (79ef71d4-69e2-46bd-919d-334a998dd9c7),vit_l_em_organelles,0.517,0.002242,0.001122,0.003738,0.001601,0.002242,0.996657,0.998997,63,16793,39290,16721070,39353,16856,242949,0.16198,0.0,0.022448,ok
microsam_vit_l_em_organelles,er,lab_islet_liver_er,islet/liver-ER,R400_48H_Islet2_00012,sparse,5.0,R400_48H_Islet2 (79ef71d4-69e2-46bd-919d-334a998dd9c7),vit_l_em_organelles,0.522,5.2e-05,2.6e-05,6.8e-05,4.2e-05,5.2e-05,0.997717,0.999121,1,14733,23565,16738917,23566,14734,204204,0.115404,0.0,0.019491,ok
microsam_vit_l_em_organelles,er,lab_islet_liver_er,islet/liver-ER,R400_48H_Islet2_00013,sparse,5.0,R400_48H_Islet2 (79ef71d4-69e2-46bd-919d-334a998dd9c7),vit_l_em_organelles,0.528,0.000836,0.000418,0.001934,0.000534,0.000836,0.997437,0.999445,18,9287,33717,16734194,33735,9305,332212,0.101547,0.0,0.010582,ok
microsam_vit_l_em_organelles,er,lab_islet_liver_er,islet/liver-ER,R400_48H_Islet2_00014,sparse,5.0,R400_48H_Islet2 (79ef71d4-69e2-46bd-919d-334a998dd9c7),vit_l_em_organelles,0.523,0.003943,0.001975,0.010015,0.002454,0.003943,0.996747,0.999362,108,10676,43894,16722538,44002,10784,264843,0.166144,0.001362,0.034251,ok
microsam_vit_l_em_organelles,er,lab_islet_liver_er,islet/liver-ER,R400_48H_Islet2_00015,sparse,5.0,R400_48H_Islet2 (79ef71d4-69e2-46bd-919d-334a998dd9c7),vit_l_em_organelles,0.514,0.0,0.0,0.0,0.0,0.0,0.998104,0.999373,0,10498,21316,16745402,21316,10498,215760,0.098795,0.0,0.001111,ok
microsam_vit_l_em_organelles,er,lab_islet_liver_er,islet/liver-ER,R400_48H_Islet2_00016,sparse,5.0,R400_48H_Islet2 (79ef71d4-69e2-46bd-919d-334a998dd9c7),vit_l_em_organelles,0.522,0.000982,0.000491,0.002571,0.000607,0.000982,0.997817,0.999583,18,6982,29648,16740568,29666,7000,259700,0.114232,0.0,0.019172,ok
microsam_vit_l_em_organelles,er,lab_islet_liver_er,islet/liver-ER,R400_48H_Islet2_00017,sparse,5.0,R400_48H_Islet2 (79ef71d4-69e2-46bd-919d-334a998dd9c7),vit_l_em_organelles,0.509,0.003784,0.001895,0.005814,0.002804,0.003784,0.997332,0.999132,85,14535,30225,16732371,30310,14620,280314,0.108129,0.0,0.053678,ok
microsam_vit_l_em_organelles,er,lab_islet_liver_er,islet/liver-ER,R400_48H_Islet2_00018,sparse,5.0,R400_48H_Islet2 (79ef71d4-69e2-46bd-919d-334a998dd9c7),vit_l_em_organelles,0.509,0.0,0.0,0.0,0.0,0.0,0.998245,0.999767,0,3906,25542,16747768,25542,3906,249711,0.102286,0.0,0.005076,ok
microsam_vit_l_em_organelles,er,lab_islet_liver_er,islet/liver-ER,R400_48H_Islet2_00019,sparse,5.0,R400_48H_Islet2 (79ef71d4-69e2-46bd-919d-334a998dd9c7),vit_l_em_organelles,0.497,0.000912,0.000456,0.002159,0.000578,0.000912,0.998433,0.999669,12,5545,20746,16750913,20758,5557,91770,0.226196,0.0,0.024398,ok
microsam_vit_l_em_organelles,er,lab_islet_liver_er,islet/liver-ER,R400_48H_Islet2_00020,sparse,5.0,R400_48H_Islet2 (79ef71d4-69e2-46bd-919d-334a998dd9c7),vit_l_em_organelles,0.525,9e-05,4.5e-05,0.000193,5.9e-05,9e-05,0.997345,0.99938,2,10378,34167,16732669,34169,10380,231756,0.147435,0.0,0.018403,ok
microsam_vit_l_em_organelles,er,lab_islet_liver_er,islet/liver-ER,R400_48H_Islet2_00021,sparse,5.0,R400_48H_Islet2 (79ef71d4-69e2-46bd-919d-334a998dd9c7),vit_l_em_organelles,0.511,0.001015,0.000508,0.002258,0.000655,0.001015,0.997888,0.999525,18,7954,27482,16741762,27500,7972,321984,0.085408,0.0,0.026178,ok
microsam_vit_l_em_organelles,er,lab_islet_liver_er,islet/liver-ER,R400_48H_Islet2_00022,sparse,5.0,R400_48H_Islet2 (79ef71d4-69e2-46bd-919d-334a998dd9c7),vit_l_em_organelles,0.521,0.00024,0.00012,0.000525,0.000155,0.00024,0.996021,0.999089,8,15237,51514,16710457,51522,15245,272384,0.189152,0.0,0.009102,ok
microsam_vit_l_em_organelles,er,lab_islet_liver_er,islet/liver-ER,R409_T48h_Islet8_bin4_00000,sparse,5.0,R409_T48h_Islet8_bin4 (b41644c0-41ef-423d-a9d0-b8e8a42b15a2),vit_l_em_organelles,0.503,0.000978,0.000489,0.002141,0.000634,0.000978,0.998782,0.999722,10,4661,15767,16756778,15777,4671,129921,0.121435,0.0,0.007303,ok
microsam_vit_l_em_organelles,er,lab_islet_liver_er,islet/liver-ER,R409_T48h_Islet8_bin4_00001,sparse,5.0,R409_T48h_Islet8_bin4 (b41644c0-41ef-423d-a9d0-b8e8a42b15a2),vit_l_em_organelles,0.51,0.000146,7.3e-05,0.000126,0.000174,0.000146,0.999184,0.999527,1,7939,5754,16763522,5755,7940,166026,0.034663,0.0,0.006171,ok
microsam_vit_l_em_organelles,er,lab_islet_liver_er,islet/liver-ER,R409_T48h_Islet8_bin4_00002,sparse,5.0,R409_T48h_Islet8_bin4 (b41644c0-41ef-423d-a9d0-b8e8a42b15a2),vit_l_em_organelles,0.503,0.006434,0.003227,0.008027,0.005368,0.006434,0.999264,0.999705,40,4943,7411,16764822,7451,4983,195909,0.038033,0.0,0.026046,ok
microsam_vit_l_em_organelles,er,lab_islet_liver_er,islet/liver-ER,R409_T48h_Islet8_bin4_00003,sparse,5.0,R409_T48h_Islet8_bin4 (b41644c0-41ef-423d-a9d0-b8e8a42b15a2),vit_l_em_organelles,0.494,0.000455,0.000227,0.001638,0.000264,0.000455,0.999214,0.999891,3,1829,11357,16764027,11360,1832,64326,0.1766,0.0,0.019673,ok
microsam_vit_l_em_organelles,er,lab_islet_liver_er,islet/liver-ER,R409_T48h_Islet8_bin4_00004,sparse,5.0,R409_T48h_Islet8_bin4 (b41644c0-41ef-423d-a9d0-b8e8a42b15a2),vit_l_em_organelles,0.51,0.001817,0.000909,0.002424,0.001453,0.001817,0.999607,0.999853,6,2469,4124,16770617,4130,2475,203832,0.020262,0.0,0.032303,ok
microsam_vit_l_em_organelles,er,lab_islet_liver_er,islet/liver-ER,R409_T48h_Islet8_bin4_00005,sparse,5.0,R409_T48h_Islet8_bin4 (b41644c0-41ef-423d-a9d0-b8e8a42b15a2),vit_l_em_organelles,0.505,0.005807,0.002912,0.009401,0.004201,0.005807,0.999286,0.99978,35,3688,8296,16765197,8331,3723,113220,0.073582,0.004295,0.011222,ok
microsam_vit_l_em_organelles,er,lab_islet_liver_er,islet/liver-ER,R409_T48h_Islet8_bin4_00006,sparse,5.0,R409_T48h_Islet8_bin4 (b41644c0-41ef-423d-a9d0-b8e8a42b15a2),vit_l_em_organelles,0.512,0.0,0.0,0.0,0.0,0.0,0.999314,0.999776,0,3751,7762,16765703,7762,3751,108539,0.071513,0.0,0.002881,ok
microsam_vit_l_em_organelles,er,lab_islet_liver_er,islet/liver-ER,R409_T48h_Islet8_bin4_00007,sparse,5.0,R409_T48h_Islet8_bin4 (b41644c0-41ef-423d-a9d0-b8e8a42b15a2),vit_l_em_organelles,0.496,0.000156,7.8e-05,0.000421,9.6e-05,0.000156,0.999238,0.999858,1,2375,10410,16764430,10411,2376,168300,0.06186,0.0,0.009249,ok
microsam_vit_l_em_organelles,er,lab_islet_liver_er,islet/liver-ER,R409_T48h_Islet8_bin4_00008,sparse,5.0,R409_T48h_Islet8_bin4 (b41644c0-41ef-423d-a9d0-b8e8a42b15a2),vit_l_em_organelles,0.506,0.001224,0.000612,0.002902,0.000775,0.001224,0.999222,0.999836,8,2749,10308,16764151,10316,2757,140544,0.073401,0.0,0.008555,ok
microsam_vit_l_em_organelles,er,lab_islet_liver_er,islet/liver-ER,R409_T48h_Islet8_bin4_00009,sparse,5.0,R409_T48h_Islet8_bin4 (b41644c0-41ef-423d-a9d0-b8e8a42b15a2),vit_l_em_organelles,0.492,0.000701,0.00035,0.000846,0.000598,0.000701,0.99966,0.999859,2,2363,3343,16771508,3345,2365,81928,0.040829,0.0,0.010468,ok
microsam_vit_l_em_organelles,er,lab_islet_liver_er,islet/liver-ER,R409_T48h_Islet8_bin4_00010,sparse,5.0,R409_T48h_Islet8_bin4 (b41644c0-41ef-423d-a9d0-b8e8a42b15a2),vit_l_em_organelles,0.506,0.003144,0.001574,0.003735,0.002714,0.003144,0.999357,0.99973,17,4535,6246,16766418,6263,4552,104300,0.060048,0.0,0.012085,ok
microsam_vit_l_em_organelles,er,lab_islet_liver_er,islet/liver-ER,R409_T48h_Islet8_bin4_00011,sparse,5.0,R409_T48h_Islet8_bin4 (b41644c0-41ef-423d-a9d0-b8e8a42b15a2),vit_l_em_organelles,0.495,0.0,0.0,0.0,0.0,0.0,0.999698,0.999849,0,2526,2541,16772149,2541,2526,113220,0.022443,0.0,0.0,ok
microsam_vit_l_em_organelles,er,lab_islet_liver_er,islet/liver-ER,R409_T48h_Islet8_bin4_00012,sparse,5.0,R409_T48h_Islet8_bin4 (b41644c0-41ef-423d-a9d0-b8e8a42b15a2),vit_l_em_organelles,0.506,0.0,0.0,0.0,0.0,0.0,0.999755,0.999887,0,1892,2224,16773100,2224,1892,67816,0.032795,0.0,0.002736,ok
microsam_vit_l_em_organelles,er,lab_islet_liver_er,islet/liver-ER,R409_T48h_Islet8_bin4_00013,sparse,5.0,R409_T48h_Islet8_bin4 (b41644c0-41ef-423d-a9d0-b8e8a42b15a2),vit_l_em_organelles,0.501,0.0,0.0,0.0,0.0,0.0,0.999287,0.999611,0,6529,5432,16765255,5432,6529,124898,0.043491,0.0,0.004107,ok
microsam_vit_l_em_organelles,er,lab_islet_liver_er,islet/liver-ER,R409_T48h_Islet8_bin4_00014,sparse,5.0,R409_T48h_Islet8_bin4 (b41644c0-41ef-423d-a9d0-b8e8a42b15a2),vit_l_em_organelles,0.513,0.001039,0.00052,0.001599,0.000769,0.001039,0.999083,0.999702,8,4994,10392,16761822,10400,5002,70983,0.146514,0.0,0.019169,ok
microsam_vit_l_em_organelles,er,lab_islet_liver_er,islet/liver-ER,R409_T48h_Islet8_bin4_00015,sparse,5.0,R409_T48h_Islet8_bin4 (b41644c0-41ef-423d-a9d0-b8e8a42b15a2),vit_l_em_organelles,0.784,0.0,0.0,0.0,0.0,0.0,0.999773,0.999992,0,138,3669,16773409,3669,138,88844,0.041297,0.0,0.0,ok
microsam_vit_l_em_organelles,er,lab_islet_liver_er,islet/liver-ER,R409_T48h_Islet8_bin4_00016,sparse,5.0,R409_T48h_Islet8_bin4 (b41644c0-41ef-423d-a9d0-b8e8a42b15a2),vit_l_em_organelles,0.501,0.012571,0.006325,0.014177,0.011292,0.012571,0.999616,0.99983,41,2851,3590,16770734,3631,2892,122640,0.029607,0.013449,0.037383,ok
microsam_vit_l_em_organelles,er,lab_islet_liver_er,islet/liver-ER,R409_T48h_Islet8_bin4_00017,sparse,5.0,R409_T48h_Islet8_bin4 (b41644c0-41ef-423d-a9d0-b8e8a42b15a2),vit_l_em_organelles,0.499,0.000991,0.000496,0.001075,0.000919,0.000991,0.999279,0.999668,6,5574,6521,16765115,6527,5580,89960,0.072554,0.0,0.01355,ok
microsam_vit_l_em_organelles,er,lab_islet_liver_er,islet/liver-ER,R409_T48h_Islet8_bin4_00018,sparse,5.0,R409_T48h_Islet8_bin4 (b41644c0-41ef-423d-a9d0-b8e8a42b15a2),vit_l_em_organelles,0.508,0.001463,0.000732,0.001828,0.001219,0.001463,0.999593,0.999837,5,2730,4096,16770385,4101,2735,73272,0.05597,0.0,0.028597,ok
microsam_vit_l_em_organelles,er,lab_islet_liver_er,islet/liver-ER,R409_T48h_Islet8_bin4_00019,sparse,5.0,R409_T48h_Islet8_bin4 (b41644c0-41ef-423d-a9d0-b8e8a42b15a2),vit_l_em_organelles,0.771,0.001045,0.000523,0.001559,0.000786,0.001045,0.99886,0.999618,10,6403,12717,16758086,12727,6413,113013,0.112615,0.0,0.011982,ok
microsam_vit_l_em_organelles,er,lab_islet_liver_er,islet/liver-ER,R409_T48h_Islet8_bin4_00020,sparse,5.0,R409_T48h_Islet8_bin4 (b41644c0-41ef-423d-a9d0-b8e8a42b15a2),vit_l_em_organelles,0.504,0.000358,0.000179,0.000541,0.000268,0.000358,0.999335,0.99978,2,3696,7461,16766057,7463,3698,147028,0.050759,0.0,0.00814,ok
microsam_vit_l_em_organelles,er,lab_islet_liver_er,islet/liver-ER,R409_T48h_Islet8_bin4_00021,sparse,5.0,R409_T48h_Islet8_bin4 (b41644c0-41ef-423d-a9d0-b8e8a42b15a2),vit_l_em_organelles,0.519,0.0,0.0,0.0,0.0,0.0,0.999059,0.999513,0,8161,7634,16761421,7634,8161,201110,0.037959,0.0,0.0,ok
microsam_vit_l_em_organelles,er,lab_islet_liver_er,islet/liver-ER,R409_T48h_Islet8_bin4_00022,sparse,5.0,R409_T48h_Islet8_bin4 (b41644c0-41ef-423d-a9d0-b8e8a42b15a2),vit_l_em_organelles,0.507,0.0,0.0,0.0,0.0,0.0,0.999138,0.999688,0,5224,9243,16762749,9243,5224,130104,0.071043,0.0,0.0,ok
microsam_vit_l_em_organelles,er,lab_islet_liver_er,islet/liver-ER,R409_T48h_Islet8_bin4_00023,sparse,5.0,R409_T48h_Islet8_bin4 (b41644c0-41ef-423d-a9d0-b8e8a42b15a2),vit_l_em_organelles,0.51,0.0,0.0,0.0,0.0,0.0,0.999412,0.999701,0,5012,4853,16767351,4853,5012,130364,0.037227,0.0,0.0,ok
microsam_vit_l_em_organelles,er,lab_islet_liver_er,islet/liver-ER,R409_T48h_Islet8_bin4_00024,sparse,5.0,R409_T48h_Islet8_bin4 (b41644c0-41ef-423d-a9d0-b8e8a42b15a2),vit_l_em_organelles,0.526,0.0,0.0,0.0,0.0,0.0,0.999141,0.999763,0,3972,10432,16762812,10432,3972,176093,0.059241,0.0,0.003283,ok
microsam_vit_l_em_organelles,er,lab_islet_liver_er,islet/liver-ER,R409_T48h_Islet8_bin4_00025,sparse,5.0,R409_T48h_Islet8_bin4 (b41644c0-41ef-423d-a9d0-b8e8a42b15a2),vit_l_em_organelles,0.515,0.0,0.0,0.0,0.0,0.0,0.998944,0.999712,0,4833,12879,16759504,12879,4833,152889,0.084238,0.0,0.000898,ok
microsam_vit_l_em_organelles,er,lab_islet_liver_er,islet/liver-ER,R409_T48h_Islet8_bin4_00026,sparse,5.0,R409_T48h_Islet8_bin4 (b41644c0-41ef-423d-a9d0-b8e8a42b15a2),vit_l_em_organelles,0.553,0.001095,0.000548,0.001612,0.000829,0.001095,0.99913,0.999704,8,4956,9645,16762607,9653,4964,120540,0.080081,0.0,0.028681,ok
microsam_vit_l_em_organelles,er,lab_islet_liver_er,islet/liver-ER,R409_T48h_Islet8_bin4_00027,sparse,5.0,R409_T48h_Islet8_bin4 (b41644c0-41ef-423d-a9d0-b8e8a42b15a2),vit_l_em_organelles,0.51,0.000905,0.000453,0.001892,0.000595,0.000905,0.998816,0.999717,9,4747,15114,16757346,15123,4756,96884,0.156094,0.0,0.014727,ok
microsam_vit_l_em_organelles,er,lab_islet_liver_er,islet/liver-ER,R409_T48h_Islet8_bin4_00028,sparse,5.0,R409_T48h_Islet8_bin4 (b41644c0-41ef-423d-a9d0-b8e8a42b15a2),vit_l_em_organelles,0.529,0.004213,0.002111,0.007456,0.002936,0.004213,0.998507,0.999579,53,7055,17997,16752111,18050,7108,175770,0.102691,0.0,0.017915,ok
microsam_vit_l_em_organelles,er,lab_islet_liver_er,islet/liver-ER,R409_T48h_Islet8_bin4_00029,sparse,5.0,R409_T48h_Islet8_bin4 (b41644c0-41ef-423d-a9d0-b8e8a42b15a2),vit_l_em_organelles,0.504,0.001842,0.000922,0.001789,0.001898,0.001842,0.999419,0.999701,9,5021,4733,16767453,4742,5030,83916,0.056509,0.0,0.029868,ok
microsam_vit_l_em_organelles,er,lab_islet_liver_er,islet/liver-ER,R409_T48h_Islet8_bin4_00030,sparse,5.0,R409_T48h_Islet8_bin4 (b41644c0-41ef-423d-a9d0-b8e8a42b15a2),vit_l_em_organelles,0.505,0.0,0.0,0.0,0.0,0.0,0.99942,0.99963,0,6214,3511,16767491,3511,6214,63882,0.054961,0.0,0.001387,ok
microsam_vit_l_em_organelles,er,lab_islet_liver_er,islet/liver-ER,SEM_R399_Islet_48h_00000,sparse,5.0,SEM_R399_Islet_48h (c971718a-e547-439a-b79c-053e6cb4fe81),vit_l_em_organelles,0.528,0.0,0.0,0.0,0.0,0.0,0.999418,0.999737,0,4412,5359,16767445,5359,4412,71685,0.074758,0.0,0.00493,ok
microsam_vit_l_em_organelles,er,lab_islet_liver_er,islet/liver-ER,SEM_R399_Islet_48h_00001,sparse,5.0,SEM_R399_Islet_48h (c971718a-e547-439a-b79c-053e6cb4fe81),vit_l_em_organelles,0.505,0.011327,0.005696,0.008968,0.015371,0.011327,0.998876,0.999288,108,11935,6918,16758255,7026,12043,113208,0.062063,0.0,0.072917,ok
microsam_vit_l_em_organelles,er,lab_islet_liver_er,islet/liver-ER,SEM_R399_Islet_48h_00002,sparse,5.0,SEM_R399_Islet_48h (c971718a-e547-439a-b79c-053e6cb4fe81),vit_l_em_organelles,0.51,0.007586,0.003808,0.01772,0.004826,0.007586,0.996663,0.999291,214,11863,44126,16721013,44340,12077,190400,0.232878,0.0,0.048862,ok
microsam_vit_l_em_organelles,er,lab_islet_liver_er,islet/liver-ER,SEM_R399_Islet_48h_00003,sparse,5.0,SEM_R399_Islet_48h (c971718a-e547-439a-b79c-053e6cb4fe81),vit_l_em_organelles,0.5,0.000416,0.000208,0.00055,0.000335,0.000416,0.998855,0.999566,4,7270,11936,16758006,11940,7274,158000,0.07557,0.00161,0.001582,ok
microsam_vit_l_em_organelles,er,lab_islet_liver_er,islet/liver-ER,SEM_R399_Islet_48h_00004,sparse,5.0,SEM_R399_Islet_48h (c971718a-e547-439a-b79c-053e6cb4fe81),vit_l_em_organelles,0.499,0.000531,0.000266,0.000671,0.00044,0.000531,0.99843,0.999378,7,10418,15917,16750874,15924,10425,146113,0.108984,0.0,0.006559,ok
microsam_vit_l_em_organelles,er,lab_islet_liver_er,islet/liver-ER,SEM_R399_Islet_48h_00005,sparse,5.0,SEM_R399_Islet_48h (c971718a-e547-439a-b79c-053e6cb4fe81),vit_l_em_organelles,0.508,0.005373,0.002694,0.0061,0.0048,0.005373,0.998323,0.999261,76,12384,15756,16749000,15832,12460,170544,0.092832,0.0,0.046177,ok
microsam_vit_l_em_organelles,er,lab_islet_liver_er,islet/liver-ER,SEM_R399_Islet_48h_00006,sparse,5.0,SEM_R399_Islet_48h (c971718a-e547-439a-b79c-053e6cb4fe81),vit_l_em_organelles,0.505,0.009684,0.004866,0.015235,0.007098,0.009684,0.996245,0.99881,308,19908,43083,16713917,43391,20216,184988,0.234561,0.0,0.096629,ok
microsam_vit_l_em_organelles,er,lab_islet_liver_er,islet/liver-ER,SEM_R399_Islet_48h_00007,sparse,5.0,SEM_R399_Islet_48h (c971718a-e547-439a-b79c-053e6cb4fe81),vit_l_em_organelles,0.496,0.001222,0.000611,0.001787,0.000928,0.001222,0.99961,0.999867,4,2235,4305,16770672,4309,2239,69930,0.061619,0.0,0.024606,ok
microsam_vit_l_em_organelles,er,lab_islet_liver_er,islet/liver-ER,SEM_R399_Islet_48h_00008,sparse,5.0,SEM_R399_Islet_48h (c971718a-e547-439a-b79c-053e6cb4fe81),vit_l_em_organelles,0.528,0.002849,0.001427,0.002579,0.003182,0.002849,0.996412,0.998014,86,33259,26937,16716934,27023,33345,307360,0.08792,0.0,0.043826,ok
microsam_vit_l_em_organelles,er,lab_islet_liver_er,islet/liver-ER,SEM_R399_Islet_48h_00009,sparse,5.0,SEM_R399_Islet_48h (c971718a-e547-439a-b79c-053e6cb4fe81),vit_l_em_organelles,0.508,0.008191,0.004112,0.008426,0.007968,0.008191,0.997763,0.998912,155,18240,19298,16739523,19453,18395,201110,0.096728,0.006081,0.082432,ok
microsam_vit_l_em_organelles,er,lab_islet_liver_er,islet/liver-ER,SEM_R399_Islet_48h_00010,sparse,5.0,SEM_R399_Islet_48h (c971718a-e547-439a-b79c-053e6cb4fe81),vit_l_em_organelles,0.517,0.000511,0.000255,0.001315,0.000317,0.000511,0.995568,0.999137,19,14431,59929,16702837,59948,14450,353904,0.169391,0.0,0.017004,ok
microsam_vit_l_em_organelles,er,lab_islet_liver_er,islet/liver-ER,SEM_R399_Islet_48h_00011,sparse,5.0,SEM_R399_Islet_48h (c971718a-e547-439a-b79c-053e6cb4fe81),vit_l_em_organelles,0.856,0.005414,0.002714,0.005952,0.004966,0.005414,0.994525,0.997504,250,41755,50096,16685115,50346,42005,315276,0.159689,0.00319,0.042851,ok
microsam_vit_l_em_organelles,er,lab_islet_liver_er,islet/liver-ER,SEM_R399_Islet_48h_00012,sparse,5.0,SEM_R399_Islet_48h (c971718a-e547-439a-b79c-053e6cb4fe81),vit_l_em_organelles,0.521,0.001985,0.000993,0.00112,0.008727,0.001985,0.997063,0.997393,49,43716,5566,16727885,5615,43765,152084,0.03692,0.001032,0.038545,ok
microsam_vit_l_em_organelles,er,lab_islet_liver_er,islet/liver-ER,SEM_R399_Islet_48h_00013,sparse,5.0,SEM_R399_Islet_48h (c971718a-e547-439a-b79c-053e6cb4fe81),vit_l_em_organelles,0.521,0.004519,0.002265,0.002625,0.01622,0.004519,0.99782,0.99812,83,31534,5034,16740565,5117,31617,158900,0.032203,0.0,0.038248,ok
microsam_vit_l_em_organelles,er,lab_islet_liver_er,islet/liver-ER,SEM_R399_Islet_48h_00014,sparse,5.0,SEM_R399_Islet_48h (c971718a-e547-439a-b79c-053e6cb4fe81),vit_l_em_organelles,0.524,0.00351,0.001758,0.003551,0.00347,0.00351,0.997597,0.998811,71,19921,20392,16736832,20463,19992,185220,0.110479,0.0,0.051563,ok
microsam_vit_l_em_organelles,er,lab_islet_liver_er,islet/liver-ER,SEM_R399_Islet_48h_00015,sparse,5.0,SEM_R399_Islet_48h (c971718a-e547-439a-b79c-053e6cb4fe81),vit_l_em_organelles,0.514,0.007436,0.003732,0.022006,0.004474,0.007436,0.996722,0.999453,206,9155,45842,16722013,46048,9361,244398,0.188414,0.0,0.018235,ok
microsam_vit_l_em_organelles,er,lab_islet_liver_er,islet/liver-ER,SEM_R399_Islet_48h_00016,sparse,5.0,SEM_R399_Islet_48h (c971718a-e547-439a-b79c-053e6cb4fe81),vit_l_em_organelles,0.509,0.004995,0.002504,0.004417,0.005748,0.004995,0.998338,0.999059,70,15779,12108,16749259,12178,15849,176890,0.068845,0.0,0.03927,ok
microsam_vit_l_em_organelles,er,lab_islet_liver_er,islet/liver-ER,SEM_R399_Islet_48h_00017,sparse,5.0,SEM_R399_Islet_48h (c971718a-e547-439a-b79c-053e6cb4fe81),vit_l_em_organelles,0.62,0.001356,0.000678,0.001269,0.001456,0.001356,0.996576,0.998168,39,30695,26753,16719729,26792,30734,236466,0.113302,0.0,0.037924,ok
microsam_vit_l_em_organelles,er,lab_islet_liver_er,islet/liver-ER,SEM_R399_Islet_48h_00018,sparse,5.0,SEM_R399_Islet_48h (c971718a-e547-439a-b79c-053e6cb4fe81),vit_l_em_organelles,0.522,0.001835,0.000918,0.003017,0.001319,0.001835,0.99786,0.999349,33,10905,24995,16741283,25028,10938,243340,0.102852,0.0,0.027067,ok
microsam_vit_l_em_organelles,er,lab_islet_liver_er,islet/liver-ER,SEM_R399_Islet_48h_00019,sparse,5.0,SEM_R399_Islet_48h (c971718a-e547-439a-b79c-053e6cb4fe81),vit_l_em_organelles,0.503,0.006518,0.00327,0.016559,0.004057,0.006518,0.997474,0.999507,139,8255,34119,16734703,34258,8394,205920,0.166366,0.0,0.038693,ok
microsam_vit_l_em_organelles,er,lab_islet_liver_er,islet/liver-ER,SEM_R399_Islet_48h_00020,sparse,5.0,SEM_R399_Islet_48h (c971718a-e547-439a-b79c-053e6cb4fe81),vit_l_em_organelles,0.52,0.00614,0.003079,0.015146,0.00385,0.00614,0.995716,0.999137,222,14435,57438,16705121,57660,14657,298660,0.193062,0.0,0.023844,ok
microsam_vit_l_em_organelles,er,lab_islet_liver_er,islet/liver-ER,SEM_R399_Islet_48h_00021,sparse,5.0,SEM_R399_Islet_48h (c971718a-e547-439a-b79c-053e6cb4fe81),vit_l_em_organelles,0.516,0.000388,0.000194,0.000561,0.000297,0.000388,0.998465,0.999469,5,8900,16854,16751457,16859,8905,177390,0.095039,0.0,0.022989,ok
microsam_vit_l_em_organelles,er,lab_islet_liver_er,islet/liver-ER,SEM_R399_Islet_48h_00022,sparse,5.0,SEM_R399_Islet_48h (c971718a-e547-439a-b79c-053e6cb4fe81),vit_l_em_organelles,0.523,0.013727,0.006911,0.013798,0.013658,0.013727,0.996694,0.998353,386,27590,27876,16721364,28262,27976,248985,0.113509,0.0,0.159974,ok
microsam_vit_l_em_organelles,er,lab_islet_liver_er,islet/liver-ER,SEM_R399_Islet_48h_00023,sparse,5.0,SEM_R399_Islet_48h (c971718a-e547-439a-b79c-053e6cb4fe81),vit_l_em_organelles,0.51,0.010449,0.005252,0.044437,0.00592,0.010449,0.998544,0.999834,129,2774,21660,16752653,21789,2903,189585,0.11493,0.0,0.016849,ok
microsam_vit_l_em_organelles,er,lab_islet_liver_er,islet/liver-ER,SEM_R399_Islet_48h_00024,sparse,5.0,SEM_R399_Islet_48h (c971718a-e547-439a-b79c-053e6cb4fe81),vit_l_em_organelles,0.516,0.0034,0.001703,0.019924,0.001858,0.0034,0.997239,0.999768,79,3886,42433,16730818,42512,3965,208488,0.203906,0.0,0.024824,ok
microsam_vit_l_em_organelles,er,lab_islet_liver_er,islet/liver-ER,SEM_R399_Islet_48h_00025,sparse,5.0,SEM_R399_Islet_48h (c971718a-e547-439a-b79c-053e6cb4fe81),vit_l_em_organelles,0.681,0.00247,0.001237,0.002865,0.002171,0.00247,0.997882,0.999086,44,15312,20225,16741635,20269,15356,283400,0.071521,0.0,0.023448,ok
microsam_vit_l_em_organelles,er,lab_islet_liver_er,islet/liver-ER,SEM_R399_Islet_48h_00026,sparse,5.0,SEM_R399_Islet_48h (c971718a-e547-439a-b79c-053e6cb4fe81),vit_l_em_organelles,0.498,0.013726,0.006911,0.017153,0.011441,0.013726,0.99803,0.999214,230,13179,19873,16743934,20103,13409,121770,0.16509,0.0,0.13053,ok
microsam_vit_l_em_organelles,er,deepcontact_tem,DeepContact,tem_00000,sparse,4.68,20180115_B1_1_10.jpg,vit_l_em_organelles,0.921,0.001778,0.00089,0.002041,0.001575,0.001778,0.993843,0.997309,92,44982,58314,16673828,58406,45074,1238472,0.04716,0.0,0.030232,ok
microsam_vit_l_em_organelles,er,deepcontact_tem,DeepContact,tem_00022,sparse,4.68,20180115_B9_2_setted_20.jpg,vit_l_em_organelles,0.636,0.000599,0.000299,0.000935,0.00044,0.000599,0.993831,0.998017,31,33129,70378,16673678,70409,33160,944025,0.074584,0.0,0.011031,ok
microsam_vit_l_em_organelles,er,deepcontact_tem,DeepContact,tem_00035,sparse,4.68,20180115_B9_5_setted_11.jpg,vit_l_em_organelles,0.632,0.000853,0.000427,0.001261,0.000644,0.000853,0.990781,0.996865,66,52276,102387,16622487,102453,52342,1149480,0.08913,0.0,0.024296,ok
microsam_vit_l_em_organelles,er,deepcontact_tem,DeepContact,tem_00044,sparse,4.68,20180115_b10_1_07.jpg,vit_l_em_organelles,0.623,0.000455,0.000227,0.000705,0.000335,0.000455,0.99109,0.997112,34,48162,101331,16627689,101365,48196,1232292,0.082257,0.0,0.021378,ok
microsam_vit_l_em_organelles,er,deepcontact_tem,DeepContact,tem_00050,sparse,4.68,20180115_b10_2_05.jpg,vit_l_em_organelles,0.639,0.001224,0.000612,0.001975,0.000886,0.001224,0.986864,0.995897,135,68206,152172,16556703,152307,68341,1322520,0.115164,0.001521,0.029243,ok
microsam_vit_l_em_organelles,er,deepcontact_tem,DeepContact,tem_00051,sparse,4.68,20180115_b10_2_09.jpg,vit_l_em_organelles,0.616,0.002209,0.001106,0.002462,0.002002,0.002209,0.993914,0.997262,113,45776,56322,16675005,56435,45889,1322685,0.042667,0.0,0.087867,ok
microsam_vit_l_em_organelles,er,deepcontact_tem,DeepContact,tem_00055,sparse,4.68,20180115_b10_2_29.jpg,vit_l_em_organelles,0.615,0.000647,0.000324,0.001083,0.000461,0.000647,0.993005,0.997901,38,35038,82325,16659815,82363,35076,1322520,0.062277,0.0,0.034184,ok
microsam_vit_l_em_organelles,er,deepcontact_tem,DeepContact,tem_00058,sparse,4.68,20180115_b10_3_09.jpg,vit_l_em_organelles,0.624,0.003106,0.001555,0.008697,0.00189,0.003106,0.985,0.997304,392,44680,206980,16525164,207372,45072,1126692,0.184054,0.0,0.033422,ok
microsam_vit_l_em_organelles,er,deepcontact_tem,DeepContact,tem_00066,sparse,4.68,20180115_b10_3_39.jpg,vit_l_em_organelles,0.622,0.001292,0.000647,0.002638,0.000856,0.001292,0.99309,0.998301,75,28357,87575,16661209,87650,28432,1317170,0.066544,0.0,0.035903,ok
