model,organelle,dataset,dataset_label,crop_id,coverage,voxel_nm,source_image,target_nm,force_scale,infer_s,dice,iou,precision,recall,f1,accuracy,specificity,tp,fp,fn,tn,gt_area,pred_area,eval_area,gt_frac,cldice,boundary_f1,inst_n_pred,inst_n_gt,inst_precision@0.5,inst_recall@0.5,inst_f1@0.5,inst_ap@0.5,inst_precision@0.75,inst_recall@0.75,inst_f1@0.75,inst_ap@0.75,inst_pq,inst_sq,inst_rq,status
mitonet_scaled,mito,empiar_10982_mitonet_benchmark,MitoNet,c_el_00000,sparse,24.0,mito_benchmarks/c_elegans/c_elegans_em.tif,12.0,,1.524,0.608593,0.437394,0.720572,0.526736,0.608593,0.999803,0.999941,2571,997,2310,16771338,4881,3568,64770,0.075359,0.6978,0.643794,23,26,0.391304,0.346154,0.367347,0.225,0.26087,0.230769,0.244898,0.139535,0.278379,0.75781,0.367347,ok
mitonet_scaled,mito,empiar_10982_mitonet_benchmark,MitoNet,c_el_00001,sparse,24.0,mito_benchmarks/c_elegans/c_elegans_em.tif,12.0,,3.226,0.814865,0.687571,0.886097,0.754233,0.814865,0.999885,0.999968,4232,544,1379,16771061,5611,4776,56925,0.098568,0.84486,0.871185,32,31,0.53125,0.548387,0.539683,0.369565,0.25,0.258065,0.253968,0.145455,0.387038,0.717159,0.539683,ok
mitonet_scaled,mito,empiar_10982_mitonet_benchmark,MitoNet,c_el_00002,sparse,24.0,mito_benchmarks/c_elegans/c_elegans_em.tif,12.0,,0.145,0.686186,0.522285,0.680665,0.691796,0.686186,0.999864,0.99993,2496,1171,1112,16772437,3608,3667,57088,0.063201,0.741308,0.718204,24,22,0.458333,0.5,0.478261,0.314286,0.291667,0.318182,0.304348,0.179487,0.348519,0.728722,0.478261,ok
mitonet_scaled,mito,empiar_10982_mitonet_benchmark,MitoNet,c_el_00003,sparse,24.0,mito_benchmarks/c_elegans/c_elegans_em.tif,12.0,,0.12,0.701983,0.540811,0.944954,0.558403,0.701983,0.999885,0.999992,2266,132,1792,16773026,4058,2398,55296,0.073387,0.734888,0.727166,16,18,0.5625,0.5,0.529412,0.36,0.25,0.222222,0.235294,0.133333,0.375154,0.708624,0.529412,ok
mitonet_scaled,mito,empiar_10982_mitonet_benchmark,MitoNet,c_el_00004,sparse,24.0,mito_benchmarks/c_elegans/c_elegans_em.tif,12.0,,0.13,0.769709,0.625631,0.838764,0.711159,0.769709,0.999929,0.999977,1982,381,805,16774048,2787,2363,46420,0.060039,0.830362,0.811247,14,12,0.428571,0.5,0.461538,0.3,0.214286,0.25,0.230769,0.130435,0.350261,0.758898,0.461538,ok
mitonet_scaled,mito,empiar_10982_mitonet_benchmark,MitoNet,c_el_00005,sparse,24.0,mito_benchmarks/c_elegans/c_elegans_em.tif,12.0,,0.128,0.637592,0.467989,0.878916,0.500241,0.637592,0.99993,0.999991,1038,143,1037,16774998,2075,1181,45198,0.045909,0.829161,0.662766,8,10,0.5,0.4,0.444444,0.285714,0.5,0.4,0.444444,0.285714,0.365564,0.822519,0.444444,ok
mitonet_scaled,mito,empiar_10982_mitonet_benchmark,MitoNet,c_el_00006,sparse,24.0,mito_benchmarks/c_elegans/c_elegans_em.tif,12.0,,0.118,0.716095,0.557747,1.0,0.557747,0.716095,0.999917,1.0,1753,0,1390,16774073,3143,1753,38208,0.08226,0.839117,0.685611,8,17,0.625,0.294118,0.4,0.25,0.25,0.117647,0.16,0.086957,0.286517,0.716292,0.4,ok
mitonet_scaled,mito,empiar_10982_mitonet_benchmark,MitoNet,c_el_00007,sparse,24.0,mito_benchmarks/c_elegans/c_elegans_em.tif,12.0,,0.072,0.734853,0.580844,0.896879,0.622411,0.734853,0.999943,0.999991,1322,152,802,16774940,2124,1474,65536,0.03241,0.702736,0.736317,13,15,0.615385,0.533333,0.571429,0.4,0.307692,0.266667,0.285714,0.166667,0.440657,0.77115,0.571429,ok
mitonet_scaled,mito,empiar_10982_mitonet_benchmark,MitoNet,c_el_00008,sparse,24.0,mito_benchmarks/c_elegans/c_elegans_em.tif,12.0,,0.133,0.640766,0.471417,0.936236,0.487055,0.640766,0.999879,0.999993,1806,123,1902,16773385,3708,1929,62720,0.05912,0.783034,0.64724,13,20,0.615385,0.4,0.484848,0.32,0.230769,0.15,0.181818,0.1,0.352049,0.7261,0.484848,ok
mitonet_scaled,mito,empiar_10982_mitonet_benchmark,MitoNet,c_el_00009,sparse,24.0,mito_benchmarks/c_elegans/c_elegans_em.tif,12.0,,0.134,0.733445,0.579087,0.865704,0.636243,0.733445,0.999896,0.999978,2398,372,1371,16773075,3769,2770,59648,0.063187,0.755521,0.75178,16,22,0.6875,0.5,0.578947,0.407407,0.4375,0.318182,0.368421,0.225806,0.441106,0.76191,0.578947,ok
mitonet_scaled,mito,empiar_10982_mitonet_benchmark,MitoNet,c_el_00010,sparse,24.0,mito_benchmarks/c_elegans/c_elegans_em.tif,12.0,,0.126,0.568174,0.396818,0.749356,0.457547,0.568174,0.999842,0.999965,1746,584,2070,16772816,3816,2330,61952,0.061596,0.647184,0.607297,12,25,0.666667,0.32,0.432432,0.275862,0.166667,0.08,0.108108,0.057143,0.286193,0.66182,0.432432,ok
mitonet_scaled,mito,empiar_10982_mitonet_benchmark,MitoNet,c_el_00011,sparse,24.0,mito_benchmarks/c_elegans/c_elegans_em.tif,12.0,,0.156,0.760105,0.613039,0.853816,0.684929,0.760105,0.999836,0.999955,4363,747,2007,16770099,6370,5110,65536,0.097198,0.794222,0.771968,21,28,0.619048,0.464286,0.530612,0.361111,0.238095,0.178571,0.204082,0.113636,0.37137,0.69989,0.530612,ok
mitonet_scaled,mito,empiar_10982_mitonet_benchmark,MitoNet,c_el_00012,sparse,24.0,mito_benchmarks/c_elegans/c_elegans_em.tif,12.0,,0.133,0.277111,0.160841,0.559231,0.184191,0.277111,0.999774,0.999966,727,573,3220,16772696,3947,1300,65536,0.060226,0.332756,0.252933,12,18,0.083333,0.055556,0.066667,0.034483,0.0,0.0,0.0,0.0,0.03482,0.522305,0.066667,ok
mitonet_scaled,mito,empiar_10982_mitonet_benchmark,MitoNet,c_el_00013,sparse,24.0,mito_benchmarks/c_elegans/c_elegans_em.tif,12.0,,0.073,0.525355,0.356259,0.964362,0.361012,0.525355,0.999805,0.999996,1813,67,3209,16772127,5022,1880,56576,0.088766,0.642673,0.594687,13,20,0.384615,0.25,0.30303,0.178571,0.307692,0.2,0.242424,0.137931,0.241934,0.798382,0.30303,ok
mitonet_scaled,mito,empiar_10982_mitonet_benchmark,MitoNet,c_el_00014,sparse,24.0,mito_benchmarks/c_elegans/c_elegans_em.tif,12.0,,0.127,0.388179,0.240832,0.998921,0.240895,0.388179,0.999826,1.0,926,1,2918,16773371,3844,927,44935,0.085546,0.471228,0.399394,7,15,0.714286,0.333333,0.454545,0.294118,0.142857,0.066667,0.090909,0.047619,0.301614,0.663552,0.454545,ok
mitonet_scaled,mito,empiar_10982_mitonet_benchmark,MitoNet,c_el_00015,sparse,24.0,mito_benchmarks/c_elegans/c_elegans_em.tif,12.0,,0.12,0.622915,0.452343,0.91278,0.472778,0.622915,0.999794,0.999984,2857,273,3186,16770900,6043,3130,50853,0.118833,0.663533,0.650666,15,29,0.466667,0.241379,0.318182,0.189189,0.133333,0.068966,0.090909,0.047619,0.226078,0.710531,0.318182,ok
mitonet_scaled,mito,empiar_10982_mitonet_benchmark,MitoNet,fly__00016,sparse,12.0,mito_benchmarks/fly_brain/fly_brain_em.tif,12.0,,0.059,0.929347,0.868019,0.964079,0.897031,0.929347,0.999961,0.99999,4321,161,496,16772238,4817,4482,44178,0.109036,0.944087,0.87708,6,5,0.833333,1.0,0.909091,0.833333,0.5,0.6,0.545455,0.375,0.747374,0.822112,0.909091,ok
mitonet_scaled,mito,empiar_10982_mitonet_benchmark,MitoNet,fly__00017,sparse,12.0,mito_benchmarks/fly_brain/fly_brain_em.tif,12.0,,0.131,0.915274,0.843783,0.970979,0.865613,0.915274,0.999947,0.999991,4818,144,748,16771506,5566,4962,62985,0.08837,0.951113,0.917033,10,9,0.8,0.888889,0.842105,0.727273,0.6,0.666667,0.631579,0.461538,0.678863,0.80615,0.842105,ok
mitonet_scaled,mito,empiar_10982_mitonet_benchmark,MitoNet,fly__00018,sparse,12.0,mito_benchmarks/fly_brain/fly_brain_em.tif,12.0,,0.125,0.907591,0.830816,0.981729,0.843864,0.907591,0.999944,0.999995,4621,86,855,16771654,5476,4707,64005,0.085556,0.942598,0.906174,9,10,1.0,0.9,0.947368,0.9,0.888889,0.8,0.842105,0.727273,0.781544,0.824963,0.947368,ok
mitonet_scaled,mito,empiar_10982_mitonet_benchmark,MitoNet,fly__00019,sparse,12.0,mito_benchmarks/fly_brain/fly_brain_em.tif,12.0,,0.065,0.914329,0.842179,0.958871,0.873742,0.914329,0.99992,0.999982,7204,309,1041,16768662,8245,7513,65025,0.126797,0.927487,0.907568,12,12,0.833333,0.833333,0.833333,0.714286,0.666667,0.666667,0.666667,0.5,0.700919,0.841102,0.833333,ok
mitonet_scaled,mito,empiar_10982_mitonet_benchmark,MitoNet,fly__00020,sparse,12.0,mito_benchmarks/fly_brain/fly_brain_em.tif,12.0,,0.132,0.900047,0.81826,0.976598,0.834625,0.900047,0.999912,0.99999,6677,160,1323,16769056,8000,6837,62985,0.127014,0.895009,0.902529,15,16,0.8,0.75,0.774194,0.631579,0.733333,0.6875,0.709677,0.55,0.644567,0.832566,0.774194,ok
mitonet_scaled,mito,empiar_10982_mitonet_benchmark,MitoNet,fly__00021,sparse,12.0,mito_benchmarks/fly_brain/fly_brain_em.tif,12.0,,0.117,0.702303,0.541192,0.780299,0.638483,0.702303,0.999918,0.999973,1616,455,915,16774230,2531,2071,65025,0.038923,0.745904,0.772134,11,11,0.727273,0.727273,0.727273,0.571429,0.363636,0.363636,0.363636,0.222222,0.539652,0.742022,0.727273,ok
mitonet_scaled,mito,empiar_10982_mitonet_benchmark,MitoNet,fly__00022,sparse,12.0,mito_benchmarks/fly_brain/fly_brain_em.tif,12.0,,0.058,0.911125,0.836758,0.947774,0.877205,0.911125,0.99994,0.999983,5172,285,724,16771035,5896,5457,43475,0.135618,0.969652,0.90464,10,10,0.9,0.9,0.9,0.818182,0.9,0.9,0.9,0.818182,0.788939,0.876599,0.9,ok
mitonet_scaled,mito,empiar_10982_mitonet_benchmark,MitoNet,fly__00023,sparse,12.0,mito_benchmarks/fly_brain/fly_brain_em.tif,12.0,,0.137,0.92471,0.859963,0.991005,0.866728,0.92471,0.999927,0.999996,7492,68,1152,16768504,8644,7560,65025,0.132933,0.977739,0.963253,15,15,1.0,1.0,1.0,1.0,0.866667,0.866667,0.866667,0.764706,0.829313,0.829313,1.0,ok
mitonet_scaled,mito,empiar_10982_mitonet_benchmark,MitoNet,glyc_00024,sparse,18.0,mito_benchmarks/glycolytic_muscle/glycolytic_muscle_em.tif,12.0,,0.407,0.910165,0.83514,0.915916,0.904485,0.910165,0.999914,0.99996,7320,672,773,16768451,8093,7992,259908,0.031138,0.949211,0.933231,25,20,0.72,0.9,0.8,0.666667,0.6,0.75,0.666667,0.5,0.658708,0.823385,0.8,ok
mitonet_scaled,mito,empiar_10982_mitonet_benchmark,MitoNet,glyc_00025,sparse,18.0,mito_benchmarks/glycolytic_muscle/glycolytic_muscle_em.tif,12.0,,2.041,0.883334,0.791047,0.97553,0.807061,0.883334,0.999897,0.99999,6538,164,1563,16768951,8101,6702,286484,0.028277,0.929308,0.908517,20,19,0.7,0.736842,0.717949,0.56,0.6,0.631579,0.615385,0.444444,0.598929,0.834223,0.717949,ok
mitonet_scaled,mito,empiar_10982_mitonet_benchmark,MitoNet,glyc_00026,sparse,18.0,mito_benchmarks/glycolytic_muscle/glycolytic_muscle_em.tif,12.0,,0.186,0.876782,0.780598,0.969967,0.799932,0.876782,0.999882,0.999987,7073,219,1769,16768155,8842,7292,292612,0.030217,0.896146,0.865125,24,19,0.541667,0.684211,0.604651,0.433333,0.458333,0.578947,0.511628,0.34375,0.488354,0.807662,0.604651,ok
mitonet_scaled,mito,empiar_10982_mitonet_benchmark,MitoNet,glyc_00027,sparse,18.0,mito_benchmarks/glycolytic_muscle/glycolytic_muscle_em.tif,12.0,,0.078,0.907244,0.830235,0.968459,0.853308,0.907244,0.999934,0.99999,5404,176,929,16770707,6333,5580,292229,0.021671,0.949861,0.930935,20,18,0.85,0.944444,0.894737,0.809524,0.6,0.666667,0.631579,0.461538,0.711054,0.794708,0.894737,ok
mitonet_scaled,mito,empiar_10982_mitonet_benchmark,MitoNet,glyc_00028,sparse,18.0,mito_benchmarks/glycolytic_muscle/glycolytic_muscle_em.tif,12.0,,0.17,0.926889,0.863741,0.938998,0.915089,0.926889,0.999922,0.999968,8266,537,767,16767646,9033,8803,248570,0.03634,0.925735,0.939221,32,19,0.5,0.842105,0.627451,0.457143,0.375,0.631579,0.470588,0.307692,0.519979,0.828717,0.627451,ok
mitonet_scaled,mito,empiar_10982_mitonet_benchmark,MitoNet,glyc_00029,sparse,18.0,mito_benchmarks/glycolytic_muscle/glycolytic_muscle_em.tif,12.0,,0.143,0.91723,0.847114,0.957495,0.880215,0.91723,0.999885,0.999972,10655,473,1450,16764638,12105,11128,272340,0.044448,0.976158,0.945396,30,19,0.433333,0.684211,0.530612,0.361111,0.266667,0.421053,0.326531,0.195122,0.419209,0.790048,0.530612,ok
mitonet_scaled,mito,empiar_10982_mitonet_benchmark,MitoNet,glyc_00030,sparse,18.0,mito_benchmarks/glycolytic_muscle/glycolytic_muscle_em.tif,12.0,,0.078,0.899367,0.817136,0.959837,0.846065,0.899367,0.999893,0.99998,8030,336,1461,16767389,9491,8366,269730,0.035187,0.951887,0.938422,25,16,0.44,0.6875,0.536585,0.366667,0.28,0.4375,0.341463,0.205882,0.416956,0.777055,0.536585,ok
mitonet_scaled,mito,empiar_10982_mitonet_benchmark,MitoNet,glyc_00031,sparse,18.0,mito_benchmarks/glycolytic_muscle/glycolytic_muscle_em.tif,12.0,,0.175,0.927327,0.864502,0.934948,0.91983,0.927327,0.99995,0.999978,5404,376,471,16770965,5875,5780,276736,0.02123,0.952676,0.946209,21,15,0.571429,0.8,0.666667,0.5,0.428571,0.6,0.5,0.333333,0.540059,0.810089,0.666667,ok
mitonet_scaled,mito,empiar_10982_mitonet_benchmark,MitoNet,glyc_00032,sparse,18.0,mito_benchmarks/glycolytic_muscle/glycolytic_muscle_em.tif,12.0,,0.079,0.909299,0.833683,0.943276,0.877684,0.909299,0.999896,0.999969,8747,526,1219,16766724,9966,9273,275377,0.03619,0.947633,0.913776,30,18,0.433333,0.722222,0.541667,0.371429,0.366667,0.611111,0.458333,0.297297,0.458693,0.846819,0.541667,ok
mitonet_scaled,mito,empiar_10982_mitonet_benchmark,MitoNet,glyc_00033,sparse,18.0,mito_benchmarks/glycolytic_muscle/glycolytic_muscle_em.tif,12.0,,0.173,0.910677,0.836003,0.947229,0.876842,0.910677,0.999921,0.999977,6785,378,953,16769100,7738,7163,288405,0.02683,0.926888,0.915202,22,17,0.454545,0.588235,0.512821,0.344828,0.272727,0.352941,0.307692,0.181818,0.412101,0.803598,0.512821,ok
mitonet_scaled,mito,empiar_10982_mitonet_benchmark,MitoNet,glyc_00034,sparse,18.0,mito_benchmarks/glycolytic_muscle/glycolytic_muscle_em.tif,12.0,,0.097,0.923604,0.858052,0.953698,0.895351,0.923604,0.999912,0.999974,8898,432,1040,16766846,9938,9330,278824,0.035643,0.938372,0.957547,34,17,0.294118,0.588235,0.392157,0.243902,0.235294,0.470588,0.313725,0.186047,0.333412,0.8502,0.392157,ok
mitonet_scaled,mito,empiar_10982_mitonet_benchmark,MitoNet,glyc_00035,sparse,18.0,mito_benchmarks/glycolytic_muscle/glycolytic_muscle_em.tif,12.0,,0.18,0.934857,0.877683,0.941697,0.928116,0.934857,0.999898,0.999955,12227,757,947,16763285,13174,12984,285718,0.046108,0.938431,0.951301,35,14,0.314286,0.785714,0.44898,0.289474,0.142857,0.357143,0.204082,0.113636,0.332995,0.741671,0.44898,ok
mitonet_scaled,mito,empiar_10982_mitonet_benchmark,MitoNet,glyc_00036,sparse,18.0,mito_benchmarks/glycolytic_muscle/glycolytic_muscle_em.tif,12.0,,0.151,0.935124,0.878153,0.946716,0.923812,0.935124,0.999922,0.999968,9470,533,781,16766432,10251,10003,257131,0.039867,0.947926,0.932214,24,12,0.375,0.75,0.5,0.333333,0.333333,0.666667,0.444444,0.285714,0.443718,0.887436,0.5,ok
mitonet_scaled,mito,empiar_10982_mitonet_benchmark,MitoNet,glyc_00037,sparse,18.0,mito_benchmarks/glycolytic_muscle/glycolytic_muscle_em.tif,12.0,,0.082,0.94605,0.897623,0.943259,0.948857,0.94605,0.999935,0.999966,9592,577,517,16766530,10109,10169,288405,0.035051,0.959478,0.975511,27,18,0.62963,0.944444,0.755556,0.607143,0.518519,0.777778,0.622222,0.451613,0.639495,0.846391,0.755556,ok
mitonet_scaled,mito,empiar_10982_mitonet_benchmark,MitoNet,hela_00038,sparse,15.0,mito_benchmarks/hela_cell/hela_cell_em.tif,12.0,,0.065,0.797643,0.663399,0.834251,0.764112,0.797643,0.999904,0.999962,3181,632,982,16772421,4163,3813,55460,0.075063,0.823397,0.756731,12,11,0.75,0.818182,0.782609,0.642857,0.5,0.545455,0.521739,0.352941,0.593863,0.758826,0.782609,ok
mitonet_scaled,mito,empiar_10982_mitonet_benchmark,MitoNet,hela_00039,sparse,15.0,mito_benchmarks/hela_cell/hela_cell_em.tif,12.0,,0.152,0.849994,0.739121,0.98465,0.747737,0.849994,0.999861,0.999994,6607,103,2229,16768277,8836,6710,60416,0.146253,0.916594,0.823699,20,16,0.55,0.6875,0.611111,0.44,0.35,0.4375,0.388889,0.241379,0.480012,0.785475,0.611111,ok
mitonet_scaled,mito,empiar_10982_mitonet_benchmark,MitoNet,hela_00040,sparse,15.0,mito_benchmarks/hela_cell/hela_cell_em.tif,12.0,,0.07,0.891225,0.803793,0.984983,0.813765,0.891225,0.999909,0.999994,6231,95,1426,16769464,7657,6326,65536,0.116837,0.926477,0.913624,17,15,0.823529,0.933333,0.875,0.777778,0.470588,0.533333,0.5,0.333333,0.667513,0.762872,0.875,ok
mitonet_scaled,mito,empiar_10982_mitonet_benchmark,MitoNet,hela_00041,sparse,15.0,mito_benchmarks/hela_cell/hela_cell_em.tif,12.0,,0.138,0.806239,0.675377,0.869811,0.751326,0.806239,0.999899,0.999968,3541,530,1172,16771973,4713,4071,61952,0.076075,0.786787,0.754597,9,9,0.666667,0.666667,0.666667,0.5,0.666667,0.666667,0.666667,0.5,0.599376,0.899064,0.666667,ok
mitonet_scaled,mito,empiar_10982_mitonet_benchmark,MitoNet,hela_00042,sparse,15.0,mito_benchmarks/hela_cell/hela_cell_em.tif,12.0,,0.123,0.829747,0.709031,0.991995,0.713111,0.829747,0.999958,0.999999,1735,14,698,16774769,2433,1749,40275,0.06041,0.917808,0.849112,4,6,0.75,0.5,0.6,0.428571,0.75,0.5,0.6,0.428571,0.550112,0.916853,0.6,ok
mitonet_scaled,mito,empiar_10982_mitonet_benchmark,MitoNet,hela_00043,sparse,15.0,mito_benchmarks/hela_cell/hela_cell_em.tif,12.0,,0.064,0.468504,0.305913,0.50381,0.437822,0.468504,0.99992,0.999965,595,586,764,16775271,1359,1181,63232,0.021492,0.409975,0.448945,5,6,0.4,0.333333,0.363636,0.222222,0.2,0.166667,0.181818,0.1,0.279031,0.767336,0.363636,ok
mitonet_scaled,mito,empiar_10982_mitonet_benchmark,MitoNet,hela_00044,sparse,15.0,mito_benchmarks/hela_cell/hela_cell_em.tif,12.0,,0.141,0.68914,0.525716,0.924045,0.54946,0.68914,0.999893,0.99999,1983,163,1626,16773444,3609,2146,65536,0.055069,0.624981,0.613462,8,13,0.75,0.461538,0.571429,0.4,0.375,0.230769,0.285714,0.166667,0.420434,0.735759,0.571429,ok
mitonet_scaled,mito,empiar_10982_mitonet_benchmark,MitoNet,hela_00045,sparse,15.0,mito_benchmarks/hela_cell/hela_cell_em.tif,12.0,,0.127,0.763197,0.617073,0.887617,0.66937,0.763197,0.999905,0.999981,2559,324,1264,16773069,3823,2883,63744,0.059974,0.776506,0.70994,10,14,0.6,0.428571,0.5,0.333333,0.5,0.357143,0.416667,0.263158,0.43823,0.876461,0.5,ok
mitonet_scaled,mito,empiar_10982_mitonet_benchmark,MitoNet,hela_00046,sparse,15.0,mito_benchmarks/hela_cell/hela_cell_em.tif,12.0,,0.109,0.578893,0.407354,0.712784,0.487349,0.578893,0.999853,0.999959,1695,683,1783,16773055,3478,2378,65536,0.05307,0.5729,0.505103,7,15,0.571429,0.266667,0.363636,0.222222,0.428571,0.2,0.272727,0.157895,0.283809,0.780475,0.363636,ok
mitonet_scaled,mito,empiar_10982_mitonet_benchmark,MitoNet,hela_00047,sparse,15.0,mito_benchmarks/hela_cell/hela_cell_em.tif,12.0,,0.067,0.477501,0.313629,0.702814,0.361582,0.477501,0.999866,0.999974,1024,433,1808,16773951,2832,1457,60928,0.046481,0.505301,0.440253,9,11,0.444444,0.363636,0.4,0.25,0.222222,0.181818,0.2,0.111111,0.293436,0.73359,0.4,ok
mitonet_scaled,mito,empiar_10982_mitonet_benchmark,MitoNet,sali_00051,sparse,15.0,mito_benchmarks/salivary_gland/salivary_gland_em.tif,12.0,,0.356,0.0,0.0,nan,0.0,0.0,0.999965,1.0,0,0,581,16776635,581,0,5166,0.112466,0.0,0.0,0,1,nan,0.0,0.0,0.0,nan,0.0,0.0,0.0,0.0,0.0,0.0,ok
mitonet_scaled,mito,empiar_10982_mitonet_benchmark,MitoNet,sali_00052,sparse,15.0,mito_benchmarks/salivary_gland/salivary_gland_em.tif,12.0,,2.592,0.214419,0.120083,0.683976,0.127137,0.214419,0.999799,0.999987,461,213,3165,16773377,3626,674,33440,0.108433,0.280936,0.235554,1,2,0.0,0.0,0.0,0.0,0.0,0.0,0.0,0.0,0.0,0.0,0.0,ok
mitonet_scaled,mito,empiar_10982_mitonet_benchmark,MitoNet,sali_00053,sparse,15.0,mito_benchmarks/salivary_gland/salivary_gland_em.tif,12.0,,0.143,0.0,0.0,nan,0.0,0.0,0.999663,1.0,0,0,5656,16771560,5656,0,360126,0.015706,0.0,0.0,0,4,nan,0.0,0.0,0.0,nan,0.0,0.0,0.0,0.0,0.0,0.0,ok
mitonet_scaled,mito,empiar_10982_mitonet_benchmark,MitoNet,sali_00054,sparse,15.0,mito_benchmarks/salivary_gland/salivary_gland_em.tif,12.0,,0.115,0.0,0.0,nan,0.0,0.0,0.999885,1.0,0,0,1934,16775282,1934,0,3348,0.577658,0.0,0.0,0,1,nan,0.0,0.0,0.0,nan,0.0,0.0,0.0,0.0,0.0,0.0,ok
mitonet_scaled,mito,empiar_10982_mitonet_benchmark,MitoNet,sali_00055,sparse,15.0,mito_benchmarks/salivary_gland/salivary_gland_em.tif,12.0,,0.131,0.071616,0.037138,0.439286,0.038986,0.071616,0.99981,0.999991,123,157,3032,16773904,3155,280,181608,0.017373,0.130435,0.023756,2,3,0.0,0.0,0.0,0.0,0.0,0.0,0.0,0.0,0.0,0.0,0.0,ok
mitonet_scaled,mito,empiar_10982_mitonet_benchmark,MitoNet,sali_00056,sparse,15.0,mito_benchmarks/salivary_gland/salivary_gland_em.tif,12.0,,0.167,0.129049,0.068975,0.700057,0.071076,0.129049,0.999005,0.999968,1237,530,16167,16759282,17404,1767,628754,0.02768,0.194746,0.01318,5,7,0.2,0.142857,0.166667,0.090909,0.0,0.0,0.0,0.0,0.099455,0.596732,0.166667,ok
mitonet_scaled,mito,empiar_10982_mitonet_benchmark,MitoNet,sali_00057,sparse,15.0,mito_benchmarks/salivary_gland/salivary_gland_em.tif,12.0,,0.128,0.113505,0.060167,0.65856,0.062104,0.113505,0.99937,0.999979,677,351,10224,16765964,10901,1028,586840,0.018576,0.09386,0.065127,3,7,0.0,0.0,0.0,0.0,0.0,0.0,0.0,0.0,0.0,0.0,0.0,ok
mitonet_scaled,mito,empiar_10982_mitonet_benchmark,MitoNet,sali_00058,sparse,15.0,mito_benchmarks/salivary_gland/salivary_gland_em.tif,12.0,,0.135,0.28361,0.165236,0.938099,0.167058,0.28361,0.999293,0.999991,2349,155,11712,16763000,14061,2504,583289,0.024106,0.302404,0.176157,7,10,0.142857,0.1,0.117647,0.0625,0.0,0.0,0.0,0.0,0.088158,0.749343,0.117647,ok
mitonet_scaled,mito,empiar_10982_mitonet_benchmark,MitoNet,sali_00059,sparse,15.0,mito_benchmarks/salivary_gland/salivary_gland_em.tif,12.0,,0.119,0.168835,0.092201,0.996832,0.092228,0.168835,0.998892,1.0,1888,6,18583,16756739,20471,1894,539070,0.037975,0.169597,0.13999,2,15,1.0,0.133333,0.235294,0.133333,0.5,0.066667,0.117647,0.0625,0.177494,0.75435,0.235294,ok
mitonet_scaled,mito,empiar_10982_mitonet_benchmark,MitoNet,sali_00060,sparse,15.0,mito_benchmarks/salivary_gland/salivary_gland_em.tif,12.0,,0.126,0.286414,0.167143,0.907219,0.17005,0.286414,0.999045,0.99998,3217,329,15701,16757969,18918,3546,573475,0.032988,0.358825,0.182465,9,18,0.222222,0.111111,0.148148,0.08,0.111111,0.055556,0.074074,0.038462,0.10733,0.724481,0.148148,ok
mitonet_scaled,mito,empiar_10982_mitonet_benchmark,MitoNet,sali_00061,sparse,15.0,mito_benchmarks/salivary_gland/salivary_gland_em.tif,12.0,,0.155,0.497644,0.331242,0.811816,0.358792,0.497644,0.999072,0.999893,7709,1787,13777,16753943,21486,9496,572949,0.037501,0.539056,0.28061,10,17,0.5,0.294118,0.37037,0.227273,0.2,0.117647,0.148148,0.08,0.25538,0.689527,0.37037,ok
mitonet_scaled,mito,empiar_10982_mitonet_benchmark,MitoNet,sali_00062,sparse,15.0,mito_benchmarks/salivary_gland/salivary_gland_em.tif,12.0,,0.184,0.254054,0.145511,0.681663,0.15612,0.254054,0.99895,0.999916,3000,1401,16216,16756599,19216,4401,543564,0.035352,0.278512,0.207865,8,15,0.125,0.066667,0.086957,0.045455,0.0,0.0,0.0,0.0,0.063823,0.733967,0.086957,ok
mitonet_scaled,mito,empiar_10982_mitonet_benchmark,MitoNet,sali_00063,sparse,15.0,mito_benchmarks/salivary_gland/salivary_gland_em.tif,12.0,,0.133,0.005998,0.003008,0.108844,0.003084,0.005998,0.99842,0.999961,80,655,25860,16750621,25940,735,606837,0.042746,0.0,0.01439,3,13,0.0,0.0,0.0,0.0,0.0,0.0,0.0,0.0,0.0,0.0,0.0,ok
mitonet_scaled,mito,empiar_10982_mitonet_benchmark,MitoNet,sali_00064,sparse,15.0,mito_benchmarks/salivary_gland/salivary_gland_em.tif,12.0,,0.133,0.036606,0.018644,0.272231,0.019622,0.036606,0.998434,0.99992,499,1334,24931,16750452,25430,1833,612689,0.041506,0.035328,0.017943,7,15,0.0,0.0,0.0,0.0,0.0,0.0,0.0,0.0,0.0,0.0,0.0,ok
mitonet_scaled,mito,empiar_10982_mitonet_benchmark,MitoNet,sali_00065,sparse,15.0,mito_benchmarks/salivary_gland/salivary_gland_em.tif,12.0,,0.12,0.0,0.0,0.0,0.0,0.0,0.998572,0.999966,0,572,23383,16753261,23383,572,640590,0.036502,0.0,0.0,2,19,0.0,0.0,0.0,0.0,0.0,0.0,0.0,0.0,0.0,0.0,0.0,ok
mitonet_scaled,mito,empiar_10982_mitonet_benchmark,MitoNet,sali_00066,sparse,15.0,mito_benchmarks/salivary_gland/salivary_gland_em.tif,12.0,,0.123,0.077226,0.040164,0.985507,0.040187,0.077226,0.998644,0.999999,952,14,22737,16753513,23689,966,562320,0.042127,0.055138,0.05282,3,18,0.333333,0.055556,0.095238,0.05,0.0,0.0,0.0,0.0,0.065752,0.690391,0.095238,ok
mitonet_scaled,mito,empiar_10982_mitonet_benchmark,MitoNet,sali_00067,sparse,15.0,mito_benchmarks/salivary_gland/salivary_gland_em.tif,12.0,,0.18,0.094551,0.049621,0.981912,0.049667,0.094551,0.998699,0.999999,1140,21,21813,16754242,22953,1161,537320,0.042718,0.059113,0.047365,3,20,0.333333,0.05,0.086957,0.045455,0.333333,0.05,0.086957,0.045455,0.069824,0.802977,0.086957,ok
mitonet_scaled,mito,empiar_10982_mitonet_benchmark,MitoNet,sali_00068,sparse,15.0,mito_benchmarks/salivary_gland/salivary_gland_em.tif,12.0,,0.313,0.0,0.0,nan,0.0,0.0,0.998238,1.0,0,0,29566,16747650,29566,0,602616,0.049063,0.0,0.0,0,23,nan,0.0,0.0,0.0,nan,0.0,0.0,0.0,0.0,0.0,0.0,ok
mitonet_scaled,mito,empiar_10982_mitonet_benchmark,MitoNet,sali_00069,sparse,15.0,mito_benchmarks/salivary_gland/salivary_gland_em.tif,12.0,,0.126,0.011505,0.005786,0.411311,0.005834,0.011505,0.998361,0.999986,160,229,27266,16749561,27426,389,605616,0.045286,0.019553,0.006993,2,23,0.0,0.0,0.0,0.0,0.0,0.0,0.0,0.0,0.0,0.0,0.0,ok
mitonet_scaled,mito,empiar_10982_mitonet_benchmark,MitoNet,sali_00070,sparse,15.0,mito_benchmarks/salivary_gland/salivary_gland_em.tif,12.0,,0.132,0.0,0.0,0.0,0.0,0.0,0.998399,0.999989,0,180,26686,16750350,26686,180,712701,0.037443,0.0,0.0,2,20,0.0,0.0,0.0,0.0,0.0,0.0,0.0,0.0,0.0,0.0,0.0,ok
mitonet_scaled,mito,empiar_10982_mitonet_benchmark,MitoNet,sali_00071,sparse,15.0,mito_benchmarks/salivary_gland/salivary_gland_em.tif,12.0,,0.126,0.01635,0.008242,0.314642,0.008393,0.01635,0.998551,0.999974,202,440,23866,16752708,24068,642,808146,0.029782,0.015453,0.018567,5,17,0.0,0.0,0.0,0.0,0.0,0.0,0.0,0.0,0.0,0.0,0.0,ok
mitonet_scaled,mito,empiar_10982_mitonet_benchmark,MitoNet,sali_00072,sparse,15.0,mito_benchmarks/salivary_gland/salivary_gland_em.tif,12.0,,0.134,0.022832,0.011548,0.390205,0.01176,0.022832,0.99874,0.999977,247,386,20756,16755827,21003,633,840368,0.024993,0.042339,0.010076,5,19,0.0,0.0,0.0,0.0,0.0,0.0,0.0,0.0,0.0,0.0,0.0,ok
mitonet_scaled,mito,empiar_10982_mitonet_benchmark,MitoNet,sali_00073,sparse,15.0,mito_benchmarks/salivary_gland/salivary_gland_em.tif,12.0,,0.188,0.094406,0.049542,0.406888,0.053398,0.094406,0.998838,0.999912,1016,1481,18011,16756708,19027,2497,783881,0.024273,0.106872,0.041934,5,17,0.2,0.058824,0.090909,0.047619,0.0,0.0,0.0,0.0,0.051549,0.567037,0.090909,ok
mitonet_scaled,mito,empiar_10982_mitonet_benchmark,MitoNet,sali_00074,sparse,15.0,mito_benchmarks/salivary_gland/salivary_gland_em.tif,12.0,,0.131,0.137835,0.074019,0.870892,0.07484,0.137835,0.998893,0.999987,1484,220,18345,16757167,19829,1704,750882,0.026408,0.137289,0.079631,7,15,0.142857,0.066667,0.090909,0.047619,0.0,0.0,0.0,0.0,0.065063,0.715698,0.090909,ok
mitonet_scaled,mito,empiar_10982_mitonet_benchmark,MitoNet,sali_00075,sparse,15.0,mito_benchmarks/salivary_gland/salivary_gland_em.tif,12.0,,0.271,0.169616,0.092667,0.656297,0.097393,0.169616,0.99899,0.999946,1730,906,16033,16758547,17763,2636,760971,0.023343,0.202798,0.174193,6,14,0.166667,0.071429,0.1,0.052632,0.166667,0.071429,0.1,0.052632,0.07766,0.776596,0.1,ok
mitonet_scaled,mito,empiar_10982_mitonet_benchmark,MitoNet,sali_00076,sparse,15.0,mito_benchmarks/salivary_gland/salivary_gland_em.tif,12.0,,0.127,0.271289,0.156932,0.736228,0.166281,0.271289,0.998827,0.999922,3662,1312,18361,16753881,22023,4974,757185,0.029085,0.279195,0.344491,9,17,0.444444,0.235294,0.307692,0.181818,0.111111,0.058824,0.076923,0.04,0.206663,0.671656,0.307692,ok
mitonet_scaled,mito,empiar_10982_mitonet_benchmark,MitoNet,sali_00077,sparse,15.0,mito_benchmarks/salivary_gland/salivary_gland_em.tif,12.0,,0.131,0.133974,0.071797,0.635622,0.074878,0.133974,0.99898,0.999955,1324,759,16358,16758775,17682,2083,687754,0.02571,0.150224,0.122632,8,14,0.25,0.142857,0.181818,0.1,0.0,0.0,0.0,0.0,0.115832,0.637078,0.181818,ok
mitonet_scaled,mito,empiar_10982_mitonet_benchmark,MitoNet,sali_00078,sparse,15.0,mito_benchmarks/salivary_gland/salivary_gland_em.tif,12.0,,0.135,0.059222,0.030514,0.283019,0.033071,0.059222,0.998608,0.999889,735,1862,21490,16753129,22225,2597,624682,0.035578,0.057936,0.006429,5,15,0.0,0.0,0.0,0.0,0.0,0.0,0.0,0.0,0.0,0.0,0.0,ok
mitonet_scaled,mito,empiar_10982_mitonet_benchmark,MitoNet,sali_00079,sparse,15.0,mito_benchmarks/salivary_gland/salivary_gland_em.tif,12.0,,0.195,0.205271,0.114374,0.817152,0.117378,0.205271,0.998602,0.99996,3030,678,22784,16750724,25814,3708,594080,0.043452,0.200958,0.139137,6,18,0.333333,0.111111,0.166667,0.090909,0.333333,0.111111,0.166667,0.090909,0.133836,0.803016,0.166667,ok
mitonet_scaled,mito,empiar_10982_mitonet_benchmark,MitoNet,sali_00080,sparse,15.0,mito_benchmarks/salivary_gland/salivary_gland_em.tif,12.0,,0.125,0.151857,0.082168,0.758143,0.084379,0.151857,0.99876,0.999965,1862,594,20205,16754555,22067,2456,577424,0.038216,0.103604,0.063146,5,20,0.2,0.05,0.08,0.041667,0.0,0.0,0.0,0.0,0.057486,0.718571,0.08,ok
mitonet_scaled,mito,empiar_10982_mitonet_benchmark,MitoNet,sali_00081,sparse,15.0,mito_benchmarks/salivary_gland/salivary_gland_em.tif,12.0,,0.201,0.128541,0.068685,0.929095,0.069047,0.128541,0.998772,0.999993,1520,116,20494,16755086,22014,1636,326748,0.067373,0.122287,0.051928,7,17,0.0,0.0,0.0,0.0,0.0,0.0,0.0,0.0,0.0,0.0,0.0,ok
mitonet_scaled,mito,empiar_10982_mitonet_benchmark,MitoNet,sali_00082,sparse,15.0,mito_benchmarks/salivary_gland/salivary_gland_em.tif,12.0,,0.131,0.243246,0.138464,0.992937,0.1386,0.243246,0.998853,0.999999,3093,22,19223,16754878,22316,3115,292248,0.07636,0.255713,0.146389,4,14,0.5,0.142857,0.222222,0.125,0.25,0.071429,0.111111,0.058824,0.147918,0.66563,0.222222,ok
mitonet_scaled,mito,empiar_10982_mitonet_benchmark,MitoNet,sali_00083,sparse,15.0,mito_benchmarks/salivary_gland/salivary_gland_em.tif,12.0,,0.119,0.095326,0.050049,0.563821,0.052065,0.095326,0.999185,0.999967,720,557,13109,16762830,13829,1277,328185,0.042138,0.131425,0.084761,4,9,0.25,0.111111,0.153846,0.083333,0.0,0.0,0.0,0.0,0.096573,0.627724,0.153846,ok
mitonet_scaled,mito,empiar_10982_mitonet_benchmark,MitoNet,sali_00084,sparse,15.0,mito_benchmarks/salivary_gland/salivary_gland_em.tif,12.0,,0.116,0.0,0.0,0.0,0.0,0.0,0.999451,0.999994,0,98,9105,16768013,9105,98,318004,0.028632,0.0,0.00765,1,7,0.0,0.0,0.0,0.0,0.0,0.0,0.0,0.0,0.0,0.0,0.0,ok
mitonet_scaled,mito,empiar_10982_mitonet_benchmark,MitoNet,sali_00085,sparse,15.0,mito_benchmarks/salivary_gland/salivary_gland_em.tif,12.0,,0.123,0.0,0.0,0.0,0.0,0.0,0.999632,0.999985,0,257,5922,16771037,5922,257,204074,0.029019,0.0,0.0,1,6,0.0,0.0,0.0,0.0,0.0,0.0,0.0,0.0,0.0,0.0,0.0,ok
mitonet_scaled,mito,empiar_10982_mitonet_benchmark,MitoNet,sali_00086,sparse,15.0,mito_benchmarks/salivary_gland/salivary_gland_em.tif,12.0,,0.128,0.33717,0.202769,0.798771,0.213684,0.33717,0.999756,0.999984,1040,262,3827,16772087,4867,1302,334880,0.014534,0.246914,0.230496,3,5,0.333333,0.2,0.25,0.142857,0.333333,0.2,0.25,0.142857,0.212039,0.848154,0.25,ok
mitonet_scaled,mito,empiar_10982_mitonet_benchmark,MitoNet,sali_00087,sparse,15.0,mito_benchmarks/salivary_gland/salivary_gland_em.tif,12.0,,0.124,0.0,0.0,nan,0.0,0.0,0.999956,1.0,0,0,740,16776476,740,0,3762,0.196704,0.0,0.0,0,1,nan,0.0,0.0,0.0,nan,0.0,0.0,0.0,0.0,0.0,0.0,ok
mitonet_scaled,mito,empiar_10982_mitonet_benchmark,MitoNet,sali_00088,sparse,15.0,mito_benchmarks/salivary_gland/salivary_gland_em.tif,12.0,,0.116,0.018727,0.009452,0.051125,0.011463,0.018727,0.999844,0.999972,25,464,2156,16774571,2181,489,77682,0.028076,0.0,0.072144,2,2,0.0,0.0,0.0,0.0,0.0,0.0,0.0,0.0,0.0,0.0,0.0,ok
mitonet_scaled,mito,empiar_10982_mitonet_benchmark,MitoNet,sali_00089,sparse,15.0,mito_benchmarks/salivary_gland/salivary_gland_em.tif,12.0,,0.124,0.021734,0.010986,1.0,0.010986,0.021734,0.999742,1.0,48,0,4321,16772847,4369,48,82680,0.052842,0.013423,0.0,2,4,0.0,0.0,0.0,0.0,0.0,0.0,0.0,0.0,0.0,0.0,0.0,ok
mitonet_scaled,mito,empiar_10982_mitonet_benchmark,MitoNet,sali_00090,sparse,15.0,mito_benchmarks/salivary_gland/salivary_gland_em.tif,12.0,,0.122,0.002991,0.001498,0.007937,0.001843,0.002991,0.999682,0.99994,8,1000,4333,16771875,4341,1008,77546,0.05598,0.0,0.033719,3,6,0.0,0.0,0.0,0.0,0.0,0.0,0.0,0.0,0.0,0.0,0.0,ok
mitonet_scaled,mito,empiar_10982_mitonet_benchmark,MitoNet,sali_00091,sparse,15.0,mito_benchmarks/salivary_gland/salivary_gland_em.tif,12.0,,0.191,0.108772,0.057514,0.563636,0.060194,0.108772,0.999243,0.999964,775,600,12100,16763741,12875,1375,57134,0.225347,0.121685,0.112802,2,8,0.5,0.125,0.2,0.111111,0.0,0.0,0.0,0.0,0.137345,0.686724,0.2,ok
mitonet_scaled,mito,empiar_10982_mitonet_benchmark,MitoNet,sali_00092,sparse,15.0,mito_benchmarks/salivary_gland/salivary_gland_em.tif,12.0,,0.129,0.0,0.0,0.0,0.0,0.0,0.998948,0.999973,0,453,17204,16759559,17204,453,52974,0.324763,0.0,0.0,1,7,0.0,0.0,0.0,0.0,0.0,0.0,0.0,0.0,0.0,0.0,0.0,ok
mitonet_scaled,mito,empiar_10982_mitonet_benchmark,MitoNet,sali_00093,sparse,15.0,mito_benchmarks/salivary_gland/salivary_gland_em.tif,12.0,,0.195,0.366099,0.224065,0.939394,0.227351,0.366099,0.99913,0.999984,4216,272,14328,16758400,18544,4488,81420,0.227757,0.390439,0.178106,2,6,0.5,0.166667,0.25,0.142857,0.5,0.166667,0.25,0.142857,0.19892,0.795679,0.25,ok
mitonet_scaled,mito,empiar_10982_mitonet_benchmark,MitoNet,sali_00094,sparse,15.0,mito_benchmarks/salivary_gland/salivary_gland_em.tif,12.0,,0.158,0.0,0.0,nan,0.0,0.0,0.999583,1.0,0,0,6993,16770223,6993,0,29388,0.237954,0.0,0.0,0,3,nan,0.0,0.0,0.0,nan,0.0,0.0,0.0,0.0,0.0,0.0,ok
mitonet_scaled,mito,empiar_10982_mitonet_benchmark,MitoNet,tem_00095,sparse,2.0,tem_benchmark/images/0s1JawDdbBymwtwOjgx8.tiff,12.0,,0.077,0.71968,0.56211,0.818205,0.642333,0.71968,0.99501,0.998562,107472,23879,59843,16586022,167315,131351,803160,0.208321,0.683364,0.260757,17,17,0.588235,0.588235,0.588235,0.416667,0.411765,0.411765,0.411765,0.259259,0.452134,0.768628,0.588235,ok
mitonet_scaled,mito,empiar_10982_mitonet_benchmark,MitoNet,tem_00096,sparse,2.0,tem_benchmark/images/17pOyGcUusCVRfzUZxTs.tiff,12.0,,0.156,0.856254,0.74864,0.91416,0.805247,0.856254,0.998477,0.999572,76091,7145,18403,16675577,94494,83236,365120,0.258803,0.872851,0.353578,8,8,0.75,0.75,0.75,0.6,0.75,0.75,0.75,0.6,0.630561,0.840748,0.75,ok
mitonet_scaled,mito,empiar_10982_mitonet_benchmark,MitoNet,tem_00097,sparse,2.0,tem_benchmark/images/1U0jYrdPwdlRDsQzkUNc.tiff,12.0,,0.14,0.475087,0.31155,0.843652,0.330641,0.475087,0.997073,0.999754,22226,4119,44995,16705876,67221,26345,1009664,0.066578,0.572234,0.159919,13,43,0.384615,0.116279,0.178571,0.098039,0.153846,0.046512,0.071429,0.037037,0.118852,0.665569,0.178571,ok
mitonet_scaled,mito,empiar_10982_mitonet_benchmark,MitoNet,tem_00098,sparse,2.0,tem_benchmark/images/1unGsOC0dfeB02LCtQwi.tiff,12.0,,0.195,0.888539,0.799434,0.954805,0.830875,0.888539,0.998886,0.999789,74512,3527,15167,16684010,89679,78039,894976,0.100203,0.80236,0.672636,13,16,0.923077,0.75,0.827586,0.705882,0.923077,0.75,0.827586,0.705882,0.750725,0.907126,0.827586,ok
mitonet_scaled,mito,empiar_10982_mitonet_benchmark,MitoNet,tem_00099,sparse,2.0,tem_benchmark/images/1vNHcbV4bWuC1zywuBdP.tiff,12.0,,0.16,0.92039,0.852521,0.971277,0.874569,0.92039,0.997121,0.999498,279215,8257,40045,16449699,319260,287472,814080,0.392173,0.917434,0.505674,22,28,1.0,0.785714,0.88,0.785714,1.0,0.785714,0.88,0.785714,0.780093,0.886469,0.88,ok
mitonet_scaled,mito,empiar_10982_mitonet_benchmark,MitoNet,tem_00100,sparse,2.0,tem_benchmark/images/2Tlqk9n8mmGv6G0EGxwl.tiff,12.0,,0.243,0.950291,0.90529,0.964996,0.936027,0.950291,0.995185,0.998244,772140,28008,52772,15924296,824912,800148,1048576,0.786697,0.93378,0.491697,52,62,0.903846,0.758065,0.824561,0.701493,0.788462,0.66129,0.719298,0.561644,0.705284,0.855344,0.824561,ok
mitonet_scaled,mito,empiar_10982_mitonet_benchmark,MitoNet,tem_00101,sparse,2.0,tem_benchmark/images/3ib2iOCHNQIgrUaxnLwm.tiff,12.0,,0.352,0.0,0.0,nan,0.0,0.0,0.998489,1.0,0,0,25357,16751859,25357,0,235470,0.107687,0.0,0.0,0,86,nan,0.0,0.0,0.0,nan,0.0,0.0,0.0,0.0,0.0,0.0,ok
mitonet_scaled,mito,empiar_10982_mitonet_benchmark,MitoNet,tem_00102,sparse,2.0,tem_benchmark/images/3pbuH37yaTFrTt52QdNO.tiff,12.0,,0.217,0.951741,0.907926,0.967465,0.93652,0.951741,0.995904,0.998581,677566,22786,45927,16030937,723493,700352,1154560,0.62664,0.969238,0.793801,18,23,0.722222,0.565217,0.634146,0.464286,0.222222,0.173913,0.195122,0.108108,0.446106,0.703475,0.634146,ok
mitonet_scaled,mito,empiar_10982_mitonet_benchmark,MitoNet,tem_00103,sparse,2.0,tem_benchmark/images/5BzcbKwHruGS296dUugB.tiff,12.0,,0.31,0.0,0.0,nan,0.0,0.0,0.998788,1.0,0,0,20328,16756888,20328,0,72756,0.2794,0.0,0.0,0,79,nan,0.0,0.0,0.0,nan,0.0,0.0,0.0,0.0,0.0,0.0,ok
mitonet_scaled,mito,empiar_10982_mitonet_benchmark,MitoNet,tem_00104,sparse,2.0,tem_benchmark/images/6plriVrEepvhHyOBmtUc.tiff,12.0,,0.197,0.0,0.0,nan,0.0,0.0,0.997623,1.0,0,0,39884,16737332,39884,0,619719,0.064358,0.0,0.0,0,33,nan,0.0,0.0,0.0,nan,0.0,0.0,0.0,0.0,0.0,0.0,ok
mitonet_scaled,mito,empiar_10982_mitonet_benchmark,MitoNet,tem_00105,sparse,2.0,tem_benchmark/images/6uc2ydKjW1yJG033GPjj.tiff,12.0,,0.173,0.827068,0.705129,0.91675,0.75337,0.827068,0.99943,0.999876,22861,2076,7484,16744795,30345,24937,381920,0.079454,0.870309,0.532993,5,8,1.0,0.625,0.769231,0.625,0.8,0.5,0.615385,0.444444,0.616812,0.801855,0.769231,ok
mitonet_scaled,mito,empiar_10982_mitonet_benchmark,MitoNet,tem_00106,sparse,2.0,tem_benchmark/images/7Z7jSCJZ23zSW2ZztTPJ.tiff,12.0,,0.298,0.377446,0.232624,0.237767,0.914929,0.377446,0.972304,0.972836,140857,451559,13097,16171703,153954,592416,1048576,0.146822,0.397815,0.215198,66,117,0.075758,0.042735,0.054645,0.02809,0.015152,0.008547,0.010929,0.005495,0.034508,0.631501,0.054645,ok
mitonet_scaled,mito,empiar_10982_mitonet_benchmark,MitoNet,tem_00107,sparse,2.0,tem_benchmark/images/9SNS8ZHu7wx8HstQg2Vo.tiff,12.0,,0.044,0.132439,0.070916,0.90631,0.071439,0.132439,0.997432,0.99998,3289,340,42750,16730837,46039,3629,1012736,0.04546,0.17638,0.060195,5,43,0.6,0.069767,0.125,0.066667,0.0,0.0,0.0,0.0,0.071955,0.575638,0.125,ok
mitonet_scaled,mito,empiar_10982_mitonet_benchmark,MitoNet,tem_00108,sparse,2.0,tem_benchmark/images/9jHLkwpVONtdgyvLyhds.tiff,12.0,,0.134,0.458115,0.297113,0.970784,0.299794,0.458115,0.995404,0.999941,32596,981,76132,16667507,108728,33577,967680,0.112359,0.458108,0.134981,7,15,0.428571,0.2,0.272727,0.157895,0.285714,0.133333,0.181818,0.1,0.218304,0.80045,0.272727,ok
mitonet_scaled,mito,empiar_10982_mitonet_benchmark,MitoNet,tem_00109,sparse,2.0,tem_benchmark/images/AH9rwncuiyjonmnTpzc6.tiff,12.0,,0.244,0.766212,0.621024,0.928001,0.652461,0.766212,0.997195,0.999641,77115,5983,41076,16653042,118191,83098,864032,0.13679,0.710473,0.341465,8,17,0.875,0.411765,0.56,0.388889,0.875,0.411765,0.56,0.388889,0.477278,0.852282,0.56,ok
mitonet_scaled,mito,empiar_10982_mitonet_benchmark,MitoNet,tem_00110,sparse,2.0,tem_benchmark/images/ALknkSgr7aoWr14RfrSV.tiff,12.0,,0.13,0.942817,0.89182,0.907052,0.981518,0.942817,0.998061,0.998335,268140,27477,5049,16476550,273189,295617,1448502,0.188601,0.991402,0.532763,8,7,0.875,1.0,0.933333,0.875,0.75,0.857143,0.8,0.666667,0.780843,0.836617,0.933333,ok
mitonet_scaled,mito,empiar_10982_mitonet_benchmark,MitoNet,tem_00111,sparse,2.0,tem_benchmark/images/AOVAPBvPacOXcUoVM3uZ.tiff,12.0,,0.237,0.865887,0.763493,0.957526,0.790256,0.865887,0.993482,0.999041,352994,15658,93689,16314875,446683,368652,829440,0.538536,0.881505,0.33289,43,54,0.790698,0.62963,0.701031,0.539683,0.44186,0.351852,0.391753,0.24359,0.537121,0.766188,0.701031,ok
mitonet_scaled,mito,empiar_10982_mitonet_benchmark,MitoNet,tem_00112,sparse,2.0,tem_benchmark/images/AvUtncbaV60ITOmLlAkQ.tiff,12.0,,0.154,0.288768,0.168749,0.993405,0.168938,0.288768,0.994471,0.999992,18830,125,92631,16665630,111461,18955,801792,0.139015,0.228508,0.092406,7,66,0.714286,0.075758,0.136986,0.073529,0.285714,0.030303,0.054795,0.028169,0.100027,0.730195,0.136986,ok
mitonet_scaled,mito,empiar_10982_mitonet_benchmark,MitoNet,tem_00113,sparse,2.0,tem_benchmark/images/DccMhwElHJmbuS2J8lrU.tiff,12.0,,0.217,0.90938,0.833819,0.868666,0.954098,0.90938,0.999018,0.999251,82644,12495,3976,16678101,86620,95139,581632,0.148926,0.797,0.494886,7,6,0.714286,0.833333,0.769231,0.625,0.714286,0.833333,0.769231,0.625,0.715743,0.930466,0.769231,ok
mitonet_scaled,mito,empiar_10982_mitonet_benchmark,MitoNet,tem_00114,sparse,2.0,tem_benchmark/images/DprwEW2YlVIuqe8iiBUM.tiff,12.0,,0.113,0.392435,0.244118,0.991727,0.244616,0.392435,0.997965,0.999995,11029,92,34058,16732037,45087,11121,794848,0.056724,0.355283,0.10878,5,24,0.8,0.166667,0.275862,0.16,0.4,0.083333,0.137931,0.074074,0.201531,0.730549,0.275862,ok
mitonet_scaled,mito,empiar_10982_mitonet_benchmark,MitoNet,tem_00115,sparse,2.0,tem_benchmark/images/E3DjzU1Hv0lKtRerU0dr.tiff,12.0,,0.197,0.0,0.0,0.0,0.0,0.0,0.995923,0.999441,0,9342,59051,16708823,59051,9342,1048576,0.056315,0.0,0.0,2,32,0.0,0.0,0.0,0.0,0.0,0.0,0.0,0.0,0.0,0.0,0.0,ok
mitonet_scaled,mito,empiar_10982_mitonet_benchmark,MitoNet,tem_00116,sparse,2.0,tem_benchmark/images/FJkyZfNswUHYI8UXjInE.tiff,12.0,,0.062,0.48076,0.316448,0.945632,0.322312,0.48076,0.996896,0.999917,24107,1386,50687,16701036,74794,25493,973685,0.076815,0.508124,0.206734,4,20,0.75,0.15,0.25,0.142857,0.25,0.05,0.083333,0.043478,0.172376,0.689504,0.25,ok
mitonet_scaled,mito,empiar_10982_mitonet_benchmark,MitoNet,tem_00117,sparse,2.0,tem_benchmark/images/FSqfiQ5X7pl4pbbBV3og.tiff,12.0,,0.236,0.638574,0.469048,0.873835,0.50312,0.638574,0.998602,0.999821,20723,2992,20466,16733035,41189,23715,444344,0.092696,0.51501,0.244378,7,9,0.714286,0.555556,0.625,0.454545,0.428571,0.333333,0.375,0.230769,0.48148,0.770368,0.625,ok
mitonet_scaled,mito,empiar_10982_mitonet_benchmark,MitoNet,tem_00118,sparse,2.0,tem_benchmark/images/FcQtYwd3CZhEoqWrZQ6a.tiff,12.0,,0.075,0.644442,0.475408,0.806748,0.536505,0.644442,0.997783,0.999517,33714,8076,29126,16706300,62840,41790,821744,0.076472,0.670811,0.385965,18,30,0.666667,0.4,0.5,0.333333,0.333333,0.2,0.25,0.142857,0.396782,0.793565,0.5,ok
mitonet_scaled,mito,empiar_10982_mitonet_benchmark,MitoNet,tem_00119,sparse,2.0,tem_benchmark/images/GC18X3wh91fultTzXk0n.tiff,12.0,,0.132,0.823121,0.699409,0.805949,0.84104,0.823121,0.998787,0.999318,47364,11404,8952,16709496,56316,58768,468765,0.120137,0.733039,0.406201,7,8,0.857143,0.75,0.8,0.666667,0.857143,0.75,0.8,0.666667,0.701045,0.876306,0.8,ok
mitonet_scaled,mito,empiar_10982_mitonet_benchmark,MitoNet,tem_00120,sparse,2.0,tem_benchmark/images/Gp5MEeb8iAuYfrAcOb3T.tiff,12.0,,0.243,0.739631,0.586837,0.970834,0.597368,0.739631,0.997497,0.999893,59649,1792,40204,16675571,99853,61441,1001472,0.099706,0.711074,0.380491,13,38,0.923077,0.315789,0.470588,0.307692,0.615385,0.210526,0.313725,0.186047,0.354284,0.752853,0.470588,ok
mitonet_scaled,mito,empiar_10982_mitonet_benchmark,MitoNet,tem_00121,sparse,2.0,tem_benchmark/images/HIv1HOOLTWhvBGs2GLAW.tiff,12.0,,0.224,0.887469,0.797703,0.978388,0.812012,0.887469,0.996786,0.999716,212635,4697,49227,16510657,261862,217332,1044480,0.25071,0.932915,0.426257,47,50,0.702128,0.66,0.680412,0.515625,0.595745,0.56,0.57732,0.405797,0.550322,0.808807,0.680412,ok
mitonet_scaled,mito,empiar_10982_mitonet_benchmark,MitoNet,tem_00122,sparse,2.0,tem_benchmark/images/HWJC0I0n5pPosm91fPN9.tiff,12.0,,0.129,0.953829,0.911733,0.946436,0.961338,0.953829,0.99915,0.999498,147327,8338,5925,16615626,153252,155665,932000,0.164433,0.928251,0.655411,16,16,0.875,0.875,0.875,0.777778,0.875,0.875,0.875,0.777778,0.804884,0.919867,0.875,ok
mitonet_scaled,mito,empiar_10982_mitonet_benchmark,MitoNet,tem_00123,sparse,2.0,tem_benchmark/images/IsdoTn0CZN3NNBHw9eHs.tiff,12.0,,0.165,0.046367,0.023734,1.0,0.023734,0.046367,0.997254,1.0,1120,0,46070,16730026,47190,1120,1017856,0.046362,0.071325,0.001988,1,73,0.0,0.0,0.0,0.0,0.0,0.0,0.0,0.0,0.0,0.0,0.0,ok
mitonet_scaled,mito,empiar_10982_mitonet_benchmark,MitoNet,tem_00124,sparse,2.0,tem_benchmark/images/JbZdraW8jUWOkWYenUQW.tiff,12.0,,0.095,0.0,0.0,nan,0.0,0.0,0.993757,1.0,0,0,104743,16672473,104743,0,282384,0.370924,0.0,0.0,0,19,nan,0.0,0.0,0.0,nan,0.0,0.0,0.0,0.0,0.0,0.0,ok
mitonet_scaled,mito,empiar_10982_mitonet_benchmark,MitoNet,tem_00125,sparse,2.0,tem_benchmark/images/KDdqT7pjt4RB6DP9YhBv.tiff,12.0,,0.197,0.0,0.0,nan,0.0,0.0,0.998658,1.0,0,0,22517,16754699,22517,0,147076,0.153098,0.0,0.0,0,8,nan,0.0,0.0,0.0,nan,0.0,0.0,0.0,0.0,0.0,0.0,ok
mitonet_scaled,mito,empiar_10982_mitonet_benchmark,MitoNet,tem_00126,sparse,2.0,tem_benchmark/images/KYJvyQylQ6GoiyoABzCi.tiff,12.0,,0.179,0.81013,0.680856,0.928831,0.71833,0.81013,0.9991,0.999853,32197,2467,12625,16729927,44822,34664,808588,0.055432,0.915329,0.823014,20,47,0.55,0.234043,0.328358,0.196429,0.3,0.12766,0.179104,0.098361,0.246178,0.749723,0.328358,ok
mitonet_scaled,mito,empiar_10982_mitonet_benchmark,MitoNet,tem_00127,sparse,2.0,tem_benchmark/images/MTeOXdixYD6o3ysTjtlY.tiff,12.0,,0.105,0.617743,0.446908,0.987008,0.449553,0.617743,0.998078,0.999979,26057,343,31905,16718911,57962,26400,540155,0.107306,0.709898,0.188452,9,14,0.777778,0.5,0.608696,0.4375,0.444444,0.285714,0.347826,0.210526,0.437201,0.718259,0.608696,ok
mitonet_scaled,mito,empiar_10982_mitonet_benchmark,MitoNet,tem_00128,sparse,2.0,tem_benchmark/images/MWyu8XxfJUz0tPpjMG68.tiff,12.0,,0.187,0.0,0.0,nan,0.0,0.0,0.997342,1.0,0,0,44590,16732626,44590,0,400334,0.111382,0.0,0.0,0,23,nan,0.0,0.0,0.0,nan,0.0,0.0,0.0,0.0,0.0,0.0,ok
mitonet_scaled,mito,empiar_10982_mitonet_benchmark,MitoNet,tem_00129,sparse,2.0,tem_benchmark/images/N9aIKs7lUVsYd6bT3LxC.tiff,12.0,,0.064,0.948147,0.901407,0.981186,0.917261,0.948147,0.998539,0.99974,224042,4296,20209,16528669,244251,228338,1048576,0.232936,0.933921,0.576592,15,18,1.0,0.833333,0.909091,0.833333,0.866667,0.722222,0.787879,0.65,0.806198,0.886818,0.909091,ok
mitonet_scaled,mito,empiar_10982_mitonet_benchmark,MitoNet,tem_00130,sparse,2.0,tem_benchmark/images/NFlQQXCuLN49baKGNHc8.tiff,12.0,,0.251,0.908343,0.832077,0.887547,0.930136,0.908343,0.999118,0.999444,73291,9286,5505,16689134,78796,82577,928768,0.084839,0.929281,0.533727,11,16,0.818182,0.5625,0.666667,0.5,0.636364,0.4375,0.518519,0.35,0.544403,0.816604,0.666667,ok
mitonet_scaled,mito,empiar_10982_mitonet_benchmark,MitoNet,tem_00131,sparse,2.0,tem_benchmark/images/NWNws2Vo4AQhIw579f4E.tiff,12.0,,0.093,0.883374,0.79111,0.940737,0.832604,0.883374,0.99477,0.998722,332339,20936,66817,16357124,399156,353275,944424,0.422645,0.837486,0.447195,29,39,0.896552,0.666667,0.764706,0.619048,0.827586,0.615385,0.705882,0.545455,0.649686,0.84959,0.764706,ok
mitonet_scaled,mito,empiar_10982_mitonet_benchmark,MitoNet,tem_00132,sparse,2.0,tem_benchmark/images/NpIsioJcraoQ7UM5w5KA.tiff,12.0,,0.148,0.245524,0.139941,0.351857,0.188544,0.245524,0.998272,0.999481,4717,8689,20301,16743509,25018,13406,502200,0.049817,0.320556,0.157803,10,42,0.2,0.047619,0.076923,0.04,0.0,0.0,0.0,0.0,0.045889,0.596551,0.076923,ok
mitonet_scaled,mito,empiar_10982_mitonet_benchmark,MitoNet,tem_00133,sparse,2.0,tem_benchmark/images/P4f6REHlY0j5oPr8hyFr.tiff,12.0,,0.062,0.0,0.0,nan,0.0,0.0,0.999181,1.0,0,0,13747,16763469,13747,0,158330,0.086825,0.0,0.0,0,77,nan,0.0,0.0,0.0,nan,0.0,0.0,0.0,0.0,0.0,0.0,ok
mitonet_scaled,mito,empiar_10982_mitonet_benchmark,MitoNet,tem_00134,sparse,2.0,tem_benchmark/images/PRV36TemoPe3oPNL0RXZ.tiff,12.0,,0.327,0.647242,0.478461,0.943253,0.492641,0.647242,0.990992,0.999494,138646,8341,142788,16487441,281434,146987,1052945,0.267283,0.711332,0.433277,28,44,0.678571,0.431818,0.527778,0.358491,0.357143,0.227273,0.277778,0.16129,0.376234,0.712865,0.527778,ok
mitonet_scaled,mito,empiar_10982_mitonet_benchmark,MitoNet,tem_00135,sparse,2.0,tem_benchmark/images/QLwSiZlPfFaKn9UkVw5A.tiff,12.0,,0.071,0.879918,0.785584,0.907568,0.853903,0.879918,0.998491,0.999433,92768,9448,15872,16659128,108640,102216,1048576,0.103607,0.877251,0.465252,15,20,0.866667,0.65,0.742857,0.590909,0.466667,0.35,0.4,0.25,0.553656,0.745306,0.742857,ok
mitonet_scaled,mito,empiar_10982_mitonet_benchmark,MitoNet,tem_00136,sparse,2.0,tem_benchmark/images/QQZlSgIkiL7OdZ2a8oIm.tiff,12.0,,0.14,0.385163,0.238515,0.83145,0.250634,0.385163,0.995841,0.999735,21858,4431,65353,16685574,87211,26289,847100,0.102952,0.37059,0.153181,10,25,0.5,0.2,0.285714,0.166667,0.2,0.08,0.114286,0.060606,0.199097,0.696841,0.285714,ok
mitonet_scaled,mito,empiar_10982_mitonet_benchmark,MitoNet,tem_00137,sparse,2.0,tem_benchmark/images/QWlbQZ1v00zxmk2Fp3Le.tiff,12.0,,0.17,0.664049,0.497061,0.929256,0.51661,0.664049,0.997047,0.999777,48956,3727,45808,16678725,94764,52683,398812,0.237616,0.650719,0.162523,7,12,0.428571,0.25,0.315789,0.1875,0.285714,0.166667,0.210526,0.117647,0.224768,0.711766,0.315789,ok
mitonet_scaled,mito,empiar_10982_mitonet_benchmark,MitoNet,tem_00138,sparse,2.0,tem_benchmark/images/QWqaLBDT0uuxxNX25kP9.tiff,12.0,,0.147,0.737022,0.583559,0.926191,0.61202,0.737022,0.998697,0.999854,30631,2441,19418,16724726,50049,33072,1048576,0.04773,0.844757,0.256086,14,25,0.571429,0.32,0.410256,0.258065,0.142857,0.08,0.102564,0.054054,0.27996,0.682403,0.410256,ok
mitonet_scaled,mito,empiar_10982_mitonet_benchmark,MitoNet,tem_00139,sparse,2.0,tem_benchmark/images/QsP5DBmv2NYg8LUlw8b1.tiff,12.0,,0.25,0.107642,0.056882,0.192491,0.07471,0.107642,0.997608,0.999394,2420,10152,29972,16734672,32392,12572,921496,0.035152,0.164742,0.026833,11,41,0.090909,0.02439,0.038462,0.019608,0.0,0.0,0.0,0.0,0.021143,0.549708,0.038462,ok
mitonet_scaled,mito,empiar_10982_mitonet_benchmark,MitoNet,tem_00140,sparse,2.0,tem_benchmark/images/R6p8J6wCSmn3aStj4GHv.tiff,12.0,,0.043,0.001589,0.000795,0.870968,0.000795,0.001589,0.997977,1.0,27,4,33934,16743251,33961,31,1029120,0.033,0.0,0.0,2,17,0.0,0.0,0.0,0.0,0.0,0.0,0.0,0.0,0.0,0.0,0.0,ok
mitonet_scaled,mito,empiar_10982_mitonet_benchmark,MitoNet,tem_00141,sparse,2.0,tem_benchmark/images/RoECvy0RbILoKiv8jYab.tiff,12.0,,0.097,0.748859,0.598541,0.956391,0.615335,0.748859,0.999695,0.999979,7632,348,4771,16764465,12403,7980,52455,0.23645,0.719472,0.573653,3,6,0.666667,0.333333,0.444444,0.285714,0.666667,0.333333,0.444444,0.285714,0.347513,0.781904,0.444444,ok
mitonet_scaled,mito,empiar_10982_mitonet_benchmark,MitoNet,tem_00142,sparse,2.0,tem_benchmark/images/SXnwBMNzR18D8sKSjh8g.tiff,12.0,,0.137,0.470369,0.307505,0.994928,0.307988,0.470369,0.998473,0.999997,11378,58,25565,16740215,36943,11436,1048576,0.035232,0.508759,0.182917,7,15,0.571429,0.266667,0.363636,0.222222,0.428571,0.2,0.272727,0.157895,0.284123,0.781337,0.363636,ok
mitonet_scaled,mito,empiar_10982_mitonet_benchmark,MitoNet,tem_00143,sparse,2.0,tem_benchmark/images/TCzgvIZVHqNFtdJEPaXf.tiff,12.0,,0.193,0.314006,0.186244,0.990832,0.186566,0.314006,0.980523,0.999958,74788,692,326079,16375657,400867,75480,808828,0.495615,0.387875,0.044586,6,17,0.333333,0.117647,0.173913,0.095238,0.0,0.0,0.0,0.0,0.09275,0.53331,0.173913,ok
mitonet_scaled,mito,empiar_10982_mitonet_benchmark,MitoNet,tem_00144,sparse,2.0,tem_benchmark/images/TbVlEbkOaXvgqXuOC2y5.tiff,12.0,,0.129,0.896412,0.812271,0.829933,0.974469,0.896412,0.997357,0.997629,191869,39317,5027,16541003,196896,231186,1040384,0.189253,0.848192,0.6019,15,13,0.8,0.923077,0.857143,0.75,0.733333,0.846154,0.785714,0.647059,0.767092,0.894941,0.857143,ok
mitonet_scaled,mito,empiar_10982_mitonet_benchmark,MitoNet,tem_00145,sparse,2.0,tem_benchmark/images/UH2Xa2sqyug07qibeLI2.tiff,12.0,,0.09,0.244412,0.139219,0.786247,0.144696,0.244412,0.99137,0.999617,23416,6366,138413,16609021,161829,29782,652036,0.24819,0.258817,0.081514,4,21,0.75,0.142857,0.24,0.136364,0.25,0.047619,0.08,0.041667,0.165717,0.690486,0.24,ok
mitonet_scaled,mito,empiar_10982_mitonet_benchmark,MitoNet,tem_00146,sparse,2.0,tem_benchmark/images/UTbbCmNhBbRwzOznV6eM.tiff,12.0,,0.193,0.845252,0.731979,0.974211,0.746443,0.845252,0.99947,0.999962,24290,643,8251,16744032,32541,24933,406636,0.080025,0.805755,0.43047,3,4,1.0,0.75,0.857143,0.75,1.0,0.75,0.857143,0.75,0.747058,0.871568,0.857143,ok
mitonet_scaled,mito,empiar_10982_mitonet_benchmark,MitoNet,tem_00147,sparse,2.0,tem_benchmark/images/Ub2PGMk15slpiDOMy6gd.tiff,12.0,,0.155,0.820464,0.695582,0.880279,0.768261,0.820464,0.998402,0.999501,61278,8334,18484,16689120,79762,69612,839474,0.095014,0.867286,0.402871,18,20,0.555556,0.5,0.526316,0.357143,0.333333,0.3,0.315789,0.1875,0.416633,0.791603,0.526316,ok
mitonet_scaled,mito,empiar_10982_mitonet_benchmark,MitoNet,tem_00148,sparse,2.0,tem_benchmark/images/UuyHhnn7MjnSClcZPBAG.tiff,12.0,,0.141,0.658254,0.490595,0.875867,0.527255,0.658254,0.99775,0.999692,36359,5153,32600,16703104,68959,41512,533338,0.129297,0.734159,0.230015,20,46,0.4,0.173913,0.242424,0.137931,0.1,0.043478,0.060606,0.03125,0.162279,0.669399,0.242424,ok
mitonet_scaled,mito,empiar_10982_mitonet_benchmark,MitoNet,tem_00149,sparse,2.0,tem_benchmark/images/V52bj9CYW97AUqevB2Rv.tiff,12.0,,0.2,0.881116,0.787496,0.897762,0.865076,0.881116,0.996544,0.99852,214865,24469,33512,16504370,248377,239334,858112,0.289446,0.89473,0.54367,21,22,0.809524,0.772727,0.790698,0.653846,0.666667,0.636364,0.651163,0.482759,0.666009,0.842306,0.790698,ok
mitonet_scaled,mito,empiar_10982_mitonet_benchmark,MitoNet,tem_00150,sparse,2.0,tem_benchmark/images/VFu9kl8plvKxrBEwRfhL.tiff,12.0,,0.214,0.248712,0.142016,0.873114,0.145009,0.248712,0.998166,0.999956,5092,740,30023,16741361,35115,5832,761805,0.046094,0.247259,0.125301,5,30,0.4,0.066667,0.114286,0.060606,0.2,0.033333,0.057143,0.029412,0.084717,0.741269,0.114286,ok
mitonet_scaled,mito,empiar_10982_mitonet_benchmark,MitoNet,tem_00151,sparse,2.0,tem_benchmark/images/VcJ1fV2RlrJrmLHIzdIv.tiff,12.0,,0.053,0.484504,0.3197,0.977705,0.322048,0.484504,0.998259,0.999981,13726,313,28895,16734282,42621,14039,858162,0.049665,0.552047,0.216598,8,26,0.875,0.269231,0.411765,0.259259,0.5,0.153846,0.235294,0.133333,0.315642,0.766558,0.411765,ok
mitonet_scaled,mito,empiar_10982_mitonet_benchmark,MitoNet,tem_00152,sparse,2.0,tem_benchmark/images/WCqmS6R1MFjZfQXMEbov.tiff,12.0,,0.201,0.754791,0.606156,0.911937,0.643843,0.754791,0.995774,0.999366,109116,10537,60360,16597203,169476,119653,416273,0.407127,0.777042,0.322196,18,47,0.555556,0.212766,0.307692,0.181818,0.388889,0.148936,0.215385,0.12069,0.241514,0.78492,0.307692,ok
mitonet_scaled,mito,empiar_10982_mitonet_benchmark,MitoNet,tem_00153,sparse,2.0,tem_benchmark/images/X1DAYM5MVaMXPhpeeTBT.tiff,12.0,,0.046,0.408023,0.256299,0.976278,0.257905,0.408023,0.998761,0.99999,7161,174,20605,16749276,27766,7335,304914,0.091062,0.407108,0.151217,2,10,1.0,0.2,0.333333,0.2,0.5,0.1,0.166667,0.090909,0.252023,0.756069,0.333333,ok
mitonet_scaled,mito,empiar_10982_mitonet_benchmark,MitoNet,tem_00154,sparse,2.0,tem_benchmark/images/XsisEi7EmDiq7esbhl3k.tiff,12.0,,0.135,0.737178,0.583754,0.920564,0.614719,0.737178,0.99942,0.99993,13640,1177,8549,16753850,22189,14817,1048576,0.021161,0.741463,0.364139,8,19,0.5,0.210526,0.296296,0.173913,0.0,0.0,0.0,0.0,0.184428,0.622444,0.296296,ok
mitonet_scaled,mito,empiar_10982_mitonet_benchmark,MitoNet,tem_00155,sparse,2.0,tem_benchmark/images/XzLxoE9qQ3O9Gq28iveF.tiff,12.0,,0.265,0.874717,0.777331,0.94852,0.81157,0.874717,0.998615,0.999736,81144,4404,18840,16672828,99984,85548,1019904,0.098033,0.886195,0.505995,20,21,0.8,0.761905,0.780488,0.64,0.75,0.714286,0.731707,0.576923,0.667103,0.854725,0.780488,ok
mitonet_scaled,mito,empiar_10982_mitonet_benchmark,MitoNet,tem_00156,sparse,2.0,tem_benchmark/images/Y5Uy1ACZO4MkqTvSzJcS.tiff,12.0,,0.048,0.94301,0.892165,0.951138,0.93502,0.94301,0.998965,0.999556,143619,7378,9981,16616238,153600,150997,291000,0.527835,0.901139,0.562149,7,9,1.0,0.777778,0.875,0.777778,1.0,0.777778,0.875,0.777778,0.803464,0.918244,0.875,ok
mitonet_scaled,mito,empiar_10982_mitonet_benchmark,MitoNet,tem_00157,sparse,2.0,tem_benchmark/images/YnjZLcFb5mRSIQR7oTJ1.tiff,12.0,,0.075,0.020991,0.010607,0.550717,0.010699,0.020991,0.994023,0.999947,1075,877,99397,16675867,100472,1952,715776,0.140368,0.015868,0.003174,1,99,0.0,0.0,0.0,0.0,0.0,0.0,0.0,0.0,0.0,0.0,0.0,ok
mitonet_scaled,mito,empiar_10982_mitonet_benchmark,MitoNet,tem_00158,sparse,2.0,tem_benchmark/images/aLriAAXSpMzI1tSLzl05.tiff,12.0,,0.195,0.912316,0.838769,0.90057,0.924372,0.912316,0.999517,0.999722,42180,4657,3451,16726928,45631,46837,682520,0.066857,0.965069,0.618731,13,19,0.692308,0.473684,0.5625,0.391304,0.538462,0.368421,0.4375,0.28,0.453689,0.806558,0.5625,ok
mitonet_scaled,mito,empiar_10982_mitonet_benchmark,MitoNet,tem_00159,sparse,2.0,tem_benchmark/images/bUsTjDOJHiHMPCNIWkuT.tiff,12.0,,0.108,0.153912,0.083372,1.0,0.083372,0.153912,0.99929,1.0,1083,0,11907,16764226,12990,1083,258842,0.050185,0.153191,0.07438,1,9,1.0,0.111111,0.2,0.111111,0.0,0.0,0.0,0.0,0.106805,0.534024,0.2,ok
mitonet_scaled,mito,empiar_10982_mitonet_benchmark,MitoNet,tem_00160,sparse,2.0,tem_benchmark/images/ch1HZ72XmfK9rD5K40QW.tiff,12.0,,0.134,0.069604,0.036057,1.0,0.036057,0.069604,0.997192,1.0,1762,0,47105,16728349,48867,1762,859408,0.056861,0.016032,0.01712,2,25,0.5,0.04,0.074074,0.038462,0.0,0.0,0.0,0.0,0.040207,0.542796,0.074074,ok
mitonet_scaled,mito,empiar_10982_mitonet_benchmark,MitoNet,tem_00161,sparse,2.0,tem_benchmark/images/cwpw4Zu4rqVzbTMPhql2.tiff,12.0,,0.313,0.850981,0.740616,0.959828,0.764307,0.850981,0.998884,0.999866,53448,2237,16482,16705049,69930,55685,1037312,0.067415,0.84667,0.530416,10,18,0.9,0.5,0.642857,0.473684,0.8,0.444444,0.571429,0.4,0.549801,0.855246,0.642857,ok
mitonet_scaled,mito,empiar_10982_mitonet_benchmark,MitoNet,tem_00162,sparse,2.0,tem_benchmark/images/d2Cvt7UfKPIAnaJGlKpw.tiff,12.0,,0.081,0.002448,0.001225,1.0,0.001225,0.002448,0.996405,1.0,74,0,60318,16716824,60392,74,826110,0.073104,0.0,0.0,1,64,0.0,0.0,0.0,0.0,0.0,0.0,0.0,0.0,0.0,0.0,0.0,ok
mitonet_scaled,mito,empiar_10982_mitonet_benchmark,MitoNet,tem_00163,sparse,2.0,tem_benchmark/images/d7McLI44TDhNmnd1QSpo.tiff,12.0,,0.294,0.921863,0.855052,0.919769,0.923967,0.921863,0.999182,0.999577,80970,7063,6663,16682520,87633,88033,650960,0.134621,0.968943,0.539898,13,16,0.923077,0.75,0.827586,0.705882,0.692308,0.5625,0.62069,0.45,0.670849,0.81061,0.827586,ok
mitonet_scaled,mito,empiar_10982_mitonet_benchmark,MitoNet,tem_00164,sparse,2.0,tem_benchmark/images/dYaOkBZPfpE3oHiplIst.tiff,12.0,,0.055,0.885087,0.793862,0.988819,0.801053,0.885087,0.999621,0.999983,24497,277,6084,16746358,30581,24774,576534,0.053043,0.889141,0.670928,7,10,1.0,0.7,0.823529,0.7,0.857143,0.6,0.705882,0.545455,0.706017,0.857306,0.823529,ok
mitonet_scaled,mito,empiar_10982_mitonet_benchmark,MitoNet,tem_00165,sparse,2.0,tem_benchmark/images/e8mrOPbV0mqJZ5L7xY8c.tiff,12.0,,0.155,0.702038,0.540877,0.956738,0.554437,0.702038,0.997528,0.999868,48852,2209,39259,16686896,88111,51061,731964,0.120376,0.692414,0.356394,14,47,0.571429,0.170213,0.262295,0.150943,0.428571,0.12766,0.196721,0.109091,0.206365,0.786765,0.262295,ok
mitonet_scaled,mito,empiar_10982_mitonet_benchmark,MitoNet,tem_00166,sparse,2.0,tem_benchmark/images/eL79mWeRWlqFAqOO6w8o.tiff,12.0,,0.151,0.84581,0.732817,0.998772,0.733478,0.84581,0.999311,0.999998,31720,39,11526,16733931,43246,31759,571120,0.075721,0.937673,0.389315,16,21,0.8125,0.619048,0.702703,0.541667,0.625,0.47619,0.540541,0.37037,0.540966,0.769836,0.702703,ok
mitonet_scaled,mito,empiar_10982_mitonet_benchmark,MitoNet,tem_00167,sparse,2.0,tem_benchmark/images/ghAKYp44DzBUhlyn7Kec.tiff,12.0,,0.13,0.691551,0.528528,0.936047,0.548328,0.691551,0.997137,0.999779,53848,3679,44356,16675333,98204,57527,1044480,0.094022,0.760326,0.43345,16,25,0.875,0.56,0.682927,0.518519,0.375,0.24,0.292683,0.171429,0.502027,0.735111,0.682927,ok
mitonet_scaled,mito,empiar_10982_mitonet_benchmark,MitoNet,tem_00168,sparse,2.0,tem_benchmark/images/gxdh9YGZMJUB58YvyzgM.tiff,12.0,,0.127,0.69301,0.530234,0.868741,0.576412,0.69301,0.992083,0.998629,149930,22653,110179,16494454,260109,172583,962560,0.270226,0.633709,0.254628,25,42,0.68,0.404762,0.507463,0.34,0.36,0.214286,0.268657,0.155172,0.373567,0.736147,0.507463,ok
mitonet_scaled,mito,empiar_10982_mitonet_benchmark,MitoNet,tem_00169,sparse,2.0,tem_benchmark/images/hR5EYnvM2Ysjfddi9ZTt.tiff,12.0,,0.356,0.941755,0.889922,0.97734,0.908671,0.941755,0.998343,0.999685,224708,5210,22585,16524713,247293,229918,1048576,0.235837,0.936789,0.614975,27,27,0.888889,0.888889,0.888889,0.8,0.777778,0.777778,0.777778,0.636364,0.781154,0.878798,0.888889,ok
mitonet_scaled,mito,empiar_10982_mitonet_benchmark,MitoNet,tem_00170,sparse,2.0,tem_benchmark/images/iDXfFDvQLRHsB4XZHb3A.tiff,12.0,,0.052,0.0,0.0,nan,0.0,0.0,0.996103,1.0,0,0,65386,16711830,65386,0,914432,0.071504,0.0,0.0,0,6,nan,0.0,0.0,0.0,nan,0.0,0.0,0.0,0.0,0.0,0.0,ok
mitonet_scaled,mito,empiar_10982_mitonet_benchmark,MitoNet,tem_00171,sparse,2.0,tem_benchmark/images/iidFXTWegya1bm1hl5to.tiff,12.0,,0.18,0.514394,0.346252,0.94099,0.353937,0.514394,0.989981,0.999662,89028,5583,162508,16520097,251536,94611,1382400,0.181956,0.589235,0.433528,31,129,0.483871,0.116279,0.1875,0.103448,0.225806,0.054264,0.0875,0.045752,0.137203,0.731751,0.1875,ok
mitonet_scaled,mito,empiar_10982_mitonet_benchmark,MitoNet,tem_00172,sparse,2.0,tem_benchmark/images/j1k88xV7tmKNMLM4bj1h.tiff,12.0,,0.186,0.786332,0.647897,0.911847,0.69119,0.786332,0.997757,0.999599,69242,6694,30936,16670344,100178,75936,790251,0.126767,0.829694,0.383259,17,21,0.647059,0.52381,0.578947,0.407407,0.294118,0.238095,0.263158,0.151515,0.411748,0.711201,0.578947,ok
mitonet_scaled,mito,empiar_10982_mitonet_benchmark,MitoNet,tem_00173,sparse,2.0,tem_benchmark/images/k0Ij8iyjBDimmOPwtFHL.tiff,12.0,,0.189,0.328382,0.196446,0.932256,0.199291,0.328382,0.995752,0.999924,17422,1266,69998,16688530,87420,18688,288351,0.303172,0.393009,0.127058,5,18,0.6,0.166667,0.26087,0.15,0.4,0.111111,0.173913,0.095238,0.200396,0.768186,0.26087,ok
mitonet_scaled,mito,empiar_10982_mitonet_benchmark,MitoNet,tem_00174,sparse,2.0,tem_benchmark/images/k4Uw1csHJKTrviecgXyz.tiff,12.0,,0.169,0.90367,0.824268,0.965552,0.849242,0.90367,0.998689,0.999779,103205,3682,18321,16652008,121526,106887,956416,0.127064,0.926403,0.55973,18,19,0.944444,0.894737,0.918919,0.85,0.666667,0.631579,0.648649,0.48,0.748333,0.814362,0.918919,ok
mitonet_scaled,mito,empiar_10982_mitonet_benchmark,MitoNet,tem_00175,sparse,2.0,tem_benchmark/images/kBnMAlFJtapfTpTu5iHL.tiff,12.0,,0.049,0.491046,0.325421,0.998332,0.325598,0.491046,0.999778,1.0,1796,3,3720,16771697,5516,1799,76310,0.072284,0.608696,0.224339,1,2,1.0,0.5,0.666667,0.5,1.0,0.5,0.666667,0.5,0.503504,0.755257,0.666667,ok
mitonet_scaled,mito,empiar_10982_mitonet_benchmark,MitoNet,tem_00176,sparse,2.0,tem_benchmark/images/kF3EaTAoYeTRf12uLsIX.tiff,12.0,,0.36,0.904357,0.825413,0.894509,0.914425,0.904357,0.994763,0.996999,415384,48987,38873,16273972,454257,464371,1740000,0.261067,0.84046,0.768694,39,41,0.923077,0.878049,0.9,0.818182,0.897436,0.853659,0.875,0.777778,0.816933,0.907703,0.9,ok
mitonet_scaled,mito,empiar_10982_mitonet_benchmark,MitoNet,tem_00177,sparse,2.0,tem_benchmark/images/lCH8UM6Mv2AG7zDPrqHA.tiff,12.0,,0.1,0.253723,0.145294,0.802926,0.150667,0.253723,0.997864,0.999911,6091,1495,34336,16735294,40427,7586,824776,0.049016,0.333513,0.203136,4,36,0.75,0.083333,0.15,0.081081,0.0,0.0,0.0,0.0,0.104423,0.696154,0.15,ok
mitonet_scaled,mito,empiar_10982_mitonet_benchmark,MitoNet,tem_00178,sparse,2.0,tem_benchmark/images/lw3ENjwOInSmgeNNY0Qk.tiff,12.0,,0.287,0.138761,0.074553,0.9428,0.074892,0.138761,0.998256,0.999991,2357,143,29115,16745601,31472,2500,551040,0.057114,0.142375,0.04259,4,17,0.25,0.058824,0.095238,0.05,0.0,0.0,0.0,0.0,0.070147,0.736546,0.095238,ok
mitonet_scaled,mito,empiar_10982_mitonet_benchmark,MitoNet,tem_00179,sparse,2.0,tem_benchmark/images/ngygM944aKxBq6rf72Zl.tiff,12.0,,0.048,0.877583,0.78187,0.985485,0.790979,0.877583,0.999789,0.999989,12696,187,3355,16760978,16051,12883,838656,0.019139,0.85567,0.370372,3,5,1.0,0.6,0.75,0.6,0.666667,0.4,0.5,0.333333,0.631761,0.842348,0.75,ok
mitonet_scaled,mito,empiar_10982_mitonet_benchmark,MitoNet,tem_00180,sparse,2.0,tem_benchmark/images/pLeNHL0RTZwYh5EwN7up.tiff,12.0,,0.076,0.050401,0.025852,1.0,0.025852,0.050401,0.998482,1.0,676,0,25473,16751067,26149,676,69888,0.374156,0.029326,0.0,1,24,0.0,0.0,0.0,0.0,0.0,0.0,0.0,0.0,0.0,0.0,0.0,ok
mitonet_scaled,mito,empiar_10982_mitonet_benchmark,MitoNet,tem_00181,sparse,2.0,tem_benchmark/images/pu4kmugMyXvbFtAgLogm.tiff,12.0,,0.139,0.917978,0.848392,0.941006,0.89605,0.917978,0.999463,0.999811,50453,3163,5853,16717747,56306,53616,1020928,0.055152,0.894098,0.59384,7,9,0.857143,0.666667,0.75,0.6,0.714286,0.555556,0.625,0.454545,0.644109,0.858812,0.75,ok
mitonet_scaled,mito,empiar_10982_mitonet_benchmark,MitoNet,tem_00182,sparse,2.0,tem_benchmark/images/qOA9ml35XYXQjtWmFvvg.tiff,12.0,,0.22,0.899871,0.817969,0.893557,0.906275,0.899871,0.999011,0.999468,74562,8882,7711,16686061,82273,83444,683220,0.120419,0.947996,0.515375,15,17,0.866667,0.764706,0.8125,0.684211,0.666667,0.588235,0.625,0.454545,0.661857,0.814594,0.8125,ok
mitonet_scaled,mito,empiar_10982_mitonet_benchmark,MitoNet,tem_00183,sparse,2.0,tem_benchmark/images/qqRmOpdujNXIqEuWrFLk.tiff,12.0,,0.168,0.901236,0.820227,0.954736,0.853414,0.901236,0.997325,0.999413,204745,9707,35168,16527596,239913,214452,1116250,0.214928,0.928239,0.842249,52,76,0.865385,0.592105,0.703125,0.542169,0.634615,0.434211,0.515625,0.347368,0.557652,0.793104,0.703125,ok
mitonet_scaled,mito,empiar_10982_mitonet_benchmark,MitoNet,tem_00184,sparse,2.0,tem_benchmark/images/qs9OOX5WsQhRE3Kg2rpU.tiff,12.0,,0.11,0.678477,0.513405,1.0,0.513405,0.678477,0.999805,1.0,3447,0,3267,16770502,6714,3447,147804,0.045425,0.833333,0.198171,2,2,0.5,0.5,0.5,0.333333,0.5,0.5,0.5,0.333333,0.388276,0.776552,0.5,ok
mitonet_scaled,mito,empiar_10982_mitonet_benchmark,MitoNet,tem_00185,sparse,2.0,tem_benchmark/images/sN90grldkJUpRIAJ64Bz.tiff,12.0,,0.111,0.0,0.0,nan,0.0,0.0,0.998294,1.0,0,0,28627,16748589,28627,0,526959,0.054325,0.0,0.0,0,10,nan,0.0,0.0,0.0,nan,0.0,0.0,0.0,0.0,0.0,0.0,ok
mitonet_scaled,mito,empiar_10982_mitonet_benchmark,MitoNet,tem_00186,sparse,2.0,tem_benchmark/images/sXnNKReR54pzKRZ5rpfP.tiff,12.0,,0.128,0.91576,0.84461,0.946356,0.88708,0.91576,0.99911,0.999724,81151,4600,10330,16681135,91481,85751,626628,0.145989,0.863321,0.561894,11,11,0.727273,0.727273,0.727273,0.571429,0.727273,0.727273,0.727273,0.571429,0.637007,0.875885,0.727273,ok
mitonet_scaled,mito,empiar_10982_mitonet_benchmark,MitoNet,tem_00187,sparse,2.0,tem_benchmark/images/snDIBSvwQMaqGKBbGF6V.tiff,12.0,,0.119,0.757794,0.610039,0.910775,0.648814,0.757794,0.998314,0.999741,44240,4334,23946,16704696,68186,48574,1013968,0.067247,0.798178,0.310993,15,17,0.6,0.529412,0.5625,0.391304,0.4,0.352941,0.375,0.230769,0.437987,0.778643,0.5625,ok
mitonet_scaled,mito,empiar_10982_mitonet_benchmark,MitoNet,tem_00188,sparse,2.0,tem_benchmark/images/uBBsOocNXDq5poteflbh.tiff,12.0,,0.041,0.60265,0.43128,0.445574,0.930766,0.60265,0.99316,0.99351,87022,108281,6473,16575440,93495,195303,281074,0.332635,0.513031,0.05313,6,14,0.0,0.0,0.0,0.0,0.0,0.0,0.0,0.0,0.0,0.0,0.0,ok
mitonet_scaled,mito,empiar_10982_mitonet_benchmark,MitoNet,tem_00189,sparse,2.0,tem_benchmark/images/v64IdYxtp9vzYzojtxir.tiff,12.0,,0.32,0.758621,0.611112,0.982567,0.61781,0.758621,0.997621,0.999933,62730,1113,38806,16674567,101536,63843,568340,0.178654,0.783908,0.433124,8,14,1.0,0.571429,0.727273,0.571429,1.0,0.571429,0.727273,0.571429,0.629187,0.865133,0.727273,ok
mitonet_scaled,mito,empiar_10982_mitonet_benchmark,MitoNet,tem_00190,sparse,2.0,tem_benchmark/images/vziaz0e1YZ9BJHIY7tJV.tiff,12.0,,0.062,0.831339,0.71136,0.934843,0.74847,0.831339,0.999051,0.999836,39255,2736,13192,16722033,52447,41991,961536,0.054545,0.816546,0.499698,14,14,0.714286,0.714286,0.714286,0.555556,0.571429,0.571429,0.571429,0.4,0.60665,0.84931,0.714286,ok
mitonet_scaled,mito,empiar_10982_mitonet_benchmark,MitoNet,tem_00191,sparse,2.0,tem_benchmark/images/xHSMEPuKIY4T3X4UURT5.tiff,12.0,,0.139,0.657025,0.489231,0.872516,0.526894,0.657025,0.995979,0.999433,64622,9442,58025,16645127,122647,74064,724104,0.169378,0.683855,0.168744,8,16,0.625,0.3125,0.416667,0.263158,0.25,0.125,0.166667,0.090909,0.293917,0.7054,0.416667,ok
mitonet_scaled,mito,empiar_10982_mitonet_benchmark,MitoNet,tem_00192,sparse,2.0,tem_benchmark/images/yayA9ov0gTMPe5oUDmCY.tiff,12.0,,0.183,0.820319,0.695373,0.885952,0.763739,0.820319,0.999123,0.999742,33590,4324,10391,16728911,43981,37914,248050,0.177307,0.86946,0.493112,10,32,0.2,0.0625,0.095238,0.05,0.1,0.03125,0.047619,0.02439,0.066988,0.703379,0.095238,ok
mitonet_scaled,mito,empiar_10982_mitonet_benchmark,MitoNet,tem_00193,sparse,2.0,tem_benchmark/images/yn4W2WociugOlXWN83Ps.tiff,12.0,,0.188,0.699382,0.53773,0.950135,0.553346,0.699382,0.99639,0.999778,70462,3698,56876,16646180,127338,74160,1048576,0.121439,0.66473,0.381658,32,65,0.6875,0.338462,0.453608,0.293333,0.46875,0.230769,0.309278,0.182927,0.355689,0.784133,0.453608,ok
mitonet_scaled,mito,empiar_10982_mitonet_benchmark,MitoNet,tem_00194,sparse,2.0,tem_benchmark/images/zRf1ZWOS08TxjOvROo86.tiff,12.0,,0.196,0.69337,0.530656,0.95344,0.544773,0.69337,0.998897,0.999939,20928,1022,17488,16737778,38416,21950,523887,0.073329,0.604468,0.42983,5,13,0.8,0.307692,0.444444,0.285714,0.8,0.307692,0.444444,0.285714,0.402485,0.905592,0.444444,ok
mitonet_scaled,mito,zenodo_mitoem2,ME2-Mossy,ME2-Mossy_00163,sparse,8.0,Dataset004_ME2-Mossy/me2-mossy_train01,12.0,,0.446,0.923689,0.858199,0.907329,0.94065,0.923689,0.99989,0.999932,11142,1138,703,16764233,11845,12280,33631,0.352205,0.872546,0.744422,6,5,0.666667,0.8,0.727273,0.571429,0.666667,0.8,0.727273,0.571429,0.68276,0.938795,0.727273,ok
mitonet_scaled,mito,zenodo_mitoem2,ME2-Mossy,ME2-Mossy_00164,sparse,8.0,Dataset004_ME2-Mossy/me2-mossy_train01,12.0,,0.24,0.859613,0.753791,0.768793,0.974766,0.859613,0.999605,0.999636,20280,6099,525,16750312,20805,26379,89500,0.232458,0.85812,0.773666,11,7,0.636364,1.0,0.777778,0.636364,0.454545,0.714286,0.555556,0.384615,0.646075,0.830668,0.777778,ok
mitonet_scaled,mito,zenodo_mitoem2,ME2-Mossy,ME2-Mossy_00165,sparse,8.0,Dataset004_ME2-Mossy/me2-mossy_train01,12.0,,0.288,0.209837,0.117217,0.117827,0.957673,0.209837,0.990859,0.990901,20363,152458,900,16603495,21263,172821,1332168,0.015961,0.146532,0.192406,80,10,0.1125,0.9,0.2,0.111111,0.1125,0.9,0.2,0.111111,0.182786,0.91393,0.2,ok
mitonet_scaled,mito,zenodo_mitoem2,ME2-Mossy,ME2-Mossy_00166,sparse,8.0,Dataset004_ME2-Mossy/me2-mossy_train01,12.0,,0.292,0.223708,0.125941,0.127577,0.907568,0.223708,0.991799,0.991909,19824,135564,2019,16619809,21843,155388,1004544,0.021744,0.1784,0.215112,81,13,0.135802,0.846154,0.234043,0.13253,0.135802,0.846154,0.234043,0.13253,0.214977,0.91854,0.234043,ok
mitonet_scaled,mito,zenodo_mitoem2,ME2-Mossy,ME2-Mossy_00167,sparse,8.0,Dataset004_ME2-Mossy/me2-mossy_train01,12.0,,0.328,0.501765,0.334904,0.341197,0.947802,0.501765,0.993354,0.993516,56144,108406,3092,16609574,59236,164550,884540,0.066968,0.461278,0.423649,67,20,0.283582,0.95,0.436782,0.279412,0.283582,0.95,0.436782,0.279412,0.404657,0.926452,0.436782,ok
mitonet_scaled,mito,zenodo_mitoem2,ME2-Mossy,ME2-Mossy_00168,sparse,8.0,Dataset004_ME2-Mossy/me2-mossy_train01,12.0,,0.381,0.56639,0.395079,0.416897,0.883032,0.56639,0.993564,0.994092,70526,98643,9342,16598705,79868,169169,862416,0.09261,0.577277,0.441414,79,34,0.367089,0.852941,0.513274,0.345238,0.278481,0.647059,0.389381,0.241758,0.422757,0.823648,0.513274,ok
mitonet_scaled,mito,zenodo_mitoem2,ME2-Mossy,ME2-Mossy_00169,sparse,8.0,Dataset004_ME2-Mossy/me2-mossy_train01,12.0,,0.312,0.660608,0.493215,0.505176,0.954193,0.660608,0.994898,0.995111,83303,81596,3999,16608318,87302,164899,605682,0.144138,0.664171,0.499263,64,28,0.375,0.857143,0.521739,0.352941,0.359375,0.821429,0.5,0.333333,0.466614,0.894344,0.521739,ok
mitonet_scaled,mito,zenodo_mitoem2,ME2-Mossy,ME2-Mossy_00170,sparse,8.0,Dataset004_ME2-Mossy/me2-mossy_train01,12.0,,0.334,0.693685,0.531025,0.550748,0.93682,0.693685,0.995723,0.996029,81242,66270,5479,16624225,86721,147512,676296,0.128229,0.676162,0.545933,74,36,0.418919,0.861111,0.563636,0.392405,0.405405,0.833333,0.545455,0.375,0.511118,0.906822,0.563636,ok
mitonet_scaled,mito,zenodo_mitoem2,ME2-Mossy,ME2-Mossy_00171,sparse,8.0,Dataset004_ME2-Mossy/me2-mossy_train01,12.0,,0.358,0.72112,0.563868,0.575854,0.964401,0.72112,0.996343,0.996501,79321,58424,2928,16636543,82249,137745,660970,0.124437,0.739903,0.589505,72,32,0.388889,0.875,0.538462,0.368421,0.361111,0.8125,0.5,0.333333,0.482245,0.895598,0.538462,ok
mitonet_scaled,mito,zenodo_mitoem2,ME2-Mossy,ME2-Mossy_00172,sparse,8.0,Dataset004_ME2-Mossy/me2-mossy_train01,12.0,,0.311,0.814032,0.686386,0.697167,0.977967,0.814032,0.998413,0.998486,58279,25315,1313,16692309,59592,83594,273920,0.217553,0.751509,0.692187,34,21,0.558824,0.904762,0.690909,0.527778,0.558824,0.904762,0.690909,0.527778,0.644724,0.933153,0.690909,ok
mitonet_scaled,mito,zenodo_mitoem2,ME2-Mossy,ME2-Mossy_00173,sparse,8.0,Dataset004_ME2-Mossy/me2-mossy_train01,12.0,,0.298,0.726586,0.570581,0.583083,0.963785,0.726586,0.996306,0.996473,82340,58875,3094,16632907,85434,141215,458337,0.1864,0.732711,0.561475,56,25,0.410714,0.92,0.567901,0.396552,0.392857,0.88,0.54321,0.372881,0.497007,0.875164,0.567901,ok
mitonet_scaled,mito,zenodo_mitoem2,ME2-Mossy,ME2-Mossy_00174,sparse,8.0,Dataset004_ME2-Mossy/me2-mossy_train01,12.0,,0.298,0.701299,0.54,0.563767,0.927583,0.701299,0.997669,0.997876,45907,35522,3584,16692203,49491,81429,326469,0.151595,0.718838,0.559054,41,22,0.439024,0.818182,0.571429,0.4,0.365854,0.681818,0.47619,0.3125,0.487506,0.853136,0.571429,ok
mitonet_scaled,mito,zenodo_mitoem2,ME2-Mossy,ME2-Mossy_00175,sparse,8.0,Dataset004_ME2-Mossy/me2-mossy_train01,12.0,,0.286,0.706227,0.545866,0.548766,0.990413,0.706227,0.998099,0.998117,38328,31516,371,16707001,38699,69844,234624,0.164941,0.713822,0.612199,30,15,0.5,1.0,0.666667,0.5,0.5,1.0,0.666667,0.5,0.601808,0.902712,0.666667,ok
mitonet_scaled,mito,zenodo_mitoem2,ME2-Mossy,ME2-Mossy_00176,sparse,8.0,Dataset004_ME2-Mossy/me2-mossy_train01,12.0,,0.226,0.781885,0.641882,0.649563,0.981912,0.781885,0.999161,0.999187,25242,13618,465,16737891,25707,38860,134900,0.190563,0.695652,0.703233,17,9,0.529412,1.0,0.692308,0.529412,0.529412,1.0,0.692308,0.529412,0.640992,0.925878,0.692308,ok
mitonet_scaled,mito,zenodo_mitoem2,ME2-Mossy,ME2-Mossy_00177,sparse,8.0,Dataset004_ME2-Mossy/me2-mossy_train01,12.0,,0.231,0.647829,0.479103,0.48534,0.973877,0.647829,0.999147,0.999168,13160,13955,353,16749748,13513,27115,97240,0.138965,0.453552,0.535624,13,5,0.384615,1.0,0.555556,0.384615,0.307692,0.8,0.444444,0.285714,0.480898,0.865617,0.555556,ok
mitonet_scaled,mito,zenodo_mitoem2,ME2-Mossy,ME2-Mossy_00178,sparse,8.0,Dataset004_ME2-Mossy/me2-mossy_train01,12.0,,0.211,0.902491,0.822309,0.828172,0.991464,0.902491,0.999804,0.999812,15216,3157,131,16758712,15347,18373,28392,0.54054,0.904977,0.677445,8,6,0.75,1.0,0.857143,0.75,0.625,0.833333,0.714286,0.555556,0.686924,0.801411,0.857143,ok
mitonet_scaled,mito,zenodo_mitoem2,ME2-Mossy,ME2-Mossy_00179,sparse,8.0,Dataset004_ME2-Mossy/me2-mossy_train01,12.0,,0.188,0.896668,0.812691,0.9522,0.847256,0.896668,0.999825,0.999962,12769,641,2302,16761504,15071,13410,38480,0.391658,0.877006,0.727058,5,7,0.8,0.571429,0.666667,0.5,0.4,0.285714,0.333333,0.2,0.518916,0.778373,0.666667,ok
mitonet_scaled,mito,zenodo_mitoem2,ME2-Mossy,ME2-Mossy_00180,sparse,8.0,Dataset004_ME2-Mossy/me2-mossy_train01,12.0,,0.199,0.820663,0.695868,1.0,0.695868,0.820663,0.999989,1.0,421,0,184,16776611,605,421,9072,0.066689,0.9,0.525205,1,2,1.0,0.5,0.666667,0.5,0.0,0.0,0.0,0.0,0.465451,0.698176,0.666667,ok
mitonet_scaled,mito,zenodo_mitoem2,ME2-Mossy,ME2-Mossy_00181,sparse,8.0,Dataset004_ME2-Mossy/me2-mossy_train02,12.0,,0.84,0.949001,0.902952,0.975846,0.923594,0.949001,0.999952,0.999989,7555,187,625,16768849,8180,7742,15616,0.523822,1.0,0.723729,3,3,0.666667,0.666667,0.666667,0.5,0.666667,0.666667,0.666667,0.5,0.608857,0.913286,0.666667,ok
mitonet_scaled,mito,zenodo_mitoem2,ME2-Mossy,ME2-Mossy_00182,sparse,8.0,Dataset004_ME2-Mossy/me2-mossy_train02,12.0,,0.926,0.929042,0.867487,0.90147,0.958354,0.929042,0.999841,0.999886,17420,1904,757,16757135,18177,19324,39184,0.463888,0.950022,0.649536,7,4,0.285714,0.5,0.363636,0.222222,0.285714,0.5,0.363636,0.222222,0.322434,0.886694,0.363636,ok
mitonet_scaled,mito,zenodo_mitoem2,ME2-Mossy,ME2-Mossy_00183,sparse,8.0,Dataset004_ME2-Mossy/me2-mossy_train02,12.0,,0.762,0.423713,0.268805,0.301163,0.714431,0.423713,0.997502,0.997866,15406,35749,6158,16719903,21564,51155,266600,0.080885,0.422129,0.264677,28,8,0.25,0.875,0.388889,0.241379,0.25,0.875,0.388889,0.241379,0.327169,0.841291,0.388889,ok
mitonet_scaled,mito,zenodo_mitoem2,ME2-Mossy,ME2-Mossy_00184,sparse,8.0,Dataset004_ME2-Mossy/me2-mossy_train02,12.0,,0.584,0.618179,0.447365,0.462505,0.93182,0.618179,0.996576,0.996769,46509,54050,3403,16673254,49912,100559,412848,0.120897,0.702372,0.486961,47,14,0.255319,0.857143,0.393443,0.244898,0.212766,0.714286,0.327869,0.196078,0.33659,0.855499,0.393443,ok
mitonet_scaled,mito,zenodo_mitoem2,ME2-Mossy,ME2-Mossy_00185,sparse,8.0,Dataset004_ME2-Mossy/me2-mossy_train02,12.0,,0.539,0.754013,0.605154,0.674332,0.855048,0.754013,0.99878,0.999095,31376,15153,5319,16725368,36695,46529,221480,0.165681,0.721505,0.600169,27,14,0.444444,0.857143,0.585366,0.413793,0.37037,0.714286,0.487805,0.322581,0.50159,0.856884,0.585366,ok
mitonet_scaled,mito,zenodo_mitoem2,ME2-Mossy,ME2-Mossy_00186,sparse,8.0,Dataset004_ME2-Mossy/me2-mossy_train02,12.0,,0.582,0.610364,0.439226,0.453177,0.934503,0.610364,0.997686,0.997809,30405,36688,2131,16707992,32536,67093,271982,0.119626,0.531832,0.508915,37,14,0.324324,0.857143,0.470588,0.307692,0.27027,0.714286,0.392157,0.243902,0.397545,0.844783,0.470588,ok
mitonet_scaled,mito,zenodo_mitoem2,ME2-Mossy,ME2-Mossy_00187,sparse,8.0,Dataset004_ME2-Mossy/me2-mossy_train02,12.0,,0.63,0.375275,0.230977,0.236535,0.907676,0.375275,0.994582,0.994738,27302,88123,2777,16659014,30079,115425,732320,0.041074,0.358754,0.318058,71,17,0.225352,0.941176,0.363636,0.222222,0.197183,0.823529,0.318182,0.189189,0.313456,0.862005,0.363636,ok
mitonet_scaled,mito,zenodo_mitoem2,ME2-Mossy,ME2-Mossy_00188,sparse,8.0,Dataset004_ME2-Mossy/me2-mossy_train02,12.0,,0.612,0.329251,0.197068,0.203607,0.859875,0.329251,0.991286,0.991614,35880,140342,5847,16595147,41727,176222,1045476,0.039912,0.401905,0.327864,93,24,0.204301,0.791667,0.324786,0.193878,0.204301,0.791667,0.324786,0.193878,0.29423,0.905919,0.324786,ok
mitonet_scaled,mito,zenodo_mitoem2,ME2-Mossy,ME2-Mossy_00189,sparse,8.0,Dataset004_ME2-Mossy/me2-mossy_train02,12.0,,0.74,0.580993,0.409437,0.415668,0.964679,0.580993,0.994982,0.995092,58366,82049,2137,16634664,60503,140415,888572,0.06809,0.646637,0.566702,76,29,0.342105,0.896552,0.495238,0.329114,0.263158,0.689655,0.380952,0.235294,0.407592,0.823022,0.495238,ok
mitonet_scaled,mito,zenodo_mitoem2,ME2-Mossy,ME2-Mossy_00190,sparse,8.0,Dataset004_ME2-Mossy/me2-mossy_train02,12.0,,0.698,0.58065,0.409095,0.423622,0.922661,0.58065,0.994531,0.994827,63528,86436,5325,16621927,68853,149964,1140984,0.060345,0.645536,0.578866,89,31,0.303371,0.870968,0.45,0.290323,0.247191,0.709677,0.366667,0.22449,0.375116,0.833591,0.45,ok
mitonet_scaled,mito,zenodo_mitoem2,ME2-Mossy,ME2-Mossy_00191,sparse,8.0,Dataset004_ME2-Mossy/me2-mossy_train02,12.0,,0.896,0.605373,0.434076,0.449022,0.928778,0.605373,0.993366,0.993722,85364,104747,6546,16580559,91910,190111,976320,0.094139,0.687869,0.603018,107,41,0.364486,0.95122,0.527027,0.357798,0.242991,0.634146,0.351351,0.213115,0.421991,0.800701,0.527027,ok
mitonet_scaled,mito,zenodo_mitoem2,ME2-Mossy,ME2-Mossy_00192,sparse,8.0,Dataset004_ME2-Mossy/me2-mossy_train02,12.0,,0.704,0.608353,0.437146,0.455413,0.915955,0.608353,0.992523,0.993012,97421,116497,8939,16554359,106360,213918,992680,0.107144,0.738882,0.605957,114,48,0.342105,0.8125,0.481481,0.317073,0.219298,0.520833,0.308642,0.182482,0.386339,0.802397,0.481481,ok
mitonet_scaled,mito,zenodo_mitoem2,ME2-Mossy,ME2-Mossy_00193,sparse,8.0,Dataset004_ME2-Mossy/me2-mossy_train02,12.0,,0.937,0.659873,0.492396,0.526894,0.882636,0.659873,0.992575,0.99348,120839,108503,16068,16531806,136907,229342,1198770,0.114206,0.742102,0.642379,119,65,0.420168,0.769231,0.543478,0.373134,0.336134,0.615385,0.434783,0.277778,0.446711,0.821948,0.543478,ok
mitonet_scaled,mito,zenodo_mitoem2,ME2-Mossy,ME2-Mossy_00194,sparse,8.0,Dataset004_ME2-Mossy/me2-mossy_train02,12.0,,0.785,0.655452,0.487489,0.503847,0.937559,0.655452,0.993963,0.994311,96337,94866,6416,16579597,102753,191203,913230,0.112516,0.750565,0.642669,99,39,0.353535,0.897436,0.507246,0.339806,0.242424,0.615385,0.347826,0.210526,0.394445,0.777621,0.507246,ok
mitonet_scaled,mito,zenodo_mitoem2,ME2-Mossy,ME2-Mossy_00195,sparse,8.0,Dataset004_ME2-Mossy/me2-mossy_train02,12.0,,0.632,0.462555,0.30086,0.308083,0.927702,0.462555,0.992845,0.993062,51660,116022,4026,16605508,55686,167682,937687,0.059387,0.528783,0.462814,90,27,0.222222,0.740741,0.34188,0.206186,0.155556,0.518519,0.239316,0.135922,0.264322,0.773142,0.34188,ok
mitonet_scaled,mito,zenodo_mitoem2,ME2-Mossy,ME2-Mossy_00196,sparse,8.0,Dataset004_ME2-Mossy/me2-mossy_train02,12.0,,0.658,0.754054,0.605206,0.611575,0.983086,0.754054,0.998734,0.998765,32548,20672,560,16723436,33108,53220,194208,0.170477,0.77003,0.588858,32,20,0.625,1.0,0.769231,0.625,0.53125,0.85,0.653846,0.485714,0.631372,0.820783,0.769231,ok
mitonet_scaled,mito,zenodo_mitoem2,ME2-Mossy,ME2-Mossy_00197,sparse,8.0,Dataset004_ME2-Mossy/me2-mossy_train02,12.0,,0.524,0.267411,0.154342,0.156257,0.926428,0.267411,0.994403,0.994478,17138,92540,1361,16666177,18499,109678,743728,0.024873,0.306789,0.256124,47,9,0.191489,1.0,0.321429,0.191489,0.191489,1.0,0.321429,0.191489,0.284354,0.884656,0.321429,ok
mitonet_scaled,mito,zenodo_mitoem2,ME2-Mossy,ME2-Mossy_00198,sparse,8.0,Dataset004_ME2-Mossy/me2-mossy_train02,12.0,,0.454,0.556949,0.385952,0.437295,0.766749,0.556949,0.999646,0.999714,3731,4801,1135,16767549,4866,8532,51936,0.093692,0.649789,0.4568,6,2,0.333333,1.0,0.5,0.333333,0.0,0.0,0.0,0.0,0.296821,0.593641,0.5,ok
mitonet_scaled,mito,zenodo_mitoem2,ME2-Mossy,ME2-Mossy_00199,sparse,8.0,Dataset004_ME2-Mossy/me2-mossy_train02,12.0,,0.633,0.983678,0.96788,0.981187,0.986182,0.983678,0.999997,0.999998,1356,26,19,16775815,1375,1382,1806,0.761351,1.0,1.0,1,1,1.0,1.0,1.0,1.0,1.0,1.0,1.0,1.0,0.96788,0.96788,1.0,ok
mitonet_scaled,mito,zenodo_mitoem2,ME2-Mossy,ME2-Mossy_00200,sparse,8.0,Dataset004_ME2-Mossy/me2-mossy_train03,12.0,,0.275,0.717236,0.559133,0.561791,0.991607,0.717236,0.99935,0.999357,13824,10783,117,16752492,13941,24607,79632,0.175068,0.72044,0.585961,9,2,0.111111,0.5,0.181818,0.1,0.0,0.0,0.0,0.0,0.091174,0.501458,0.181818,ok
mitonet_scaled,mito,zenodo_mitoem2,ME2-Mossy,ME2-Mossy_00201,sparse,8.0,Dataset004_ME2-Mossy/me2-mossy_train03,12.0,,0.32,0.554737,0.383831,0.397249,0.919118,0.554737,0.997483,0.997617,26307,39916,2315,16708678,28622,66223,355113,0.0806,0.629504,0.445718,33,6,0.090909,0.5,0.153846,0.083333,0.090909,0.5,0.153846,0.083333,0.144761,0.940948,0.153846,ok
mitonet_scaled,mito,zenodo_mitoem2,ME2-Mossy,ME2-Mossy_00202,sparse,8.0,Dataset004_ME2-Mossy/me2-mossy_train03,12.0,,0.338,0.603102,0.431744,0.453639,0.899447,0.603102,0.997997,0.998164,25529,30747,2854,16718086,28383,56276,310717,0.091347,0.667869,0.507292,32,11,0.28125,0.818182,0.418605,0.264706,0.1875,0.545455,0.27907,0.162162,0.34016,0.812606,0.418605,ok
mitonet_scaled,mito,zenodo_mitoem2,ME2-Mossy,ME2-Mossy_00203,sparse,8.0,Dataset004_ME2-Mossy/me2-mossy_train03,12.0,,0.395,0.816834,0.69038,0.710974,0.959732,0.816834,0.999371,0.999429,23524,9563,987,16743142,24511,33087,138355,0.17716,0.8374,0.767758,18,12,0.666667,1.0,0.8,0.666667,0.555556,0.833333,0.666667,0.5,0.697539,0.871923,0.8,ok
mitonet_scaled,mito,zenodo_mitoem2,ME2-Mossy,ME2-Mossy_00204,sparse,8.0,Dataset004_ME2-Mossy/me2-mossy_train03,12.0,,0.376,0.416372,0.262923,0.275327,0.853716,0.416372,0.995065,0.995357,29536,77740,5061,16664879,34597,107276,517760,0.066821,0.455558,0.347018,56,12,0.196429,0.916667,0.323529,0.192982,0.142857,0.666667,0.235294,0.133333,0.266337,0.823225,0.323529,ok
mitonet_scaled,mito,zenodo_mitoem2,ME2-Mossy,ME2-Mossy_00205,sparse,8.0,Dataset004_ME2-Mossy/me2-mossy_train03,12.0,,0.388,0.408528,0.256699,0.274768,0.796058,0.408528,0.992493,0.993135,43495,114802,11143,16607776,54638,158297,922960,0.059199,0.439338,0.344476,78,18,0.179487,0.777778,0.291667,0.170732,0.179487,0.777778,0.291667,0.170732,0.264012,0.905183,0.291667,ok
mitonet_scaled,mito,zenodo_mitoem2,ME2-Mossy,ME2-Mossy_00206,sparse,8.0,Dataset004_ME2-Mossy/me2-mossy_train03,12.0,,0.418,0.466518,0.304221,0.3147,0.90134,0.466518,0.991879,0.992237,59575,129732,6521,16581388,66096,189307,927243,0.071282,0.612877,0.434148,95,25,0.210526,0.8,0.333333,0.2,0.157895,0.6,0.25,0.142857,0.274143,0.822428,0.333333,ok
mitonet_scaled,mito,zenodo_mitoem2,ME2-Mossy,ME2-Mossy_00207,sparse,8.0,Dataset004_ME2-Mossy/me2-mossy_train03,12.0,,0.347,0.587908,0.416339,0.433294,0.914085,0.587908,0.995446,0.995737,54495,71274,5122,16646325,59617,125769,566304,0.105274,0.650439,0.44018,65,24,0.292308,0.791667,0.426966,0.271429,0.261538,0.708333,0.382022,0.236111,0.371752,0.870683,0.426966,ok
mitonet_scaled,mito,zenodo_mitoem2,ME2-Mossy,ME2-Mossy_00208,sparse,8.0,Dataset004_ME2-Mossy/me2-mossy_train03,12.0,,0.553,0.686953,0.523175,0.544837,0.929372,0.686953,0.997861,0.998035,39371,32891,2992,16701962,42363,72262,315372,0.134327,0.734168,0.518798,39,22,0.410256,0.727273,0.52459,0.355556,0.333333,0.590909,0.42623,0.270833,0.436497,0.832072,0.52459,ok
mitonet_scaled,mito,zenodo_mitoem2,ME2-Mossy,ME2-Mossy_00209,sparse,8.0,Dataset004_ME2-Mossy/me2-mossy_train03,12.0,,0.412,0.666007,0.499258,0.504767,0.978607,0.666007,0.996319,0.996386,61571,60408,1346,16653891,62917,121979,475800,0.132234,0.675106,0.53649,62,25,0.354839,0.88,0.505747,0.338462,0.322581,0.8,0.45977,0.298507,0.438463,0.866962,0.505747,ok
mitonet_scaled,mito,zenodo_mitoem2,ME2-Mossy,ME2-Mossy_00210,sparse,8.0,Dataset004_ME2-Mossy/me2-mossy_train03,12.0,,0.531,0.563701,0.392468,0.399738,0.95571,0.563701,0.992389,0.992578,82494,123876,3823,16567023,86317,206370,812844,0.106191,0.599012,0.438293,106,36,0.301887,0.888889,0.450704,0.290909,0.264151,0.777778,0.394366,0.245614,0.385292,0.854867,0.450704,ok
mitonet_scaled,mito,zenodo_mitoem2,ME2-Mossy,ME2-Mossy_00211,sparse,8.0,Dataset004_ME2-Mossy/me2-mossy_train03,12.0,,0.386,0.540311,0.370155,0.373786,0.974425,0.540311,0.993497,0.993572,64123,107427,1683,16603983,65806,171550,699344,0.094097,0.561519,0.448723,80,27,0.2875,0.851852,0.429907,0.27381,0.2625,0.777778,0.392523,0.244186,0.378322,0.88001,0.429907,ok
mitonet_scaled,mito,zenodo_mitoem2,ME2-Mossy,ME2-Mossy_00212,sparse,8.0,Dataset004_ME2-Mossy/me2-mossy_train03,12.0,,0.366,0.612563,0.441507,0.445897,0.978186,0.612563,0.994895,0.994964,67713,84145,1510,16623848,69223,151858,607590,0.11393,0.680879,0.445296,73,30,0.39726,0.966667,0.563107,0.391892,0.356164,0.866667,0.504854,0.337662,0.48722,0.865235,0.563107,ok
mitonet_scaled,mito,zenodo_mitoem2,ME2-Mossy,ME2-Mossy_00213,sparse,8.0,Dataset004_ME2-Mossy/me2-mossy_train03,12.0,,0.321,0.489301,0.323891,0.343789,0.848393,0.489301,0.994759,0.995194,42121,80399,7527,16647169,49648,122520,631120,0.078666,0.4533,0.373931,67,19,0.238806,0.842105,0.372093,0.228571,0.208955,0.736842,0.325581,0.194444,0.327956,0.881381,0.372093,ok
mitonet_scaled,mito,zenodo_mitoem2,ME2-Mossy,ME2-Mossy_00214,sparse,8.0,Dataset004_ME2-Mossy/me2-mossy_train03,12.0,,0.369,0.340345,0.205069,0.210762,0.88362,0.340345,0.993244,0.993461,29239,109491,3851,16634635,33090,138730,647634,0.051094,0.35091,0.274372,70,14,0.142857,0.714286,0.238095,0.135135,0.114286,0.571429,0.190476,0.105263,0.201779,0.847472,0.238095,ok
mitonet_scaled,mito,zenodo_mitoem2,ME2-Mossy,ME2-Mossy_00215,sparse,8.0,Dataset004_ME2-Mossy/me2-mossy_train03,12.0,,0.337,0.30167,0.177628,0.184897,0.818773,0.30167,0.994403,0.994663,20281,89407,4489,16663039,24770,109688,581543,0.042594,0.368045,0.239838,46,9,0.152174,0.777778,0.254545,0.145833,0.130435,0.666667,0.218182,0.122449,0.214361,0.842131,0.254545,ok
mitonet_scaled,mito,zenodo_mitoem2,ME2-Mossy,ME2-Mossy_00216,sparse,8.0,Dataset004_ME2-Mossy/me2-mossy_train03,12.0,,0.441,0.322762,0.192437,0.192861,0.988692,0.322762,0.997485,0.99749,10055,42081,115,16724965,10170,52136,301693,0.03371,0.351885,0.268275,29,5,0.137931,0.8,0.235294,0.133333,0.137931,0.8,0.235294,0.133333,0.218271,0.92765,0.235294,ok
mitonet_scaled,mito,zenodo_mitoem2,ME2-Mossy,ME2-Mossy_00217,sparse,8.0,Dataset004_ME2-Mossy/me2-mossy_train03,12.0,,0.279,0.0,0.0,nan,0.0,0.0,0.999928,1.0,0,0,1213,16776003,1213,0,1620,0.748765,0.0,0.0,0,1,nan,0.0,0.0,0.0,nan,0.0,0.0,0.0,0.0,0.0,0.0,ok
mitonet_scaled,mito,deepcontact_tem,DeepContact,tem_00000,sparse,4.68,20180115_B1_1_10.jpg,12.0,,1.447,0.63163,0.461593,0.564648,0.716644,0.63163,0.997697,0.998473,33129,25543,13099,16705445,46228,58672,1238472,0.037327,0.606053,0.586309,,,,,,,,,,,,,,ok
mitonet_scaled,mito,deepcontact_tem,DeepContact,tem_00001,sparse,4.68,20180115_B1_1_19.jpg,12.0,,2.983,0.614416,0.443435,0.663492,0.5721,0.614416,0.997269,0.998892,36508,18516,27306,16694886,63814,55024,1270392,0.050232,0.678667,0.60637,,,,,,,,,,,,,,ok
mitonet_scaled,mito,deepcontact_tem,DeepContact,tem_00002,sparse,4.68,20180115_B1_1_20.jpg,12.0,,0.118,0.532377,0.362748,0.549551,0.516244,0.532377,0.998725,0.999404,12172,9977,11406,16743661,23578,22149,530910,0.044411,0.534332,0.437979,,,,,,,,,,,,,,ok
mitonet_scaled,mito,deepcontact_tem,DeepContact,tem_00003,sparse,4.68,20180115_B1_1_28.jpg,12.0,,0.159,0.598176,0.426712,0.755951,0.494887,0.598176,0.996183,0.999077,47671,15390,48656,16665499,96327,63061,896660,0.107429,0.70118,0.351112,,,,,,,,,,,,,,ok
mitonet_scaled,mito,deepcontact_tem,DeepContact,tem_00004,sparse,4.68,20180115_B1_1_30.jpg,12.0,,0.244,0.720771,0.563442,0.862015,0.619298,0.720771,0.996355,0.999241,78927,12634,48519,16637136,127446,91561,1226745,0.10389,0.766127,0.722986,,,,,,,,,,,,,,ok
mitonet_scaled,mito,deepcontact_tem,DeepContact,tem_00005,sparse,4.68,20180115_B1_1_32.jpg,12.0,,0.139,0.406433,0.255046,0.575535,0.314136,0.406433,0.996692,0.999162,19003,14015,41490,16702708,60493,33018,816384,0.074099,0.353793,0.424926,,,,,,,,,,,,,,ok
mitonet_scaled,mito,deepcontact_tem,DeepContact,tem_00006,sparse,4.68,20180115_B7_1_09.jpg,12.0,,0.131,0.682074,0.517536,0.897661,0.549987,0.682074,0.996872,0.999615,56295,6418,46062,16668441,102357,62713,1282930,0.079784,0.657595,0.518033,,,,,,,,,,,,,,ok
mitonet_scaled,mito,deepcontact_tem,DeepContact,tem_00007,sparse,4.68,20180115_B7_1_10.jpg,12.0,,0.207,0.401086,0.250849,0.408741,0.393711,0.401086,0.996804,0.998448,17956,25974,27651,16705635,45607,43930,1048092,0.043514,0.464438,0.256543,,,,,,,,,,,,,,ok
mitonet_scaled,mito,deepcontact_tem,DeepContact,tem_00008,sparse,4.68,20180115_B7_1_11.jpg,12.0,,0.137,0.752615,0.603354,0.887015,0.653584,0.752615,0.997351,0.999484,67595,8610,35827,16665184,103422,76205,1226880,0.084297,0.747673,0.658837,,,,,,,,,,,,,,ok
mitonet_scaled,mito,deepcontact_tem,DeepContact,tem_00009,sparse,4.68,20180115_B7_1_15.jpg,12.0,,0.114,0.368843,0.226123,0.505704,0.290282,0.368843,0.997459,0.999272,12456,12175,30454,16722131,42910,24631,892314,0.048088,0.327055,0.250758,,,,,,,,,,,,,,ok
mitonet_scaled,mito,deepcontact_tem,DeepContact,tem_00010,sparse,4.68,20180115_B7_1_25.jpg,12.0,,0.153,0.338236,0.203541,0.240148,0.571779,0.338236,0.99657,0.997222,14705,46528,11013,16704970,25718,61233,1014930,0.02534,0.292131,0.172327,,,,,,,,,,,,,,ok
mitonet_scaled,mito,deepcontact_tem,DeepContact,tem_00011,sparse,4.68,20180115_B7_1_30.jpg,12.0,,0.112,0.383868,0.237523,0.245793,0.875926,0.383868,0.998416,0.998485,8281,25410,1173,16742352,9454,33691,1268552,0.007453,0.18018,0.325472,,,,,,,,,,,,,,ok
mitonet_scaled,mito,deepcontact_tem,DeepContact,tem_00012,sparse,4.68,20180115_B7_1_31.jpg,12.0,,0.146,0.389155,0.241585,0.501453,0.317951,0.389155,0.99561,0.998604,23461,23325,50327,16680103,73788,46786,879472,0.0839,0.377449,0.251395,,,,,,,,,,,,,,ok
mitonet_scaled,mito,deepcontact_tem,DeepContact,tem_00013,sparse,4.68,20180115_B7_1_40.jpg,12.0,,0.153,0.605163,0.433859,0.707307,0.528798,0.605163,0.997812,0.999304,28131,11641,25067,16712377,53198,39772,1223712,0.043473,0.475772,0.557014,,,,,,,,,,,,,,ok
mitonet_scaled,mito,deepcontact_tem,DeepContact,tem_00014,sparse,4.68,20180115_B7_1_41.jpg,12.0,,0.249,0.521532,0.352752,0.494975,0.551101,0.521532,0.996224,0.997892,34527,35228,28124,16679337,62651,69755,938616,0.066748,0.491803,0.495007,,,,,,,,,,,,,,ok
mitonet_scaled,mito,deepcontact_tem,DeepContact,tem_00015,sparse,4.68,20180115_B9_2_setted_01.jpg,12.0,,0.14,0.336185,0.202057,0.369985,0.308044,0.336185,0.996527,0.998498,14755,25125,33144,16704192,47899,39880,844497,0.056719,0.260457,0.229698,,,,,,,,,,,,,,ok
mitonet_scaled,mito,deepcontact_tem,DeepContact,tem_00016,sparse,4.68,20180115_B9_2_setted_02.jpg,12.0,,0.115,0.26123,0.150239,0.339614,0.212244,0.26123,0.997314,0.999075,7967,15492,29570,16724187,37537,23459,707350,0.053067,0.205039,0.292745,,,,,,,,,,,,,,ok
mitonet_scaled,mito,deepcontact_tem,DeepContact,tem_00017,sparse,4.68,20180115_B9_2_setted_03.jpg,12.0,,0.121,0.540631,0.370455,0.625316,0.476147,0.540631,0.99757,0.99914,23994,14377,26398,16712447,50392,38371,1050594,0.047965,0.472336,0.541924,,,,,,,,,,,,,,ok
mitonet_scaled,mito,deepcontact_tem,DeepContact,tem_00018,sparse,4.68,20180115_B9_2_setted_04.jpg,12.0,,0.207,0.429192,0.27323,0.519204,0.365779,0.429192,0.997642,0.999177,14870,13770,25783,16722793,40653,28640,827200,0.049145,0.359849,0.367689,,,,,,,,,,,,,,ok
mitonet_scaled,mito,deepcontact_tem,DeepContact,tem_00019,sparse,4.68,20180115_B9_2_setted_06.jpg,12.0,,0.137,0.81271,0.684509,0.948112,0.71115,0.81271,0.998523,0.999824,53775,2943,21842,16698656,75617,56718,1303260,0.058021,0.855735,0.734173,,,,,,,,,,,,,,ok
mitonet_scaled,mito,deepcontact_tem,DeepContact,tem_00020,sparse,4.68,20180115_B9_2_setted_10.jpg,12.0,,0.122,0.569215,0.397834,0.631917,0.517833,0.569215,0.997292,0.998954,30011,17481,27944,16701780,57955,47492,1239040,0.046774,0.661809,0.453739,,,,,,,,,,,,,,ok
mitonet_scaled,mito,deepcontact_tem,DeepContact,tem_00021,sparse,4.68,20180115_B9_2_setted_16.jpg,12.0,,0.129,0.578853,0.407314,0.696265,0.495325,0.578853,0.997436,0.999229,29562,12896,30120,16704638,59682,42458,1141690,0.052275,0.602452,0.489442,,,,,,,,,,,,,,ok
mitonet_scaled,mito,deepcontact_tem,DeepContact,tem_00022,sparse,4.68,20180115_B9_2_setted_20.jpg,12.0,,0.209,0.584903,0.413331,0.701988,0.501292,0.584903,0.997111,0.999133,34144,14495,33968,16694609,68112,48639,944025,0.072151,0.590502,0.332376,,,,,,,,,,,,,,ok
mitonet_scaled,mito,deepcontact_tem,DeepContact,tem_00023,sparse,4.68,20180115_B9_3_Setted_25.jpg,12.0,,0.144,0.645346,0.476391,0.592416,0.708661,0.645346,0.997425,0.998383,39308,27044,16160,16694704,55468,66352,979080,0.056653,0.577511,0.419167,,,,,,,,,,,,,,ok
mitonet_scaled,mito,deepcontact_tem,DeepContact,tem_00024,sparse,4.68,20180115_B9_4_setted_01.jpg,12.0,,0.1,0.256499,0.147117,0.17779,0.460258,0.256499,0.998031,0.998428,5698,26351,6682,16738485,12380,32049,769874,0.016081,0.229122,0.207198,,,,,,,,,,,,,,ok
mitonet_scaled,mito,deepcontact_tem,DeepContact,tem_00025,sparse,4.68,20180115_B9_4_setted_02.jpg,12.0,,0.165,0.585017,0.413444,0.482485,0.742885,0.585017,0.998779,0.999076,14435,15483,4996,16742302,19431,29918,714868,0.027181,0.43545,0.477959,,,,,,,,,,,,,,ok
mitonet_scaled,mito,deepcontact_tem,DeepContact,tem_00026,sparse,4.68,20180115_B9_4_setted_03.jpg,12.0,,0.239,0.728313,0.572715,0.925643,0.600334,0.728313,0.998079,0.999792,43197,3470,28758,16701791,71955,46667,1157013,0.06219,0.788714,0.76843,,,,,,,,,,,,,,ok
mitonet_scaled,mito,deepcontact_tem,DeepContact,tem_00027,sparse,4.68,20180115_B9_4_setted_04.jpg,12.0,,0.133,0.807383,0.676984,0.904977,0.728789,0.807383,0.999083,0.999798,32238,3385,11997,16729596,44235,35623,976260,0.045311,0.786169,0.792686,,,,,,,,,,,,,,ok
mitonet_scaled,mito,deepcontact_tem,DeepContact,tem_00028,sparse,4.68,20180115_B9_4_setted_10.jpg,12.0,,0.133,0.778493,0.637322,0.716788,0.851824,0.778493,0.998198,0.998744,53124,20990,9241,16693861,62365,74114,1182384,0.052745,0.882058,0.771678,,,,,,,,,,,,,,ok
mitonet_scaled,mito,deepcontact_tem,DeepContact,tem_00029,sparse,4.68,20180115_B9_4_setted_20.jpg,12.0,,0.122,0.687535,0.52385,0.706348,0.669698,0.687535,0.998316,0.999228,31080,12921,15329,16717886,46409,44001,989109,0.04692,0.679634,0.65338,,,,,,,,,,,,,,ok
mitonet_scaled,mito,deepcontact_tem,DeepContact,tem_00030,sparse,4.68,20180115_B9_5_setted_01.jpg,12.0,,0.198,0.772518,0.629351,0.957583,0.647399,0.772518,0.99833,0.999874,47567,2107,25907,16701635,73474,49674,1315275,0.055862,0.826415,0.759768,,,,,,,,,,,,,,ok
mitonet_scaled,mito,deepcontact_tem,DeepContact,tem_00031,sparse,4.68,20180115_B9_5_setted_02.jpg,12.0,,0.137,0.688544,0.525023,0.543555,0.93902,0.688544,0.998761,0.998848,22975,19293,1492,16733456,24467,42268,586282,0.041732,0.568601,0.584453,,,,,,,,,,,,,,ok
mitonet_scaled,mito,deepcontact_tem,DeepContact,tem_00032,sparse,4.68,20180115_B9_5_setted_03.jpg,12.0,,0.096,0.61602,0.445108,0.718985,0.538852,0.61602,0.999014,0.99969,13266,5185,11353,16747412,24619,18451,680184,0.036195,0.681693,0.428354,,,,,,,,,,,,,,ok
mitonet_scaled,mito,deepcontact_tem,DeepContact,tem_00033,sparse,4.68,20180115_B9_5_setted_04.jpg,12.0,,0.12,0.48005,0.315833,0.395542,0.61048,0.48005,0.996891,0.997801,24081,36800,15365,16700970,39446,60881,959769,0.041099,0.473509,0.459413,,,,,,,,,,,,,,ok
mitonet_scaled,mito,deepcontact_tem,DeepContact,tem_00034,sparse,4.68,20180115_B9_5_setted_10.jpg,12.0,,0.218,0.712878,0.553854,0.752288,0.677391,0.712878,0.997099,0.998808,60426,19897,28778,16668115,89204,80323,1304941,0.068359,0.705385,0.630757,,,,,,,,,,,,,,ok
mitonet_scaled,mito,deepcontact_tem,DeepContact,tem_00035,sparse,4.68,20180115_B9_5_setted_11.jpg,12.0,,0.145,0.545508,0.375051,0.597181,0.502066,0.545508,0.995884,0.998326,41442,27954,41101,16666719,82543,69396,1149480,0.071809,0.548293,0.503487,,,,,,,,,,,,,,ok
mitonet_scaled,mito,deepcontact_tem,DeepContact,tem_00036,sparse,4.68,20180115_B9_5_setted_20.jpg,12.0,,0.109,0.493879,0.327914,0.765557,0.364519,0.493879,0.998578,0.999787,11638,3564,20289,16741725,31927,15202,586332,0.054452,0.647898,0.273258,,,,,,,,,,,,,,ok
mitonet_scaled,mito,deepcontact_tem,DeepContact,tem_00037,sparse,4.68,20180115_B9_Setted_01.jpg,12.0,,0.11,0.664279,0.497318,0.595021,0.751782,0.664279,0.997503,0.998313,41448,28210,13685,16693873,55133,69658,1002001,0.055023,0.671823,0.427231,,,,,,,,,,,,,,ok
mitonet_scaled,mito,deepcontact_tem,DeepContact,tem_00038,sparse,4.68,20180115_B9_Setted_02.jpg,12.0,,0.141,0.626856,0.456511,0.684539,0.578138,0.626856,0.997811,0.99915,30846,14215,22508,16709647,53354,45061,1155456,0.046176,0.61147,0.54982,,,,,,,,,,,,,,ok
mitonet_scaled,mito,deepcontact_tem,DeepContact,tem_00039,sparse,4.68,20180115_B9_Setted_03.jpg,12.0,,0.141,0.629195,0.458996,0.594455,0.668246,0.629195,0.998762,0.999282,17625,12024,8750,16738817,26375,29649,931512,0.028314,0.73783,0.603699,,,,,,,,,,,,,,ok
mitonet_scaled,mito,deepcontact_tem,DeepContact,tem_00040,sparse,4.68,20180115_B9_Setted_04.jpg,12.0,,0.14,0.605343,0.434044,0.743334,0.510563,0.605343,0.996867,0.999166,40311,13919,38643,16684343,78954,54230,1288054,0.061297,0.632051,0.619793,,,,,,,,,,,,,,ok
mitonet_scaled,mito,deepcontact_tem,DeepContact,tem_00041,sparse,4.68,20180115_B9_Setted_10.jpg,12.0,,0.135,0.471205,0.30822,0.410358,0.553239,0.471205,0.995861,0.997341,30941,44459,24986,16676830,55927,75400,1043866,0.053577,0.488323,0.265549,,,,,,,,,,,,,,ok
mitonet_scaled,mito,deepcontact_tem,DeepContact,tem_00042,sparse,4.68,20180115_B9_Setted_20.jpg,12.0,,0.126,0.60341,0.432059,0.638005,0.572373,0.60341,0.997714,0.99901,29183,16558,21803,16709672,50986,45741,1280118,0.039829,0.587927,0.528715,,,,,,,,,,,,,,ok
mitonet_scaled,mito,deepcontact_tem,DeepContact,tem_00043,sparse,4.68,20180115_b10_1_05.jpg,12.0,,0.141,0.437718,0.280178,0.495342,0.392103,0.437718,0.995985,0.998402,26216,26709,40644,16683647,66860,52925,1297474,0.051531,0.447114,0.45479,,,,,,,,,,,,,,ok
mitonet_scaled,mito,deepcontact_tem,DeepContact,tem_00044,sparse,4.68,20180115_b10_1_07.jpg,12.0,,0.21,0.54697,0.376435,0.899155,0.393028,0.54697,0.996994,0.999796,30440,3414,47010,16696352,77450,33854,1232292,0.06285,0.605404,0.509718,,,,,,,,,,,,,,ok
mitonet_scaled,mito,deepcontact_tem,DeepContact,tem_00045,sparse,4.68,20180115_b10_1_10.jpg,12.0,,0.115,0.302254,0.178033,0.367443,0.256711,0.302254,0.994626,0.997987,19527,33616,56539,16667534,76066,53143,1266900,0.060041,0.234441,0.255642,,,,,,,,,,,,,,ok
mitonet_scaled,mito,deepcontact_tem,DeepContact,tem_00046,sparse,4.68,20180115_b10_1_20.jpg,12.0,,0.112,0.767698,0.622979,0.883184,0.678921,0.767698,0.999112,0.999806,24617,3256,11642,16737701,36259,27873,1181864,0.03068,0.717056,0.69382,,,,,,,,,,,,,,ok
mitonet_scaled,mito,deepcontact_tem,DeepContact,tem_00047,sparse,4.68,20180115_b10_1_22.jpg,12.0,,0.132,0.742471,0.59042,0.716994,0.769824,0.742471,0.998089,0.998909,46211,18240,13817,16698948,60028,64451,1265505,0.047434,0.754818,0.671781,,,,,,,,,,,,,,ok
mitonet_scaled,mito,deepcontact_tem,DeepContact,tem_00048,sparse,4.68,20180115_b10_1_30.jpg,12.0,,0.214,0.482172,0.317672,0.663305,0.378745,0.482172,0.996648,0.999205,26180,13289,42943,16694804,69123,39469,1297824,0.053261,0.57627,0.421689,,,,,,,,,,,,,,ok
mitonet_scaled,mito,deepcontact_tem,DeepContact,tem_00049,sparse,4.68,20180115_b10_2_04.jpg,12.0,,0.153,0.81728,0.691017,0.771275,0.869121,0.81728,0.998327,0.998886,62754,18610,9450,16686402,72204,81364,1237250,0.058358,0.82026,0.806506,,,,,,,,,,,,,,ok
mitonet_scaled,mito,deepcontact_tem,DeepContact,tem_00050,sparse,4.68,20180115_b10_2_05.jpg,12.0,,0.112,0.775601,0.633454,0.82637,0.730709,0.775601,0.998109,0.99931,54828,11520,20206,16690662,75034,66348,1322520,0.056736,0.784808,0.735165,,,,,,,,,,,,,,ok
mitonet_scaled,mito,deepcontact_tem,DeepContact,tem_00051,sparse,4.68,20180115_b10_2_09.jpg,12.0,,0.113,0.814812,0.687496,0.819264,0.810408,0.814812,0.99884,0.999435,42809,9444,10015,16714948,52824,52253,1322685,0.039937,0.829617,0.810007,,,,,,,,,,,,,,ok
mitonet_scaled,mito,deepcontact_tem,DeepContact,tem_00052,sparse,4.68,20180115_b10_2_13.jpg,12.0,,0.132,0.799035,0.665327,0.774984,0.824626,0.799035,0.99862,0.999201,46024,13363,9788,16708041,55812,59387,1175588,0.047476,0.778866,0.768037,,,,,,,,,,,,,,ok
mitonet_scaled,mito,deepcontact_tem,DeepContact,tem_00053,sparse,4.68,20180115_b10_2_18.jpg,12.0,,0.161,0.812005,0.683509,0.763945,0.866519,0.812005,0.998119,0.998739,68137,21054,10496,16677529,78633,89191,1284204,0.061231,0.741795,0.75545,,,,,,,,,,,,,,ok
mitonet_scaled,mito,deepcontact_tem,DeepContact,tem_00054,sparse,4.68,20180115_b10_2_25.jpg,12.0,,0.121,0.764388,0.618631,0.762681,0.766103,0.764388,0.998626,0.999304,37395,11636,11417,16716768,48812,49031,896301,0.054459,0.76559,0.698653,,,,,,,,,,,,,,ok
mitonet_scaled,mito,deepcontact_tem,DeepContact,tem_00055,sparse,4.68,20180115_b10_2_29.jpg,12.0,,0.2,0.821077,0.696463,0.820724,0.821429,0.821077,0.999131,0.999563,33456,7308,7273,16729179,40729,40764,1322520,0.030797,0.870515,0.774496,,,,,,,,,,,,,,ok
mitonet_scaled,mito,deepcontact_tem,DeepContact,tem_00056,sparse,4.68,20180115_b10_2_30.jpg,12.0,,0.087,0.674277,0.508611,0.991862,0.510743,0.674277,0.998344,0.999986,28764,236,27554,16720662,56318,29000,1307490,0.043073,0.804631,0.67755,,,,,,,,,,,,,,ok
mitonet_scaled,mito,deepcontact_tem,DeepContact,tem_00057,sparse,4.68,20180115_b10_3_05.jpg,12.0,,0.088,0.41638,0.262929,0.632484,0.310344,0.41638,0.998482,0.999685,9085,5279,20189,16742663,29274,14364,1127726,0.025958,0.371804,0.329113,,,,,,,,,,,,,,ok
mitonet_scaled,mito,deepcontact_tem,DeepContact,tem_00058,sparse,4.68,20180115_b10_3_09.jpg,12.0,,0.096,0.559652,0.388553,0.717857,0.458586,0.559652,0.997269,0.999315,29117,11444,34376,16702279,63493,40561,1126692,0.056353,0.576485,0.519652,,,,,,,,,,,,,,ok
mitonet_scaled,mito,deepcontact_tem,DeepContact,tem_00059,sparse,4.68,20180115_b10_3_10.jpg,12.0,,0.19,0.717163,0.559044,0.911156,0.591275,0.717163,0.998991,0.999875,21455,2092,14831,16738838,36286,23547,1073127,0.033813,0.658724,0.533467,,,,,,,,,,,,,,ok
mitonet_scaled,mito,deepcontact_tem,DeepContact,tem_00060,sparse,4.68,20180115_b10_3_11.jpg,12.0,,0.128,0.455908,0.295259,0.347809,0.661504,0.455908,0.996306,0.997091,25966,48690,13287,16689273,39253,74656,1197684,0.032774,0.357303,0.413728,,,,,,,,,,,,,,ok
mitonet_scaled,mito,deepcontact_tem,DeepContact,tem_00061,sparse,4.68,20180115_b10_3_15.jpg,12.0,,0.103,0.191086,0.105635,0.107927,0.832618,0.191086,0.995984,0.996077,7959,65785,1600,16701872,9559,73744,1108558,0.008623,0.178684,0.210963,,,,,,,,,,,,,,ok
mitonet_scaled,mito,deepcontact_tem,DeepContact,tem_00062,sparse,4.68,20180115_b10_3_20.jpg,12.0,,0.102,0.871959,0.772985,0.816285,0.935783,0.871959,0.999585,0.999681,23709,5336,1627,16746544,25336,29045,368721,0.068713,0.856099,0.632207,,,,,,,,,,,,,,ok
mitonet_scaled,mito,deepcontact_tem,DeepContact,tem_00063,sparse,4.68,20180115_b10_3_25.jpg,12.0,,0.135,0.650329,0.481842,0.648652,0.652014,0.650329,0.998444,0.999214,24281,13152,12959,16726824,37240,37433,1264428,0.029452,0.581261,0.528459,,,,,,,,,,,,,,ok
mitonet_scaled,mito,deepcontact_tem,DeepContact,tem_00064,sparse,4.68,20180115_b10_3_30.jpg,12.0,,0.128,0.237318,0.134635,0.239502,0.235173,0.237318,0.998245,0.999132,4580,14543,14895,16743198,19475,19123,495144,0.039332,0.243237,0.280709,,,,,,,,,,,,,,ok
mitonet_scaled,mito,deepcontact_tem,DeepContact,tem_00065,sparse,4.68,20180115_b10_3_35.jpg,12.0,,0.212,0.621055,0.450385,0.555085,0.704822,0.621055,0.99779,0.998545,30387,24356,12726,16709747,43113,54743,1032852,0.041742,0.661945,0.3977,,,,,,,,,,,,,,ok
mitonet_scaled,mito,deepcontact_tem,DeepContact,tem_00066,sparse,4.68,20180115_b10_3_39.jpg,12.0,,0.098,0.816009,0.689202,0.806453,0.825794,0.816009,0.999301,0.999627,25996,6239,5484,16739497,31480,32235,1317170,0.0239,0.845636,0.767128,,,,,,,,,,,,,,ok
mitonet_scaled,mito,orgsegnet_plant,PlantHunter,te_00008,partial,24.68,image/A_001.tif,12.0,,1.426,0.164931,0.089877,0.256586,0.121522,0.164931,0.997061,0.999157,4870,14110,35205,16723031,40075,18980,10710694,0.003742,0.172422,0.174015,,,,,,,,,,,,,,ok
mitonet_scaled,mito,orgsegnet_plant,PlantHunter,te_00009,partial,24.68,image/A_001.tif,12.0,,2.665,0.167728,0.091541,0.266866,0.122296,0.167728,0.997101,0.999196,4901,13464,35174,16723677,40075,18365,8985870,0.00446,0.21305,0.135045,,,,,,,,,,,,,,ok
mitonet_scaled,mito,orgsegnet_plant,PlantHunter,te_00016,partial,7.41,image/A_005.tif,12.0,,0.622,0.561509,0.390346,0.928296,0.402481,0.561509,0.988325,0.999412,125411,9687,186184,16455934,311595,135098,10025966,0.031079,0.527076,0.242795,,,,,,,,,,,,,,ok
mitonet_scaled,mito,orgsegnet_plant,PlantHunter,te_00017,partial,7.41,image/A_005.tif,12.0,,2.671,0.715055,0.556487,0.954289,0.571727,0.715055,0.988752,0.999307,236780,11342,177369,16351725,414149,248122,12274542,0.03374,0.718577,0.393013,,,,,,,,,,,,,,ok
mitonet_scaled,mito,orgsegnet_plant,PlantHunter,te_00026,partial,7.41,image/A_017.tif,12.0,,0.533,0.0,0.0,0.0,0.0,0.0,0.981366,0.999998,0,28,312603,16464585,312603,28,13221888,0.023643,0.0,0.0,,,,,,,,,,,,,,ok
mitonet_scaled,mito,orgsegnet_plant,PlantHunter,te_00027,partial,7.41,image/A_017.tif,12.0,,0.495,0.0,0.0,0.0,0.0,0.0,0.986849,1.0,0,3,220628,16556585,220628,3,13218660,0.016691,0.0,0.0,,,,,,,,,,,,,,ok
mitonet_scaled,mito,orgsegnet_plant,PlantHunter,te_00048,partial,6.17,image/A_033.tif,12.0,,0.504,0.0,0.0,0.0,0.0,0.0,0.983269,0.99825,0,28925,251779,16496512,251779,28925,11939840,0.021087,0.0,0.0,,,,,,,,,,,,,,ok
mitonet_scaled,mito,orgsegnet_plant,PlantHunter,te_00049,partial,6.17,image/A_033.tif,12.0,,0.517,0.0,0.0,0.0,0.0,0.0,0.983111,0.998058,0,32098,251247,16493871,251247,32098,11882634,0.021144,0.0,0.0,,,,,,,,,,,,,,ok
mitonet_scaled,mito,orgsegnet_plant,PlantHunter,te_00066,partial,5.29,image/A_046.tif,12.0,,0.493,0.072427,0.037574,0.796511,0.037938,0.072427,0.992751,0.999927,4748,1213,120402,16650853,125150,5961,13225984,0.009462,0.061251,0.0,,,,,,,,,,,,,,ok
mitonet_scaled,mito,orgsegnet_plant,PlantHunter,te_00067,partial,5.29,image/A_046.tif,12.0,,0.491,0.075812,0.039399,0.771694,0.039864,0.075812,0.99275,0.999911,4989,1476,120161,16650590,125150,6465,11469408,0.010912,0.06122,0.003322,,,,,,,,,,,,,,ok
mitonet_scaled,mito,orgsegnet_plant,PlantHunter,te_00088,partial,6.17,image/A_104.tif,12.0,,0.575,0.0,0.0,0.0,0.0,0.0,0.984395,0.999944,0,918,260889,16515409,260889,918,12641265,0.020638,0.0,0.0,,,,,,,,,,,,,,ok
mitonet_scaled,mito,orgsegnet_plant,PlantHunter,te_00089,partial,6.17,image/A_104.tif,12.0,,0.499,0.095157,0.049955,0.265333,0.057974,0.095157,0.981366,0.99724,16439,45517,267118,16448142,283557,61956,13230080,0.021433,0.197028,0.080535,,,,,,,,,,,,,,ok
mitonet_scaled,mito,orgsegnet_plant,PlantHunter,te_00113,partial,12.34,image/A_116.tif,12.0,,1.085,0.0,0.0,0.0,0.0,0.0,0.998209,0.999767,0,3911,26129,16747176,26129,3911,13226850,0.001975,0.0,0.0,,,,,,,,,,,,,,ok
mitonet_scaled,mito,orgsegnet_plant,PlantHunter,te_00150,partial,4.63,image/A_135.tif,12.0,,0.488,0.0,0.0,nan,0.0,0.0,0.996615,1.0,0,0,56799,16720417,56799,0,6895834,0.008237,0.0,0.0,,,,,,,,,,,,,,ok
mitonet_scaled,mito,orgsegnet_plant,PlantHunter,te_00151,partial,4.63,image/A_135.tif,12.0,,0.49,0.0,0.0,nan,0.0,0.0,0.996615,1.0,0,0,56799,16720417,56799,0,7632996,0.007441,0.0,0.0,,,,,,,,,,,,,,ok
mitonet_scaled,mito,orgsegnet_plant,PlantHunter,te_00170,partial,18.51,image/A_145.tif,12.0,,1.267,0.703766,0.542932,0.95413,0.557483,0.703766,0.992917,0.999589,141153,6786,112044,16517233,253197,147939,13230080,0.019138,0.667221,0.594527,,,,,,,,,,,,,,ok
mitonet_scaled,mito,orgsegnet_plant,PlantHunter,te_00171,partial,18.51,image/A_145.tif,12.0,,1.229,0.681361,0.516716,0.957033,0.528988,0.681361,0.992619,0.99964,132395,5944,117885,16520992,250280,138339,13230080,0.018917,0.637018,0.5512,,,,,,,,,,,,,,ok
mitonet_scaled,mito,orgsegnet_plant,PlantHunter,te_00210,partial,7.41,image/A_165.tif,12.0,,0.5,0.0,0.0,nan,0.0,0.0,0.993092,1.0,0,0,115905,16661311,115905,0,13223620,0.008765,0.0,0.0,,,,,,,,,,,,,,ok
mitonet_scaled,mito,orgsegnet_plant,PlantHunter,te_00211,partial,7.41,image/A_165.tif,12.0,,0.479,0.0,0.0,nan,0.0,0.0,0.993092,1.0,0,0,115905,16661311,115905,0,13210700,0.008774,0.0,0.0,,,,,,,,,,,,,,ok
mitonet_scaled,mito,orgsegnet_plant,PlantHunter,te_00216,partial,7.41,image/A_168.tif,12.0,,0.544,0.10696,0.056502,0.732586,0.057692,0.10696,0.954675,0.99896,45539,16623,743810,15971244,789349,62162,13225984,0.059682,0.150747,0.015704,,,,,,,,,,,,,,ok
mitonet_scaled,mito,orgsegnet_plant,PlantHunter,te_00217,partial,7.41,image/A_168.tif,12.0,,0.527,0.096408,0.050645,0.595044,0.052453,0.096408,0.966997,0.99876,29538,20102,533593,16193983,563131,49640,13222755,0.042588,0.135554,0.018413,,,,,,,,,,,,,,ok
mitonet_scaled,mito,orgsegnet_plant,PlantHunter,te_00234,partial,6.17,image/A_177.tif,12.0,,0.479,0.016488,0.008313,1.0,0.008313,0.016488,0.983979,1.0,2253,0,268784,16506179,271037,2253,12248160,0.022129,0.0,0.00534,,,,,,,,,,,,,,ok
mitonet_scaled,mito,orgsegnet_plant,PlantHunter,te_00235,partial,6.17,image/A_177.tif,12.0,,0.497,0.0,0.0,nan,0.0,0.0,0.999952,1.0,0,0,804,16776412,804,0,13217160,6.1e-05,0.0,0.0,,,,,,,,,,,,,,ok
mitonet_scaled,mito,orgsegnet_plant,PlantHunter,te_00240,partial,5.29,image/A_180.tif,12.0,,0.469,0.001508,0.000755,1.0,0.000755,0.001508,0.944594,1.0,702,0,929565,15846949,930267,702,11833344,0.078614,0.0,0.0,,,,,,,,,,,,,,ok
mitonet_scaled,mito,orgsegnet_plant,PlantHunter,te_00241,partial,5.29,image/A_180.tif,12.0,,0.485,0.001247,0.000624,0.013855,0.000653,0.001247,0.95132,0.997731,510,36301,780414,15959991,780924,36811,10897308,0.071662,0.0,0.0,,,,,,,,,,,,,,ok
mitonet_scaled,mito,orgsegnet_plant,PlantHunter,te_00242,partial,7.41,image/A_181.tif,12.0,,0.48,0.0202,0.010203,0.702883,0.010247,0.0202,0.964051,0.999837,6217,2628,600493,16167878,606710,8845,13217160,0.045903,0.0,0.028711,,,,,,,,,,,,,,ok
mitonet_scaled,mito,orgsegnet_plant,PlantHunter,te_00243,partial,7.41,image/A_181.tif,12.0,,0.498,0.019274,0.009731,0.265677,0.01,0.019274,0.963199,0.998963,6067,16769,600643,16153737,606710,22836,13226850,0.04587,0.0,0.024599,,,,,,,,,,,,,,ok
mitonet_scaled,mito,orgsegnet_plant,PlantHunter,te_00248,partial,3.09,image/A_184.tif,12.0,,0.367,0.0,0.0,nan,0.0,0.0,0.993048,1.0,0,0,116634,16660582,116634,0,13217792,0.008824,0.0,0.0,,,,,,,,,,,,,,ok
mitonet_scaled,mito,orgsegnet_plant,PlantHunter,te_00249,partial,3.09,image/A_184.tif,12.0,,0.44,0.0,0.0,0.0,0.0,0.0,0.992114,0.999059,0,15673,116634,16644909,116634,15673,13215432,0.008826,0.0,0.0,,,,,,,,,,,,,,ok
mitonet_scaled,mito,orgsegnet_plant,PlantHunter,te_00258,partial,5.29,image/A_189.tif,12.0,,0.535,0.0,0.0,0.0,0.0,0.0,0.991173,0.999957,0,715,147377,16629124,147377,715,13225984,0.011143,0.0,0.0,,,,,,,,,,,,,,ok
mitonet_scaled,mito,orgsegnet_plant,PlantHunter,te_00259,partial,5.29,image/A_189.tif,12.0,,0.467,0.028194,0.014299,0.614769,0.014428,0.028194,0.993056,0.999936,1690,1059,115443,16659024,117133,2749,12514320,0.00936,0.067742,0.094899,,,,,,,,,,,,,,ok
mitonet_scaled,mito,orgsegnet_plant,PlantHunter,te_00264,partial,12.34,image/A_192.tif,12.0,,1.082,0.0,0.0,0.0,0.0,0.0,0.99809,0.999514,0,8147,23901,16745168,23901,8147,13226850,0.001807,0.0,0.0,,,,,,,,,,,,,,ok
mitonet_scaled,mito,orgsegnet_plant,PlantHunter,te_00265,partial,12.34,image/A_192.tif,12.0,,1.085,0.0,0.0,0.0,0.0,0.0,0.997973,0.999397,0,10106,23901,16743209,23901,10106,13226850,0.001807,0.0,0.0,,,,,,,,,,,,,,ok
mitonet_scaled,mito,orgsegnet_plant,PlantHunter,te_00270,partial,24.68,image/A_195.tif,12.0,,1.119,0.0,0.0,0.0,0.0,0.0,0.999056,0.999788,0,3559,12274,16761383,12274,3559,13226850,0.000928,0.0,0.0,,,,,,,,,,,,,,ok
mitonet_scaled,mito,orgsegnet_plant,PlantHunter,te_00271,partial,24.68,image/A_195.tif,12.0,,1.141,0.233201,0.131991,0.445494,0.157938,0.233201,0.997894,0.9996,5374,6689,28652,16736501,34026,12063,13223620,0.002573,0.086486,0.194433,,,,,,,,,,,,,,ok
mitonet_scaled,mito,orgsegnet_plant,PlantHunter,te_00274,partial,24.68,image/A_197.tif,12.0,,1.079,0.225226,0.126904,0.9969,0.126954,0.225226,0.999341,1.0,1608,5,11058,16764545,12666,1613,12309530,0.001029,0.235294,0.190955,,,,,,,,,,,,,,ok
mitonet_scaled,mito,orgsegnet_plant,PlantHunter,te_00275,partial,24.68,image/A_197.tif,12.0,,1.057,0.0,0.0,nan,0.0,0.0,0.999795,1.0,0,0,3434,16773782,3434,0,10035610,0.000342,0.0,0.0,,,,,,,,,,,,,,ok
mitonet_scaled,mito,orgsegnet_plant,PlantHunter,te_00280,partial,18.51,image/A_200.tif,12.0,,1.107,0.23208,0.131273,0.309074,0.185795,0.23208,0.998425,0.999467,3992,8924,17494,16746806,21486,12916,10909214,0.00197,0.325884,0.079096,,,,,,,,,,,,,,ok
mitonet_scaled,mito,orgsegnet_plant,PlantHunter,te_00281,partial,18.51,image/A_200.tif,12.0,,1.11,0.26552,0.153084,0.340093,0.21777,0.26552,0.998457,0.999458,4679,9079,16807,16746651,21486,13758,13115392,0.001638,0.31068,0.115808,,,,,,,,,,,,,,ok
mitonet_scaled,mito,orgsegnet_plant,PlantHunter,te_00308,partial,5.29,image/A_214.tif,12.0,,0.489,0.223933,0.126083,0.516468,0.142959,0.223933,0.992271,0.998948,18707,17514,112149,16628846,130856,36221,12709888,0.010296,0.0,0.0,,,,,,,,,,,,,,ok
mitonet_scaled,mito,orgsegnet_plant,PlantHunter,te_00309,partial,5.29,image/A_214.tif,12.0,,0.483,0.34022,0.204979,1.0,0.204979,0.34022,0.990633,1.0,40517,0,157147,16579552,197664,40517,13223620,0.014948,0.194357,0.002176,,,,,,,,,,,,,,ok
mitonet_scaled,mito,orgsegnet_plant,PlantHunter,te_00326,partial,12.34,image/A_223.tif,12.0,,1.244,0.659438,0.491911,0.789106,0.56637,0.659438,0.990378,0.997469,156292,41770,119662,16459492,275954,198062,13230080,0.020858,0.619347,0.434839,,,,,,,,,,,,,,ok
mitonet_scaled,mito,orgsegnet_plant,PlantHunter,te_00327,partial,12.34,image/A_223.tif,12.0,,1.223,0.635271,0.465493,0.777531,0.537017,0.635271,0.989857,0.99743,148192,42401,127762,16458861,275954,190593,13226850,0.020863,0.589772,0.418088,,,,,,,,,,,,,,ok
mitonet_scaled,mito,orgsegnet_plant,PlantHunter,te_00346,partial,14.81,image/A_233.tif,12.0,,1.124,0.331311,0.198546,0.592518,0.229943,0.331311,0.990557,0.998375,39246,26990,131431,16579549,170677,66236,13230080,0.012901,0.286321,0.291316,,,,,,,,,,,,,,ok
mitonet_scaled,mito,orgsegnet_plant,PlantHunter,te_00347,partial,14.81,image/A_233.tif,12.0,,1.144,0.332067,0.199089,0.596986,0.230002,0.332067,0.990587,0.998404,39256,26501,131421,16580038,170677,65757,13230080,0.012901,0.276596,0.297789,,,,,,,,,,,,,,ok
mitonet_scaled,mito,orgsegnet_plant,PlantHunter,te_00356,partial,24.68,image/A_238.tif,12.0,,1.173,0.275508,0.159762,0.688951,0.172181,0.275508,0.992734,0.999371,23177,10464,111431,16632144,134608,33641,13226850,0.010177,0.348814,0.278481,,,,,,,,,,,,,,ok
mitonet_scaled,mito,orgsegnet_plant,PlantHunter,te_00357,partial,24.68,image/A_238.tif,12.0,,1.19,0.207633,0.115843,0.650965,0.123515,0.207633,0.990042,0.999293,21890,11737,155336,16588253,177226,33627,13230080,0.013396,0.210488,0.2048,,,,,,,,,,,,,,ok
mitonet_scaled,mito,orgsegnet_plant,PlantHunter,te_00360,partial,4.63,image/A_240.tif,12.0,,0.488,0.01226,0.006168,0.447069,0.006215,0.01226,0.985642,0.999888,1495,1849,239037,16534835,240532,3344,13223620,0.01819,0.0,0.002817,,,,,,,,,,,,,,ok
mitonet_scaled,mito,orgsegnet_plant,PlantHunter,te_00361,partial,4.63,image/A_240.tif,12.0,,0.519,0.009866,0.004958,0.385133,0.004997,0.009866,0.98562,0.999884,1202,1919,239330,16534765,240532,3121,13223620,0.01819,0.0,0.002899,,,,,,,,,,,,,,ok
mitonet_scaled,mito,orgsegnet_plant,PlantHunter,te_00374,partial,3.7,image/A_247.tif,12.0,,0.452,0.89416,0.808579,0.904238,0.884304,0.89416,0.998497,0.999323,106502,11279,13934,16645501,120436,117781,13230080,0.009103,0.691664,0.242683,,,,,,,,,,,,,,ok
mitonet_scaled,mito,orgsegnet_plant,PlantHunter,te_00396,partial,4.63,image/A_258.tif,12.0,,0.572,0.223772,0.125982,0.404114,0.154724,0.223772,0.970755,0.99361,70722,104283,386363,16215848,457085,175005,13230080,0.034549,0.188406,0.103152,,,,,,,,,,,,,,ok
mitonet_scaled,mito,orgsegnet_plant,PlantHunter,te_00442,partial,4.63,image/A_72.tif,12.0,,0.536,0.285485,0.166511,0.838054,0.172047,0.285485,0.974551,0.998988,85298,16483,410486,16264949,495784,101781,13226850,0.037483,0.0,0.035828,,,,,,,,,,,,,,ok
mitonet_scaled,mito,orgsegnet_plant,PlantHunter,te_00443,partial,4.63,image/A_72.tif,12.0,,0.521,0.425372,0.270141,0.895737,0.278912,0.425372,0.973116,0.998799,166942,19432,431606,16159236,598548,186374,13226850,0.045252,0.716245,0.094824,,,,,,,,,,,,,,ok
mitonet_scaled,mito,orgsegnet_plant,PlantHunter,te_00444,partial,3.7,image/A_73.tif,12.0,,0.359,0.905555,0.827411,0.983915,0.838756,0.905555,0.990712,0.999231,747066,12213,143617,15874320,890683,759279,13213696,0.067406,0.933635,0.249389,,,,,,,,,,,,,,ok
mitonet_scaled,mito,orgsegnet_plant,PlantHunter,te_00445,partial,3.7,image/A_73.tif,12.0,,0.368,0.89865,0.815954,0.986072,0.825468,0.89865,0.990115,0.999346,735230,10385,155453,15876148,890683,745615,13204018,0.067455,0.90555,0.255556,,,,,,,,,,,,,,ok
mitonet_scaled,mito,orgsegnet_plant,PlantHunter,te_00460,partial,9.26,image/A_84.tif,12.0,,1.105,0.0,0.0,0.0,0.0,0.0,0.997618,0.999749,0,4205,35751,16737260,35751,4205,9726168,0.003676,0.0,0.0,,,,,,,,,,,,,,ok
mitonet_scaled,mito,orgsegnet_plant,PlantHunter,te_00461,partial,9.26,image/A_84.tif,12.0,,1.105,0.0,0.0,0.0,0.0,0.0,0.997652,0.999782,0,3646,35751,16737819,35751,3646,11966250,0.002988,0.0,0.0,,,,,,,,,,,,,,ok
mitonet_scaled,mito,orgsegnet_plant,PlantHunter,te_00482,partial,3.09,image/A_96.tif,12.0,,0.406,0.930236,0.86957,0.988183,0.878708,0.930236,0.992869,0.999399,797657,9539,110104,15859916,907761,807196,9970767,0.091042,1.0,0.382303,,,,,,,,,,,,,,ok
mitonet_scaled,mito,orgsegnet_plant,PlantHunter,te_00483,partial,3.09,image/A_96.tif,12.0,,0.385,0.926804,0.863593,0.988776,0.872143,0.926804,0.992985,0.999469,745104,8458,109233,15914421,854337,753562,13226850,0.064591,1.0,0.370732,,,,,,,,,,,,,,ok
mitonet_scaled,mito,orgsegnet_plant,PlantHunter,te_00500,partial,6.17,image/C017.tif,12.0,,0.579,0.0,0.0,nan,0.0,0.0,0.961757,1.0,0,0,641617,16135599,641617,0,9380317,0.0684,0.0,0.0,,,,,,,,,,,,,,ok
mitonet_scaled,mito,orgsegnet_plant,PlantHunter,te_00501,partial,6.17,image/C017.tif,12.0,,0.455,0.0,0.0,nan,0.0,0.0,0.966896,1.0,0,0,555389,16221827,555389,0,8423745,0.065931,0.0,0.0,,,,,,,,,,,,,,ok
mitonet_scaled,mito,orgsegnet_plant,PlantHunter,te_00504,partial,7.41,image/C019.tif,12.0,,0.592,0.38818,0.240833,0.477386,0.327064,0.38818,0.989225,0.996218,57347,62780,117992,16539097,175339,120127,13152256,0.013331,0.225119,0.22737,,,,,,,,,,,,,,ok
mitonet_scaled,mito,orgsegnet_plant,PlantHunter,te_00505,partial,7.41,image/C019.tif,12.0,,0.563,0.585221,0.413648,0.486827,0.733463,0.585221,0.994856,0.996156,60884,64179,22125,16630028,83009,125063,10704075,0.007755,0.50571,0.180368,,,,,,,,,,,,,,ok
mitonet_scaled,mito,orgsegnet_plant,PlantHunter,te_00526,partial,9.26,image/C046.tif,12.0,,1.151,0.616005,0.445092,0.72653,0.534667,0.616005,0.997746,0.999317,30329,11416,26396,16709075,56725,41745,8721529,0.006504,0.743602,0.012308,,,,,,,,,,,,,,ok
mitonet_scaled,mito,orgsegnet_plant,PlantHunter,te_00527,partial,9.26,image/C046.tif,12.0,,1.158,0.645102,0.476126,0.692413,0.603843,0.645102,0.997754,0.99909,34253,15216,22472,16705275,56725,49469,10878640,0.005214,0.699944,0.017626,,,,,,,,,,,,,,ok
mitonet_scaled,mito,orgsegnet_plant,PlantHunter,te_00530,partial,14.81,image/C051.tif,12.0,,1.341,0.073678,0.038248,0.108453,0.055789,0.073678,0.991656,0.997256,5567,45764,94219,16631666,99786,51331,13230080,0.007542,0.069765,0.057799,,,,,,,,,,,,,,ok
mitonet_scaled,mito,orgsegnet_plant,PlantHunter,te_00531,partial,14.81,image/C051.tif,12.0,,1.417,0.056846,0.029255,0.088368,0.0419,0.056846,0.990326,0.996971,4891,50457,111839,16610029,116730,55348,13226850,0.008825,0.064434,0.043318,,,,,,,,,,,,,,ok
mitonet_scaled,mito,orgsegnet_plant,PlantHunter,te_00532,partial,6.17,image/C052.tif,12.0,,0.548,0.745252,0.593945,0.774635,0.718016,0.745252,0.994818,0.997771,127175,36999,49945,16563097,177120,164174,13223620,0.013394,0.744485,0.177158,,,,,,,,,,,,,,ok
mitonet_scaled,mito,orgsegnet_plant,PlantHunter,te_00533,partial,6.17,image/C052.tif,12.0,,0.527,0.7307,0.575672,0.767426,0.697329,0.7307,0.994574,0.997745,123511,37431,53609,16562665,177120,160942,13223620,0.013394,0.653563,0.23163,,,,,,,,,,,,,,ok
mitonet_scaled,mito,orgsegnet_plant,PlantHunter,te_00542,partial,3.7,image/C057.tif,12.0,,0.357,0.0,0.0,nan,0.0,0.0,0.977269,1.0,0,0,381360,16395856,381360,0,6892944,0.055326,0.0,0.0,,,,,,,,,,,,,,ok
mitonet_scaled,mito,orgsegnet_plant,PlantHunter,te_00543,partial,3.7,image/C057.tif,12.0,,0.332,0.0,0.0,nan,0.0,0.0,0.95765,1.0,0,0,710508,16066708,710508,0,9250605,0.076807,0.0,0.0,,,,,,,,,,,,,,ok
mitonet_scaled,mito,orgsegnet_plant,PlantHunter,te_00564,partial,18.51,image/C076.tif,12.0,,1.197,0.10041,0.052859,0.895484,0.053187,0.10041,0.963004,0.999749,34640,4043,616650,16121883,651290,38683,13230080,0.049228,0.142575,0.131999,,,,,,,,,,,,,,ok
mitonet_scaled,mito,orgsegnet_plant,PlantHunter,te_00565,partial,18.51,image/C076.tif,12.0,,1.271,0.204474,0.11388,0.903954,0.115275,0.204474,0.968776,0.999558,67322,7153,516692,16186049,584014,74475,13230080,0.044143,0.283344,0.1958,,,,,,,,,,,,,,ok
mitonet_scaled,mito,orgsegnet_plant,PlantHunter,te_00576,partial,14.81,image/C088.tif,12.0,,1.084,0.003749,0.001878,1.0,0.001878,0.003749,0.989863,1.0,320,0,170067,16606829,170387,320,8928486,0.019084,0.0,0.0,,,,,,,,,,,,,,ok
mitonet_scaled,mito,orgsegnet_plant,PlantHunter,te_00577,partial,14.81,image/C088.tif,12.0,,1.075,0.0,0.0,nan,0.0,0.0,0.989844,1.0,0,0,170387,16606829,170387,0,9119565,0.018684,0.0,0.0,,,,,,,,,,,,,,ok
mitonet_scaled,mito,orgsegnet_plant,PlantHunter,te_00610,partial,6.17,image/C119.tif,12.0,,0.482,0.0,0.0,0.0,0.0,0.0,0.976285,0.999486,0,8417,389453,16379346,389453,8417,13230080,0.029437,0.0,0.0,,,,,,,,,,,,,,ok
mitonet_scaled,mito,orgsegnet_plant,PlantHunter,te_00611,partial,6.17,image/C119.tif,12.0,,0.539,0.0,0.0,0.0,0.0,0.0,0.976196,0.999395,0,9911,389453,16377852,389453,9911,13226850,0.029444,0.0,0.0,,,,,,,,,,,,,,ok
mitonet_scaled,mito,orgsegnet_plant,PlantHunter,te_00630,partial,12.34,image/C171.tif,12.0,,1.099,0.036105,0.018384,0.590453,0.018622,0.036105,0.980513,0.999742,6123,4247,322687,16444159,328810,10370,13225984,0.024861,0.050672,0.032216,,,,,,,,,,,,,,ok
mitonet_scaled,mito,orgsegnet_plant,PlantHunter,te_00631,partial,12.34,image/C171.tif,12.0,,1.124,0.0,0.0,0.0,0.0,0.0,0.984404,0.99982,0,2971,258688,16515557,258688,2971,13226850,0.019558,0.0,0.0,,,,,,,,,,,,,,ok
mitonet_scaled,mito,orgsegnet_plant,PlantHunter,te_00646,partial,3.7,image/C179.tif,12.0,,0.415,0.402177,0.251703,0.49587,0.338264,0.402177,0.997192,0.999037,15848,16112,31003,16714253,46851,31960,10821632,0.004329,0.439833,0.309244,,,,,,,,,,,,,,ok
mitonet_scaled,mito,orgsegnet_plant,PlantHunter,te_00686,partial,3.09,image/C199.tif,12.0,,0.384,0.905459,0.82725,0.997999,0.828624,0.905459,0.998709,0.999988,103728,208,21453,16651827,125181,103936,13223620,0.009466,0.992151,0.073247,,,,,,,,,,,,,,ok
mitonet_scaled,mito,orgsegnet_plant,PlantHunter,te_00687,partial,3.09,image/C199.tif,12.0,,0.459,0.66294,0.495819,0.532812,0.87717,0.66294,0.993345,0.994218,109805,96281,15376,16555754,125181,206086,13223620,0.009466,0.34609,0.172235,,,,,,,,,,,,,,ok
mitonet_scaled,mito,orgsegnet_plant,PlantHunter,te_00690,partial,12.34,image/C201.tif,12.0,,1.18,0.248099,0.141617,0.145037,0.857254,0.248099,0.997212,0.997287,7717,45490,1285,16722724,9002,53207,13230080,0.00068,0.185714,0.216478,,,,,,,,,,,,,,ok
mitonet_scaled,mito,orgsegnet_plant,PlantHunter,te_00691,partial,12.34,image/C201.tif,12.0,,1.21,0.346581,0.209615,0.471956,0.273837,0.346581,0.990484,0.99715,42342,47374,112283,16575217,154625,89716,13226850,0.01169,0.520166,0.330513,,,,,,,,,,,,,,ok
mitonet_scaled,mito,orgsegnet_plant,PlantHunter,te_00696,partial,5.29,image/C204.tif,12.0,,0.537,0.152114,0.082318,0.69004,0.085478,0.152114,0.963767,0.998482,54529,24494,583399,16114794,637928,79023,13230080,0.048218,0.0,0.073221,,,,,,,,,,,,,,ok
mitonet_scaled,mito,orgsegnet_plant,PlantHunter,te_00697,partial,5.29,image/C204.tif,12.0,,0.598,0.109831,0.058107,0.538199,0.061156,0.109831,0.962307,0.997926,39013,33475,598915,16105813,637928,72488,13223620,0.048242,0.0,0.0443,,,,,,,,,,,,,,ok
mitonet_scaled,mito,orgsegnet_plant,PlantHunter,te_00724,partial,6.17,image/C218.tif,12.0,,0.491,0.54919,0.37854,1.0,0.37854,0.54919,0.997242,1.0,28188,0,46277,16702751,74465,28188,13230080,0.005628,1.0,0.0,,,,,,,,,,,,,,ok
mitonet_scaled,mito,orgsegnet_plant,PlantHunter,te_00725,partial,6.17,image/C218.tif,12.0,,0.472,0.0,0.0,nan,0.0,0.0,0.999443,1.0,0,0,9341,16767875,9341,0,13226850,0.000706,0.0,0.0,,,,,,,,,,,,,,ok
mitonet_scaled,mito,orgsegnet_plant,PlantHunter,te_00768,partial,5.29,image/C240.tif,12.0,,0.495,0.0,0.0,0.0,0.0,0.0,0.992944,0.999997,0,48,118326,16658842,118326,48,11898351,0.009945,0.0,0.0,,,,,,,,,,,,,,ok
mitonet_scaled,mito,orgsegnet_plant,PlantHunter,te_00769,partial,5.29,image/C240.tif,12.0,,0.48,0.0,0.0,nan,0.0,0.0,0.992947,1.0,0,0,118326,16658890,118326,0,11863467,0.009974,0.0,0.0,,,,,,,,,,,,,,ok
mitonet_scaled,mito,orgsegnet_plant,PlantHunter,te_00772,partial,18.51,image/C242.tif,12.0,,1.376,0.517508,0.34908,0.641071,0.433881,0.517508,0.991988,0.99757,72091,40363,94063,16570699,166154,112454,13230080,0.012559,0.425662,0.360074,,,,,,,,,,,,,,ok
mitonet_scaled,mito,orgsegnet_plant,PlantHunter,te_00773,partial,18.51,image/C242.tif,12.0,,1.325,0.529333,0.359927,0.694409,0.427668,0.529333,0.992469,0.998118,71045,31265,95077,16579829,166122,102310,13226850,0.012559,0.445025,0.397898,,,,,,,,,,,,,,ok
mitonet_scaled,mito,orgsegnet_plant,PlantHunter,te_00794,partial,4.63,image/C253.tif,12.0,,0.504,0.162317,0.088327,1.0,0.088327,0.162317,0.984366,1.0,25412,0,262292,16489512,287704,25412,13230080,0.021746,0.29476,0.0,,,,,,,,,,,,,,ok
mitonet_scaled,mito,orgsegnet_plant,PlantHunter,te_00795,partial,4.63,image/C253.tif,12.0,,0.475,0.166171,0.090614,1.0,0.090614,0.166171,0.984405,1.0,26070,0,261634,16489512,287704,26070,12622840,0.022792,0.292896,0.0,,,,,,,,,,,,,,ok
mitonet_scaled,mito,orgsegnet_plant,PlantHunter,te_00798,partial,5.29,image/C255.tif,12.0,,0.495,0.0,0.0,nan,0.0,0.0,0.989988,1.0,0,0,167974,16609242,167974,0,13230080,0.012696,0.0,0.0,,,,,,,,,,,,,,ok
mitonet_scaled,mito,orgsegnet_plant,PlantHunter,te_00799,partial,5.29,image/C255.tif,12.0,,0.479,0.0,0.0,nan,0.0,0.0,0.989988,1.0,0,0,167974,16609242,167974,0,13223620,0.012703,0.0,0.0,,,,,,,,,,,,,,ok
mitonet_scaled,mito,orgsegnet_plant,PlantHunter,te_00802,partial,6.17,image/C257.tif,12.0,,0.516,0.0,0.0,nan,0.0,0.0,0.980231,1.0,0,0,331673,16445543,331673,0,12107776,0.027393,0.0,0.0,,,,,,,,,,,,,,ok
mitonet_scaled,mito,orgsegnet_plant,PlantHunter,te_00803,partial,6.17,image/C257.tif,12.0,,0.491,0.0,0.0,nan,0.0,0.0,0.990638,1.0,0,0,157060,16620156,157060,0,12104820,0.012975,0.0,0.0,,,,,,,,,,,,,,ok
mitonet_scaled,mito,orgsegnet_plant,PlantHunter,te_00823,partial,4.63,image/C267.tif,12.0,,0.483,0.0,0.0,nan,0.0,0.0,0.996613,1.0,0,0,56824,16720392,56824,0,10574802,0.005374,0.0,0.0,,,,,,,,,,,,,,ok
mitonet_scaled,mito,orgsegnet_plant,PlantHunter,te_00834,partial,3.09,image/C606.tif,12.0,,0.363,0.323674,0.193085,0.999856,0.19309,0.323674,0.975822,0.999999,97066,14,405631,16274505,502697,97080,6726600,0.074733,0.43128,0.03954,,,,,,,,,,,,,,ok
mitonet_scaled,mito,orgsegnet_plant,PlantHunter,te_00835,partial,3.09,image/C606.tif,12.0,,0.409,0.331809,0.198904,0.999198,0.198936,0.331809,0.977281,0.999995,94639,76,381088,16301413,475727,94715,6457248,0.073673,0.414352,0.054054,,,,,,,,,,,,,,ok
mitonet_scaled,mito,orgsegnet_plant,PlantHunter,te_00846,partial,2.47,image/C_008.tif,12.0,,0.388,0.0,0.0,nan,0.0,0.0,0.862316,1.0,0,0,2309947,14467269,2309947,0,11617942,0.198826,0.0,0.0,,,,,,,,,,,,,,ok
mitonet_scaled,mito,orgsegnet_plant,PlantHunter,te_00847,partial,2.47,image/C_008.tif,12.0,,0.368,2.8e-05,1.4e-05,0.003773,1.4e-05,2.8e-05,0.861799,0.999398,33,8713,2309914,14458556,2309947,8746,9347955,0.247107,0.0,0.0,,,,,,,,,,,,,,ok
mitonet_scaled,mito,orgsegnet_plant,PlantHunter,te_00895,partial,6.17,image/L1_003.tif,12.0,,0.666,0.419826,0.265683,0.900984,0.273674,0.419826,0.943998,0.997595,339942,37359,902201,15497714,1242143,377301,9271190,0.133979,0.397354,0.278391,,,,,,,,,,,,,,ok
mitonet_scaled,mito,orgsegnet_plant,PlantHunter,te_00896,partial,6.17,image/L1_003.tif,12.0,,0.705,0.336242,0.202098,0.859487,0.209004,0.336242,0.915169,0.996085,360485,58934,1364294,14993503,1724779,419419,11199110,0.15401,0.361857,0.235193,,,,,,,,,,,,,,ok
mitonet_scaled,mito,orgsegnet_plant,PlantHunter,te_00913,partial,4.63,image/L1_014.tif,12.0,,0.491,0.0,0.0,0.0,0.0,0.0,0.925845,0.999548,0,7017,1237094,15533105,1237094,7017,5999753,0.206191,0.0,0.0,,,,,,,,,,,,,,ok
mitonet_scaled,mito,orgsegnet_plant,PlantHunter,te_00914,partial,4.63,image/L1_014.tif,12.0,,0.524,0.0,0.0,nan,0.0,0.0,0.942762,1.0,0,0,960290,15816926,960290,0,4477352,0.214477,0.0,0.0,,,,,,,,,,,,,,ok
mitonet_scaled,mito,orgsegnet_plant,PlantHunter,te_00951,partial,3.7,image/L7_011.tif,12.0,,0.349,0.64698,0.478174,0.999208,0.478356,0.64698,0.973254,0.99998,411186,326,448396,15917308,859582,411512,4528587,0.189812,0.613333,0.130775,,,,,,,,,,,,,,ok
mitonet_scaled,mito,orgsegnet_plant,PlantHunter,te_00952,partial,3.7,image/L7_011.tif,12.0,,0.405,0.667781,0.501254,0.998754,0.501568,0.667781,0.974431,0.999966,431139,538,428443,15917096,859582,431677,5776260,0.148813,0.618858,0.144897,,,,,,,,,,,,,,ok
mitonet_scaled,mito,orgsegnet_plant,PlantHunter,te_00955,partial,3.7,image/L8_002.tif,12.0,,0.556,0.823997,0.700676,0.96006,0.721713,0.823997,0.977658,0.997654,877449,36503,338337,15524927,1215786,913952,9090270,0.133746,0.866568,0.332254,,,,,,,,,,,,,,ok
mitonet_scaled,mito,orgsegnet_plant,PlantHunter,te_00956,partial,3.7,image/L8_002.tif,12.0,,0.425,0.71611,0.557766,0.942753,0.577319,0.71611,0.973298,0.997828,565027,34310,413681,15764198,978708,599337,7145118,0.136976,0.695317,0.175213,,,,,,,,,,,,,,ok
mitonet_scaled,mito,orgsegnet_plant,PlantHunter,te_00961,sparse,1.48,image/M4D-25000X-0006.tif,12.0,,0.105,0.0,0.0,nan,0.0,0.0,0.996026,1.0,0,0,66668,16710548,66668,0,1695450,0.039322,0.0,0.0,,,,,,,,,,,,,,ok
mitonet_scaled,mito,orgsegnet_plant,PlantHunter,te_00989,partial,4.63,image/c10_003.tif,12.0,,0.612,0.659252,0.491704,0.885892,0.524952,0.659252,0.987049,0.998347,210184,27073,190203,16349756,400387,237257,13206610,0.030317,0.662588,0.257449,,,,,,,,,,,,,,ok
mitonet_scaled,mito,orgsegnet_plant,PlantHunter,te_00990,partial,4.63,image/c10_003.tif,12.0,,0.56,0.697611,0.53564,0.903047,0.568323,0.697611,0.988242,0.998508,227549,24430,172838,16352399,400387,251979,13222755,0.03028,0.700248,0.271589,,,,,,,,,,,,,,ok
mitonet_scaled,mito,orgsegnet_plant,PlantHunter,te_01002,partial,4.63,image/c13_002.tif,12.0,,0.488,0.0,0.0,0.0,0.0,0.0,0.995102,0.999899,0,1688,80482,16695046,80482,1688,13222755,0.006087,0.0,0.0,,,,,,,,,,,,,,ok
mitonet_scaled,mito,orgsegnet_plant,PlantHunter,te_01011,partial,5.29,image/c6_003.tif,12.0,,0.526,0.0291,0.014765,0.357653,0.015167,0.0291,0.970111,0.999171,7515,13497,487961,16268243,495476,21012,13230080,0.037451,0.0,0.00288,,,,,,,,,,,,,,ok
mitonet_scaled,mito,orgsegnet_plant,PlantHunter,te_01012,partial,5.29,image/c6_003.tif,12.0,,0.541,0.041303,0.021087,0.652355,0.021327,0.041303,0.96746,0.999614,11760,6267,539664,16219525,551424,18027,13226850,0.04169,0.012985,0.020999,,,,,,,,,,,,,,ok
mitonet_scaled,mito,orgsegnet_plant,PlantHunter,te_01013,partial,6.17,image/cs10_001.tif,12.0,,0.565,0.776618,0.634812,0.896122,0.685237,0.776618,0.999628,0.999925,10861,1259,4989,16760107,15850,12120,13040258,0.001215,0.907811,0.571962,,,,,,,,,,,,,,ok
mitonet_scaled,mito,orgsegnet_plant,PlantHunter,te_01014,partial,6.17,image/cs10_001.tif,12.0,,0.51,0.822596,0.698653,0.916731,0.745994,0.822596,0.999696,0.999936,11824,1074,4026,16760292,15850,12898,13201408,0.001201,0.892857,0.392294,,,,,,,,,,,,,,ok
mitonet_scaled,mito,orgsegnet_plant,PlantHunter,te_01015,partial,14.81,image/g-l_004.tif,12.0,,1.125,0.0,0.0,0.0,0.0,0.0,0.993916,0.998084,0,32008,70065,16675143,70065,32008,13230080,0.005296,0.0,0.0,,,,,,,,,,,,,,ok
mitonet_scaled,mito,orgsegnet_plant,PlantHunter,te_01016,partial,14.81,image/g-l_004.tif,12.0,,1.116,0.0,0.0,0.0,0.0,0.0,0.995534,0.999709,0,4854,70065,16702297,70065,4854,13226850,0.005297,0.0,0.0,,,,,,,,,,,,,,ok
mitonet_scaled,mito,orgsegnet_plant,PlantHunter,te_01029,partial,5.29,image/h3_007.tif,12.0,,0.529,0.34687,0.209826,0.309982,0.393722,0.34687,0.992018,0.995257,35559,79154,54756,16607747,90315,114713,13230080,0.006826,0.630813,0.028571,,,,,,,,,,,,,,ok
mitonet_scaled,mito,orgsegnet_plant,PlantHunter,te_01030,partial,5.29,image/h3_007.tif,12.0,,0.565,0.619188,0.448423,0.464018,0.930275,0.619188,0.996224,0.996443,51500,59487,3860,16662369,55360,110987,13230080,0.004184,0.466165,0.382699,,,,,,,,,,,,,,ok
mitonet_scaled,mito,orgsegnet_plant,PlantHunter,te_01033,partial,3.7,image/h4_004.tif,12.0,,0.344,0.443119,0.28462,0.997775,0.284801,0.443119,0.973601,0.999976,176209,393,442501,16158113,618710,176602,11821173,0.052339,0.516441,0.14743,,,,,,,,,,,,,,ok
mitonet_scaled,mito,orgsegnet_plant,PlantHunter,te_01034,partial,3.7,image/h4_004.tif,12.0,,0.361,0.575807,0.404304,0.993498,0.405377,0.575807,0.98454,0.99993,176036,1152,258217,16341811,434253,177188,9694389,0.044794,0.596413,0.175736,,,,,,,,,,,,,,ok
mitonet_scaled,mito,orgsegnet_plant,PlantHunter,te_01055,partial,14.81,image/n-l_001.tif,12.0,,1.293,0.352059,0.213636,0.530526,0.263439,0.352059,0.977541,0.994473,102366,90586,286209,16298055,388575,192952,13230080,0.029371,0.354778,0.221035,,,,,,,,,,,,,,ok
mitonet_scaled,mito,orgsegnet_plant,PlantHunter,te_01056,partial,14.81,image/n-l_001.tif,12.0,,1.253,0.38158,0.235773,0.679926,0.265209,0.38158,0.976534,0.996496,121462,57178,336524,16262052,457986,178640,13217160,0.034651,0.378749,0.249274,,,,,,,,,,,,,,ok
mitonet_scaled,mito,orgsegnet_plant,PlantHunter,te_01073,partial,5.29,image/n-o_007.tif,12.0,,0.5,0.078166,0.040673,0.8661,0.04093,0.078166,0.988679,0.999925,8053,1245,188698,16579220,196751,9298,8385024,0.023465,0.0,0.010226,,,,,,,,,,,,,,ok
mitonet_scaled,mito,orgsegnet_plant,PlantHunter,te_01074,partial,5.29,image/n-o_007.tif,12.0,,0.512,0.096818,0.050872,0.901478,0.051156,0.096818,0.988807,0.999934,10065,1100,186686,16579365,196751,11165,10194944,0.019299,0.0,0.009079,,,,,,,,,,,,,,ok
mitonet_scaled,mito,orgsegnet_plant,PlantHunter,te_01081,partial,9.26,image/o1_004.tif,12.0,,1.132,0.828993,0.707932,0.824661,0.833371,0.828993,0.999366,0.999672,25802,5486,5159,16740769,30961,31288,13221888,0.002342,0.303617,0.313872,,,,,,,,,,,,,,ok
mitonet_scaled,mito,orgsegnet_plant,PlantHunter,te_01082,partial,9.26,image/o1_004.tif,12.0,,1.133,0.884806,0.79341,0.947557,0.82985,0.884806,0.999601,0.999915,25693,1422,5268,16744833,30961,27115,13230080,0.00234,0.622642,0.370801,,,,,,,,,,,,,,ok
mitonet_scaled,mito,orgsegnet_plant,PlantHunter,te_01085,partial,6.17,image/o1_009.tif,12.0,,0.522,0.208493,0.116378,1.0,0.116378,0.208493,0.993122,1.0,15199,0,115401,16646616,130600,15199,11309056,0.011548,0.323077,0.0,,,,,,,,,,,,,,ok
mitonet_scaled,mito,orgsegnet_plant,PlantHunter,te_01086,partial,6.17,image/o1_009.tif,12.0,,0.497,0.02007,0.010137,1.0,0.010137,0.02007,0.992457,1.0,1296,0,126555,16649365,127851,1296,10914233,0.011714,0.024242,0.0,,,,,,,,,,,,,,ok
mitonet_scaled,mito,orgsegnet_plant,PlantHunter,te_01087,partial,7.41,image/o3_004.tif,12.0,,0.617,0.755846,0.607518,0.788111,0.726119,0.755846,0.997382,0.998904,67988,18279,25644,16665305,93632,86267,13230080,0.007077,0.875,0.308787,,,,,,,,,,,,,,ok
mitonet_scaled,mito,orgsegnet_plant,PlantHunter,te_01088,partial,7.41,image/o3_004.tif,12.0,,0.505,0.751001,0.601283,0.797065,0.709971,0.751001,0.997373,0.998986,66476,16925,27156,16666659,93632,83401,13226850,0.007079,0.910714,0.346418,,,,,,,,,,,,,,ok
mitonet_scaled,mito,orgsegnet_plant,PlantHunter,te_01091,partial,5.29,image/o3_010.tif,12.0,,0.495,0.901042,0.819906,0.998688,0.82079,0.901042,0.999232,0.999995,58629,77,12801,16705709,71430,58706,13230080,0.005399,0.967391,0.206958,,,,,,,,,,,,,,ok
mitonet_scaled,mito,orgsegnet_plant,PlantHunter,te_01092,partial,5.29,image/o3_010.tif,12.0,,0.492,0.907036,0.829887,0.998436,0.830967,0.907036,0.999275,0.999994,59356,93,12074,16705693,71430,59449,12366900,0.005776,0.976662,0.1794,,,,,,,,,,,,,,ok
mitonet_scaled,mito,orgsegnet_plant,PlantHunter,te_01093,partial,5.29,image/o4_002.tif,12.0,,0.604,0.937557,0.882454,0.98867,0.891469,0.937557,0.999505,0.999957,62393,715,7596,16706512,69989,63108,13230080,0.00529,0.853635,0.451079,,,,,,,,,,,,,,ok
mitonet_scaled,mito,orgsegnet_plant,PlantHunter,te_01094,partial,5.29,image/o4_002.tif,12.0,,0.505,0.935002,0.877937,0.96419,0.907528,0.935002,0.999474,0.999859,63517,2359,6472,16704868,69989,65876,13230080,0.00529,0.676692,0.480193,,,,,,,,,,,,,,ok
mitonet_scaled,mito,orgsegnet_plant,PlantHunter,te_01099,partial,7.41,image/o4_008.tif,12.0,,0.516,0.929412,0.868133,0.965465,0.895955,0.929412,0.999018,0.999767,108415,3878,12590,16652333,121005,112293,13230080,0.009146,0.873076,0.451224,,,,,,,,,,,,,,ok
mitonet_scaled,mito,orgsegnet_plant,PlantHunter,te_01100,partial,7.41,image/o4_008.tif,12.0,,0.525,0.893977,0.808281,0.880548,0.907822,0.893977,0.998447,0.999105,109851,14902,11154,16641309,121005,124753,13230080,0.009146,0.513441,0.55313,,,,,,,,,,,,,,ok
mitonet_scaled,mito,orgsegnet_plant,PlantHunter,te_01115,partial,14.81,image/p5_008.tif,12.0,,1.098,0.422711,0.267998,0.390683,0.460458,0.422711,0.998521,0.999155,9083,14166,10643,16743324,19726,23249,7205900,0.002737,0.564417,0.113281,,,,,,,,,,,,,,ok
mitonet_scaled,mito,orgsegnet_plant,PlantHunter,te_01116,partial,14.81,image/p5_008.tif,12.0,,1.141,0.418987,0.265012,0.390171,0.452398,0.418987,0.998525,0.999168,8924,13948,10802,16743542,19726,22872,7205900,0.002737,0.60643,0.109375,,,,,,,,,,,,,,ok
mitonet_scaled,mito,orgsegnet_plant,PlantHunter,te_01119,partial,4.63,image/wh5_007.tif,12.0,,0.501,0.0,0.0,nan,0.0,0.0,0.996491,1.0,0,0,58872,16718344,58872,0,9121520,0.006454,0.0,0.0,,,,,,,,,,,,,,ok
mitonet_scaled,mito,orgsegnet_plant,PlantHunter,te_01120,partial,4.63,image/wh5_007.tif,12.0,,0.486,0.0,0.0,nan,0.0,0.0,0.996491,1.0,0,0,58872,16718344,58872,0,11379290,0.005174,0.0,0.0,,,,,,,,,,,,,,ok
mitonet_scaled,mito,orgsegnet_plant,PlantHunter,te_01121,partial,4.63,image/xc0_001.tif,12.0,,0.551,0.644067,0.474999,0.883912,0.506603,0.644067,0.997298,0.999677,41010,5386,39941,16690879,80951,46396,13225984,0.006121,0.580191,0.650222,,,,,,,,,,,,,,ok
mitonet_scaled,mito,orgsegnet_plant,PlantHunter,te_01122,partial,4.63,image/xc0_001.tif,12.0,,0.511,0.399672,0.249744,0.849652,0.261291,0.399672,0.997511,0.999853,13902,2460,39303,16721551,53205,16362,13205504,0.004029,0.431373,0.445021,,,,,,,,,,,,,,ok
mitonet_scaled,mito,orgsegnet_plant,PlantHunter,te_01133,partial,2.47,image/z002.tif,12.0,,0.367,0.0,0.0,nan,0.0,0.0,0.968289,1.0,0,0,532017,16245199,532017,0,677144,0.785678,0.0,0.0,,,,,,,,,,,,,,ok
mitonet_scaled,mito,orgsegnet_plant,PlantHunter,te_01134,partial,2.47,image/z002.tif,12.0,,0.351,0.0,0.0,nan,0.0,0.0,0.968289,1.0,0,0,532017,16245199,532017,0,677144,0.785678,0.0,0.0,,,,,,,,,,,,,,ok
mitonet_scaled,mito,orgsegnet_plant,PlantHunter,te_01135,partial,3.09,image/z003.tif,12.0,,0.416,0.16717,0.091209,0.92784,0.09186,0.16717,0.900757,0.999131,167105,12996,1652018,14945097,1819123,180101,5202589,0.349657,0.239474,0.0,,,,,,,,,,,,,,ok
mitonet_scaled,mito,orgsegnet_plant,PlantHunter,te_01136,partial,3.09,image/z003.tif,12.0,,0.442,0.172505,0.094394,0.890795,0.095499,0.172505,0.908687,0.998704,159683,19576,1512405,15085552,1672088,179259,4674373,0.357714,0.241207,0.0,,,,,,,,,,,,,,ok
mitonet_scaled,mito,orgsegnet_plant,PlantHunter,te_01139,partial,3.09,image/z005.tif,12.0,,0.402,0.0,0.0,nan,0.0,0.0,0.935392,1.0,0,0,1083936,15693280,1083936,0,6810730,0.159151,0.0,0.0,,,,,,,,,,,,,,ok
mitonet_scaled,mito,orgsegnet_plant,PlantHunter,te_01140,partial,3.09,image/z005.tif,12.0,,0.362,0.0,0.0,nan,0.0,0.0,0.935392,1.0,0,0,1083936,15693280,1083936,0,6810730,0.159151,0.0,0.0,,,,,,,,,,,,,,ok
mitonet_scaled,mito,orgsegnet_plant,PlantHunter,te_01163,partial,14.81,image/z028.tif,12.0,,1.09,0.568424,0.397062,0.925682,0.410136,0.568424,0.997392,0.999862,28810,2313,41435,16704658,70245,31123,5321472,0.0132,0.719832,0.243251,,,,,,,,,,,,,,ok
mitonet_scaled,mito,orgsegnet_plant,PlantHunter,te_01164,partial,14.81,image/z028.tif,12.0,,1.156,0.598209,0.426746,0.928899,0.441156,0.598209,0.997519,0.999858,30989,2372,39256,16704599,70245,33361,6125184,0.011468,0.715824,0.22374,,,,,,,,,,,,,,ok
mitonet_scaled,mito,orgsegnet_plant,PlantHunter,te_01195,partial,14.81,image/z046.tif,12.0,,1.183,0.319531,0.190144,0.343999,0.298313,0.319531,0.996588,0.998468,13439,25628,31611,16706538,45050,39067,13217792,0.003408,0.305782,0.113537,,,,,,,,,,,,,,ok
mitonet_scaled,mito,orgsegnet_plant,PlantHunter,te_01196,partial,14.81,image/z046.tif,12.0,,1.162,0.334486,0.20083,0.387621,0.294162,0.334486,0.996857,0.998749,13252,20936,31798,16711230,45050,34188,13222755,0.003407,0.311881,0.119382,,,,,,,,,,,,,,ok
mitonet_scaled,mito,orgsegnet_plant,PlantHunter,te_01199,partial,18.51,image/z052.tif,12.0,,1.183,0.534709,0.364916,0.505959,0.566923,0.534709,0.998868,0.999364,10911,10654,8335,16747316,19246,21565,13225984,0.001455,0.407767,0.486753,,,,,,,,,,,,,,ok
mitonet_scaled,mito,orgsegnet_plant,PlantHunter,te_01200,partial,18.51,image/z052.tif,12.0,,1.159,0.524624,0.355587,0.490378,0.564013,0.524624,0.998827,0.999327,10855,11281,8391,16746689,19246,22136,13197312,0.001458,0.411541,0.453613,,,,,,,,,,,,,,ok
mitonet_scaled,mito,orgsegnet_plant,PlantHunter,te_01211,partial,4.63,image/z061.tif,12.0,,0.512,0.0,0.0,0.0,0.0,0.0,0.987683,0.998006,0,33101,173551,16570564,173551,33101,9740288,0.017818,0.0,0.0,,,,,,,,,,,,,,ok
mitonet_scaled,mito,orgsegnet_plant,PlantHunter,te_01212,partial,4.63,image/z061.tif,12.0,,0.472,0.0,0.0,nan,0.0,0.0,0.988702,1.0,0,0,189543,16587673,189543,0,9512000,0.019927,0.0,0.0,,,,,,,,,,,,,,ok
mitonet_scaled,mito,orgsegnet_plant,PlantHunter,te_01219,partial,5.29,image/z065.tif,12.0,,0.511,0.19728,0.109434,1.0,0.109434,0.19728,0.991969,1.0,16556,0,134731,16625929,151287,16556,11206656,0.0135,0.200849,0.003916,,,,,,,,,,,,,,ok
mitonet_scaled,mito,orgsegnet_plant,PlantHunter,te_01255,partial,18.51,image/z084.tif,12.0,,1.103,0.142516,0.076725,0.984398,0.076819,0.142516,0.998054,0.999997,2713,43,32604,16741856,35317,2756,11424322,0.003091,0.180328,0.147817,,,,,,,,,,,,,,ok
mitonet_scaled,mito,orgsegnet_plant,PlantHunter,te_01256,partial,18.51,image/z084.tif,12.0,,1.101,0.101463,0.053443,0.999605,0.053444,0.101463,0.997328,1.0,2531,1,44827,16729857,47358,2532,11105874,0.004264,0.141176,0.032622,,,,,,,,,,,,,,ok
mitonet_scaled,mito,orgsegnet_plant,PlantHunter,te_01273,partial,5.29,image/z093.tif,12.0,,0.494,0.0,0.0,0.0,0.0,0.0,0.983359,0.999609,0,6449,272735,16498032,272735,6449,13221888,0.020628,0.0,0.0,,,,,,,,,,,,,,ok
mitonet_scaled,mito,orgsegnet_plant,PlantHunter,te_01274,partial,5.29,image/z093.tif,12.0,,0.526,0.0,0.0,0.0,0.0,0.0,0.986926,0.999693,0,5082,214266,16557868,214266,5082,13215432,0.016213,0.0,0.0,,,,,,,,,,,,,,ok
mitonet_scaled,mito,orgsegnet_plant,PlantHunter,te_01281,partial,5.29,image/z097.tif,12.0,,0.493,0.086254,0.045071,0.94095,0.045199,0.086254,0.967923,0.999902,25400,1594,536565,16213657,561965,26994,13033472,0.043117,0.0,0.103654,,,,,,,,,,,,,,ok
mitonet_scaled,mito,orgsegnet_plant,PlantHunter,te_01282,partial,5.29,image/z097.tif,12.0,,0.517,0.188656,0.104153,0.97571,0.104424,0.188656,0.969398,0.999908,59691,1486,511933,16204106,571624,61177,13027108,0.04388,0.019802,0.12419,,,,,,,,,,,,,,ok
mitonet_scaled,mito,orgsegnet_plant,PlantHunter,te_01285,partial,14.81,image/z099.tif,12.0,,1.107,0.336449,0.202248,0.701843,0.221258,0.336449,0.997081,0.999685,12417,5275,43703,16715821,56120,17692,10134465,0.005538,0.359311,0.274227,,,,,,,,,,,,,,ok
mitonet_scaled,mito,orgsegnet_plant,PlantHunter,te_01286,partial,14.81,image/z099.tif,12.0,,1.118,0.379301,0.234035,0.866695,0.242774,0.379301,0.995224,0.999774,24485,3766,76370,16672595,100855,28251,10726320,0.009403,0.484732,0.386646,,,,,,,,,,,,,,ok
mitonet_scaled,mito,orgsegnet_plant,PlantHunter,te_01305,partial,5.29,image/z171.tif,12.0,,0.502,0.001936,0.000969,1.0,0.000969,0.001936,0.977144,1.0,372,0,383461,16393383,383833,372,13204884,0.029068,0.0,0.006353,,,,,,,,,,,,,,ok
mitonet_scaled,mito,orgsegnet_plant,PlantHunter,te_01306,partial,5.29,image/z171.tif,12.0,,0.468,0.0,0.0,nan,0.0,0.0,0.977122,1.0,0,0,383833,16393383,383833,0,13208111,0.02906,0.0,0.0,,,,,,,,,,,,,,ok
mitonet_scaled,mito,orgsegnet_plant,PlantHunter,te_01307,partial,5.29,image/z172.tif,12.0,,0.516,0.166532,0.090829,0.773096,0.093316,0.166532,0.990793,0.999727,15431,4529,149931,16607325,165362,19960,10555640,0.015666,0.079199,0.0,,,,,,,,,,,,,,ok
mitonet_scaled,mito,orgsegnet_plant,PlantHunter,te_01308,partial,5.29,image/z172.tif,12.0,,0.513,0.153261,0.08299,0.850858,0.084215,0.153261,0.990828,0.999853,13926,2441,151436,16609413,165362,16367,13199056,0.012528,0.079852,0.0,,,,,,,,,,,,,,ok
mitonet_scaled,mito,orgsegnet_plant,PlantHunter,te_01331,partial,14.81,image/z184.tif,12.0,,1.196,0.719807,0.562265,0.750236,0.69175,0.719807,0.997203,0.998797,60286,20070,26864,16669996,87150,80356,13225984,0.006589,0.680543,0.610563,,,,,,,,,,,,,,ok
mitonet_scaled,mito,orgsegnet_plant,PlantHunter,te_01332,partial,14.81,image/z184.tif,12.0,,1.233,0.713738,0.554893,0.744596,0.685336,0.713738,0.997144,0.998773,59727,20487,27423,16669579,87150,80214,13223620,0.00659,0.630489,0.589899,,,,,,,,,,,,,,ok
mitonet_scaled,mito,orgsegnet_plant,PlantHunter,te_01359,partial,14.81,image/z198.tif,12.0,,1.156,0.07899,0.041119,0.384993,0.04401,0.07899,0.983312,0.998838,12006,19179,260795,16485236,272801,31185,12826330,0.021269,0.105928,0.110712,,,,,,,,,,,,,,ok
mitonet_scaled,mito,orgsegnet_plant,PlantHunter,te_01360,partial,14.81,image/z198.tif,12.0,,1.118,0.131004,0.070093,0.548762,0.07438,0.131004,0.992044,0.999503,10061,8273,125203,16633679,135264,18334,10519642,0.012858,0.216247,0.157449,,,,,,,,,,,,,,ok
mitonet_scaled,mito,orgsegnet_plant,PlantHunter,te_01367,partial,3.7,image/z202.tif,12.0,,0.358,0.0,0.0,nan,0.0,0.0,0.936453,1.0,0,0,1066142,15711074,1066142,0,10526720,0.10128,0.0,0.0,,,,,,,,,,,,,,ok
mitonet_scaled,mito,orgsegnet_plant,PlantHunter,te_01368,partial,3.7,image/z202.tif,12.0,,0.327,0.0,0.0,nan,0.0,0.0,0.936684,1.0,0,0,1062258,15714958,1062258,0,9963890,0.106611,0.0,0.0,,,,,,,,,,,,,,ok
mitonet_scaled,mito,orgsegnet_plant,PlantHunter,te_01391,partial,4.63,image/z214.tif,12.0,,0.573,0.546257,0.375759,0.99734,0.376136,0.546257,0.99677,0.999995,32617,87,54099,16690413,86716,32704,13230080,0.006554,0.088889,0.244999,,,,,,,,,,,,,,ok
mitonet_scaled,mito,orgsegnet_plant,PlantHunter,te_01392,partial,4.63,image/z214.tif,12.0,,0.512,0.569543,0.398154,0.999268,0.39827,0.569543,0.994955,0.999998,56000,41,84608,16636567,140608,56041,13192608,0.010658,0.439024,0.311148,,,,,,,,,,,,,,ok
mitonet_scaled,mito,orgsegnet_plant,PlantHunter,te_01393,partial,5.29,image/z215.tif,12.0,,0.515,0.342055,0.206312,0.985659,0.206933,0.342055,0.985785,0.999945,61995,902,237594,16476725,299589,62897,12077672,0.024805,0.520951,0.048112,,,,,,,,,,,,,,ok
mitonet_scaled,mito,orgsegnet_plant,PlantHunter,te_01394,partial,5.29,image/z215.tif,12.0,,0.503,0.412071,0.259502,0.980184,0.260871,0.412071,0.986707,0.999904,78154,1580,221435,16476047,299589,79734,12703184,0.023584,0.553191,0.057243,,,,,,,,,,,,,,ok
mitonet_scaled,mito,orgsegnet_plant,PlantHunter,te_01395,partial,14.81,image/z216.tif,12.0,,1.168,0.0,0.0,0.0,0.0,0.0,0.994859,0.999154,0,14129,72131,16690956,72131,14129,13222755,0.005455,0.0,0.0,,,,,,,,,,,,,,ok
mitonet_scaled,mito,orgsegnet_plant,PlantHunter,te_01396,partial,14.81,image/z216.tif,12.0,,1.169,0.0,0.0,0.0,0.0,0.0,0.99451,0.998804,0,19973,72131,16685112,72131,19973,13222755,0.005455,0.0,0.0,,,,,,,,,,,,,,ok
mitonet_scaled,mito,orgsegnet_plant,PlantHunter,te_01431,partial,2.47,image/z234.tif,12.0,,0.338,0.0,0.0,nan,0.0,0.0,0.990847,1.0,0,0,153562,16623654,153562,0,13220390,0.011616,0.0,0.0,,,,,,,,,,,,,,ok
mitonet_scaled,mito,orgsegnet_plant,PlantHunter,te_01432,partial,2.47,image/z234.tif,12.0,,0.395,0.0,0.0,nan,0.0,0.0,0.990847,1.0,0,0,153562,16623654,153562,0,12829560,0.011969,0.0,0.0,,,,,,,,,,,,,,ok
mitonet_scaled,mito,orgsegnet_plant,PlantHunter,te_01439,partial,6.17,image/z238.tif,12.0,,0.52,0.378721,0.233594,0.853218,0.243374,0.378721,0.984567,0.999175,78915,13576,245339,16439386,324254,92491,13208111,0.02455,0.389594,0.107737,,,,,,,,,,,,,,ok
mitonet_scaled,mito,orgsegnet_plant,PlantHunter,te_01440,partial,6.17,image/z238.tif,12.0,,0.519,0.469734,0.306962,0.982839,0.308616,0.469734,0.989349,0.999916,79149,1382,177315,16519370,256464,80531,13204884,0.019422,0.475728,0.204436,,,,,,,,,,,,,,ok
mitonet_scaled,mito,orgsegnet_plant,PlantHunter,te_01461,partial,4.63,image/z249.tif,12.0,,0.495,0.746911,0.596056,0.935429,0.621633,0.746911,0.994966,0.999481,124615,8602,75849,16568150,200464,133217,9532597,0.021029,0.761178,0.247972,,,,,,,,,,,,,,ok
mitonet_scaled,mito,orgsegnet_plant,PlantHunter,te_01462,partial,4.63,image/z249.tif,12.0,,0.514,0.589137,0.417572,0.96143,0.424686,0.589137,0.99323,0.999803,81437,3267,110321,16582191,191758,84704,9539584,0.020101,0.633663,0.241451,,,,,,,,,,,,,,ok
mitonet_scaled,mito,orgsegnet_plant,PlantHunter,te_01475,partial,4.63,image/z256.tif,12.0,,0.518,0.486199,0.321177,1.0,0.321177,0.486199,0.986573,1.0,106584,0,225270,16445362,331854,106584,13190250,0.025159,0.812352,0.064687,,,,,,,,,,,,,,ok
mitonet_scaled,mito,orgsegnet_plant,PlantHunter,te_01476,partial,4.63,image/z256.tif,12.0,,0.516,0.476448,0.312722,1.0,0.312722,0.476448,0.986406,1.0,103778,0,228076,16445362,331854,103778,13217792,0.025107,0.800959,0.051269,,,,,,,,,,,,,,ok
mitonet_scaled,mito,orgsegnet_plant,PlantHunter,te_01503,partial,2.47,image/z600.tif,12.0,,0.448,0.768012,0.623393,0.80554,0.733825,0.768012,0.976421,0.990049,654818,158075,237517,15726806,892335,812893,13230080,0.067447,0.793289,0.530708,,,,,,,,,,,,,,ok
mitonet_scaled,mito,orgsegnet_plant,PlantHunter,te_01504,partial,2.47,image/z600.tif,12.0,,0.446,0.803563,0.67163,0.808252,0.798928,0.803563,0.982854,0.991298,588355,139580,148076,15901205,736431,727935,12748810,0.057765,0.862101,0.569233,,,,,,,,,,,,,,ok
mitonet_scaled,mito,orgsegnet_plant,PlantHunter,te_01519,partial,2.47,image/z608.tif,12.0,,0.485,0.718536,0.560715,0.943691,0.580124,0.718536,0.973487,0.997856,567762,33878,410928,15764648,978690,601640,8915595,0.109773,0.726365,0.462446,,,,,,,,,,,,,,ok
mitonet_scaled,mito,orgsegnet_plant,PlantHunter,te_01520,partial,2.47,image/z608.tif,12.0,,0.448,0.668127,0.501645,0.937283,0.519068,0.668127,0.97394,0.998151,440106,29449,407771,15899890,847877,469555,9894105,0.085695,0.654937,0.408835,,,,,,,,,,,,,,ok
