model,organelle,dataset,dataset_label,crop_id,coverage,voxel_nm,source_image,infer_s,dice,iou,precision,recall,f1,accuracy,specificity,tp,fp,fn,tn,gt_area,pred_area,eval_area,gt_frac,cldice,boundary_f1,status,inst_n_pred,inst_n_gt,inst_precision@0.5,inst_recall@0.5,inst_f1@0.5,inst_ap@0.5,inst_precision@0.75,inst_recall@0.75,inst_f1@0.75,inst_ap@0.75,inst_pq,inst_sq,inst_rq
nucleonet,nucleus,orgsegnet_plant,PlantHunter,te_00210,partial,7.41,image/A_165.tif,12.474,0.658246,0.490587,0.497884,0.970991,0.658246,0.867556,0.851914,2139928,2158117,63932,12415239,2203860,4298045,13223620,0.166661,0.240462,0.04935,ok,,,,,,,,,,,,,
nucleonet,nucleus,orgsegnet_plant,PlantHunter,te_00211,partial,7.41,image/A_165.tif,16.135,0.589812,0.418251,0.423299,0.972278,0.589812,0.85152,0.836627,1790968,2440009,51065,12495174,1842033,4230977,13210700,0.139435,0.235949,0.06574,ok,,,,,,,,,,,,,
nucleonet,nucleus,orgsegnet_plant,PlantHunter,te_00294,partial,3.7,image/A_207.tif,22.447,0.241124,0.13709,0.141176,0.825685,0.241124,0.765554,0.762713,624890,3801430,131924,12218972,756814,4426320,13230080,0.057204,0.098152,0.074901,ok,,,,,,,,,,,,,
nucleonet,nucleus,orgsegnet_plant,PlantHunter,te_00295,partial,3.7,image/A_207.tif,23.315,0.24281,0.138181,0.142501,0.82006,0.24281,0.769281,0.766882,620633,3734646,136181,12285756,756814,4355279,12202940,0.062019,0.096233,0.078742,ok,,,,,,,,,,,,,
nucleonet,nucleus,orgsegnet_plant,PlantHunter,te_00309,partial,5.29,image/A_214.tif,4.872,0.473915,0.310543,0.50535,0.446161,0.473915,0.968179,0.985505,240464,235373,298498,16002881,538962,475837,13223620,0.040758,0.471781,0.135737,ok,,,,,,,,,,,,,
nucleonet,nucleus,orgsegnet_plant,PlantHunter,te_00326,partial,12.34,image/A_223.tif,8.865,0.386863,0.239821,0.25742,0.778159,0.386863,0.898052,0.903221,539594,1556567,153830,14527225,693424,2096161,13230080,0.052413,0.20696,0.013645,ok,,,,,,,,,,,,,
nucleonet,nucleus,orgsegnet_plant,PlantHunter,te_00327,partial,12.34,image/A_223.tif,7.638,0.452999,0.292824,0.325334,0.74557,0.452999,0.92558,0.933341,516996,1072130,176428,15011662,693424,1589126,13226850,0.052425,0.273122,0.0188,ok,,,,,,,,,,,,,
nucleonet,nucleus,orgsegnet_plant,PlantHunter,te_00346,partial,14.81,image/A_233.tif,2.296,0.347539,0.210316,0.217701,0.8611,0.347539,0.972996,0.973939,120659,433582,19463,16203512,140122,554241,13230080,0.010591,0.165049,0.047506,ok,,,,,,,,,,,,,
nucleonet,nucleus,orgsegnet_plant,PlantHunter,te_00347,partial,14.81,image/A_233.tif,2.49,0.370505,0.227374,0.235534,0.86778,0.370505,0.975372,0.976278,121595,394657,18527,16242437,140122,516252,13230080,0.010591,0.163774,0.051124,ok,,,,,,,,,,,,,
nucleonet,nucleus,orgsegnet_plant,PlantHunter,te_00356,partial,24.68,image/A_238.tif,1.27,0.671122,0.505029,0.576643,0.802627,0.671122,0.991412,0.993496,147010,107931,36151,16486124,183161,254941,13226850,0.013848,0.468314,0.085615,ok,,,,,,,,,,,,,
nucleonet,nucleus,orgsegnet_plant,PlantHunter,te_00357,partial,24.68,image/A_238.tif,1.445,0.720198,0.562742,0.651917,0.804456,0.720198,0.993176,0.995259,147345,78673,35816,16515382,183161,226018,13230080,0.013844,0.437782,0.087508,ok,,,,,,,,,,,,,
nucleonet,nucleus,orgsegnet_plant,PlantHunter,te_00396,partial,4.63,image/A_258.tif,4.095,0.174242,0.095435,0.168379,0.180527,0.174242,0.936601,0.965693,112221,554256,509408,15601331,621629,666477,13230080,0.046986,0.338305,0.0074,ok,,,,,,,,,,,,,
nucleonet,nucleus,orgsegnet_plant,PlantHunter,te_00397,partial,4.63,image/A_258.tif,5.777,0.222371,0.125094,0.340661,0.165057,0.222371,0.878418,0.962394,291651,564482,1475322,14445761,1766973,856133,13217160,0.133688,0.329122,0.007706,ok,,,,,,,,,,,,,
nucleonet,nucleus,orgsegnet_plant,PlantHunter,te_00564,partial,18.51,image/C076.tif,2.166,0.944774,0.895328,0.952518,0.937154,0.944774,0.995649,0.998068,624469,31129,41877,16079741,666346,655598,13230080,0.050366,0.900166,0.509145,ok,,,,,,,,,,,,,
nucleonet,nucleus,orgsegnet_plant,PlantHunter,te_00565,partial,18.51,image/C076.tif,3.562,0.977881,0.956719,0.990563,0.965519,0.977881,0.994151,0.998578,2169198,20666,77467,14509885,2246665,2189864,13230080,0.169815,0.938491,0.533442,ok,,,,,,,,,,,,,
nucleonet,nucleus,orgsegnet_plant,PlantHunter,te_00630,partial,12.34,image/C171.tif,6.269,0.53811,0.368092,0.409876,0.783117,0.53811,0.928661,0.936817,697183,1003778,193084,14883171,890267,1700961,13225984,0.067312,0.455871,0.011259,ok,,,,,,,,,,,,,
nucleonet,nucleus,orgsegnet_plant,PlantHunter,te_00631,partial,12.34,image/C171.tif,6.24,0.556241,0.385272,0.432744,0.778374,0.556241,0.934097,0.942824,692961,908359,197306,14978590,890267,1601320,13226850,0.067308,0.459614,0.008266,ok,,,,,,,,,,,,,
nucleonet,nucleus,orgsegnet_plant,PlantHunter,te_00646,partial,3.7,image/C179.tif,38.72,0.549061,0.378418,0.38297,0.969548,0.549061,0.66032,0.576482,3469471,5589919,108969,7608857,3578440,9059390,10821632,0.330675,0.192462,0.152565,ok,,,,,,,,,,,,,
nucleonet,nucleus,orgsegnet_plant,PlantHunter,te_00647,partial,3.7,image/C179.tif,39.329,0.483938,0.319207,0.323771,0.95771,0.483938,0.657742,0.597362,2692347,5623241,118888,8342740,2811235,8315588,11725216,0.23976,0.150144,0.12873,ok,,,,,,,,,,,,,
nucleonet,nucleus,orgsegnet_plant,PlantHunter,te_00662,partial,14.81,image/C187.tif,3.212,0.541128,0.370923,0.378274,0.950216,0.541128,0.951891,0.951943,475910,782200,24934,15494172,500844,1258110,13230080,0.037856,0.090959,0.094665,ok,,,,,,,,,,,,,
nucleonet,nucleus,orgsegnet_plant,PlantHunter,te_00663,partial,14.81,image/C187.tif,4.211,0.453587,0.293315,0.297644,0.95276,0.453587,0.931474,0.930819,477184,1126020,23660,15150352,500844,1603204,13226850,0.037866,0.074294,0.087523,ok,,,,,,,,,,,,,
nucleonet,nucleus,orgsegnet_plant,PlantHunter,te_00686,partial,3.09,image/C199.tif,55.859,0.099672,0.05245,0.05245,0.99983,0.099672,0.286092,0.256722,662984,11977270,113,4136849,663097,12640254,13223620,0.050145,0.012466,0.125217,ok,,,,,,,,,,,,,
nucleonet,nucleus,orgsegnet_plant,PlantHunter,te_00687,partial,3.09,image/C199.tif,60.427,0.099385,0.052291,0.052291,0.999812,0.099385,0.274764,0.244536,671350,12167312,126,3938428,671476,12838662,13223620,0.050779,0.013554,0.144308,ok,,,,,,,,,,,,,
nucleonet,nucleus,orgsegnet_plant,PlantHunter,te_00696,partial,5.29,image/C204.tif,3.991,0.0,0.0,0.0,0.0,0.0,0.925022,0.935317,0,1073257,184661,15519298,184661,1073257,13230080,0.013958,0.0,0.0,ok,,,,,,,,,,,,,
nucleonet,nucleus,orgsegnet_plant,PlantHunter,te_00697,partial,5.29,image/C204.tif,5.423,0.146873,0.079257,0.168949,0.129899,0.146873,0.857951,0.933604,205142,1009082,1374099,14188893,1579241,1214224,13223620,0.119426,0.177788,0.021642,ok,,,,,,,,,,,,,
nucleonet,nucleus,orgsegnet_plant,PlantHunter,te_00768,partial,5.29,image/C240.tif,19.825,0.856789,0.749458,0.880549,0.834277,0.856789,0.952591,0.976822,2379294,322765,472628,13602529,2851922,2702059,11898351,0.239691,0.808748,0.044391,ok,,,,,,,,,,,,,
nucleonet,nucleus,orgsegnet_plant,PlantHunter,te_00769,partial,5.29,image/C240.tif,9.612,0.775844,0.633779,0.858799,0.707504,0.775844,0.960614,0.987599,1143543,188017,472764,14972892,1616307,1331560,11863467,0.136242,0.826924,0.069448,ok,,,,,,,,,,,,,
nucleonet,nucleus,orgsegnet_plant,PlantHunter,te_00772,partial,18.51,image/C242.tif,2.124,0.452659,0.29254,0.308252,0.851614,0.452659,0.952889,0.95526,326835,733449,56948,15659984,383783,1060284,13230080,0.029008,0.196311,0.061612,ok,,,,,,,,,,,,,
nucleonet,nucleus,orgsegnet_plant,PlantHunter,te_00773,partial,18.51,image/C242.tif,1.949,0.521742,0.352944,0.375537,0.854363,0.521742,0.96417,0.966741,327890,545232,55893,15848201,383783,873122,13226850,0.029015,0.243229,0.06513,ok,,,,,,,,,,,,,
nucleonet,nucleus,orgsegnet_plant,PlantHunter,te_00852,sparse,,image/Figure 4_Original_009.tif,0.245,0.934515,0.877079,0.923705,0.94558,0.934515,0.9991,0.999466,107729,8898,6200,16654389,113929,116627,1046529,0.108864,0.77548,0.326761,ok,,,,,,,,,,,,,
nucleonet,nucleus,orgsegnet_plant,PlantHunter,te_00913,partial,4.63,image/L1_014.tif,66.267,0.27068,0.156524,0.158654,0.920984,0.27068,0.707849,0.694517,909568,4823450,78037,10966161,987605,5733018,5999753,0.164608,0.381369,0.255724,ok,,,,,,,,,,,,,
nucleonet,nucleus,orgsegnet_plant,PlantHunter,te_00914,partial,4.63,image/L1_014.tif,57.184,0.326886,0.195376,0.197892,0.938895,0.326886,0.793659,0.785472,840586,3407115,54707,12474808,895293,4247701,4477352,0.19996,0.420576,0.282539,ok,,,,,,,,,,,,,
nucleonet,nucleus,orgsegnet_plant,PlantHunter,te_00955,partial,3.7,image/L8_002.tif,24.919,0.407765,0.256096,0.256262,0.99748,0.407765,0.59803,0.533687,2321663,6738071,5865,7711617,2327528,9059734,9090270,0.256046,0.265988,0.36773,ok,,,,,,,,,,,,,
nucleonet,nucleus,orgsegnet_plant,PlantHunter,te_00956,partial,3.7,image/L8_002.tif,37.365,0.377898,0.232968,0.233162,0.996451,0.377898,0.67521,0.639913,1655031,5443175,5894,9673116,1660925,7098206,7145118,0.232456,0.217808,0.329596,ok,,,,,,,,,,,,,
nucleonet,nucleus,orgsegnet_plant,PlantHunter,te_00964,sparse,7.41,image/M4HD-5000X-0002.tif,2.357,0.917444,0.847479,0.931746,0.903573,0.917444,0.999298,0.999713,65444,4794,6984,16699994,72428,70238,621693,0.116501,0.874881,0.217931,ok,,,,,,,,,,,,,
nucleonet,nucleus,orgsegnet_plant,PlantHunter,te_00970,sparse,,image/Protoplasma_Original_131.tif,0.087,0.349533,0.211778,0.881229,0.218001,0.349533,0.999714,0.99999,1291,174,4631,16771120,5922,1465,696192,0.008506,0.0,0.114747,ok,,,,,,,,,,,,,
nucleonet,nucleus,orgsegnet_plant,PlantHunter,te_00972,sparse,7.41,image/S2-5000X-0007.tif,0.086,0.923119,0.857215,0.932168,0.914244,0.923119,0.999682,0.999861,32047,2332,3006,16739831,35053,34379,578445,0.060599,0.910501,0.22934,ok,,,,,,,,,,,,,
nucleonet,nucleus,orgsegnet_plant,PlantHunter,te_00973,sparse,7.41,image/S2H-5000X-0003.tif,2.271,0.918203,0.848775,0.996131,0.851583,0.918203,0.999166,0.999982,78527,305,13686,16684698,92213,78832,965472,0.095511,0.939597,0.57518,ok,,,,,,,,,,,,,
nucleonet,nucleus,orgsegnet_plant,PlantHunter,te_00974,sparse,7.41,image/S2H-5000X-0004.tif,0.076,0.94339,0.892846,0.987127,0.903365,0.94339,0.999637,0.99996,50686,661,5422,16720447,56108,51347,526824,0.106502,0.971681,0.195515,ok,,,,,,,,,,,,,
nucleonet,nucleus,orgsegnet_plant,PlantHunter,te_01015,partial,14.81,image/g-l_004.tif,1.48,0.904489,0.825631,0.854745,0.96038,0.904489,0.991558,0.992912,670638,113968,27667,15964943,698305,784606,13230080,0.052782,0.725515,0.186415,ok,,,,,,,,,,,,,
nucleonet,nucleus,orgsegnet_plant,PlantHunter,te_01016,partial,14.81,image/g-l_004.tif,2.079,0.851441,0.741313,0.768367,0.954656,0.851441,0.986134,0.987501,666641,200966,31664,15877945,698305,867607,13226850,0.052795,0.494799,0.181047,ok,,,,,,,,,,,,,
nucleonet,nucleus,orgsegnet_plant,PlantHunter,te_01055,partial,14.81,image/n-l_001.tif,2.588,0.633214,0.463287,0.476783,0.94242,0.633214,0.954329,0.954849,661400,725815,40410,15349591,701810,1387215,13230080,0.053047,0.369156,0.259236,ok,,,,,,,,,,,,,
nucleonet,nucleus,orgsegnet_plant,PlantHunter,te_01056,partial,14.81,image/n-l_001.tif,2.19,0.645025,0.476041,0.491113,0.939438,0.645025,0.956747,0.957502,659307,683168,42503,15392238,701810,1342475,13217160,0.053098,0.426294,0.253935,ok,,,,,,,,,,,,,
nucleonet,nucleus,orgsegnet_plant,PlantHunter,te_01073,partial,5.29,image/n-o_007.tif,45.017,0.371943,0.228458,0.228497,0.999266,0.371943,0.779292,0.763899,1096442,3702062,805,11977907,1097247,4798504,8385024,0.130858,0.085402,0.091423,ok,,,,,,,,,,,,,
nucleonet,nucleus,orgsegnet_plant,PlantHunter,te_01074,partial,5.29,image/n-o_007.tif,41.891,0.451903,0.291908,0.292051,0.998329,0.451903,0.666288,0.61322,2308067,5594889,3863,8870397,2311930,7902956,10194944,0.226772,0.135043,0.095676,ok,,,,,,,,,,,,,
nucleonet,nucleus,orgsegnet_plant,PlantHunter,te_01107,partial,12.34,image/p3_004.tif,7.274,0.577476,0.405952,0.456859,0.784629,0.577476,0.937465,0.946268,716966,852371,196798,15011081,913764,1569337,13230080,0.069067,0.520059,0.02806,ok,,,,,,,,,,,,,
nucleonet,nucleus,orgsegnet_plant,PlantHunter,te_01108,partial,12.34,image/p3_004.tif,7.686,0.56696,0.395634,0.45578,0.749881,0.56696,0.93761,0.948424,685214,818175,228550,15045277,913764,1503389,11344212,0.080549,0.535924,0.028101,ok,,,,,,,,,,,,,
nucleonet,nucleus,orgsegnet_plant,PlantHunter,te_01121,partial,,image/xc0_001.tif,8.766,0.421479,0.267009,0.272041,0.935203,0.421479,0.916586,0.915961,509782,1364131,35321,14867982,545103,1873913,13225984,0.041215,0.142911,0.115442,ok,,,,,,,,,,,,,
nucleonet,nucleus,orgsegnet_plant,PlantHunter,te_01122,partial,,image/xc0_001.tif,4.632,0.48995,0.324459,0.331519,0.938412,0.48995,0.959141,0.959584,329240,663887,21608,15762481,350848,993127,13205504,0.026568,0.156541,0.10496,ok,,,,,,,,,,,,,
nucleonet,nucleus,orgsegnet_plant,PlantHunter,te_01195,partial,14.81,image/z046.tif,1.948,0.817085,0.690738,0.934193,0.726067,0.817085,0.977741,0.996241,834082,58755,314686,15569693,1148768,892837,13217792,0.086911,0.850209,0.084346,ok,,,,,,,,,,,,,
nucleonet,nucleus,orgsegnet_plant,PlantHunter,te_01196,partial,14.81,image/z046.tif,2.129,0.814466,0.687004,0.931445,0.723592,0.814466,0.977427,0.996085,831239,61180,317529,15567268,1148768,892419,13222755,0.086878,0.830664,0.06843,ok,,,,,,,,,,,,,
nucleonet,nucleus,orgsegnet_plant,PlantHunter,te_01199,partial,18.51,image/z052.tif,2.317,0.836705,0.719255,0.986361,0.72648,0.836705,0.993105,0.99975,296374,4098,111585,16365159,407959,300472,13225984,0.030845,0.882263,0.106886,ok,,,,,,,,,,,,,
nucleonet,nucleus,orgsegnet_plant,PlantHunter,te_01200,partial,18.51,image/z052.tif,2.39,0.845622,0.732534,0.982967,0.741952,0.845622,0.993413,0.99968,302686,5245,105273,16364012,407959,307931,13197312,0.030912,0.890368,0.130172,ok,,,,,,,,,,,,,
nucleonet,nucleus,orgsegnet_plant,PlantHunter,te_01285,partial,14.81,image/z099.tif,6.01,0.821193,0.69663,0.75978,0.893407,0.821193,0.978403,0.983399,832028,263063,99270,15582855,931298,1095091,10134465,0.091894,0.707575,0.164331,ok,,,,,,,,,,,,,
nucleonet,nucleus,orgsegnet_plant,PlantHunter,te_01286,partial,14.81,image/z099.tif,6.154,0.798509,0.664599,0.712152,0.908699,0.798509,0.974544,0.978414,846270,342057,85028,15503861,931298,1188327,10726320,0.086824,0.661402,0.160647,ok,,,,,,,,,,,,,
nucleonet,nucleus,orgsegnet_plant,PlantHunter,te_01359,partial,14.81,image/z198.tif,4.759,0.524429,0.355407,0.373983,0.877378,0.524429,0.969082,0.970899,286006,478750,39972,15972488,325978,764756,12826330,0.025415,0.324792,0.052207,ok,,,,,,,,,,,,,
nucleonet,nucleus,orgsegnet_plant,PlantHunter,te_01360,partial,14.81,image/z198.tif,4.183,0.581153,0.409595,0.435956,0.871366,0.581153,0.975596,0.977661,284046,367502,41932,16083736,325978,651548,10519642,0.030988,0.315191,0.068955,ok,,,,,,,,,,,,,
nucleonet,nucleus,orgsegnet_plant,PlantHunter,te_01367,partial,3.7,image/z202.tif,33.284,0.354386,0.215352,0.215727,0.991978,0.354386,0.8307,0.822775,779559,2834074,6304,13157279,785863,3613633,10526720,0.074654,0.125233,0.086568,ok,,,,,,,,,,,,,
nucleonet,nucleus,orgsegnet_plant,PlantHunter,te_01368,partial,3.7,image/z202.tif,9.407,0.020747,0.010482,0.010692,0.34877,0.020747,0.913599,0.915085,15356,1420891,28673,15312296,44029,1436247,9963890,0.004419,0.045746,0.017048,ok,,,,,,,,,,,,,
nucleonet,nucleus,orgsegnet_plant,PlantHunter,te_01391,partial,4.63,image/z214.tif,61.289,0.273286,0.15827,0.158307,0.998528,0.273286,0.423667,0.353684,1818101,9666577,2681,5289857,1820782,11484678,13230080,0.137624,0.173698,0.018147,ok,,,,,,,,,,,,,
nucleonet,nucleus,orgsegnet_plant,PlantHunter,te_01392,partial,4.63,image/z214.tif,55.39,0.156727,0.085026,0.085088,0.991536,0.156727,0.514878,0.492174,756339,8132543,6456,7881878,762795,8888882,13192608,0.05782,0.038128,0.017447,ok,,,,,,,,,,,,,
nucleonet,nucleus,orgsegnet_plant,PlantHunter,te_01395,partial,14.81,image/z216.tif,5.145,0.387474,0.24029,0.240595,0.994761,0.387474,0.930583,0.929135,368361,1162683,1940,15244232,370301,1531044,13222755,0.028005,0.157824,0.04591,ok,,,,,,,,,,,,,
nucleonet,nucleus,orgsegnet_plant,PlantHunter,te_01396,partial,14.81,image/z216.tif,3.753,0.400547,0.250427,0.250772,0.994548,0.400547,0.934296,0.932936,368282,1100313,2019,15306602,370301,1468595,13222755,0.028005,0.154515,0.046935,ok,,,,,,,,,,,,,
nucleonet,nucleus,orgsegnet_plant,PlantHunter,te_01475,partial,4.63,image/z256.tif,12.044,0.627337,0.457021,0.458799,0.991595,0.627337,0.901977,0.893844,1384205,1632815,11733,13748463,1395938,3017020,13190250,0.105831,0.338666,0.092946,ok,,,,,,,,,,,,,
nucleonet,nucleus,orgsegnet_plant,PlantHunter,te_01476,partial,4.63,image/z256.tif,13.01,0.594525,0.423006,0.42421,0.993334,0.594525,0.887263,0.877637,1386633,1882106,9305,13499172,1395938,3268739,13217792,0.105611,0.293145,0.091605,ok,,,,,,,,,,,,,
nucleonet,nucleus,sbiad2822_nuclei,NucleiNet,id10_00164,partial,10,id_10/img_87356f94.tif,1.287,0.948617,0.902256,0.993982,0.907211,0.948617,0.988835,0.999296,1729036,10468,176844,14860868,1905880,1739504,7073792,0.269428,0.941547,0.895565,ok,105,110,0.980952,0.936364,0.95814,0.919643,0.87619,0.836364,0.855814,0.747967,0.839958,0.876656,0.95814
nucleonet,nucleus,sbiad2822_nuclei,NucleiNet,id10_00165,partial,10,id_10/img_87356f94.tif,1.4,0.930619,0.870241,0.958563,0.904258,0.930619,0.989457,0.996684,1186311,51282,125605,15414018,1311916,1237593,7004160,0.187305,0.855474,0.8328,ok,62,73,0.806452,0.684932,0.740741,0.588235,0.725806,0.616438,0.666667,0.5,0.653073,0.881648,0.740741
nucleonet,nucleus,sbiad2822_nuclei,NucleiNet,id10_00166,partial,10,id_10/img_87356f94.tif,1.023,0.928117,0.865875,0.948735,0.908376,0.928117,0.98829,0.995544,1268302,68533,127928,15312453,1396230,1336835,6924560,0.201634,0.860492,0.861252,ok,59,62,0.762712,0.725806,0.743802,0.592105,0.677966,0.645161,0.661157,0.493827,0.653287,0.878309,0.743802
nucleonet,nucleus,sbiad2822_nuclei,NucleiNet,id11_00167,sparse,18,id_11/img_4808a925.tif,0.277,0.971426,0.944439,0.97976,0.963232,0.971426,0.999967,0.999988,9536,197,364,16767119,9900,9733,13860,0.714286,0.989928,0.844465,ok,1,1,1.0,1.0,1.0,1.0,1.0,1.0,1.0,1.0,0.944439,0.944439,1.0
nucleonet,nucleus,sbiad2822_nuclei,NucleiNet,id11_00168,sparse,18,id_11/img_4808a925.tif,0.152,0.984571,0.969611,0.994942,0.974414,0.984571,0.99994,0.99999,32066,163,842,16744145,32908,32229,52432,0.627632,0.988764,0.904987,ok,1,1,1.0,1.0,1.0,1.0,1.0,1.0,1.0,1.0,0.969611,0.969611,1.0
nucleonet,nucleus,sbiad2822_nuclei,NucleiNet,id11_00169,sparse,18,id_11/img_4808a925.tif,0.142,0.988469,0.977201,0.983099,0.993899,0.988469,0.999925,0.999945,53921,927,331,16722037,54252,54848,81216,0.667996,1.0,0.895875,ok,1,1,1.0,1.0,1.0,1.0,1.0,1.0,1.0,1.0,0.977201,0.977201,1.0
nucleonet,nucleus,sbiad2822_nuclei,NucleiNet,id11_00170,sparse,18,id_11/img_4808a925.tif,0.141,0.986963,0.974261,0.994623,0.97942,0.986963,0.999877,0.999975,78240,423,1644,16696909,79884,78663,136940,0.58335,0.997565,0.85624,ok,2,1,0.5,1.0,0.666667,0.5,0.5,1.0,0.666667,0.5,0.618097,0.927146,0.666667
nucleonet,nucleus,sbiad2822_nuclei,NucleiNet,id11_00171,sparse,18,id_11/img_4808a925.tif,0.178,0.98252,0.96564,0.989945,0.975205,0.98252,0.999805,0.999944,91759,932,2333,16682192,94092,92691,162176,0.580184,0.996161,0.779473,ok,3,1,0.333333,1.0,0.5,0.333333,0.333333,1.0,0.5,0.333333,0.436365,0.872731,0.5
nucleonet,nucleus,sbiad2822_nuclei,NucleiNet,id11_00172,sparse,18,id_11/img_4808a925.tif,0.164,0.95446,0.912888,0.997304,0.915146,0.95446,0.999516,0.999986,85072,230,7888,16684026,92960,85302,155232,0.598846,0.953506,0.592034,ok,2,1,0.5,1.0,0.666667,0.5,0.5,1.0,0.666667,0.5,0.512798,0.769198,0.666667
nucleonet,nucleus,sbiad2822_nuclei,NucleiNet,id11_00173,sparse,18,id_11/img_4808a925.tif,0.226,0.961961,0.92671,0.993005,0.9328,0.961961,0.999595,0.999964,85881,605,6187,16684543,92068,86486,162932,0.56507,0.914932,0.601281,ok,4,1,0.25,1.0,0.4,0.25,0.0,0.0,0.0,0.0,0.288843,0.722109,0.4
nucleonet,nucleus,sbiad2822_nuclei,NucleiNet,id11_00174,sparse,18,id_11/img_4808a925.tif,0.164,0.985799,0.971996,0.994522,0.977227,0.985799,0.999779,0.999957,128908,710,3004,16644594,131912,129618,198320,0.665147,0.984436,0.782467,ok,2,1,0.5,1.0,0.666667,0.5,0.0,0.0,0.0,0.0,0.393113,0.58967,0.666667
nucleonet,nucleus,sbiad2822_nuclei,NucleiNet,id11_00175,sparse,18,id_11/img_4808a925.tif,0.131,0.989062,0.978361,0.98861,0.989515,0.989062,0.999805,0.999897,148075,1706,1569,16625866,149644,149781,226032,0.662048,0.997418,0.822281,ok,1,1,1.0,1.0,1.0,1.0,1.0,1.0,1.0,1.0,0.978361,0.978361,1.0
nucleonet,nucleus,sbiad2822_nuclei,NucleiNet,id11_00176,sparse,18,id_11/img_4808a925.tif,0.177,0.992073,0.984271,0.994169,0.989985,0.992073,0.99984,0.999941,167953,985,1699,16606579,169652,168938,251136,0.675538,0.997667,0.891239,ok,2,1,0.5,1.0,0.666667,0.5,0.5,1.0,0.666667,0.5,0.599234,0.89885,0.666667
nucleonet,nucleus,sbiad2822_nuclei,NucleiNet,id11_00177,sparse,18,id_11/img_4808a925.tif,0.167,0.990352,0.980889,0.994025,0.986706,0.990352,0.999794,0.999936,177023,1064,2385,16596744,179408,178087,261356,0.686451,0.990663,0.854453,ok,4,1,0.25,1.0,0.4,0.25,0.0,0.0,0.0,0.0,0.245302,0.613256,0.4
nucleonet,nucleus,sbiad2822_nuclei,NucleiNet,id11_00178,sparse,18,id_11/img_4808a925.tif,0.156,0.988796,0.97784,0.993903,0.983741,0.988796,0.999754,0.999933,181933,1116,3007,16591160,184940,183049,267300,0.691882,0.997219,0.833105,ok,2,1,0.5,1.0,0.666667,0.5,0.5,1.0,0.666667,0.5,0.51363,0.770445,0.666667
nucleonet,nucleus,sbiad2822_nuclei,NucleiNet,id11_00179,sparse,18,id_11/img_4808a925.tif,0.243,0.988936,0.978114,0.993752,0.984166,0.988936,0.999754,0.99993,184354,1159,2966,16588737,187320,185513,276624,0.677165,0.998959,0.789576,ok,4,1,0.25,1.0,0.4,0.25,0.0,0.0,0.0,0.0,0.22186,0.554651,0.4
nucleonet,nucleus,sbiad2822_nuclei,NucleiNet,id11_00180,sparse,18,id_11/img_4808a925.tif,0.148,0.991183,0.982519,0.994993,0.987401,0.991183,0.99981,0.999946,178846,900,2282,16595188,181128,179746,280572,0.645567,0.997868,0.853491,ok,3,1,0.333333,1.0,0.5,0.333333,0.0,0.0,0.0,0.0,0.259325,0.51865,0.5
nucleonet,nucleus,sbiad2822_nuclei,NucleiNet,id11_00181,sparse,18,id_11/img_4808a925.tif,0.137,0.983697,0.967917,0.995693,0.971987,0.983697,0.999669,0.999956,167380,724,4824,16604288,172204,168104,270816,0.635871,0.970444,0.792138,ok,3,1,0.0,0.0,0.0,0.0,0.0,0.0,0.0,0.0,0.0,0.0,0.0
nucleonet,nucleus,sbiad2822_nuclei,NucleiNet,id11_00182,sparse,18,id_11/img_4808a925.tif,0.135,0.977043,0.955116,0.994843,0.959869,0.977043,0.999586,0.999954,147958,767,6186,16622305,154144,148725,236680,0.651276,0.950464,0.772505,ok,3,1,0.333333,1.0,0.5,0.333333,0.0,0.0,0.0,0.0,0.297326,0.594652,0.5
nucleonet,nucleus,sbiad2822_nuclei,NucleiNet,id11_00183,sparse,18,id_11/img_4808a925.tif,0.14,0.985627,0.971662,0.992515,0.978834,0.985627,0.999757,0.999937,140032,1056,3028,16633100,143060,141088,217248,0.65851,0.979862,0.785298,ok,2,1,0.5,1.0,0.666667,0.5,0.5,1.0,0.666667,0.5,0.518328,0.777492,0.666667
nucleonet,nucleus,sbiad2822_nuclei,NucleiNet,id11_00184,sparse,18,id_11/img_4808a925.tif,0.138,0.981276,0.963239,0.994374,0.968518,0.981276,0.999713,0.999957,126194,714,4102,16646206,130296,126908,199824,0.652054,0.956308,0.735371,ok,4,1,0.0,0.0,0.0,0.0,0.0,0.0,0.0,0.0,0.0,0.0,0.0
nucleonet,nucleus,sbiad2822_nuclei,NucleiNet,id11_00185,sparse,18,id_11/img_4808a925.tif,0.176,0.965261,0.932855,0.992829,0.939183,0.965261,0.999528,0.999952,109937,794,7119,16659366,117056,110731,189688,0.617098,0.907024,0.61602,ok,3,1,0.333333,1.0,0.5,0.333333,0.0,0.0,0.0,0.0,0.337159,0.674319,0.5
nucleonet,nucleus,sbiad2822_nuclei,NucleiNet,id11_00186,sparse,18,id_11/img_4808a925.tif,0.126,0.984028,0.968559,0.992702,0.975505,0.984028,0.999824,0.99996,90999,669,2285,16683263,93284,91668,141912,0.657337,0.962871,0.690022,ok,1,1,1.0,1.0,1.0,1.0,1.0,1.0,1.0,1.0,0.968559,0.968559,1.0
nucleonet,nucleus,sbiad2822_nuclei,NucleiNet,id11_00187,sparse,18,id_11/img_4808a925.tif,0.163,0.980707,0.962144,0.998854,0.963207,0.980707,0.99983,0.999995,72360,83,2764,16702009,75124,72443,117504,0.639331,0.97549,0.686151,ok,1,1,1.0,1.0,1.0,1.0,1.0,1.0,1.0,1.0,0.962144,0.962144,1.0
nucleonet,nucleus,sbiad2822_nuclei,NucleiNet,id11_00188,sparse,18,id_11/img_4808a925.tif,0.15,0.981506,0.963683,0.997069,0.966421,0.981506,0.999886,0.999991,50683,149,1761,16724623,52444,50832,81220,0.645703,0.982178,0.675807,ok,1,1,1.0,1.0,1.0,1.0,1.0,1.0,1.0,1.0,0.963683,0.963683,1.0
nucleonet,nucleus,sbiad2822_nuclei,NucleiNet,id11_00189,sparse,18,id_11/img_4808a925.tif,0.132,0.931763,0.872243,0.999092,0.872935,0.931763,0.999769,0.999999,26422,24,3846,16746924,30268,26446,44748,0.67641,0.921484,0.418906,ok,1,1,1.0,1.0,1.0,1.0,1.0,1.0,1.0,1.0,0.872243,0.872243,1.0
nucleonet,nucleus,sbiad2822_nuclei,NucleiNet,id11_00190,sparse,18,id_11/img_4808a925.tif,0.139,0.8664,0.764291,0.995805,0.76676,0.8664,0.999839,0.999998,8784,37,2672,16765723,11456,8821,20700,0.55343,0.858144,0.367656,ok,1,1,1.0,1.0,1.0,1.0,1.0,1.0,1.0,1.0,0.764291,0.764291,1.0
nucleonet,nucleus,sbiad2822_nuclei,NucleiNet,id12_00191,sparse,18,id_12/img_596d5ecb.tif,0.078,0.0,0.0,nan,0.0,0.0,0.999996,1.0,0,0,72,16777144,72,0,15300,0.004706,0.0,0.0,ok,0,1,nan,0.0,0.0,0.0,nan,0.0,0.0,0.0,0.0,0.0,0.0
nucleonet,nucleus,sbiad2822_nuclei,NucleiNet,id12_00192,sparse,18,id_12/img_596d5ecb.tif,0.127,0.89252,0.805902,0.992425,0.81089,0.89252,0.999722,0.999991,19390,148,4522,16753156,23912,19538,67392,0.35482,0.9459,0.271365,ok,3,1,0.0,0.0,0.0,0.0,0.0,0.0,0.0,0.0,0.0,0.0,0.0
nucleonet,nucleus,sbiad2822_nuclei,NucleiNet,id12_00193,sparse,18,id_12/img_596d5ecb.tif,0.094,0.967122,0.936337,0.998594,0.937573,0.967122,0.999845,0.999997,38358,54,2554,16736250,40912,38412,92000,0.444696,0.996159,0.594869,ok,3,1,0.333333,1.0,0.5,0.333333,0.0,0.0,0.0,0.0,0.258224,0.516448,0.5
nucleonet,nucleus,sbiad2822_nuclei,NucleiNet,id12_00194,sparse,18,id_12/img_596d5ecb.tif,0.251,0.966246,0.934696,0.999455,0.935173,0.966246,0.999771,0.999998,55048,30,3816,16718322,58864,55078,118320,0.497498,0.992915,0.445076,ok,3,1,0.0,0.0,0.0,0.0,0.0,0.0,0.0,0.0,0.0,0.0,0.0
nucleonet,nucleus,sbiad2822_nuclei,NucleiNet,id12_00195,sparse,18,id_12/img_596d5ecb.tif,0.079,0.979087,0.95903,0.996655,0.962127,0.979087,0.999816,0.999985,72402,243,2850,16701721,75252,72645,141192,0.532976,0.998697,0.655475,ok,5,1,0.0,0.0,0.0,0.0,0.0,0.0,0.0,0.0,0.0,0.0,0.0
nucleonet,nucleus,sbiad2822_nuclei,NucleiNet,id12_00196,sparse,18,id_12/img_596d5ecb.tif,0.124,0.973717,0.94878,0.993167,0.955014,0.973717,0.999729,0.999965,84301,580,3971,16688364,88272,84881,163560,0.539692,0.96793,0.586991,ok,3,1,0.0,0.0,0.0,0.0,0.0,0.0,0.0,0.0,0.0,0.0,0.0
nucleonet,nucleus,sbiad2822_nuclei,NucleiNet,id12_00197,sparse,18,id_12/img_596d5ecb.tif,0.099,0.975347,0.951881,0.996998,0.954617,0.975347,0.999719,0.999983,93331,281,4437,16679167,97768,93612,179340,0.545154,0.976307,0.601301,ok,4,1,0.0,0.0,0.0,0.0,0.0,0.0,0.0,0.0,0.0,0.0,0.0
nucleonet,nucleus,sbiad2822_nuclei,NucleiNet,id12_00198,sparse,18,id_12/img_596d5ecb.tif,0.212,0.973902,0.949131,0.998886,0.950137,0.973902,0.999676,0.999993,101296,113,5316,16670491,106612,101409,196860,0.541563,0.98097,0.581364,ok,2,1,0.5,1.0,0.666667,0.5,0.0,0.0,0.0,0.0,0.447311,0.670966,0.666667
nucleonet,nucleus,sbiad2822_nuclei,NucleiNet,id12_00199,sparse,18,id_12/img_596d5ecb.tif,0.083,0.976647,0.95436,0.998262,0.955948,0.976647,0.999709,0.999989,102252,178,4712,16670074,106964,102430,206456,0.518096,0.986584,0.579948,ok,1,1,1.0,1.0,1.0,1.0,1.0,1.0,1.0,1.0,0.95436,0.95436,1.0
nucleonet,nucleus,sbiad2822_nuclei,NucleiNet,id12_00200,sparse,18,id_12/img_596d5ecb.tif,0.141,0.0,0.0,nan,0.0,0.0,0.993231,1.0,0,0,113564,16663652,113564,0,209088,0.54314,0.0,0.0,ok,0,1,nan,0.0,0.0,0.0,nan,0.0,0.0,0.0,0.0,0.0,0.0
nucleonet,nucleus,sbiad2822_nuclei,NucleiNet,id12_00201,sparse,18,id_12/img_596d5ecb.tif,0.249,0.981478,0.96363,0.997186,0.966257,0.981478,0.999725,0.999979,122274,345,4270,16650327,126544,122619,207200,0.610734,0.992855,0.629265,ok,1,1,1.0,1.0,1.0,1.0,1.0,1.0,1.0,1.0,0.96363,0.96363,1.0
nucleonet,nucleus,sbiad2822_nuclei,NucleiNet,id12_00202,sparse,18,id_12/img_596d5ecb.tif,0.4,0.979465,0.959756,0.999675,0.960056,0.979465,0.999677,0.999997,129093,42,5371,16642710,134464,129135,210308,0.639367,0.98813,0.548886,ok,1,1,1.0,1.0,1.0,1.0,1.0,1.0,1.0,1.0,0.959756,0.959756,1.0
nucleonet,nucleus,sbiad2822_nuclei,NucleiNet,id12_00203,sparse,18,id_12/img_596d5ecb.tif,0.228,0.0,0.0,nan,0.0,0.0,0.991501,1.0,0,0,142588,16634628,142588,0,217300,0.65618,0.0,0.0,ok,0,1,nan,0.0,0.0,0.0,nan,0.0,0.0,0.0,0.0,0.0,0.0
nucleonet,nucleus,sbiad2822_nuclei,NucleiNet,id12_00204,sparse,18,id_12/img_596d5ecb.tif,0.073,0.0,0.0,nan,0.0,0.0,0.99135,1.0,0,0,145124,16632092,145124,0,235320,0.616709,0.0,0.0,ok,0,1,nan,0.0,0.0,0.0,nan,0.0,0.0,0.0,0.0,0.0,0.0
nucleonet,nucleus,sbiad2822_nuclei,NucleiNet,id12_00205,sparse,18,id_12/img_596d5ecb.tif,0.12,0.978465,0.957838,0.999056,0.958705,0.978465,0.999639,0.999992,137647,130,5929,16633510,143576,137777,239856,0.598592,0.986379,0.604997,ok,2,1,0.5,1.0,0.666667,0.5,0.5,1.0,0.666667,0.5,0.542527,0.813791,0.666667
nucleonet,nucleus,sbiad2822_nuclei,NucleiNet,id12_00206,sparse,18,id_12/img_596d5ecb.tif,0.096,0.973588,0.948535,0.99725,0.951023,0.973588,0.999532,0.999976,144700,399,7452,16624665,152152,145099,264196,0.575906,0.964076,0.60135,ok,1,1,1.0,1.0,1.0,1.0,1.0,1.0,1.0,1.0,0.948535,0.948535,1.0
nucleonet,nucleus,sbiad2822_nuclei,NucleiNet,id12_00207,sparse,18,id_12/img_596d5ecb.tif,0.238,0.976306,0.953709,0.997248,0.956226,0.976306,0.99954,0.999974,159093,439,7283,16610401,166376,159532,256320,0.649095,0.97565,0.642519,ok,9,1,0.0,0.0,0.0,0.0,0.0,0.0,0.0,0.0,0.0,0.0,0.0
nucleonet,nucleus,sbiad2822_nuclei,NucleiNet,id12_00208,sparse,18,id_12/img_596d5ecb.tif,0.111,0.97358,0.94852,0.999663,0.948823,0.97358,0.999463,0.999997,165972,56,8952,16602236,174924,166028,254740,0.686677,0.958884,0.543123,ok,6,1,0.0,0.0,0.0,0.0,0.0,0.0,0.0,0.0,0.0,0.0,0.0
nucleonet,nucleus,sbiad2822_nuclei,NucleiNet,id12_00209,sparse,18,id_12/img_596d5ecb.tif,0.104,0.986689,0.973728,0.998554,0.975103,0.986689,0.999729,0.999985,168529,244,4303,16604140,172832,168773,253116,0.682817,0.985767,0.768666,ok,7,1,0.0,0.0,0.0,0.0,0.0,0.0,0.0,0.0,0.0,0.0,0.0
nucleonet,nucleus,sbiad2822_nuclei,NucleiNet,id12_00210,sparse,18,id_12/img_596d5ecb.tif,0.197,0.980373,0.961501,0.999066,0.962366,0.980373,0.99964,0.999992,150849,141,5899,16620327,156748,150990,224664,0.6977,0.980143,0.644899,ok,7,1,0.0,0.0,0.0,0.0,0.0,0.0,0.0,0.0,0.0,0.0,0.0
nucleonet,nucleus,sbiad2822_nuclei,NucleiNet,id12_00211,sparse,18,id_12/img_596d5ecb.tif,0.094,0.98332,0.967188,0.999089,0.968042,0.98332,0.999741,0.999993,128312,117,4236,16644551,132548,128429,201880,0.656568,0.986675,0.630791,ok,4,1,0.25,1.0,0.4,0.25,0.0,0.0,0.0,0.0,0.258615,0.646536,0.4
nucleonet,nucleus,sbiad2822_nuclei,NucleiNet,id12_00212,sparse,18,id_12/img_596d5ecb.tif,0.21,0.984815,0.970085,0.999153,0.970883,0.984815,0.99979,0.999994,114405,97,3431,16659283,117836,114502,179536,0.656336,0.985447,0.703669,ok,2,1,0.5,1.0,0.666667,0.5,0.0,0.0,0.0,0.0,0.480121,0.720182,0.666667
nucleonet,nucleus,sbiad2822_nuclei,NucleiNet,id12_00213,sparse,18,id_12/img_596d5ecb.tif,0.074,0.977324,0.955654,0.999445,0.956161,0.977324,0.999721,0.999997,100810,56,4622,16671728,105432,100866,156240,0.674808,0.992564,0.377639,ok,1,1,1.0,1.0,1.0,1.0,1.0,1.0,1.0,1.0,0.955654,0.955654,1.0
nucleonet,nucleus,sbiad2822_nuclei,NucleiNet,id12_00214,sparse,18,id_12/img_596d5ecb.tif,0.154,0.979328,0.959493,0.999898,0.959587,0.979328,0.999803,1.0,78452,8,3304,16695452,81756,78460,123032,0.66451,0.983421,0.581696,ok,1,1,1.0,1.0,1.0,1.0,1.0,1.0,1.0,1.0,0.959493,0.959493,1.0
nucleonet,nucleus,sbiad2822_nuclei,NucleiNet,id12_00215,sparse,18,id_12/img_596d5ecb.tif,0.226,0.976286,0.95367,0.999842,0.953814,0.976286,0.999817,0.999999,63215,10,3061,16710930,66276,63225,96720,0.685236,0.995256,0.44194,ok,1,1,1.0,1.0,1.0,1.0,1.0,1.0,1.0,1.0,0.95367,0.95367,1.0
nucleonet,nucleus,sbiad2822_nuclei,NucleiNet,id12_00216,sparse,18,id_12/img_596d5ecb.tif,0.086,0.982747,0.966079,0.99998,0.966098,0.982747,0.999894,1.0,50496,1,1772,16724947,52268,50497,77792,0.671894,1.0,0.749558,ok,1,1,1.0,1.0,1.0,1.0,1.0,1.0,1.0,1.0,0.966079,0.966079,1.0
nucleonet,nucleus,sbiad2822_nuclei,NucleiNet,id12_00217,sparse,18,id_12/img_596d5ecb.tif,0.206,0.948676,0.902362,0.99997,0.902387,0.948676,0.999783,1.0,33576,1,3632,16740007,37208,33577,57912,0.642492,0.990458,0.117114,ok,1,1,1.0,1.0,1.0,1.0,1.0,1.0,1.0,1.0,0.902362,0.902362,1.0
nucleonet,nucleus,sbiad2822_nuclei,NucleiNet,id12_00218,sparse,18,id_12/img_596d5ecb.tif,0.078,0.659765,0.492276,1.0,0.492276,0.659765,0.999765,1.0,3824,0,3944,16769448,7768,3824,14152,0.548898,0.742515,0.014742,ok,1,1,0.0,0.0,0.0,0.0,0.0,0.0,0.0,0.0,0.0,0.0,0.0
nucleonet,nucleus,sbiad2822_nuclei,NucleiNet,id1_00000,full,5,id_1/img_2bf732c1.tif,9.033,0.98364,0.967807,0.985751,0.981538,0.98364,0.993063,0.996172,3498658,50572,65808,13162178,3564466,3549230,16777216,0.212459,0.973977,0.856064,ok,644,4,0.0,0.0,0.0,0.0,0.0,0.0,0.0,0.0,0.0,0.0,0.0
nucleonet,nucleus,sbiad2822_nuclei,NucleiNet,id1_00001,full,5,id_1/img_2bf732c1.tif,2.414,0.852203,0.742468,0.76114,0.968015,0.852203,0.95937,0.95818,1965229,616725,64934,14130328,2030163,2581954,16777216,0.121007,0.846435,0.736323,ok,87,3,0.011494,0.333333,0.022222,0.011236,0.011494,0.333333,0.022222,0.011236,0.02154,0.96931,0.022222
nucleonet,nucleus,sbiad2822_nuclei,NucleiNet,id1_00002,full,5,id_1/img_2bf732c1.tif,5.219,0.984169,0.968831,0.990704,0.977719,0.984169,0.996218,0.998746,1972265,18506,44946,14741499,2017211,1990771,16777216,0.120235,0.993245,0.880662,ok,273,5,0.0,0.0,0.0,0.0,0.0,0.0,0.0,0.0,0.0,0.0,0.0
nucleonet,nucleus,sbiad2822_nuclei,NucleiNet,id1_00003,full,5,id_1/img_2bf732c1.tif,2.433,0.961558,0.925961,0.977107,0.946496,0.961558,0.992008,0.997382,1676841,39288,94790,14966297,1771631,1716129,16777216,0.105597,0.935384,0.770741,ok,84,4,0.011905,0.25,0.022727,0.011494,0.011905,0.25,0.022727,0.011494,0.019992,0.879662,0.022727
nucleonet,nucleus,sbiad2822_nuclei,NucleiNet,id1_00004,full,5,id_1/img_2bf732c1.tif,4.065,0.982284,0.965184,0.985866,0.978728,0.982284,0.995639,0.998023,2028220,29078,44083,14675835,2072303,2057298,16777216,0.123519,0.979375,0.847923,ok,227,3,0.004405,0.333333,0.008696,0.004367,0.004405,0.333333,0.008696,0.004367,0.008043,0.924982,0.008696
nucleonet,nucleus,sbiad2822_nuclei,NucleiNet,id1_00005,full,5,id_1/img_2bf732c1.tif,2.065,0.944879,0.895517,0.942032,0.947743,0.944879,0.989638,0.99397,1490083,91693,82160,15113280,1572243,1581776,16777216,0.093713,0.890128,0.755302,ok,66,2,0.0,0.0,0.0,0.0,0.0,0.0,0.0,0.0,0.0,0.0,0.0
nucleonet,nucleus,sbiad2822_nuclei,NucleiNet,id1_00006,full,5,id_1/img_2bf732c1.tif,2.908,0.949551,0.903948,0.960017,0.939311,0.949551,0.989414,0.995358,1671485,69615,107994,14928122,1779479,1741100,16777216,0.106065,0.928192,0.751198,ok,126,5,0.031746,0.8,0.061069,0.031496,0.007937,0.2,0.015267,0.007692,0.041028,0.671828,0.061069
nucleonet,nucleus,sbiad2822_nuclei,NucleiNet,id1_00007,full,5,id_1/img_2bf732c1.tif,2.241,0.801692,0.66902,0.684032,0.968237,0.801692,0.957639,0.956611,1436565,663577,47127,14629947,1483692,2100142,16777216,0.088435,0.856776,0.744929,ok,68,5,0.014706,0.2,0.027397,0.013889,0.0,0.0,0.0,0.0,0.017821,0.650459,0.027397
nucleonet,nucleus,sbiad2822_nuclei,NucleiNet,id1_00008,full,5,id_1/img_2bf732c1.tif,2.277,0.97708,0.955187,0.994108,0.960625,0.97708,0.995008,0.999291,1785075,10580,73168,14908393,1858243,1795655,16777216,0.11076,0.98806,0.819846,ok,81,5,0.037037,0.6,0.069767,0.036145,0.037037,0.6,0.069767,0.036145,0.06303,0.903426,0.069767
nucleonet,nucleus,sbiad2822_nuclei,NucleiNet,id1_00009,full,5,id_1/img_2bf732c1.tif,1.671,0.93975,0.886348,0.922653,0.957493,0.93975,0.99118,0.993787,1154030,96744,51232,15475210,1205262,1250774,16777216,0.071839,0.902178,0.817696,ok,37,5,0.054054,0.4,0.095238,0.05,0.054054,0.4,0.095238,0.05,0.088091,0.924954,0.095238
nucleonet,nucleus,sbiad2822_nuclei,NucleiNet,id1_00010,full,5,id_1/img_2bf732c1.tif,5.005,0.899744,0.817759,0.833116,0.977955,0.899744,0.960647,0.956833,2962633,593453,66782,13154348,3029415,3556086,16777216,0.180567,0.855983,0.723476,ok,305,4,0.0,0.0,0.0,0.0,0.0,0.0,0.0,0.0,0.0,0.0,0.0
nucleonet,nucleus,sbiad2822_nuclei,NucleiNet,id1_00011,full,5,id_1/img_2bf732c1.tif,2.304,0.906379,0.828788,0.873768,0.941519,0.906379,0.976216,0.98105,1931550,279047,119976,14446643,2051526,2210597,16777216,0.12228,0.91671,0.605958,ok,84,2,0.0,0.0,0.0,0.0,0.0,0.0,0.0,0.0,0.0,0.0,0.0
nucleonet,nucleus,sbiad2822_nuclei,NucleiNet,id1_00012,full,5,id_1/img_2bf732c1.tif,1.632,0.894085,0.808457,0.874226,0.914867,0.894085,0.981292,0.987567,1324755,190592,123275,15138594,1448030,1515347,16777216,0.086309,0.911578,0.603757,ok,36,2,0.0,0.0,0.0,0.0,0.0,0.0,0.0,0.0,0.0,0.0,0.0
nucleonet,nucleus,sbiad2822_nuclei,NucleiNet,id1_00013,full,5,id_1/img_2bf732c1.tif,5.06,0.713451,0.554546,0.613675,0.851971,0.713451,0.939822,0.948292,1256879,791238,218382,14510717,1475261,2048117,16777216,0.087932,0.742558,0.419555,ok,311,2,0.003215,0.5,0.00639,0.003205,0.003215,0.5,0.00639,0.003205,0.005265,0.823915,0.00639
nucleonet,nucleus,sbiad2822_nuclei,NucleiNet,id1_00014,full,5,id_1/img_2bf732c1.tif,6.324,0.932806,0.874074,0.907977,0.959032,0.932806,0.985263,0.988395,1716161,173932,73312,14813811,1789473,1890093,16777216,0.106661,0.908243,0.674848,ok,385,2,0.002597,0.5,0.005168,0.002591,0.002597,0.5,0.005168,0.002591,0.003877,0.750166,0.005168
nucleonet,nucleus,sbiad2822_nuclei,NucleiNet,id1_00015,full,5,id_1/img_2bf732c1.tif,3.765,0.979357,0.959549,0.981903,0.976823,0.979357,0.993315,0.996511,2660405,49032,63122,14004657,2723527,2709437,16777216,0.162335,0.97262,0.804405,ok,198,4,0.0,0.0,0.0,0.0,0.0,0.0,0.0,0.0,0.0,0.0,0.0
nucleonet,nucleus,sbiad2822_nuclei,NucleiNet,id1_00016,full,5,id_1/img_2bf732c1.tif,4.606,0.980247,0.96126,0.983414,0.977101,0.980247,0.993867,0.99696,2553089,43061,59833,14121233,2612922,2596150,16777216,0.155742,0.974653,0.811262,ok,268,4,0.003731,0.25,0.007353,0.00369,0.003731,0.25,0.007353,0.00369,0.006126,0.83317,0.007353
nucleonet,nucleus,sbiad2822_nuclei,NucleiNet,id1_00017,full,5,id_1/img_2bf732c1.tif,6.637,0.775552,0.633389,0.651594,0.957753,0.775552,0.918804,0.91212,2353525,1258426,103816,13061449,2457341,3611951,16777216,0.146469,0.786998,0.693394,ok,402,4,0.002488,0.25,0.004926,0.002469,0.002488,0.25,0.004926,0.002469,0.004489,0.911269,0.004926
nucleonet,nucleus,sbiad2822_nuclei,NucleiNet,id1_00018,full,5,id_1/img_2bf732c1.tif,1.992,0.813017,0.684945,0.719699,0.934141,0.813017,0.97669,0.97913,850235,331141,59943,15535897,910178,1181376,16777216,0.054251,0.740196,0.560973,ok,27,2,0.0,0.0,0.0,0.0,0.0,0.0,0.0,0.0,0.0,0.0,0.0
nucleonet,nucleus,sbiad2822_nuclei,NucleiNet,id1_00019,full,5,id_1/img_2bf732c1.tif,3.659,0.877055,0.781031,0.804589,0.963865,0.877055,0.959086,0.958234,2448338,594628,91787,13642463,2540125,3042966,16777216,0.151403,0.857611,0.728662,ok,189,3,0.0,0.0,0.0,0.0,0.0,0.0,0.0,0.0,0.0,0.0,0.0
nucleonet,nucleus,sbiad2822_nuclei,NucleiNet,id1_00020,full,5,id_1/img_2bf732c1.tif,1.301,0.955051,0.913968,0.9903,0.922224,0.955051,0.997956,0.999782,364284,3568,30722,16378642,395006,367852,16777216,0.023544,0.908203,0.716407,ok,3,3,0.333333,0.333333,0.333333,0.2,0.333333,0.333333,0.333333,0.2,0.300843,0.90253,0.333333
nucleonet,nucleus,sbiad2822_nuclei,NucleiNet,id1_00021,full,5,id_1/img_2bf732c1.tif,4.281,0.771135,0.627517,0.637847,0.974842,0.771135,0.937411,0.932871,1769035,1004412,45654,13958115,1814689,2773447,16777216,0.108164,0.815169,0.643819,ok,251,1,0.0,0.0,0.0,0.0,0.0,0.0,0.0,0.0,0.0,0.0,0.0
nucleonet,nucleus,sbiad2822_nuclei,NucleiNet,id1_00022,full,5,id_1/img_2bf732c1.tif,2.624,0.967733,0.937484,0.966738,0.968731,0.967733,0.989922,0.993839,2535627,87242,81846,14072501,2617473,2622869,16777216,0.156014,0.947838,0.778176,ok,110,4,0.009091,0.25,0.017544,0.00885,0.0,0.0,0.0,0.0,0.012693,0.723486,0.017544
nucleonet,nucleus,sbiad2822_nuclei,NucleiNet,id1_00023,full,5,id_1/img_2bf732c1.tif,1.447,0.975366,0.951916,0.993906,0.957504,0.975366,0.994655,0.999271,1775352,10885,78794,14912185,1854146,1786237,16777216,0.110516,0.98049,0.798028,ok,26,6,0.115385,0.5,0.1875,0.103448,0.038462,0.166667,0.0625,0.032258,0.136561,0.728323,0.1875
nucleonet,nucleus,sbiad2822_nuclei,NucleiNet,id1_00024,full,5,id_1/img_2bf732c1.tif,4.48,0.97849,0.957886,0.993623,0.963812,0.97849,0.990031,0.998097,3804004,24415,142830,12805967,3946834,3828419,16777216,0.23525,0.986173,0.784361,ok,255,6,0.003922,0.166667,0.007663,0.003846,0.0,0.0,0.0,0.0,0.004513,0.58899,0.007663
nucleonet,nucleus,sbiad2822_nuclei,NucleiNet,id1_00025,full,5,id_1/img_2bf732c1.tif,4.253,0.97836,0.957636,0.992849,0.964288,0.97836,0.991971,0.99839,3044959,21932,112770,13597555,3157729,3066891,16777216,0.188215,0.987094,0.79978,ok,171,6,0.005848,0.166667,0.011299,0.005682,0.0,0.0,0.0,0.0,0.005661,0.500988,0.011299
nucleonet,nucleus,sbiad2822_nuclei,NucleiNet,id2_00026,full,5,id_2/img_97dde2ee.tiff,2.306,0.955962,0.915638,0.925506,0.988489,0.955962,0.984221,0.983326,2873348,231275,33459,13639134,2906807,3104623,16777216,0.173259,0.852243,0.775611,ok,46,3,0.021739,0.333333,0.040816,0.020833,0.0,0.0,0.0,0.0,0.025869,0.6338,0.040816
nucleonet,nucleus,sbiad2822_nuclei,NucleiNet,id2_00027,full,5,id_2/img_97dde2ee.tiff,2.471,0.93187,0.872431,0.882968,0.986507,0.93187,0.964246,0.956911,4102306,543736,56111,12075063,4158417,4646042,16777216,0.247861,0.894128,0.809971,ok,95,7,0.021053,0.285714,0.039216,0.02,0.0,0.0,0.0,0.0,0.025263,0.644195,0.039216
nucleonet,nucleus,sbiad2822_nuclei,NucleiNet,id2_00028,full,5,id_2/img_97dde2ee.tiff,3.439,0.965559,0.933411,0.944893,0.987149,0.965559,0.97862,0.974902,5028053,293240,65456,11390467,5093509,5321293,16777216,0.303597,0.916554,0.823162,ok,164,7,0.006098,0.142857,0.011696,0.005882,0.0,0.0,0.0,0.0,0.00762,0.65147,0.011696
nucleonet,nucleus,sbiad2822_nuclei,NucleiNet,id2_00029,full,5,id_2/img_97dde2ee.tiff,10.596,0.934303,0.876707,0.888556,0.985017,0.934303,0.965091,0.958377,4164636,522335,63348,12026897,4227984,4686971,16777216,0.252007,0.874821,0.731124,ok,670,6,0.001493,0.166667,0.002959,0.001481,0.001493,0.166667,0.002959,0.001481,0.002812,0.950574,0.002959
nucleonet,nucleus,sbiad2822_nuclei,NucleiNet,id2_00030,full,5,id_2/img_97dde2ee.tiff,3.148,0.839974,0.7241,0.729679,0.98955,0.839974,0.894694,0.857934,4636818,1717778,48965,10373655,4685783,6354596,16777216,0.279294,0.718657,0.738893,ok,157,5,0.006369,0.2,0.012346,0.006211,0.0,0.0,0.0,0.0,0.007797,0.631528,0.012346
nucleonet,nucleus,sbiad2822_nuclei,NucleiNet,id2_00031,full,5,id_2/img_97dde2ee.tiff,4.958,0.611092,0.439981,0.443372,0.982914,0.611092,0.833766,0.810911,2191146,2750862,38088,11797120,2229234,4942008,16777216,0.132873,0.643243,0.620523,ok,307,5,0.006515,0.4,0.012821,0.006452,0.0,0.0,0.0,0.0,0.009152,0.713831,0.012821
nucleonet,nucleus,sbiad2822_nuclei,NucleiNet,id2_00032,full,5,id_2/img_97dde2ee.tiff,5.892,0.849787,0.738809,0.746352,0.986505,0.849787,0.906077,0.876434,4457250,1514796,60974,10744196,4518224,5972046,16777216,0.269307,0.799824,0.719391,ok,291,7,0.006873,0.285714,0.013423,0.006757,0.003436,0.142857,0.006711,0.003367,0.010448,0.778406,0.013423
nucleonet,nucleus,sbiad2822_nuclei,NucleiNet,id2_00033,full,5,id_2/img_97dde2ee.tiff,5.878,0.976415,0.953917,0.96473,0.988387,0.976415,0.988017,0.987893,4161524,152143,48895,12414654,4210419,4313667,16777216,0.250961,0.886247,0.766286,ok,357,6,0.005602,0.333333,0.011019,0.00554,0.005602,0.333333,0.011019,0.00554,0.009148,0.830222,0.011019
nucleonet,nucleus,sbiad2822_nuclei,NucleiNet,id2_00034,full,5,id_2/img_97dde2ee.tiff,5.607,0.949942,0.904656,0.911513,0.991753,0.949942,0.966415,0.954419,5346313,519002,44457,10867444,5390770,5865315,16777216,0.321315,0.75261,0.751535,ok,317,6,0.006309,0.333333,0.012384,0.006231,0.0,0.0,0.0,0.0,0.008056,0.650486,0.012384
nucleonet,nucleus,sbiad2822_nuclei,NucleiNet,id2_00035,full,5,id_2/img_97dde2ee.tiff,5.854,0.966743,0.935626,0.948305,0.985911,0.966743,0.983365,0.982538,4056241,221118,57964,12441893,4114205,4277359,16777216,0.245226,0.923861,0.818074,ok,387,7,0.002584,0.142857,0.005076,0.002545,0.002584,0.142857,0.005076,0.002545,0.004968,0.978793,0.005076
nucleonet,nucleus,sbiad2822_nuclei,NucleiNet,id2_00036,full,5,id_2/img_97dde2ee.tiff,2.875,0.886276,0.795776,0.806334,0.983813,0.886276,0.965281,0.962327,2269689,545135,37345,13925047,2307034,2814824,16777216,0.13751,0.780249,0.701828,ok,117,5,0.017094,0.4,0.032787,0.016667,0.017094,0.4,0.032787,0.016667,0.028939,0.882641,0.032787
nucleonet,nucleus,sbiad2822_nuclei,NucleiNet,id2_00037,full,5,id_2/img_97dde2ee.tiff,3.247,0.856508,0.749029,0.757253,0.985707,0.856508,0.930613,0.91596,3474328,1113740,50377,12138771,3524705,4588068,16777216,0.210089,0.801101,0.792877,ok,150,4,0.006667,0.25,0.012987,0.006536,0.006667,0.25,0.012987,0.006536,0.009801,0.754713,0.012987
nucleonet,nucleus,sbiad2822_nuclei,NucleiNet,id2_00038,full,5,id_2/img_97dde2ee.tiff,2.255,0.989336,0.978897,0.991013,0.987665,0.989336,0.995116,0.997334,3800568,34466,47467,12894715,3848035,3835034,16777216,0.229361,0.952308,0.886388,ok,84,7,0.035714,0.428571,0.065934,0.034091,0.0,0.0,0.0,0.0,0.042998,0.652129,0.065934
nucleonet,nucleus,sbiad2822_nuclei,NucleiNet,id2_00039,full,5,id_2/img_97dde2ee.tiff,7.1,0.857356,0.750326,0.767029,0.971797,0.857356,0.951138,0.947461,2463590,748271,71497,13493858,2535087,3211861,16777216,0.151103,0.640288,0.524194,ok,383,3,0.0,0.0,0.0,0.0,0.0,0.0,0.0,0.0,0.0,0.0,0.0
nucleonet,nucleus,sbiad2822_nuclei,NucleiNet,id2_00040,full,5,id_2/img_97dde2ee.tiff,6.171,0.933845,0.875899,0.881145,0.993248,0.933845,0.942921,0.90858,6758868,911680,45944,9060724,6804812,7670548,16777216,0.405598,0.788428,0.7512,ok,403,6,0.002481,0.166667,0.00489,0.002451,0.0,0.0,0.0,0.0,0.003157,0.645672,0.00489
nucleonet,nucleus,sbiad2822_nuclei,NucleiNet,id2_00041,full,5,id_2/img_97dde2ee.tiff,4.753,0.966317,0.934829,0.946144,0.987368,0.966317,0.977982,0.973567,5298846,301618,67789,11108963,5366635,5600464,16777216,0.319876,0.896417,0.821684,ok,271,6,0.0,0.0,0.0,0.0,0.0,0.0,0.0,0.0,0.0,0.0,0.0
nucleonet,nucleus,sbiad2822_nuclei,NucleiNet,id2_00042,full,5,id_2/img_97dde2ee.tiff,5.663,0.802243,0.669788,0.674822,0.988986,0.802243,0.877087,0.839371,4182760,2015558,46583,10532315,4229343,6198318,16777216,0.252088,0.734245,0.646013,ok,355,6,0.008451,0.5,0.01662,0.00838,0.002817,0.166667,0.00554,0.002778,0.012461,0.749758,0.01662
nucleonet,nucleus,sbiad2822_nuclei,NucleiNet,id2_00043,full,5,id_2/img_97dde2ee.tiff,8.683,0.88056,0.786608,0.795565,0.985889,0.88056,0.922422,0.896491,4797778,1232875,68670,10677893,4866448,6030653,16777216,0.290063,0.774539,0.747751,ok,542,8,0.0,0.0,0.0,0.0,0.0,0.0,0.0,0.0,0.0,0.0,0.0
nucleonet,nucleus,sbiad2822_nuclei,NucleiNet,id2_00044,full,5,id_2/img_97dde2ee.tiff,11.264,0.89509,0.810103,0.822122,0.982273,0.89509,0.920744,0.888449,5672499,1227324,102373,9775020,5774872,6899823,16777216,0.344209,0.860012,0.712381,ok,806,8,0.003722,0.375,0.007371,0.003699,0.002481,0.25,0.004914,0.002463,0.005651,0.766687,0.007371
nucleonet,nucleus,sbiad2822_nuclei,NucleiNet,id2_00045,full,5,id_2/img_97dde2ee.tiff,4.789,0.95517,0.914188,0.928009,0.98397,0.95517,0.977925,0.976026,3945613,306084,64279,12461240,4009892,4251697,16777216,0.239008,0.782383,0.727733,ok,274,7,0.007299,0.285714,0.014235,0.007168,0.0,0.0,0.0,0.0,0.007275,0.511058,0.014235
nucleonet,nucleus,sbiad2822_nuclei,NucleiNet,id2_00046,full,5,id_2/img_97dde2ee.tiff,4.742,0.783162,0.643604,0.652511,0.979233,0.783162,0.896702,0.87728,3129663,1666678,66373,11914502,3196036,4796341,16777216,0.190499,0.829589,0.682424,ok,254,7,0.007874,0.285714,0.015326,0.007722,0.007874,0.285714,0.015326,0.007722,0.013588,0.886588,0.015326
nucleonet,nucleus,sbiad2822_nuclei,NucleiNet,id2_00047,full,5,id_2/img_97dde2ee.tiff,4.729,0.709704,0.550032,0.55493,0.984209,0.709704,0.864403,0.84014,2780849,2230326,44616,11721425,2825465,5011175,16777216,0.168411,0.603515,0.559153,ok,271,4,0.00369,0.25,0.007273,0.00365,0.0,0.0,0.0,0.0,0.00493,0.677866,0.007273
nucleonet,nucleus,sbiad2822_nuclei,NucleiNet,id3_00048,full,5,id_3/img_626dde70.tif,4.443,0.983054,0.966674,0.98979,0.97641,0.983054,0.994231,0.997917,2807625,28962,67832,13872797,2875457,2836587,16777216,0.171391,0.946782,0.79976,ok,249,6,0.012048,0.5,0.023529,0.011905,0.012048,0.5,0.023529,0.011905,0.019718,0.838017,0.023529
nucleonet,nucleus,sbiad2822_nuclei,NucleiNet,id3_00049,full,5,id_3/img_626dde70.tif,3.282,0.990389,0.980962,0.990486,0.990293,0.990389,0.99619,0.997649,3293197,31631,32282,13420106,3325479,3324828,16777216,0.198214,0.983658,0.886508,ok,175,4,0.011429,0.5,0.022346,0.011299,0.005714,0.25,0.011173,0.005618,0.017507,0.78343,0.022346
nucleonet,nucleus,sbiad2822_nuclei,NucleiNet,id3_00050,full,5,id_3/img_626dde70.tif,5.659,0.63556,0.465803,0.469317,0.984181,0.63556,0.865934,0.849995,1961281,2217729,31525,12566681,1992806,4179010,16777216,0.11878,0.615272,0.580624,ok,362,5,0.005525,0.4,0.010899,0.005479,0.0,0.0,0.0,0.0,0.006772,0.621342,0.010899
nucleonet,nucleus,sbiad2822_nuclei,NucleiNet,id3_00051,full,5,id_3/img_626dde70.tif,6.342,0.734857,0.580849,0.588187,0.978973,0.734857,0.919099,0.911356,1880895,1316891,40399,13539031,1921294,3197786,16777216,0.114518,0.728781,0.556449,ok,404,4,0.002475,0.25,0.004902,0.002457,0.002475,0.25,0.004902,0.002457,0.004319,0.881131,0.004902
nucleonet,nucleus,sbiad2822_nuclei,NucleiNet,id3_00052,full,5,id_3/img_626dde70.tif,7.274,0.935342,0.878538,0.895955,0.978352,0.935342,0.979563,0.979779,2479968,287993,54875,13954380,2534843,2767961,16777216,0.151088,0.899272,0.794189,ok,500,7,0.004,0.285714,0.00789,0.00396,0.002,0.142857,0.003945,0.001976,0.006641,0.841771,0.00789
nucleonet,nucleus,sbiad2822_nuclei,NucleiNet,id3_00053,full,5,id_3/img_626dde70.tif,7.743,0.746231,0.59519,0.599441,0.988225,0.746231,0.917169,0.907181,2043234,1365329,24346,13344307,2067580,3408563,16777216,0.123237,0.711435,0.596523,ok,517,5,0.003868,0.4,0.007663,0.003846,0.003868,0.4,0.007663,0.003846,0.00724,0.944864,0.007663
nucleonet,nucleus,sbiad2822_nuclei,NucleiNet,id3_00054,full,5,id_3/img_626dde70.tif,9.049,0.977889,0.956735,0.964482,0.991674,0.977889,0.989172,0.988376,4017187,147936,33729,12578364,4050916,4165123,16777216,0.241453,0.928946,0.852019,ok,623,6,0.00321,0.333333,0.006359,0.00319,0.001605,0.166667,0.00318,0.001592,0.004753,0.747468,0.006359
nucleonet,nucleus,sbiad2822_nuclei,NucleiNet,id3_00055,full,5,id_3/img_626dde70.tif,6.134,0.583296,0.411728,0.415327,0.979387,0.583296,0.887709,0.87971,1318554,1856184,27751,13574727,1346305,3174738,16777216,0.080246,0.525448,0.506676,ok,383,4,0.002611,0.25,0.005168,0.002591,0.002611,0.25,0.005168,0.002591,0.004903,0.948695,0.005168
nucleonet,nucleus,sbiad2822_nuclei,NucleiNet,id3_00056,full,5,id_3/img_626dde70.tif,5.299,0.81374,0.685972,0.69276,0.985917,0.81374,0.925227,0.913176,2740332,1215343,39144,12782397,2779476,3955675,16777216,0.16567,0.797089,0.724251,ok,317,4,0.0,0.0,0.0,0.0,0.0,0.0,0.0,0.0,0.0,0.0,0.0
nucleonet,nucleus,sbiad2822_nuclei,NucleiNet,id3_00057,full,5,id_3/img_626dde70.tif,3.212,0.720971,0.563687,0.571972,0.974944,0.720971,0.944093,0.941625,1211774,906814,31142,14627486,1242916,2118588,16777216,0.074084,0.762174,0.712997,ok,138,4,0.007246,0.25,0.014085,0.007092,0.0,0.0,0.0,0.0,0.007169,0.509009,0.014085
nucleonet,nucleus,sbiad2822_nuclei,NucleiNet,id3_00058,full,5,id_3/img_626dde70.tif,3.597,0.974795,0.950829,0.986643,0.963228,0.974795,0.995608,0.998739,1425002,19291,54401,15278522,1479403,1444293,16777216,0.088179,0.943917,0.734423,ok,173,3,0.00578,0.333333,0.011364,0.005714,0.0,0.0,0.0,0.0,0.005969,0.525263,0.011364
nucleonet,nucleus,sbiad2822_nuclei,NucleiNet,id3_00059,full,5,id_3/img_626dde70.tif,3.1,0.976422,0.95393,0.979815,0.973052,0.976422,0.994548,0.997369,1894054,39019,52455,14791688,1946509,1933073,16777216,0.116021,0.943748,0.779434,ok,135,6,0.022222,0.5,0.042553,0.021739,0.014815,0.333333,0.028369,0.014388,0.031338,0.736445,0.042553
nucleonet,nucleus,sbiad2822_nuclei,NucleiNet,id3_00060,full,5,id_3/img_626dde70.tif,6.872,0.931714,0.872158,0.884878,0.983785,0.931714,0.968551,0.964302,3599581,468302,59331,12650002,3658912,4067883,16777216,0.218088,0.944307,0.770824,ok,429,5,0.004662,0.4,0.009217,0.00463,0.002331,0.2,0.004608,0.002309,0.006958,0.754989,0.009217
nucleonet,nucleus,sbiad2822_nuclei,NucleiNet,id3_00061,full,5,id_3/img_626dde70.tif,2.406,0.97903,0.95892,0.991843,0.966542,0.97903,0.996033,0.999158,1553456,12775,53774,15157211,1607230,1566231,16777216,0.095798,0.99322,0.814549,ok,84,5,0.02381,0.4,0.044944,0.022989,0.02381,0.4,0.044944,0.022989,0.03975,0.884443,0.044944
nucleonet,nucleus,sbiad2822_nuclei,NucleiNet,id3_00062,full,5,id_3/img_626dde70.tif,7.006,0.978686,0.958262,0.98843,0.969133,0.978686,0.992866,0.997693,2747817,32165,87518,13909716,2835335,2779982,16777216,0.168999,0.946697,0.810006,ok,447,7,0.004474,0.285714,0.008811,0.004425,0.002237,0.142857,0.004405,0.002208,0.007155,0.812092,0.008811
nucleonet,nucleus,sbiad2822_nuclei,NucleiNet,id3_00063,full,5,id_3/img_626dde70.tif,9.329,0.723674,0.566997,0.577339,0.969376,0.723674,0.918548,0.912264,1789414,1310003,56531,13621268,1845945,3099417,16777216,0.110027,0.728741,0.63133,ok,628,5,0.003185,0.4,0.006319,0.00317,0.001592,0.2,0.00316,0.001582,0.005262,0.832689,0.006319
nucleonet,nucleus,sbiad2822_nuclei,NucleiNet,id3_00064,full,5,id_3/img_626dde70.tif,2.624,0.909345,0.833761,0.845098,0.984166,0.909345,0.968157,0.965056,2679401,491121,43109,13563585,2722510,3170522,16777216,0.162274,0.895136,0.781989,ok,98,6,0.020408,0.333333,0.038462,0.019608,0.010204,0.166667,0.019231,0.009709,0.028734,0.747095,0.038462
nucleonet,nucleus,sbiad2822_nuclei,NucleiNet,id3_00065,full,5,id_3/img_626dde70.tif,6.214,0.77512,0.632813,0.636856,0.990066,0.77512,0.93374,0.926397,1915827,1092429,19223,13749737,1935050,3008256,16777216,0.115338,0.760588,0.614114,ok,391,2,0.0,0.0,0.0,0.0,0.0,0.0,0.0,0.0,0.0,0.0,0.0
nucleonet,nucleus,sbiad2822_nuclei,NucleiNet,id3_00066,full,5,id_3/img_626dde70.tif,7.808,0.580759,0.409204,0.411415,0.987037,0.580759,0.850913,0.835008,1732454,2478515,22752,12543495,1755206,4210969,16777216,0.104618,0.557544,0.495763,ok,526,4,0.003802,0.5,0.007547,0.003788,0.001901,0.25,0.003774,0.00189,0.005508,0.729795,0.007547
nucleonet,nucleus,sbiad2822_nuclei,NucleiNet,id3_00067,full,5,id_3/img_626dde70.tif,5.068,0.9492,0.903313,0.914122,0.987079,0.9492,0.981506,0.980324,2898733,272325,37945,13568213,2936678,3171058,16777216,0.17504,0.856046,0.767178,ok,257,4,0.0,0.0,0.0,0.0,0.0,0.0,0.0,0.0,0.0,0.0,0.0
nucleonet,nucleus,sbiad2822_nuclei,NucleiNet,id3_00068,full,5,id_3/img_626dde70.tif,8.719,0.127239,0.067942,0.068682,0.863101,0.127239,0.865923,0.865955,163971,2223429,26008,14363808,189979,2387400,16777216,0.011324,0.29684,0.374986,ok,635,2,0.001575,0.5,0.00314,0.001572,0.0,0.0,0.0,0.0,0.00217,0.691245,0.00314
nucleonet,nucleus,sbiad2822_nuclei,NucleiNet,id3_00069,full,5,id_3/img_626dde70.tif,8.346,0.04719,0.024165,0.02434,0.770205,0.04719,0.877738,0.878162,50795,2036062,15155,14675204,65950,2086857,16777216,0.003931,0.125169,0.13246,ok,574,1,0.001742,1.0,0.003478,0.001742,0.001742,1.0,0.003478,0.001742,0.002657,0.763754,0.003478
nucleonet,nucleus,sbiad2822_nuclei,NucleiNet,id4_00070,full,5,id_4/img_57f48663.tif,2.498,0.954883,0.913661,0.928542,0.982761,0.954883,0.988278,0.989075,2081149,160159,36506,14499402,2117655,2241308,16777216,0.126222,0.925311,0.843871,ok,89,5,0.022472,0.4,0.042553,0.021739,0.011236,0.2,0.021277,0.010753,0.03471,0.81569,0.042553
nucleonet,nucleus,sbiad2822_nuclei,NucleiNet,id4_00071,full,5,id_4/img_57f48663.tif,2.16,0.808831,0.679023,0.690447,0.976212,0.808831,0.927648,0.918618,2567903,1151286,62575,12995452,2630478,3719189,16777216,0.156789,0.8324,0.720325,ok,57,5,0.052632,0.6,0.096774,0.050847,0.017544,0.2,0.032258,0.016393,0.067612,0.698662,0.096774
nucleonet,nucleus,sbiad2822_nuclei,NucleiNet,id4_00072,full,5,id_4/img_57f48663.tif,5.271,0.715073,0.556508,0.558946,0.992225,0.715073,0.884955,0.86669,2422007,1911165,18978,12425066,2440985,4333172,16777216,0.145494,0.583591,0.566138,ok,319,3,0.003135,0.333333,0.006211,0.003115,0.003135,0.333333,0.006211,0.003115,0.006011,0.967807,0.006211
nucleonet,nucleus,sbiad2822_nuclei,NucleiNet,id4_00073,full,5,id_4/img_57f48663.tif,2.275,0.876671,0.780423,0.795341,0.976529,0.876671,0.951676,0.946372,2881553,741486,69257,13084920,2950810,3623039,16777216,0.175882,0.793712,0.649787,ok,79,5,0.012658,0.2,0.02381,0.012048,0.012658,0.2,0.02381,0.012048,0.019439,0.816422,0.02381
nucleonet,nucleus,sbiad2822_nuclei,NucleiNet,id4_00074,full,5,id_4/img_57f48663.tif,12.482,0.806272,0.675423,0.679121,0.992003,0.806272,0.862341,0.809696,4805996,2270796,38742,9661682,4844738,7076792,16777216,0.288769,0.67878,0.669831,ok,945,3,0.0,0.0,0.0,0.0,0.0,0.0,0.0,0.0,0.0,0.0,0.0
nucleonet,nucleus,sbiad2822_nuclei,NucleiNet,id4_00075,full,5,id_4/img_57f48663.tif,10.802,0.76597,0.620707,0.624181,0.991113,0.76597,0.868711,0.834833,3604621,2170341,32323,10969931,3636944,5774962,16777216,0.216779,0.72992,0.721301,ok,740,4,0.001351,0.25,0.002688,0.001346,0.001351,0.25,0.002688,0.001346,0.002019,0.75122,0.002688
nucleonet,nucleus,sbiad2822_nuclei,NucleiNet,id4_00076,full,5,id_4/img_57f48663.tif,3.143,0.672099,0.506136,0.513317,0.973104,0.672099,0.933562,0.930587,1142345,1083074,31574,14520223,1173919,2225419,16777216,0.069971,0.637091,0.596167,ok,132,5,0.015152,0.4,0.029197,0.014815,0.0,0.0,0.0,0.0,0.018961,0.649397,0.029197
nucleonet,nucleus,sbiad2822_nuclei,NucleiNet,id4_00077,full,5,id_4/img_57f48663.tif,2.183,0.91421,0.841978,0.8533,0.984486,0.91421,0.971706,0.969396,2529245,434831,39858,13773282,2569103,2964076,16777216,0.15313,0.863678,0.810453,ok,70,5,0.028571,0.4,0.053333,0.027397,0.028571,0.4,0.053333,0.027397,0.050023,0.93793,0.053333
nucleonet,nucleus,sbiad2822_nuclei,NucleiNet,id4_00078,full,5,id_4/img_57f48663.tif,4.832,0.953682,0.911465,0.924909,0.984302,0.953682,0.981827,0.981246,3138851,254834,50058,13333473,3188909,3393685,16777216,0.190074,0.928729,0.821906,ok,289,6,0.013841,0.666667,0.027119,0.013746,0.00692,0.333333,0.013559,0.006826,0.02025,0.746714,0.027119
nucleonet,nucleus,sbiad2822_nuclei,NucleiNet,id4_00079,full,5,id_4/img_57f48663.tif,4.533,0.95569,0.91514,0.93206,0.98055,0.95569,0.973029,0.969857,4879854,355706,96795,11444861,4976649,5235560,16777216,0.296631,0.924163,0.80643,ok,274,8,0.007299,0.25,0.014184,0.007143,0.007299,0.25,0.014184,0.007143,0.01315,0.927042,0.014184
nucleonet,nucleus,sbiad2822_nuclei,NucleiNet,id4_00080,full,5,id_4/img_57f48663.tif,3.602,0.971281,0.944166,0.965232,0.977407,0.971281,0.994406,0.996227,1587087,57167,36686,15096276,1623773,1644254,16777216,0.096784,0.941646,0.808352,ok,199,5,0.01005,0.4,0.019608,0.009901,0.01005,0.4,0.019608,0.009901,0.016549,0.844016,0.019608
nucleonet,nucleus,sbiad2822_nuclei,NucleiNet,id4_00081,full,5,id_4/img_57f48663.tif,4.244,0.990413,0.981009,0.990824,0.990003,0.990413,0.994978,0.996744,4352533,40310,43951,12340422,4396484,4392843,16777216,0.262051,0.986892,0.919623,ok,233,8,0.017167,0.5,0.033195,0.016878,0.008584,0.25,0.016598,0.008368,0.025833,0.778222,0.033195
nucleonet,nucleus,sbiad2822_nuclei,NucleiNet,id4_00082,full,5,id_4/img_57f48663.tif,4.29,0.907577,0.830793,0.841427,0.985016,0.907577,0.953807,0.944472,3805113,717099,57885,12197119,3862998,4522212,16777216,0.230253,0.847842,0.715068,ok,236,4,0.0,0.0,0.0,0.0,0.0,0.0,0.0,0.0,0.0,0.0,0.0
nucleonet,nucleus,sbiad2822_nuclei,NucleiNet,id4_00083,full,5,id_4/img_57f48663.tif,7.662,0.964815,0.932022,0.942362,0.988364,0.964815,0.981988,0.979864,4143223,253411,48777,12331805,4192000,4396634,16777216,0.249863,0.919311,0.856608,ok,509,5,0.001965,0.2,0.003891,0.001949,0.0,0.0,0.0,0.0,0.00212,0.544772,0.003891
nucleonet,nucleus,sbiad2822_nuclei,NucleiNet,id4_00084,full,5,id_4/img_57f48663.tif,2.101,0.976698,0.954457,0.987111,0.966502,0.976698,0.995049,0.998482,1740861,22731,60337,14953287,1801198,1763592,16777216,0.10736,0.935384,0.870182,ok,67,6,0.029851,0.333333,0.054795,0.028169,0.029851,0.333333,0.054795,0.028169,0.049434,0.902169,0.054795
nucleonet,nucleus,sbiad2822_nuclei,NucleiNet,id4_00085,full,5,id_4/img_57f48663.tif,3.564,0.990723,0.981617,0.993516,0.987946,0.990723,0.994733,0.997434,4718986,30796,57577,11969857,4776563,4749782,16777216,0.284705,0.996379,0.89363,ok,180,6,0.005556,0.166667,0.010753,0.005405,0.0,0.0,0.0,0.0,0.005783,0.537786,0.010753
nucleonet,nucleus,sbiad2822_nuclei,NucleiNet,id5_00086,full,5,id_5/img_22668234.tiff,5.316,0.729897,0.574676,0.580947,0.981563,0.729897,0.844965,0.807904,3514415,2535044,66013,10661744,3580428,6049459,16777216,0.21341,0.730634,0.625794,ok,308,5,0.003247,0.2,0.00639,0.003205,0.0,0.0,0.0,0.0,0.003372,0.527784,0.00639
nucleonet,nucleus,sbiad2822_nuclei,NucleiNet,id5_00087,full,5,id_5/img_22668234.tiff,6.375,0.710787,0.551334,0.558201,0.978176,0.710787,0.814881,0.765399,3816481,3020629,85151,9854955,3901632,6837110,16777216,0.232555,0.597978,0.517575,ok,413,5,0.002421,0.2,0.004785,0.002398,0.002421,0.2,0.004785,0.002398,0.003867,0.808245,0.004785
nucleonet,nucleus,sbiad2822_nuclei,NucleiNet,id5_00088,full,5,id_5/img_22668234.tiff,5.959,0.980438,0.961627,0.97913,0.981749,0.980438,0.986496,0.988993,5677507,121013,105544,10873152,5783051,5798520,16777216,0.344697,0.876381,0.786641,ok,321,5,0.0,0.0,0.0,0.0,0.0,0.0,0.0,0.0,0.0,0.0,0.0
nucleonet,nucleus,sbiad2822_nuclei,NucleiNet,id5_00089,full,5,id_5/img_22668234.tiff,5.368,0.955025,0.913922,0.935553,0.975326,0.955025,0.975948,0.976168,4284417,295141,108388,12089270,4392805,4579558,16777216,0.261832,0.854232,0.733095,ok,316,7,0.006329,0.285714,0.012384,0.006231,0.003165,0.142857,0.006192,0.003106,0.010519,0.849408,0.012384
nucleonet,nucleus,sbiad2822_nuclei,NucleiNet,id5_00090,full,5,id_5/img_22668234.tiff,13.648,0.883564,0.791415,0.798727,0.988565,0.883564,0.917024,0.883594,5281941,1331011,61095,10103169,5343036,6612952,16777216,0.31847,0.813101,0.726317,ok,999,4,0.001001,0.25,0.001994,0.000998,0.001001,0.25,0.001994,0.000998,0.001506,0.755271,0.001994
nucleonet,nucleus,sbiad2822_nuclei,NucleiNet,id5_00091,full,5,id_5/img_22668234.tiff,8.017,0.778366,0.637152,0.641705,0.988986,0.778366,0.84968,0.798964,4428467,2472625,49319,9826805,4477786,6901092,16777216,0.266897,0.699418,0.642453,ok,540,4,0.0,0.0,0.0,0.0,0.0,0.0,0.0,0.0,0.0,0.0,0.0
nucleonet,nucleus,sbiad2822_nuclei,NucleiNet,id5_00092,full,5,id_5/img_22668234.tiff,14.107,0.872131,0.773255,0.78637,0.978886,0.872131,0.910766,0.880036,5105471,1386980,110121,10174644,5215592,6492451,16777216,0.310874,0.829919,0.636689,ok,1063,5,0.0,0.0,0.0,0.0,0.0,0.0,0.0,0.0,0.0,0.0,0.0
nucleonet,nucleus,sbiad2822_nuclei,NucleiNet,id5_00093,full,5,id_5/img_22668234.tiff,4.286,0.887666,0.79802,0.810796,0.980637,0.887666,0.924164,0.899318,5026899,1173053,99259,10478005,5126158,6199952,16777216,0.305543,0.81352,0.630867,ok,237,6,0.004219,0.166667,0.00823,0.004132,0.004219,0.166667,0.00823,0.004132,0.007357,0.893877,0.00823
nucleonet,nucleus,sbiad2822_nuclei,NucleiNet,id5_00094,full,5,id_5/img_22668234.tiff,8.667,0.774497,0.631983,0.639749,0.981153,0.774497,0.837292,0.780011,4687770,2639741,90047,9359658,4777817,7327511,16777216,0.28478,0.680434,0.599295,ok,548,5,0.001825,0.2,0.003617,0.001812,0.0,0.0,0.0,0.0,0.002384,0.659157,0.003617
nucleonet,nucleus,sbiad2822_nuclei,NucleiNet,id5_00095,full,5,id_5/img_22668234.tiff,11.289,0.784356,0.645218,0.656693,0.973632,0.784356,0.829501,0.76215,5202201,2719610,140887,8714518,5343088,7921811,16777216,0.318473,0.800639,0.639344,ok,818,7,0.001222,0.142857,0.002424,0.001214,0.001222,0.142857,0.002424,0.001214,0.001941,0.800514,0.002424
nucleonet,nucleus,sbiad2822_nuclei,NucleiNet,id5_00096,full,5,id_5/img_22668234.tiff,9.288,0.868869,0.768142,0.78061,0.97963,0.868869,0.919573,0.897135,4470353,1256388,92954,10957521,4563307,5726741,16777216,0.271994,0.778753,0.707201,ok,645,5,0.0,0.0,0.0,0.0,0.0,0.0,0.0,0.0,0.0,0.0,0.0
nucleonet,nucleus,sbiad2822_nuclei,NucleiNet,id5_00097,full,5,id_5/img_22668234.tiff,6.673,0.834822,0.716476,0.727108,0.98,0.834822,0.933288,0.923582,2828385,1061527,57722,12829582,2886107,3889912,16777216,0.172025,0.593963,0.523503,ok,432,4,0.002315,0.25,0.004587,0.002299,0.002315,0.25,0.004587,0.002299,0.003726,0.812273,0.004587
nucleonet,nucleus,sbiad2822_nuclei,NucleiNet,id5_00098,full,5,id_5/img_22668234.tiff,12.512,0.90706,0.829927,0.842389,0.982486,0.90706,0.936178,0.914685,5225108,977617,93143,10481348,5318251,6202725,16777216,0.316992,0.85363,0.686021,ok,908,5,0.001101,0.2,0.002191,0.001096,0.0,0.0,0.0,0.0,0.001349,0.61577,0.002191
nucleonet,nucleus,sbiad2822_nuclei,NucleiNet,id5_00099,full,5,id_5/img_22668234.tiff,4.998,0.989208,0.978647,0.991255,0.987169,0.989208,0.994477,0.996997,4247039,37466,55201,12437510,4302240,4284505,16777216,0.256433,0.93922,0.832243,ok,266,4,0.003759,0.25,0.007407,0.003717,0.0,0.0,0.0,0.0,0.005326,0.71898,0.007407
nucleonet,nucleus,sbiad2822_nuclei,NucleiNet,id5_00100,full,5,id_5/img_22668234.tiff,4.712,0.796021,0.661159,0.673618,0.972786,0.796021,0.942048,0.938005,1897125,919197,53072,13907822,1950197,2816322,16777216,0.116241,0.640739,0.530163,ok,250,4,0.004,0.25,0.007874,0.003953,0.0,0.0,0.0,0.0,0.004163,0.528646,0.007874
nucleonet,nucleus,sbiad2822_nuclei,NucleiNet,id5_00101,full,5,id_5/img_22668234.tiff,11.627,0.786793,0.648523,0.657181,0.98009,0.786793,0.855577,0.80908,4470804,2332200,90820,9883392,4561624,6803004,16777216,0.271894,0.76476,0.652153,ok,835,6,0.002395,0.333333,0.004756,0.002384,0.001198,0.166667,0.002378,0.00119,0.003651,0.767727,0.004756
nucleonet,nucleus,sbiad2822_nuclei,NucleiNet,id5_00102,full,5,id_5/img_22668234.tiff,6.606,0.787364,0.6493,0.657894,0.980277,0.787364,0.884182,0.857276,3597533,1870721,72381,11236581,3669914,5468254,16777216,0.218744,0.710483,0.64067,ok,417,7,0.009592,0.571429,0.018868,0.009524,0.007194,0.428571,0.014151,0.007126,0.015108,0.80074,0.018868
nucleonet,nucleus,sbiad2822_nuclei,NucleiNet,id5_00103,full,5,id_5/img_22668234.tiff,8.923,0.923147,0.857264,0.869358,0.984031,0.923147,0.945051,0.925382,5536775,832033,89852,10318556,5626627,6368808,16777216,0.335373,0.91631,0.76664,ok,619,8,0.001616,0.125,0.00319,0.001597,0.001616,0.125,0.00319,0.001597,0.002411,0.755955,0.00319
nucleonet,nucleus,sbiad2822_nuclei,NucleiNet,id5_00104,full,5,id_5/img_22668234.tiff,5.788,0.778877,0.637837,0.649829,0.971882,0.778877,0.893412,0.874627,3149447,1697132,91118,11839519,3240565,4846579,16777216,0.193153,0.774151,0.621145,ok,306,8,0.009804,0.375,0.019108,0.009646,0.009804,0.375,0.019108,0.009646,0.016825,0.880505,0.019108
nucleonet,nucleus,sbiad2822_nuclei,NucleiNet,id5_00105,full,5,id_5/img_22668234.tiff,3.476,0.872437,0.773737,0.787789,0.977466,0.872437,0.955581,0.951555,2548386,686472,58748,13483610,2607134,3234858,16777216,0.155397,0.790193,0.64027,ok,158,4,0.0,0.0,0.0,0.0,0.0,0.0,0.0,0.0,0.0,0.0,0.0
nucleonet,nucleus,sbiad2822_nuclei,NucleiNet,id6_00106,full,10,id_6/img_c69fbe8a.tif,2.732,0.893168,0.80696,0.843302,0.949303,0.893168,0.976992,0.980114,1613615,299834,86174,14777593,1699789,1913449,16777216,0.101315,0.81568,0.71442,ok,126,13,0.039683,0.384615,0.071942,0.037313,0.031746,0.307692,0.057554,0.02963,0.056401,0.783975,0.071942
nucleonet,nucleus,sbiad2822_nuclei,NucleiNet,id6_00107,full,10,id_6/img_c69fbe8a.tif,2.355,0.914384,0.842272,0.906088,0.922833,0.914384,0.977064,0.985363,2054861,212976,171827,14337552,2226688,2267837,16777216,0.132721,0.872503,0.631719,ok,60,16,0.183333,0.6875,0.289474,0.169231,0.116667,0.4375,0.184211,0.101449,0.226386,0.782061,0.289474
nucleonet,nucleus,sbiad2822_nuclei,NucleiNet,id6_00108,full,10,id_6/img_c69fbe8a.tif,2.562,0.86859,0.767706,0.854268,0.883401,0.86859,0.967771,0.979338,1787010,304851,235865,14449490,2022875,2091861,16777216,0.120573,0.852565,0.600057,ok,71,18,0.183099,0.722222,0.292135,0.171053,0.112676,0.444444,0.179775,0.098765,0.215413,0.737375,0.292135
nucleonet,nucleus,sbiad2822_nuclei,NucleiNet,id6_00109,full,10,id_6/img_c69fbe8a.tif,2.029,0.780325,0.639781,0.673371,0.927671,0.780325,0.964088,0.966777,1070093,519065,83434,15104624,1153527,1589158,16777216,0.068756,0.688204,0.548176,ok,51,9,0.078431,0.444444,0.133333,0.071429,0.019608,0.111111,0.033333,0.016949,0.078188,0.586412,0.133333
nucleonet,nucleus,sbiad2822_nuclei,NucleiNet,id6_00110,full,10,id_6/img_c69fbe8a.tif,2.354,0.687092,0.523336,0.53995,0.944471,0.687092,0.948718,0.948988,944605,804827,55537,14972247,1000142,1749432,16777216,0.059613,0.468113,0.440123,ok,55,5,0.036364,0.4,0.066667,0.034483,0.018182,0.2,0.033333,0.016949,0.052008,0.780126,0.066667
nucleonet,nucleus,sbiad2822_nuclei,NucleiNet,id6_00111,full,10,id_6/img_c69fbe8a.tif,1.902,0.917222,0.847101,0.902313,0.932632,0.917222,0.986202,0.990985,1282569,138854,92645,15263148,1375214,1421423,16777216,0.081969,0.780177,0.605653,ok,39,8,0.076923,0.375,0.12766,0.068182,0.076923,0.375,0.12766,0.068182,0.114743,0.898824,0.12766
nucleonet,nucleus,sbiad2822_nuclei,NucleiNet,id6_00112,full,10,id_6/img_c69fbe8a.tif,2.228,0.898972,0.816484,0.872347,0.927273,0.898972,0.976555,0.982801,1750021,256085,137255,14633855,1887276,2006106,16777216,0.11249,0.864876,0.651611,ok,61,15,0.098361,0.4,0.157895,0.085714,0.065574,0.266667,0.105263,0.055556,0.118653,0.751466,0.157895
nucleonet,nucleus,sbiad2822_nuclei,NucleiNet,id6_00113,full,10,id_6/img_c69fbe8a.tif,2.351,0.849503,0.738379,0.791856,0.916201,0.849503,0.963479,0.969472,1729295,454555,158167,14435199,1887462,2183850,16777216,0.112502,0.798091,0.566929,ok,68,16,0.073529,0.3125,0.119048,0.063291,0.073529,0.3125,0.119048,0.063291,0.104467,0.877523,0.119048
nucleonet,nucleus,sbiad2822_nuclei,NucleiNet,id6_00114,full,10,id_6/img_c69fbe8a.tif,3.651,0.770769,0.627034,0.677676,0.893513,0.770769,0.941471,0.947406,1650869,785205,196748,14144394,1847617,2436074,16777216,0.110127,0.619219,0.53273,ok,99,14,0.060606,0.428571,0.106195,0.056075,0.030303,0.214286,0.053097,0.027273,0.078048,0.734956,0.106195
nucleonet,nucleus,sbiad2822_nuclei,NucleiNet,id6_00115,full,10,id_6/img_c69fbe8a.tif,1.973,0.577539,0.406014,0.423379,0.908247,0.577539,0.925474,0.926498,854656,1163999,86339,14672222,940995,2018655,16777216,0.056088,0.513354,0.359639,ok,45,8,0.133333,0.75,0.226415,0.12766,0.066667,0.375,0.113208,0.06,0.16771,0.740719,0.226415
nucleonet,nucleus,sbiad2822_nuclei,NucleiNet,id6_00116,full,10,id_6/img_c69fbe8a.tif,2.193,0.542404,0.372122,0.382952,0.92937,0.542404,0.954563,0.955315,451789,727964,34335,15563128,486124,1179753,16777216,0.028975,0.350179,0.330769,ok,58,5,0.017241,0.2,0.031746,0.016129,0.017241,0.2,0.031746,0.016129,0.028441,0.895888,0.031746
nucleonet,nucleus,sbiad2822_nuclei,NucleiNet,id6_00117,full,10,id_6/img_c69fbe8a.tif,2.196,0.888695,0.799686,0.857982,0.921689,0.888695,0.97733,0.983389,1518355,251327,129006,14878528,1647361,1769682,16777216,0.09819,0.87902,0.635118,ok,62,13,0.080645,0.384615,0.133333,0.071429,0.080645,0.384615,0.133333,0.071429,0.117502,0.881265,0.133333
nucleonet,nucleus,sbiad2822_nuclei,NucleiNet,id6_00118,full,10,id_6/img_c69fbe8a.tif,1.948,0.818104,0.692196,0.742048,0.911531,0.818104,0.972783,0.977192,1026860,356959,99662,15293735,1126522,1383819,16777216,0.067146,0.727267,0.514557,ok,42,13,0.166667,0.538462,0.254545,0.145833,0.095238,0.307692,0.145455,0.078431,0.19292,0.757899,0.254545
nucleonet,nucleus,sbiad2822_nuclei,NucleiNet,id6_00119,full,10,id_6/img_c69fbe8a.tif,3.539,0.937701,0.882709,0.946512,0.929052,0.937701,0.977178,0.988093,2881533,162837,220051,13512795,3101584,3044370,16777216,0.184869,0.917523,0.679772,ok,145,22,0.089655,0.590909,0.155689,0.084416,0.062069,0.409091,0.107784,0.056962,0.120113,0.771496,0.155689
nucleonet,nucleus,sbiad2822_nuclei,NucleiNet,id6_00120,full,10,id_6/img_c69fbe8a.tif,2.551,0.860316,0.754872,0.816836,0.908685,0.860316,0.97132,0.978063,1481786,332269,148907,14814254,1630693,1814055,16777216,0.097197,0.863689,0.604088,ok,79,17,0.113924,0.529412,0.1875,0.103448,0.063291,0.294118,0.104167,0.054945,0.138927,0.740946,0.1875
nucleonet,nucleus,sbiad2822_nuclei,NucleiNet,id6_00121,full,10,id_6/img_c69fbe8a.tif,2.537,0.553675,0.382815,0.395557,0.922387,0.553675,0.931455,0.931894,713291,1089968,60019,14913938,773310,1803259,16777216,0.046093,0.460219,0.40489,ok,77,9,0.064935,0.555556,0.116279,0.061728,0.025974,0.222222,0.046512,0.02381,0.082952,0.713387,0.116279
nucleonet,nucleus,sbiad2822_nuclei,NucleiNet,id6_00122,full,10,id_6/img_c69fbe8a.tif,2.387,0.909554,0.834112,0.897417,0.922023,0.909554,0.979072,0.986422,1765430,201804,149305,14660677,1914735,1967234,16777216,0.114127,0.910441,0.641476,ok,80,13,0.0875,0.538462,0.150538,0.081395,0.075,0.461538,0.129032,0.068966,0.126701,0.841659,0.150538
nucleonet,nucleus,sbiad2822_nuclei,NucleiNet,id6_00123,full,10,id_6/img_c69fbe8a.tif,1.978,0.7353,0.581402,0.622208,0.898633,0.7353,0.965466,0.969234,804732,488616,90775,15393093,895507,1293348,16777216,0.053376,0.618247,0.514574,ok,44,10,0.159091,0.7,0.259259,0.148936,0.113636,0.5,0.185185,0.102041,0.208854,0.805579,0.259259
nucleonet,nucleus,sbiad2822_nuclei,NucleiNet,id6_00124,full,10,id_6/img_c69fbe8a.tif,2.485,0.902884,0.822961,0.900344,0.905438,0.902884,0.974646,0.985003,1977311,218863,206506,14374536,2183817,2196174,16777216,0.130166,0.914869,0.618165,ok,71,20,0.15493,0.55,0.241758,0.1375,0.112676,0.4,0.175824,0.096386,0.195378,0.808153,0.241758
nucleonet,nucleus,sbiad2822_nuclei,NucleiNet,id6_00125,full,10,id_6/img_c69fbe8a.tif,2.003,0.874438,0.77689,0.829955,0.923959,0.874438,0.973277,0.9788,1561132,319853,128479,14767752,1689611,1880985,16777216,0.100709,0.847421,0.627635,ok,51,13,0.078431,0.307692,0.125,0.066667,0.058824,0.230769,0.09375,0.04918,0.102929,0.823434,0.125
nucleonet,nucleus,sbiad2822_nuclei,NucleiNet,id7_00126,full,10,id_7/img_4ff7ad90.tif,2.262,0.885776,0.794971,0.821168,0.961417,0.885776,0.970732,0.971978,1903933,414633,76407,14382243,1980340,2318566,16777216,0.118037,0.770315,0.66646,ok,65,13,0.107692,0.538462,0.179487,0.098592,0.046154,0.230769,0.076923,0.04,0.132271,0.736936,0.179487
nucleonet,nucleus,sbiad2822_nuclei,NucleiNet,id7_00127,full,10,id_7/img_4ff7ad90.tif,1.863,0.791224,0.654567,0.670675,0.964605,0.791224,0.971154,0.971547,917051,450304,33650,15376211,950701,1367355,16777216,0.056666,0.723226,0.607048,ok,39,8,0.153846,0.75,0.255319,0.146341,0.076923,0.375,0.12766,0.068182,0.184836,0.723939,0.255319
nucleonet,nucleus,sbiad2822_nuclei,NucleiNet,id7_00128,full,10,id_7/img_4ff7ad90.tif,1.946,0.843712,0.729673,0.748086,0.967367,0.843712,0.976915,0.977572,1045431,352043,35266,15344476,1080697,1397474,16777216,0.064415,0.700658,0.606013,ok,38,7,0.078947,0.428571,0.133333,0.071429,0.026316,0.142857,0.044444,0.022727,0.09956,0.7467,0.133333
nucleonet,nucleus,sbiad2822_nuclei,NucleiNet,id7_00129,full,10,id_7/img_4ff7ad90.tif,1.706,0.886882,0.796755,0.82357,0.960739,0.886882,0.977771,0.97947,1462002,313198,59745,14942271,1521747,1775200,16777216,0.090703,0.836659,0.69665,ok,33,11,0.212121,0.636364,0.318182,0.189189,0.151515,0.454545,0.227273,0.128205,0.259879,0.816762,0.318182
nucleonet,nucleus,sbiad2822_nuclei,NucleiNet,id7_00130,full,10,id_7/img_4ff7ad90.tif,2.086,0.857649,0.750775,0.783457,0.947361,0.857649,0.970882,0.973282,1471651,406755,81770,14817040,1553421,1878406,16777216,0.092591,0.848051,0.682952,ok,40,17,0.275,0.647059,0.385965,0.23913,0.225,0.529412,0.315789,0.1875,0.330826,0.857139,0.385965
nucleonet,nucleus,sbiad2822_nuclei,NucleiNet,id7_00131,full,10,id_7/img_4ff7ad90.tif,2.329,0.876741,0.780533,0.809023,0.95683,0.876741,0.965152,0.96639,2079332,490844,93815,14113225,2173147,2570176,16777216,0.12953,0.812452,0.677175,ok,59,17,0.186441,0.647059,0.289474,0.169231,0.101695,0.352941,0.157895,0.085714,0.225742,0.779837,0.289474
nucleonet,nucleus,sbiad2822_nuclei,NucleiNet,id7_00132,full,10,id_7/img_4ff7ad90.tif,2.043,0.963571,0.929703,0.960102,0.967065,0.963571,0.990929,0.994309,2012687,83639,68545,14612345,2081232,2096326,16777216,0.124051,0.919329,0.787937,ok,52,14,0.115385,0.428571,0.181818,0.1,0.057692,0.214286,0.090909,0.047619,0.138749,0.76312,0.181818
nucleonet,nucleus,sbiad2822_nuclei,NucleiNet,id7_00133,full,10,id_7/img_4ff7ad90.tif,2.053,0.812411,0.684084,0.706417,0.955827,0.812411,0.957903,0.958122,1529342,635587,70677,14541610,1600019,2164929,16777216,0.095369,0.754572,0.647506,ok,44,16,0.25,0.6875,0.366667,0.22449,0.181818,0.5,0.266667,0.153846,0.297732,0.811995,0.366667
nucleonet,nucleus,sbiad2822_nuclei,NucleiNet,id7_00134,full,10,id_7/img_4ff7ad90.tif,2.071,0.758409,0.610837,0.627738,0.957783,0.758409,0.940571,0.938714,1564978,928065,68980,14215193,1633958,2493043,16777216,0.097391,0.721826,0.624462,ok,52,16,0.134615,0.4375,0.205882,0.114754,0.076923,0.25,0.117647,0.0625,0.163397,0.793642,0.205882
nucleonet,nucleus,sbiad2822_nuclei,NucleiNet,id8_00135,full,10,id_8/img_ee855e08.tif,2.237,0.83416,0.715501,0.751371,0.937452,0.83416,0.959444,0.962128,1711237,566250,114175,14385554,1825412,2277487,16777216,0.108803,0.80039,0.626707,ok,70,15,0.1,0.466667,0.164706,0.089744,0.057143,0.266667,0.094118,0.049383,0.12757,0.774535,0.164706
nucleonet,nucleus,sbiad2822_nuclei,NucleiNet,id8_00136,full,10,id_8/img_ee855e08.tif,2.373,0.967677,0.937379,0.985221,0.950748,0.967677,0.99226,0.998021,1943918,29161,100702,14703435,2044620,1973079,16777216,0.121869,0.962057,0.740212,ok,79,16,0.063291,0.3125,0.105263,0.055556,0.050633,0.25,0.084211,0.043956,0.086002,0.817021,0.105263
nucleonet,nucleus,sbiad2822_nuclei,NucleiNet,id8_00137,full,10,id_8/img_ee855e08.tif,2.094,0.856936,0.749683,0.789961,0.936319,0.856936,0.971453,0.974984,1434374,381379,97554,14863909,1531928,1815753,16777216,0.09131,0.817426,0.652706,ok,50,15,0.18,0.6,0.276923,0.160714,0.1,0.333333,0.153846,0.083333,0.222796,0.80454,0.276923
nucleonet,nucleus,sbiad2822_nuclei,NucleiNet,id8_00138,full,10,id_8/img_ee855e08.tif,2.274,0.958811,0.92088,0.965803,0.951919,0.958811,0.987705,0.994036,2400940,85012,121271,14169993,2522211,2485952,16777216,0.150335,0.93307,0.770566,ok,68,20,0.161765,0.55,0.25,0.142857,0.102941,0.35,0.159091,0.08642,0.195584,0.782335,0.25
nucleonet,nucleus,sbiad2822_nuclei,NucleiNet,id8_00139,full,10,id_8/img_ee855e08.tif,2.357,0.974759,0.950761,0.995054,0.955275,0.974759,0.992113,0.9991,2555074,12699,119627,14089816,2674701,2567773,16777216,0.159425,0.980096,0.816636,ok,70,20,0.128571,0.45,0.2,0.111111,0.085714,0.3,0.133333,0.071429,0.164354,0.821771,0.2
nucleonet,nucleus,sbiad2822_nuclei,NucleiNet,id8_00140,full,10,id_8/img_ee855e08.tif,2.349,0.850729,0.740233,0.777445,0.939267,0.850729,0.962253,0.965226,1804612,516598,116686,14339320,1921298,2321210,16777216,0.114518,0.833006,0.663914,ok,71,19,0.126761,0.473684,0.2,0.111111,0.098592,0.368421,0.155556,0.084337,0.166983,0.834913,0.2
nucleonet,nucleus,sbiad2822_nuclei,NucleiNet,id8_00141,full,10,id_8/img_ee855e08.tif,2.087,0.860281,0.754818,0.792586,0.940619,0.860281,0.962272,0.965322,1948671,509953,123020,14195572,2071691,2458624,16777216,0.123482,0.832303,0.679108,ok,51,18,0.196078,0.555556,0.289855,0.169492,0.098039,0.277778,0.144928,0.078125,0.219887,0.758608,0.289855
nucleonet,nucleus,sbiad2822_nuclei,NucleiNet,id8_00142,full,10,id_8/img_ee855e08.tif,2.191,0.89476,0.809561,0.847886,0.94712,0.89476,0.971921,0.975497,2002612,359277,111811,14303516,2114423,2361889,16777216,0.126029,0.863964,0.714985,ok,59,17,0.186441,0.647059,0.289474,0.169231,0.067797,0.235294,0.105263,0.055556,0.207735,0.71763,0.289474
nucleonet,nucleus,sbiad2822_nuclei,NucleiNet,id8_00143,full,10,id_8/img_ee855e08.tif,2.102,0.959485,0.922124,0.973753,0.945628,0.959485,0.98933,0.996069,2119677,57135,121877,14478527,2241554,2176812,16777216,0.133607,0.913688,0.761672,ok,53,19,0.169811,0.473684,0.25,0.142857,0.113208,0.315789,0.166667,0.090909,0.201526,0.806105,0.25
nucleonet,nucleus,sbiad2822_nuclei,NucleiNet,id8_00144,full,10,id_8/img_ee855e08.tif,2.557,0.962229,0.927208,0.970986,0.953629,0.962229,0.988688,0.994928,2417426,72235,117549,14170006,2534975,2489661,16777216,0.151096,0.952272,0.762566,ok,78,21,0.128205,0.47619,0.20202,0.11236,0.102564,0.380952,0.161616,0.087912,0.174032,0.861458,0.20202
nucleonet,nucleus,sbiad2822_nuclei,NucleiNet,id8_00145,full,10,id_8/img_ee855e08.tif,2.406,0.930381,0.869825,0.904142,0.958189,0.930381,0.97712,0.980714,2564953,271938,111923,13828402,2676876,2836891,16777216,0.159554,0.89935,0.782508,ok,67,21,0.164179,0.52381,0.25,0.142857,0.119403,0.380952,0.181818,0.1,0.204208,0.816831,0.25
nucleonet,nucleus,sbiad2822_nuclei,NucleiNet,id8_00146,full,10,id_8/img_ee855e08.tif,2.543,0.945887,0.897331,0.943645,0.948141,0.945887,0.982083,0.988798,2627217,156900,143697,13849402,2770914,2784117,16777216,0.165159,0.944652,0.754812,ok,83,23,0.108434,0.391304,0.169811,0.092784,0.072289,0.26087,0.113208,0.06,0.136404,0.803271,0.169811
nucleonet,nucleus,sbiad2822_nuclei,NucleiNet,id8_00147,full,10,id_8/img_ee855e08.tif,2.305,0.906759,0.829423,0.863431,0.954666,0.906759,0.972137,0.975026,2273057,359531,107940,14036688,2380997,2632588,16777216,0.141918,0.858536,0.721553,ok,68,15,0.132353,0.6,0.216867,0.121622,0.132353,0.6,0.216867,0.121622,0.195839,0.903034,0.216867
nucleonet,nucleus,sbiad2822_nuclei,NucleiNet,id8_00148,full,10,id_8/img_ee855e08.tif,1.92,0.886049,0.79541,0.847069,0.928788,0.886049,0.980025,0.9847,1302883,235224,99894,15139215,1402777,1538107,16777216,0.083612,0.884858,0.686193,ok,35,17,0.342857,0.705882,0.461538,0.3,0.171429,0.352941,0.230769,0.130435,0.33656,0.729214,0.461538
nucleonet,nucleus,sbiad2822_nuclei,NucleiNet,id8_00149,full,10,id_8/img_ee855e08.tif,1.943,0.969204,0.940248,0.996558,0.943311,0.969204,0.992325,0.999522,2026102,6997,121760,14622357,2147862,2033099,16777216,0.128023,0.992295,0.77911,ok,39,19,0.282051,0.578947,0.37931,0.234043,0.179487,0.368421,0.241379,0.137255,0.304761,0.80346,0.37931
nucleonet,nucleus,sbiad2822_nuclei,NucleiNet,id8_00150,full,10,id_8/img_ee855e08.tif,2.117,0.887835,0.798294,0.844536,0.935813,0.887835,0.971952,0.976816,1862352,342825,127737,14444302,1990089,2205177,16777216,0.118619,0.847478,0.674177,ok,57,19,0.192982,0.578947,0.289474,0.169231,0.105263,0.315789,0.157895,0.085714,0.224559,0.775748,0.289474
nucleonet,nucleus,sbiad2822_nuclei,NucleiNet,id8_00151,full,10,id_8/img_ee855e08.tif,2.545,0.954933,0.913753,0.953908,0.95596,0.954933,0.988597,0.993318,2026939,97939,93379,14558959,2120318,2124878,16777216,0.126381,0.946855,0.766172,ok,72,17,0.111111,0.470588,0.179775,0.098765,0.083333,0.352941,0.134831,0.072289,0.144126,0.801701,0.179775
nucleonet,nucleus,sbiad2822_nuclei,NucleiNet,id8_00152,full,10,id_8/img_ee855e08.tif,2.524,0.669235,0.502895,0.519911,0.938895,0.669235,0.949245,0.949844,861441,795459,56064,15064252,917505,1656900,16777216,0.054688,0.624049,0.549094,ok,71,11,0.084507,0.545455,0.146341,0.078947,0.056338,0.363636,0.097561,0.051282,0.11528,0.787747,0.146341
nucleonet,nucleus,sbiad2822_nuclei,NucleiNet,id8_00153,full,10,id_8/img_ee855e08.tif,2.247,0.889587,0.801132,0.833838,0.953325,0.889587,0.977278,0.979822,1535682,306021,75187,14860326,1610869,1841703,16777216,0.096015,0.871878,0.769294,ok,46,16,0.26087,0.75,0.387097,0.24,0.173913,0.5,0.258065,0.148148,0.310618,0.80243,0.387097
nucleonet,nucleus,sbiad2822_nuclei,NucleiNet,id8_00154,full,10,id_8/img_ee855e08.tif,2.075,0.938611,0.884323,0.924749,0.952894,0.938611,0.98882,0.99236,1433972,116688,70888,15155668,1504860,1550660,16777216,0.089697,0.930249,0.814942,ok,50,18,0.22,0.611111,0.323529,0.192982,0.18,0.5,0.264706,0.152542,0.281891,0.8713,0.323529
nucleonet,nucleus,sbiad2822_nuclei,NucleiNet,id9_00155,full,10,id_9/img_387a5d97.tif,2.058,0.917285,0.847209,0.887899,0.948684,0.917285,0.980219,0.984342,1840159,232329,99537,14605191,1939696,2072488,16777216,0.115615,0.85522,0.709193,ok,49,14,0.183673,0.642857,0.285714,0.166667,0.102041,0.357143,0.15873,0.086207,0.220114,0.7704,0.285714
nucleonet,nucleus,sbiad2822_nuclei,NucleiNet,id9_00156,full,10,id_9/img_387a5d97.tif,2.334,0.932085,0.872808,0.924639,0.939651,0.932085,0.98007,0.986954,2294534,187012,147365,14148305,2441899,2481546,16777216,0.145549,0.920283,0.70021,ok,53,16,0.169811,0.5625,0.26087,0.15,0.132075,0.4375,0.202899,0.112903,0.208164,0.797961,0.26087
nucleonet,nucleus,sbiad2822_nuclei,NucleiNet,id9_00157,full,10,id_9/img_387a5d97.tif,2.077,0.907672,0.830952,0.863737,0.956316,0.907672,0.977959,0.980724,1817707,286762,83031,14589716,1900738,2104469,16777216,0.113293,0.884575,0.721606,ok,52,14,0.153846,0.571429,0.242424,0.137931,0.076923,0.285714,0.121212,0.064516,0.183135,0.755432,0.242424
nucleonet,nucleus,sbiad2822_nuclei,NucleiNet,id9_00158,full,10,id_9/img_387a5d97.tif,1.893,0.928708,0.866904,0.906616,0.951903,0.928708,0.983455,0.987483,1807961,186225,91352,14691678,1899313,1994186,16777216,0.113208,0.909842,0.712135,ok,42,15,0.119048,0.333333,0.175439,0.096154,0.02381,0.066667,0.035088,0.017857,0.115303,0.657227,0.175439
nucleonet,nucleus,sbiad2822_nuclei,NucleiNet,id9_00159,full,10,id_9/img_387a5d97.tif,2.136,0.958899,0.921043,0.978766,0.939822,0.958899,0.985942,0.99569,2751287,59688,176167,13790074,2927454,2810975,16777216,0.17449,0.969452,0.794533,ok,62,24,0.274194,0.708333,0.395349,0.246377,0.193548,0.5,0.27907,0.162162,0.32328,0.817709,0.395349
nucleonet,nucleus,sbiad2822_nuclei,NucleiNet,id9_00160,full,10,id_9/img_387a5d97.tif,2.807,0.947109,0.899532,0.944235,0.950002,0.947109,0.984769,0.990596,2287959,135124,120415,14233718,2408374,2423083,16777216,0.14355,0.943701,0.791377,ok,55,20,0.236364,0.65,0.346667,0.209677,0.163636,0.45,0.24,0.136364,0.29165,0.841297,0.346667
nucleonet,nucleus,sbiad2822_nuclei,NucleiNet,id9_00161,full,10,id_9/img_387a5d97.tif,1.923,0.879647,0.785151,0.821112,0.947168,0.879647,0.976334,0.979265,1450975,316111,80934,14929196,1531909,1767086,16777216,0.091309,0.842558,0.70427,ok,44,13,0.227273,0.769231,0.350877,0.212766,0.159091,0.538462,0.245614,0.14,0.290165,0.826971,0.350877
nucleonet,nucleus,sbiad2822_nuclei,NucleiNet,id9_00162,full,10,id_9/img_387a5d97.tif,2.513,0.942526,0.8913,0.94035,0.944713,0.942526,0.978668,0.986384,2934522,186149,171737,13484808,3106259,3120671,16777216,0.185147,0.932362,0.774633,ok,86,22,0.127907,0.5,0.203704,0.113402,0.081395,0.318182,0.12963,0.069307,0.162147,0.795996,0.203704
nucleonet,nucleus,sbiad2822_nuclei,NucleiNet,id9_00163,full,10,id_9/img_387a5d97.tif,2.508,0.926966,0.863873,0.91202,0.94241,0.926966,0.981161,0.986791,2005801,193495,122573,14455347,2128374,2199296,16777216,0.126861,0.910745,0.744524,ok,71,18,0.15493,0.611111,0.247191,0.141026,0.084507,0.333333,0.134831,0.072289,0.188144,0.761129,0.247191
nucleonet,nucleus,segapp_islet_nucleus,IsletSEM,25237R_1_00000,full,5.0,25237R_1 (6ced5b1b-078c-43f2-9851-6ebcc2f69fd5),1.641,0.958726,0.920724,0.942784,0.975216,0.958726,0.995156,0.996376,943941,57286,23989,15752000,967930,1001227,16777216,0.057693,0.917224,0.636244,ok,23,2,0.043478,0.5,0.08,0.041667,0.043478,0.5,0.08,0.041667,0.061511,0.768888,0.08
nucleonet,nucleus,segapp_islet_nucleus,IsletSEM,25237R_1_00001,full,5.0,25237R_1 (6ced5b1b-078c-43f2-9851-6ebcc2f69fd5),1.936,0.960934,0.924805,0.935324,0.987986,0.960934,0.984712,0.983943,3154445,218125,38359,13366287,3192804,3372570,16777216,0.190306,0.74802,0.666409,ok,47,4,0.0,0.0,0.0,0.0,0.0,0.0,0.0,0.0,0.0,0.0,0.0
nucleonet,nucleus,segapp_islet_nucleus,IsletSEM,25237R_1_00002,full,5.0,25237R_1 (6ced5b1b-078c-43f2-9851-6ebcc2f69fd5),1.685,0.967406,0.936869,0.97528,0.959658,0.967406,0.997548,0.999041,610611,15477,25669,16125459,636280,626088,16777216,0.037925,0.855406,0.617334,ok,22,2,0.045455,0.5,0.083333,0.043478,0.0,0.0,0.0,0.0,0.046635,0.559624,0.083333
nucleonet,nucleus,segapp_islet_nucleus,IsletSEM,25237R_1_00003,full,5.0,25237R_1 (6ced5b1b-078c-43f2-9851-6ebcc2f69fd5),1.545,0.986027,0.97244,0.992319,0.979815,0.986027,0.996888,0.999043,1842064,14259,37948,14882945,1880012,1856323,16777216,0.112057,0.990126,0.826107,ok,21,4,0.142857,0.75,0.24,0.136364,0.095238,0.5,0.16,0.086957,0.186449,0.77687,0.24
nucleonet,nucleus,segapp_islet_nucleus,IsletSEM,25237R_1_00004,full,5.0,25237R_1 (6ced5b1b-078c-43f2-9851-6ebcc2f69fd5),1.747,0.973388,0.948156,0.962305,0.98473,0.973388,0.989366,0.990507,3262896,127813,50598,13335909,3313494,3390709,16777216,0.1975,0.76698,0.730013,ok,29,3,0.068966,0.666667,0.125,0.066667,0.034483,0.333333,0.0625,0.032258,0.091392,0.73114,0.125
nucleonet,nucleus,segapp_islet_nucleus,IsletSEM,25237R_1_00005,full,5.0,25237R_1 (6ced5b1b-078c-43f2-9851-6ebcc2f69fd5),1.713,0.964317,0.931093,0.946411,0.982914,0.964317,0.984404,0.984811,3535583,200198,61460,12979975,3597043,3735781,16777216,0.2144,0.792753,0.663131,ok,27,4,0.037037,0.25,0.064516,0.033333,0.0,0.0,0.0,0.0,0.039363,0.610123,0.064516
nucleonet,nucleus,segapp_islet_nucleus,IsletSEM,25237R_1_00006,full,5.0,25237R_1 (6ced5b1b-078c-43f2-9851-6ebcc2f69fd5),1.924,0.961622,0.926081,0.940432,0.983788,0.961622,0.98562,0.986031,3022531,191449,49808,13513428,3072339,3213980,16777216,0.183126,0.778979,0.639449,ok,45,4,0.044444,0.5,0.081633,0.042553,0.022222,0.25,0.040816,0.020833,0.055486,0.679704,0.081633
nucleonet,nucleus,segapp_islet_nucleus,IsletSEM,25237R_1_00007,full,5.0,25237R_1 (6ced5b1b-078c-43f2-9851-6ebcc2f69fd5),1.695,0.979001,0.958866,0.976453,0.981563,0.979001,0.989136,0.991769,4248769,102460,79804,12346183,4328573,4351229,16777216,0.258003,0.84533,0.683508,ok,29,4,0.034483,0.25,0.060606,0.03125,0.0,0.0,0.0,0.0,0.037065,0.611565,0.060606
nucleonet,nucleus,segapp_islet_nucleus,IsletSEM,25237R_1_00008,full,5.0,25237R_1 (6ced5b1b-078c-43f2-9851-6ebcc2f69fd5),3.308,0.981417,0.963512,0.998344,0.965054,0.981417,0.996438,0.999827,1578017,2617,57143,15139439,1635160,1580634,16777216,0.097463,0.982301,0.688394,ok,124,3,0.008065,0.333333,0.015748,0.007937,0.0,0.0,0.0,0.0,0.008184,0.519661,0.015748
nucleonet,nucleus,segapp_islet_nucleus,IsletSEM,25237R_1_00009,full,5.0,25237R_1 (6ced5b1b-078c-43f2-9851-6ebcc2f69fd5),1.424,0.979091,0.959039,0.976615,0.98158,0.979091,0.996026,0.997539,1561054,37380,29294,15149488,1590348,1598434,16777216,0.094792,0.970334,0.78672,ok,5,3,0.6,1.0,0.75,0.6,0.4,0.666667,0.5,0.333333,0.646553,0.86207,0.75
nucleonet,nucleus,segapp_islet_nucleus,IsletSEM,25237R_1_00010,full,5.0,25237R_1 (6ced5b1b-078c-43f2-9851-6ebcc2f69fd5),6.87,0.784427,0.645314,0.673976,0.938174,0.784427,0.925966,0.92392,2259834,1093156,148924,13275302,2408758,3352990,16777216,0.143573,0.508514,0.484049,ok,385,5,0.002597,0.2,0.005128,0.002571,0.002597,0.2,0.005128,0.002571,0.004427,0.863255,0.005128
nucleonet,nucleus,segapp_islet_nucleus,IsletSEM,25237R_1_00011,full,5.0,25237R_1 (6ced5b1b-078c-43f2-9851-6ebcc2f69fd5),1.935,0.974008,0.949332,0.975579,0.972441,0.974008,0.994417,0.997066,1754964,43931,49735,14928586,1804699,1798895,16777216,0.107568,0.904538,0.712088,ok,23,4,0.043478,0.25,0.074074,0.038462,0.043478,0.25,0.074074,0.038462,0.071246,0.961826,0.074074
nucleonet,nucleus,segapp_islet_nucleus,IsletSEM,25237R_1_00012,full,5.0,25237R_1 (6ced5b1b-078c-43f2-9851-6ebcc2f69fd5),1.327,0.986766,0.973877,0.991825,0.981758,0.986766,0.998353,0.99946,1029873,8489,19136,15719718,1049009,1038362,16777216,0.062526,0.996817,0.707456,ok,7,2,0.142857,0.5,0.222222,0.125,0.142857,0.5,0.222222,0.125,0.215018,0.967581,0.222222
nucleonet,nucleus,segapp_islet_nucleus,IsletSEM,25237R_1_00013,full,5.0,25237R_1 (6ced5b1b-078c-43f2-9851-6ebcc2f69fd5),1.526,0.944288,0.894457,0.921883,0.96781,0.944288,0.987385,0.989816,1793633,151986,59657,14771940,1853290,1945619,16777216,0.110465,0.721311,0.549379,ok,22,3,0.136364,1.0,0.24,0.136364,0.090909,0.666667,0.16,0.086957,0.194613,0.810885,0.24
nucleonet,nucleus,segapp_islet_nucleus,IsletSEM,25237R_1_00014,full,5.0,25237R_1 (6ced5b1b-078c-43f2-9851-6ebcc2f69fd5),6.31,0.974322,0.94993,0.977292,0.971371,0.974322,0.988728,0.993628,3587851,83367,105744,13000254,3693595,3671218,16777216,0.220155,0.933596,0.685688,ok,343,5,0.0,0.0,0.0,0.0,0.0,0.0,0.0,0.0,0.0,0.0,0.0
nucleonet,nucleus,segapp_islet_nucleus,IsletSEM,25237R_1_00015,full,5.0,25237R_1 (6ced5b1b-078c-43f2-9851-6ebcc2f69fd5),2.325,0.988778,0.977806,0.997819,0.9799,0.988778,0.992474,0.998905,5562971,12160,114109,11087976,5677080,5575131,16777216,0.33838,0.991411,0.75407,ok,59,6,0.033898,0.333333,0.061538,0.031746,0.0,0.0,0.0,0.0,0.039131,0.635882,0.061538
nucleonet,nucleus,segapp_islet_nucleus,IsletSEM,25237R_1_00016,full,5.0,25237R_1 (6ced5b1b-078c-43f2-9851-6ebcc2f69fd5),2.669,0.95123,0.906996,0.936717,0.9662,0.95123,0.98483,0.988199,2481978,167677,86826,14040735,2568804,2649655,16777216,0.153113,0.9147,0.594202,ok,88,4,0.011364,0.25,0.021739,0.010989,0.0,0.0,0.0,0.0,0.014913,0.686009,0.021739
nucleonet,nucleus,segapp_islet_nucleus,IsletSEM,25237R_1_00017,full,5.0,25237R_1 (6ced5b1b-078c-43f2-9851-6ebcc2f69fd5),2.007,0.847594,0.735499,0.76232,0.954348,0.847594,0.975967,0.977594,1121223,349581,53634,15252778,1174857,1470804,16777216,0.070027,0.598679,0.398402,ok,52,2,0.0,0.0,0.0,0.0,0.0,0.0,0.0,0.0,0.0,0.0,0.0
nucleonet,nucleus,segapp_islet_nucleus,IsletSEM,25237R_1_00018,full,5.0,25237R_1 (6ced5b1b-078c-43f2-9851-6ebcc2f69fd5),1.663,0.961309,0.9255,0.951041,0.9718,0.961309,0.992412,0.994626,1581578,81418,45894,15068326,1627472,1662996,16777216,0.097005,0.870946,0.675655,ok,26,4,0.115385,0.75,0.2,0.111111,0.038462,0.25,0.066667,0.034483,0.145203,0.726013,0.2
nucleonet,nucleus,segapp_islet_nucleus,IsletSEM,25237R_1_00019,full,5.0,25237R_1 (6ced5b1b-078c-43f2-9851-6ebcc2f69fd5),1.417,0.972843,0.947122,0.973884,0.971804,0.972843,0.994113,0.996828,1769180,47442,51332,14909262,1820512,1816622,16777216,0.108511,0.901199,0.645938,ok,16,2,0.0,0.0,0.0,0.0,0.0,0.0,0.0,0.0,0.0,0.0,0.0
nucleonet,nucleus,segapp_islet_nucleus,IsletSEM,25237R_1_00020,full,5.0,25237R_1 (6ced5b1b-078c-43f2-9851-6ebcc2f69fd5),2.786,0.971061,0.943751,0.958889,0.983546,0.971061,0.990637,0.991985,2635463,112991,44088,13984674,2679551,2748454,16777216,0.159714,0.829228,0.635226,ok,101,4,0.0,0.0,0.0,0.0,0.0,0.0,0.0,0.0,0.0,0.0,0.0
nucleonet,nucleus,segapp_islet_nucleus,IsletSEM,25237R_1_00021,full,5.0,25237R_1 (6ced5b1b-078c-43f2-9851-6ebcc2f69fd5),1.812,0.975505,0.952181,0.975838,0.975172,0.975505,0.990132,0.993907,3296524,81624,83929,13315139,3380453,3378148,16777216,0.201491,0.898936,0.677719,ok,32,6,0.0625,0.333333,0.105263,0.055556,0.03125,0.166667,0.052632,0.027027,0.082931,0.787846,0.105263
nucleonet,nucleus,segapp_islet_nucleus,IsletSEM,25237R_1_00022,full,5.0,25237R_1 (6ced5b1b-078c-43f2-9851-6ebcc2f69fd5),1.779,0.985282,0.970991,0.992818,0.977859,0.985282,0.993096,0.997811,3877293,28047,87791,12784085,3965084,3905340,16777216,0.236337,0.968815,0.759395,ok,39,5,0.025641,0.2,0.045455,0.023256,0.0,0.0,0.0,0.0,0.027522,0.605478,0.045455
nucleonet,nucleus,segapp_islet_nucleus,IsletSEM,25237R_1_00023,full,5.0,25237R_1 (6ced5b1b-078c-43f2-9851-6ebcc2f69fd5),1.657,0.972151,0.94581,0.966695,0.977668,0.972151,0.98696,0.98978,3818294,131550,87217,12740155,3905511,3949844,16777216,0.232787,0.91337,0.720709,ok,29,6,0.034483,0.166667,0.057143,0.029412,0.0,0.0,0.0,0.0,0.037285,0.652487,0.057143
nucleonet,nucleus,segapp_islet_nucleus,IsletSEM,25237R_1_00024,full,5.0,25237R_1 (6ced5b1b-078c-43f2-9851-6ebcc2f69fd5),1.362,0.965104,0.932561,0.957708,0.972614,0.965104,0.993745,0.995808,1451058,64078,40857,15221223,1491915,1515136,16777216,0.088925,0.911175,0.649735,ok,10,3,0.2,0.666667,0.307692,0.181818,0.2,0.666667,0.307692,0.181818,0.298783,0.971045,0.307692
nucleonet,nucleus,segapp_islet_nucleus,IsletSEM,25237R_1_00025,full,5.0,25237R_1 (6ced5b1b-078c-43f2-9851-6ebcc2f69fd5),1.516,0.982013,0.964663,0.988102,0.976,0.982013,0.993599,0.997437,2931565,35301,72088,13738262,3003653,2966866,16777216,0.179032,0.963976,0.679675,ok,22,4,0.090909,0.5,0.153846,0.083333,0.045455,0.25,0.076923,0.04,0.131324,0.853608,0.153846
nucleonet,nucleus,segapp_islet_nucleus,IsletSEM,25237R_1_00026,full,5.0,25237R_1 (6ced5b1b-078c-43f2-9851-6ebcc2f69fd5),6.429,0.955145,0.914141,0.943553,0.967025,0.955145,0.987935,0.991138,2155211,128933,73492,14419580,2228703,2284144,16777216,0.132841,0.894022,0.629084,ok,308,5,0.006494,0.4,0.01278,0.006431,0.003247,0.2,0.00639,0.003205,0.010185,0.796967,0.01278
nucleonet,nucleus,segapp_islet_nucleus,IsletSEM,25237R_1_00027,full,5.0,25237R_1 (6ced5b1b-078c-43f2-9851-6ebcc2f69fd5),1.557,0.833706,0.714834,1.0,0.714834,0.833706,0.999783,1.0,9127,0,3641,16764448,12768,9127,16777216,0.000761,0.715426,0.535727,ok,1,1,1.0,1.0,1.0,1.0,0.0,0.0,0.0,0.0,0.714834,0.714834,1.0
nucleonet,nucleus,segapp_islet_nucleus,IsletSEM,25237R_1_00028,full,5.0,25237R_1 (6ced5b1b-078c-43f2-9851-6ebcc2f69fd5),3.168,0.957704,0.91884,0.999251,0.919473,0.957704,0.995495,0.99996,855676,641,74940,15845959,930616,856317,16777216,0.055469,0.918037,0.585011,ok,145,1,0.0,0.0,0.0,0.0,0.0,0.0,0.0,0.0,0.0,0.0,0.0
nucleonet,nucleus,segapp_islet_nucleus,IsletSEM,25237R_1_00029,full,5.0,25237R_1 (6ced5b1b-078c-43f2-9851-6ebcc2f69fd5),1.828,0.982961,0.966492,0.987929,0.978042,0.982961,0.994381,0.997627,2718985,33222,61043,13963966,2780028,2752207,16777216,0.165703,0.914992,0.723061,ok,28,4,0.035714,0.25,0.0625,0.032258,0.0,0.0,0.0,0.0,0.039085,0.625352,0.0625
nucleonet,nucleus,segapp_islet_nucleus,IsletSEM,25237R_1_00030,full,5.0,25237R_1 (6ced5b1b-078c-43f2-9851-6ebcc2f69fd5),1.918,0.985438,0.971294,0.989431,0.981477,0.985438,0.992718,0.996486,4133610,44156,78012,12521438,4211622,4177766,16777216,0.251032,0.95635,0.750511,ok,45,5,0.022222,0.2,0.04,0.020408,0.0,0.0,0.0,0.0,0.026111,0.652782,0.04
nucleonet,nucleus,segapp_islet_nucleus,IsletSEM,25237R_1_00031,full,5.0,25237R_1 (6ced5b1b-078c-43f2-9851-6ebcc2f69fd5),1.699,0.911567,0.837504,0.855071,0.976058,0.911567,0.980506,0.981017,1685630,285704,41348,14764534,1726978,1971334,16777216,0.102936,0.634326,0.511063,ok,29,4,0.068966,0.5,0.121212,0.064516,0.068966,0.5,0.121212,0.064516,0.107178,0.88422,0.121212
nucleonet,nucleus,segapp_islet_nucleus,IsletSEM,25237R_1_00032,full,5.0,25237R_1 (6ced5b1b-078c-43f2-9851-6ebcc2f69fd5),2.907,0.879295,0.784591,0.793338,0.986141,0.879295,0.969178,0.966999,1883444,490630,26469,14376673,1909913,2374074,16777216,0.11384,0.717506,0.620721,ok,113,3,0.0,0.0,0.0,0.0,0.0,0.0,0.0,0.0,0.0,0.0,0.0
nucleonet,nucleus,segapp_islet_nucleus,IsletSEM,25237R_1_00033,full,5.0,25237R_1 (6ced5b1b-078c-43f2-9851-6ebcc2f69fd5),2.521,0.939648,0.886166,0.913991,0.966787,0.939648,0.978127,0.980551,2856775,268831,98141,13553469,2954916,3125606,16777216,0.176127,0.751417,0.674375,ok,63,3,0.015873,0.333333,0.030303,0.015385,0.015873,0.333333,0.030303,0.015385,0.022868,0.754651,0.030303
nucleonet,nucleus,segapp_islet_nucleus,IsletSEM,25237R_1_00034,full,5.0,25237R_1 (6ced5b1b-078c-43f2-9851-6ebcc2f69fd5),2.559,0.966935,0.935987,0.963444,0.970453,0.966935,0.98871,0.992453,2769539,105086,84324,13818267,2853863,2874625,16777216,0.170103,0.921278,0.660307,ok,85,6,0.035294,0.5,0.065934,0.034091,0.011765,0.166667,0.021978,0.011111,0.046369,0.703263,0.065934
nucleonet,nucleus,segapp_islet_nucleus,IsletSEM,25237R_1_00035,full,5.0,25237R_1 (6ced5b1b-078c-43f2-9851-6ebcc2f69fd5),2.337,0.986234,0.972841,0.989918,0.982576,0.986234,0.995804,0.998193,2521415,25679,44712,14185410,2566127,2547094,16777216,0.152953,0.930954,0.757889,ok,73,3,0.0,0.0,0.0,0.0,0.0,0.0,0.0,0.0,0.0,0.0,0.0
nucleonet,nucleus,segapp_islet_nucleus,IsletSEM,25237R_1_00036,full,5.0,25237R_1 (6ced5b1b-078c-43f2-9851-6ebcc2f69fd5),1.742,0.981404,0.963487,0.981003,0.981806,0.981404,0.99157,0.99443,3732192,72274,69162,12903588,3801354,3804466,16777216,0.226578,0.878199,0.709567,ok,33,5,0.030303,0.2,0.052632,0.027027,0.0,0.0,0.0,0.0,0.03356,0.637634,0.052632
nucleonet,nucleus,segapp_islet_nucleus,IsletSEM,25237R_1_00037,full,5.0,25237R_1 (6ced5b1b-078c-43f2-9851-6ebcc2f69fd5),4.184,0.792059,0.65571,0.664867,0.979428,0.792059,0.940367,0.935243,1905447,960461,40022,13871286,1945469,2865908,16777216,0.115959,0.527104,0.549385,ok,180,4,0.011111,0.5,0.021739,0.010989,0.005556,0.25,0.01087,0.005464,0.015036,0.691676,0.021739
nucleonet,nucleus,segapp_islet_nucleus,IsletSEM,25237R_1_00038,full,5.0,25237R_1 (6ced5b1b-078c-43f2-9851-6ebcc2f69fd5),1.572,0.973163,0.947728,0.972694,0.973632,0.973163,0.991592,0.994926,2557588,71797,69266,14078565,2626854,2629385,16777216,0.156573,0.888715,0.706821,ok,16,5,0.1875,0.6,0.285714,0.166667,0.0625,0.2,0.095238,0.05,0.209022,0.731577,0.285714
nucleonet,nucleus,segapp_islet_nucleus,IsletSEM,25237R_1_00039,full,5.0,25237R_1 (6ced5b1b-078c-43f2-9851-6ebcc2f69fd5),1.605,0.978828,0.958535,0.973977,0.983728,0.978828,0.992401,0.994286,2947178,78743,48749,13702546,2995927,3025921,16777216,0.178571,0.920646,0.76514,ok,24,4,0.083333,0.5,0.142857,0.076923,0.083333,0.5,0.142857,0.076923,0.127874,0.895119,0.142857
nucleonet,nucleus,segapp_islet_nucleus,IsletSEM,25237R_1_00040,full,5.0,25237R_1 (6ced5b1b-078c-43f2-9851-6ebcc2f69fd5),2.475,0.957161,0.917841,0.937296,0.977885,0.957161,0.985183,0.98667,2777192,185790,62806,13751428,2839998,2962982,16777216,0.169277,0.901309,0.653265,ok,87,4,0.011494,0.25,0.021978,0.011111,0.011494,0.25,0.021978,0.011111,0.020815,0.947091,0.021978
nucleonet,nucleus,segapp_islet_nucleus,IsletSEM,25237R_1_00041,full,5.0,25237R_1 (6ced5b1b-078c-43f2-9851-6ebcc2f69fd5),1.718,0.985454,0.971326,0.998696,0.97256,0.985454,0.998845,0.999947,656187,857,18514,16101658,674701,657044,16777216,0.040215,0.966714,0.611049,ok,23,1,0.0,0.0,0.0,0.0,0.0,0.0,0.0,0.0,0.0,0.0,0.0
nucleonet,nucleus,segapp_islet_nucleus,IsletSEM,25237R_1_00042,full,5.0,25237R_1 (6ced5b1b-078c-43f2-9851-6ebcc2f69fd5),1.477,0.921624,0.85464,0.879598,0.967866,0.921624,0.986595,0.988255,1322305,181001,43901,15230009,1366206,1503306,16777216,0.081432,0.769678,0.6207,ok,16,3,0.125,0.666667,0.210526,0.117647,0.0625,0.333333,0.105263,0.055556,0.159559,0.757907,0.210526
nucleonet,nucleus,segapp_islet_nucleus,IsletSEM,25237R_1_00043,full,5.0,25237R_1 (6ced5b1b-078c-43f2-9851-6ebcc2f69fd5),1.511,0.911952,0.838154,0.87631,0.950617,0.911952,0.985201,0.988234,1285789,181488,66795,15243144,1352584,1467277,16777216,0.08062,0.760315,0.566739,ok,23,2,0.043478,0.5,0.08,0.041667,0.0,0.0,0.0,0.0,0.058289,0.728616,0.08
nucleonet,nucleus,segapp_islet_nucleus,IsletSEM,25237R_1_00044,full,5.0,25237R_1 (6ced5b1b-078c-43f2-9851-6ebcc2f69fd5),1.83,0.978835,0.958548,0.980064,0.977609,0.978835,0.991162,0.994744,3428692,69744,78530,13200250,3507222,3498436,16777216,0.209047,0.91764,0.702649,ok,39,5,0.051282,0.4,0.090909,0.047619,0.025641,0.2,0.045455,0.023256,0.066,0.725999,0.090909
nucleonet,nucleus,segapp_islet_nucleus,IsletSEM,25237R_1_00045,full,5.0,25237R_1 (6ced5b1b-078c-43f2-9851-6ebcc2f69fd5),1.754,0.960988,0.924906,0.952318,0.969818,0.960988,0.992493,0.994882,1551286,77672,48278,15099980,1599564,1628958,16777216,0.095341,0.872144,0.582126,ok,40,3,0.05,0.666667,0.093023,0.04878,0.025,0.333333,0.046512,0.02381,0.068416,0.735476,0.093023
nucleonet,nucleus,segapp_islet_nucleus,IsletSEM,25237R_1_00046,full,5.0,25237R_1 (6ced5b1b-078c-43f2-9851-6ebcc2f69fd5),1.49,0.971912,0.945358,0.988652,0.955729,0.971912,0.99865,0.999725,391955,4499,18156,16362606,410111,396454,16777216,0.024445,0.97822,0.497297,ok,4,1,0.25,1.0,0.4,0.25,0.0,0.0,0.0,0.0,0.275567,0.688917,0.4
nucleonet,nucleus,segapp_islet_nucleus,IsletSEM,25237R_1_00047,full,5.0,25237R_1 (6ced5b1b-078c-43f2-9851-6ebcc2f69fd5),1.531,0.983113,0.966787,0.992104,0.974284,0.983113,0.998583,0.999657,692143,5509,18269,16061295,710412,697652,16777216,0.042344,0.924699,0.769652,ok,20,1,0.0,0.0,0.0,0.0,0.0,0.0,0.0,0.0,0.0,0.0,0.0
nucleonet,nucleus,segapp_islet_nucleus,IsletSEM,25237R_1_00048,full,5.0,25237R_1 (6ced5b1b-078c-43f2-9851-6ebcc2f69fd5),1.662,0.969764,0.941303,0.965936,0.973623,0.969764,0.991952,0.994753,2165408,76363,58665,14476780,2224073,2241771,16777216,0.132565,0.936071,0.727179,ok,26,4,0.076923,0.5,0.133333,0.071429,0.038462,0.25,0.066667,0.034483,0.095972,0.719787,0.133333
nucleonet,nucleus,segapp_islet_nucleus,IsletSEM,25237R_1_00049,full,5.0,25237R_1 (6ced5b1b-078c-43f2-9851-6ebcc2f69fd5),1.377,0.927121,0.864143,0.906561,0.948635,0.927121,0.994487,0.996247,588333,60639,31856,16096388,620189,648972,16777216,0.036966,0.758247,0.538439,ok,3,1,0.0,0.0,0.0,0.0,0.0,0.0,0.0,0.0,0.0,0.0,0.0
nucleonet,nucleus,segapp_islet_nucleus,IsletSEM,25237R_1_00050,full,5.0,25237R_1 (6ced5b1b-078c-43f2-9851-6ebcc2f69fd5),1.688,0.976443,0.95397,0.988163,0.964998,0.976443,0.998028,0.999489,685546,8212,24866,16058592,710412,693758,16777216,0.042344,0.943366,0.62166,ok,17,1,0.0,0.0,0.0,0.0,0.0,0.0,0.0,0.0,0.0,0.0,0.0
nucleonet,nucleus,segapp_islet_nucleus,IsletSEM,25237R_1_00051,full,5.0,25237R_1 (6ced5b1b-078c-43f2-9851-6ebcc2f69fd5),1.35,0.961377,0.925626,0.962265,0.960491,0.961377,0.993284,0.99641,1402388,54995,57686,15262147,1460074,1457383,16777216,0.087027,0.952644,0.586928,ok,7,3,0.428571,1.0,0.6,0.428571,0.428571,1.0,0.6,0.428571,0.567832,0.946387,0.6
nucleonet,nucleus,segapp_islet_nucleus,IsletSEM,25237R_1_00052,full,5.0,25237R_1 (6ced5b1b-078c-43f2-9851-6ebcc2f69fd5),1.265,0.962099,0.926966,0.999154,0.927694,0.962099,0.997504,0.999972,531472,450,41424,16203870,572896,531922,16777216,0.034147,0.943068,0.531487,ok,6,1,0.0,0.0,0.0,0.0,0.0,0.0,0.0,0.0,0.0,0.0,0.0
nucleonet,nucleus,segapp_islet_nucleus,IsletSEM,25239_1_00053,full,5.0,25239_1 (4556ce56-3617-41fd-9a50-81c59f1edc00),2.262,0.959264,0.921718,0.942204,0.976954,0.959264,0.996445,0.997318,702206,43074,16565,16015371,718771,745280,16777216,0.042842,0.90072,0.537407,ok,28,1,0.0,0.0,0.0,0.0,0.0,0.0,0.0,0.0,0.0,0.0,0.0
nucleonet,nucleus,segapp_islet_nucleus,IsletSEM,25239_1_00054,full,5.0,25239_1 (4556ce56-3617-41fd-9a50-81c59f1edc00),2.517,0.973,0.94742,0.962109,0.984141,0.973,0.989251,0.990503,3249520,127977,52365,13347354,3301885,3377497,16777216,0.196808,0.904948,0.695486,ok,62,4,0.032258,0.5,0.060606,0.03125,0.016129,0.25,0.030303,0.015385,0.04533,0.747943,0.060606
nucleonet,nucleus,segapp_islet_nucleus,IsletSEM,25239_1_00055,full,5.0,25239_1 (4556ce56-3617-41fd-9a50-81c59f1edc00),1.8,0.954355,0.912694,0.929966,0.980057,0.954355,0.984837,0.985759,2659435,200277,54117,13863387,2713552,2859712,16777216,0.16174,0.717663,0.607651,ok,35,3,0.028571,0.333333,0.052632,0.027027,0.028571,0.333333,0.052632,0.027027,0.048119,0.914264,0.052632
nucleonet,nucleus,segapp_islet_nucleus,IsletSEM,25239_1_00056,full,5.0,25239_1 (4556ce56-3617-41fd-9a50-81c59f1edc00),1.505,0.949988,0.904739,0.986146,0.916387,0.949988,0.99182,0.998807,1303373,18311,118922,15336610,1422295,1321684,16777216,0.084775,0.897339,0.392869,ok,7,2,0.285714,1.0,0.444444,0.285714,0.142857,0.5,0.222222,0.125,0.310421,0.698447,0.444444
nucleonet,nucleus,segapp_islet_nucleus,IsletSEM,25239_1_00057,full,5.0,25239_1 (4556ce56-3617-41fd-9a50-81c59f1edc00),1.995,0.935574,0.878947,0.936529,0.934621,0.935574,0.994941,0.997409,616279,41767,43110,16076060,659389,658046,16777216,0.039303,0.739388,0.563782,ok,24,2,0.041667,0.5,0.076923,0.04,0.041667,0.5,0.076923,0.04,0.068891,0.895582,0.076923
nucleonet,nucleus,segapp_islet_nucleus,IsletSEM,25239_1_00058,full,5.0,25239_1 (4556ce56-3617-41fd-9a50-81c59f1edc00),1.392,0.918614,0.849478,0.887339,0.952174,0.918614,0.989995,0.992379,947320,120277,47582,15662037,994902,1067597,16777216,0.059301,0.808916,0.567444,ok,14,4,0.285714,1.0,0.444444,0.285714,0.214286,0.75,0.333333,0.2,0.363567,0.818025,0.444444
nucleonet,nucleus,segapp_islet_nucleus,IsletSEM,25239_1_00059,full,5.0,25239_1 (4556ce56-3617-41fd-9a50-81c59f1edc00),3.056,0.977013,0.95506,0.979579,0.974461,0.977013,0.989442,0.993923,3764364,78476,98656,12835720,3863020,3842840,16777216,0.230254,0.907614,0.665761,ok,100,5,0.03,0.6,0.057143,0.029412,0.0,0.0,0.0,0.0,0.03723,0.651519,0.057143
nucleonet,nucleus,segapp_islet_nucleus,IsletSEM,25239_1_00060,full,5.0,25239_1 (4556ce56-3617-41fd-9a50-81c59f1edc00),1.366,0.759867,0.61273,0.648372,0.917672,0.759867,0.98885,0.990246,295961,160507,26552,16294196,322513,456468,16777216,0.019223,0.615428,0.454737,ok,15,3,0.133333,0.666667,0.222222,0.125,0.133333,0.666667,0.222222,0.125,0.197852,0.890335,0.222222
nucleonet,nucleus,segapp_islet_nucleus,IsletSEM,25239_1_00061,full,5.0,25239_1 (4556ce56-3617-41fd-9a50-81c59f1edc00),2.63,0.967212,0.936506,0.95923,0.975328,0.967212,0.983525,0.986245,4076811,173277,103128,12424000,4179939,4250088,16777216,0.249144,0.840079,0.5925,ok,97,5,0.010309,0.2,0.019608,0.009901,0.010309,0.2,0.019608,0.009901,0.018081,0.922108,0.019608
nucleonet,nucleus,segapp_islet_nucleus,IsletSEM,25239_1_00062,full,5.0,25239_1 (4556ce56-3617-41fd-9a50-81c59f1edc00),4.147,0.879028,0.784167,0.821234,0.945574,0.879028,0.95725,0.959545,2605818,567235,149988,13454175,2755806,3173053,16777216,0.164259,0.54768,0.393376,ok,178,4,0.005618,0.25,0.010989,0.005525,0.0,0.0,0.0,0.0,0.007271,0.661672,0.010989
nucleonet,nucleus,segapp_islet_nucleus,IsletSEM,25239_1_00063,full,5.0,25239_1 (4556ce56-3617-41fd-9a50-81c59f1edc00),1.752,0.915289,0.843808,0.976781,0.86108,0.915289,0.996351,0.99952,330745,7862,53360,16385249,384105,338607,16777216,0.022894,0.829148,0.252065,ok,5,2,0.4,1.0,0.571429,0.4,0.4,1.0,0.571429,0.4,0.472138,0.826241,0.571429
nucleonet,nucleus,segapp_islet_nucleus,IsletSEM,25239_1_00064,full,5.0,25239_1 (4556ce56-3617-41fd-9a50-81c59f1edc00),1.6,0.908739,0.832742,0.868094,0.953377,0.908739,0.983833,0.986642,1350414,205194,66040,15155568,1416454,1555608,16777216,0.084427,0.818306,0.462261,ok,30,3,0.0,0.0,0.0,0.0,0.0,0.0,0.0,0.0,0.0,0.0,0.0
nucleonet,nucleus,segapp_islet_nucleus,IsletSEM,25239_1_00065,full,5.0,25239_1 (4556ce56-3617-41fd-9a50-81c59f1edc00),3.659,0.9868,0.973944,0.989758,0.98386,0.9868,0.993441,0.996621,4113156,42564,67475,12554021,4180631,4155720,16777216,0.249185,0.916864,0.720197,ok,162,4,0.0,0.0,0.0,0.0,0.0,0.0,0.0,0.0,0.0,0.0,0.0
nucleonet,nucleus,segapp_islet_nucleus,IsletSEM,25239_1_00066,full,5.0,25239_1 (4556ce56-3617-41fd-9a50-81c59f1edc00),2.755,0.96629,0.934779,0.963679,0.968916,0.96629,0.986071,0.990523,3349433,126240,107455,13194088,3456888,3475673,16777216,0.206047,0.840902,0.58838,ok,72,5,0.0,0.0,0.0,0.0,0.0,0.0,0.0,0.0,0.0,0.0,0.0
nucleonet,nucleus,segapp_islet_nucleus,IsletSEM,25239_1_00067,full,5.0,25239_1 (4556ce56-3617-41fd-9a50-81c59f1edc00),1.535,0.977775,0.956517,0.989042,0.966762,0.977775,0.994001,0.998307,2213896,24528,76116,14462676,2290012,2238424,16777216,0.136495,0.939607,0.667502,ok,22,5,0.045455,0.2,0.074074,0.038462,0.045455,0.2,0.074074,0.038462,0.067383,0.909672,0.074074
nucleonet,nucleus,segapp_islet_nucleus,IsletSEM,25239_1_00068,full,5.0,25239_1 (4556ce56-3617-41fd-9a50-81c59f1edc00),1.887,0.970426,0.942551,0.989146,0.952401,0.970426,0.989459,0.997681,2901412,31837,145007,13698960,3046419,2933249,16777216,0.181581,0.913917,0.566057,ok,41,5,0.04878,0.4,0.086957,0.045455,0.04878,0.4,0.086957,0.045455,0.077832,0.895072,0.086957
nucleonet,nucleus,segapp_islet_nucleus,IsletSEM,25239_1_00069,full,5.0,25239_1 (4556ce56-3617-41fd-9a50-81c59f1edc00),5.62,0.962953,0.928553,0.962016,0.963892,0.962953,0.981667,0.987503,3997515,157837,149748,12472116,4147263,4155352,16777216,0.247196,0.893456,0.629104,ok,277,5,0.00722,0.4,0.014184,0.007143,0.0,0.0,0.0,0.0,0.008251,0.58167,0.014184
nucleonet,nucleus,segapp_islet_nucleus,IsletSEM,25239_1_00070,full,5.0,25239_1 (4556ce56-3617-41fd-9a50-81c59f1edc00),2.525,0.865574,0.763006,0.773804,0.98204,0.865574,0.977214,0.976824,1230784,359779,22509,15164144,1253293,1590563,16777216,0.074702,0.435875,0.331975,ok,68,1,0.0,0.0,0.0,0.0,0.0,0.0,0.0,0.0,0.0,0.0,0.0
nucleonet,nucleus,segapp_islet_nucleus,IsletSEM,25239_1_00071,full,5.0,25239_1 (4556ce56-3617-41fd-9a50-81c59f1edc00),2.262,0.807151,0.676659,0.691813,0.968643,0.807151,0.980913,0.98144,670154,298539,21694,15786829,691848,968693,16777216,0.041237,0.382554,0.29782,ok,63,1,0.0,0.0,0.0,0.0,0.0,0.0,0.0,0.0,0.0,0.0,0.0
nucleonet,nucleus,segapp_islet_nucleus,IsletSEM,25239_1_00072,full,5.0,25239_1 (4556ce56-3617-41fd-9a50-81c59f1edc00),4.585,0.962832,0.928328,0.995352,0.93237,0.962832,0.99351,0.999569,1410242,6586,102293,15258095,1512535,1416828,16777216,0.090154,0.940672,0.593608,ok,198,4,0.0,0.0,0.0,0.0,0.0,0.0,0.0,0.0,0.0,0.0,0.0
nucleonet,nucleus,segapp_islet_nucleus,IsletSEM,25239_1_00073,full,5.0,25239_1 (4556ce56-3617-41fd-9a50-81c59f1edc00),9.345,0.969704,0.941189,0.964038,0.975436,0.969704,0.983228,0.986186,4503265,167988,113403,11992560,4616668,4671253,16777216,0.275175,0.8885,0.609226,ok,518,5,0.0,0.0,0.0,0.0,0.0,0.0,0.0,0.0,0.0,0.0,0.0
nucleonet,nucleus,segapp_islet_nucleus,IsletSEM,25239_1_00074,full,5.0,25239_1 (4556ce56-3617-41fd-9a50-81c59f1edc00),2.168,0.94002,0.886828,0.940752,0.939289,0.94002,0.993906,0.996832,801138,50455,51782,15873841,852920,851593,16777216,0.050838,0.826661,0.47351,ok,44,2,0.0,0.0,0.0,0.0,0.0,0.0,0.0,0.0,0.0,0.0,0.0
nucleonet,nucleus,segapp_islet_nucleus,IsletSEM,25239_1_00075,full,5.0,25239_1 (4556ce56-3617-41fd-9a50-81c59f1edc00),2.61,0.960461,0.923929,0.940278,0.981529,0.960461,0.985183,0.986003,3019334,191775,56819,13509288,3076153,3211109,16777216,0.183353,0.806449,0.638678,ok,79,4,0.012658,0.25,0.024096,0.012195,0.012658,0.25,0.024096,0.012195,0.019057,0.790852,0.024096
nucleonet,nucleus,segapp_islet_nucleus,IsletSEM,25239_1_00076,full,5.0,25239_1 (4556ce56-3617-41fd-9a50-81c59f1edc00),1.779,0.979695,0.960199,0.993625,0.966151,0.979695,0.991998,0.998452,3238641,20780,113464,13404331,3352105,3259421,16777216,0.199801,0.92174,0.649166,ok,25,5,0.12,0.6,0.2,0.111111,0.08,0.4,0.133333,0.071429,0.142703,0.713516,0.2
nucleonet,nucleus,segapp_islet_nucleus,IsletSEM,25239_1_00077,full,5.0,25239_1 (4556ce56-3617-41fd-9a50-81c59f1edc00),1.881,0.966643,0.93544,0.991547,0.94296,0.966643,0.981635,0.99684,4464478,38059,270060,12004619,4734538,4502537,16777216,0.2822,0.90139,0.503422,ok,41,5,0.0,0.0,0.0,0.0,0.0,0.0,0.0,0.0,0.0,0.0,0.0
nucleonet,nucleus,segapp_islet_nucleus,IsletSEM,25239_1_00078,full,5.0,25239_1 (4556ce56-3617-41fd-9a50-81c59f1edc00),2.439,0.987813,0.975919,0.998936,0.976935,0.987813,0.99585,0.999783,2821846,3007,66622,13885741,2888468,2824853,16777216,0.172166,0.995159,0.781928,ok,31,5,0.096774,0.6,0.166667,0.090909,0.032258,0.2,0.055556,0.028571,0.103791,0.622743,0.166667
nucleonet,nucleus,segapp_islet_nucleus,IsletSEM,25239_1_00079,full,5.0,25239_1 (4556ce56-3617-41fd-9a50-81c59f1edc00),16.292,0.969377,0.940574,0.953958,0.985303,0.969377,0.990841,0.991796,2432170,117387,36279,14191380,2468449,2549557,16777216,0.147131,0.88101,0.555245,ok,961,1,0.0,0.0,0.0,0.0,0.0,0.0,0.0,0.0,0.0,0.0,0.0
nucleonet,nucleus,segapp_islet_nucleus,IsletSEM,25239_1_00080,full,5.0,25239_1 (4556ce56-3617-41fd-9a50-81c59f1edc00),17.113,0.968184,0.93833,0.950638,0.986389,0.968184,0.990462,0.991164,2434851,126429,33598,14182338,2468449,2561280,16777216,0.147131,0.898798,0.548658,ok,989,1,0.0,0.0,0.0,0.0,0.0,0.0,0.0,0.0,0.0,0.0,0.0
nucleonet,nucleus,segapp_islet_nucleus,IsletSEM,25239_1_00081,full,5.0,25239_1 (4556ce56-3617-41fd-9a50-81c59f1edc00),1.682,0.898711,0.816053,0.864869,0.935308,0.898711,0.996901,0.99782,230677,36042,15955,16494542,246632,266719,16777216,0.0147,0.811757,0.659194,ok,18,2,0.0,0.0,0.0,0.0,0.0,0.0,0.0,0.0,0.0,0.0,0.0
nucleonet,nucleus,segapp_islet_nucleus,IsletSEM,25239_1_00082,full,5.0,25239_1 (4556ce56-3617-41fd-9a50-81c59f1edc00),9.348,0.982863,0.966303,0.988656,0.977137,0.982863,0.99355,0.997382,3103011,35606,72603,13565996,3175614,3138617,16777216,0.189281,0.905461,0.668056,ok,518,3,0.001931,0.333333,0.003839,0.001923,0.001931,0.333333,0.003839,0.001923,0.003526,0.918432,0.003839
nucleonet,nucleus,segapp_islet_nucleus,IsletSEM,25239_1_00083,full,5.0,25239_1 (4556ce56-3617-41fd-9a50-81c59f1edc00),4.799,0.979787,0.960375,0.983718,0.975887,0.979787,0.993401,0.996834,2683192,44410,66298,13983316,2749490,2727602,16777216,0.163882,0.944369,0.736645,ok,208,4,0.004808,0.25,0.009434,0.004739,0.004808,0.25,0.009434,0.004739,0.007769,0.82353,0.009434
nucleonet,nucleus,segapp_islet_nucleus,IsletSEM,25239_1_00084,full,5.0,25239_1 (4556ce56-3617-41fd-9a50-81c59f1edc00),2.868,0.946856,0.899075,0.920277,0.975016,0.946856,0.980451,0.981633,2921719,253107,74868,13527522,2996587,3174826,16777216,0.178611,0.837905,0.575115,ok,95,4,0.010526,0.25,0.020202,0.010204,0.0,0.0,0.0,0.0,0.011794,0.583827,0.020202
nucleonet,nucleus,segapp_islet_nucleus,IsletSEM,25239_1_00085,full,5.0,25239_1 (4556ce56-3617-41fd-9a50-81c59f1edc00),2.069,0.903315,0.823678,0.852926,0.960032,0.903315,0.985704,0.987623,1120456,193206,46647,15416907,1167103,1313662,16777216,0.069565,0.741908,0.460291,ok,51,3,0.0,0.0,0.0,0.0,0.0,0.0,0.0,0.0,0.0,0.0,0.0
nucleonet,nucleus,segapp_islet_nucleus,IsletSEM,25239_1_00086,full,5.0,25239_1 (4556ce56-3617-41fd-9a50-81c59f1edc00),7.259,0.983677,0.967879,0.988701,0.978705,0.983677,0.99288,0.99686,3599306,41135,78316,13058459,3677622,3640441,16777216,0.219203,0.946067,0.690963,ok,380,4,0.005263,0.5,0.010417,0.005236,0.0,0.0,0.0,0.0,0.006103,0.585904,0.010417
nucleonet,nucleus,segapp_islet_nucleus,IsletSEM,25239_1_00087,full,5.0,25239_1 (4556ce56-3617-41fd-9a50-81c59f1edc00),2.412,0.982936,0.966444,0.987095,0.978811,0.982936,0.994482,0.99752,2666189,34858,57716,14018453,2723905,2701047,16777216,0.162357,0.934659,0.718727,ok,64,4,0.015625,0.25,0.029412,0.014925,0.015625,0.25,0.029412,0.014925,0.026432,0.898673,0.029412
nucleonet,nucleus,segapp_islet_nucleus,IsletSEM,25239_1_00088,full,5.0,25239_1 (4556ce56-3617-41fd-9a50-81c59f1edc00),2.393,0.986214,0.972804,0.989887,0.982569,0.986214,0.995972,0.998275,2417259,24696,42882,14292379,2460141,2441955,16777216,0.146636,0.965246,0.781803,ok,48,3,0.020833,0.333333,0.039216,0.02,0.020833,0.333333,0.039216,0.02,0.031923,0.814029,0.039216
nucleonet,nucleus,segapp_islet_nucleus,IsletSEM,25239_1_00089,full,5.0,25239_1 (4556ce56-3617-41fd-9a50-81c59f1edc00),1.886,0.985539,0.97149,0.994916,0.976337,0.985539,0.996839,0.999381,1807157,9235,43799,14917025,1850956,1816392,16777216,0.110326,0.947692,0.763304,ok,15,3,0.0,0.0,0.0,0.0,0.0,0.0,0.0,0.0,0.0,0.0,0.0
nucleonet,nucleus,segapp_islet_nucleus,IsletSEM,25239_1_00090,full,5.0,25239_1 (4556ce56-3617-41fd-9a50-81c59f1edc00),4.695,0.935269,0.878408,0.898437,0.97525,0.935269,0.97035,0.968971,3593612,406238,91199,12686167,3684811,3999850,16777216,0.219632,0.834208,0.57197,ok,153,4,0.0,0.0,0.0,0.0,0.0,0.0,0.0,0.0,0.0,0.0,0.0
nucleonet,nucleus,segapp_islet_nucleus,IsletSEM,25239_1_00091,full,5.0,25239_1 (4556ce56-3617-41fd-9a50-81c59f1edc00),6.879,0.934899,0.877756,0.955108,0.915528,0.934899,0.980409,0.992188,2360115,110930,217759,14088412,2577874,2471045,16777216,0.153653,0.792626,0.47016,ok,342,3,0.0,0.0,0.0,0.0,0.0,0.0,0.0,0.0,0.0,0.0,0.0
nucleonet,nucleus,segapp_islet_nucleus,IsletSEM,25239_1_00092,full,5.0,25239_1 (4556ce56-3617-41fd-9a50-81c59f1edc00),10.019,0.937927,0.88311,0.922593,0.95378,0.937927,0.970907,0.976036,3687593,309395,178699,12601529,3866292,3996988,16777216,0.230449,0.788109,0.539954,ok,548,4,0.0,0.0,0.0,0.0,0.0,0.0,0.0,0.0,0.0,0.0,0.0
nucleonet,nucleus,segapp_islet_nucleus,IsletSEM,25239_1_00093,full,5.0,25239_1 (4556ce56-3617-41fd-9a50-81c59f1edc00),4.181,0.946162,0.897825,0.916116,0.978246,0.946162,0.979304,0.979545,3051137,279378,67849,13378852,3118986,3330515,16777216,0.185906,0.812417,0.647516,ok,163,4,0.0,0.0,0.0,0.0,0.0,0.0,0.0,0.0,0.0,0.0,0.0
nucleonet,nucleus,segapp_islet_nucleus,IsletSEM,25239_1_00094,full,5.0,25239_1 (4556ce56-3617-41fd-9a50-81c59f1edc00),6.308,0.983441,0.967422,0.990972,0.976024,0.983441,0.990437,0.996352,4764167,43401,117032,11852616,4881199,4807568,16777216,0.290942,0.931717,0.684565,ok,304,6,0.006579,0.333333,0.012903,0.006494,0.003289,0.166667,0.006452,0.003236,0.010271,0.79604,0.012903
nucleonet,nucleus,segapp_islet_nucleus,IsletSEM,25239_1_00095,full,5.0,25239_1 (4556ce56-3617-41fd-9a50-81c59f1edc00),19.553,0.98373,0.967982,0.997804,0.970048,0.98373,0.992416,0.999339,3846719,8465,118774,12803258,3965493,3855184,16777216,0.236362,0.952292,0.717445,ok,1185,6,0.000844,0.166667,0.001679,0.00084,0.0,0.0,0.0,0.0,0.001211,0.721206,0.001679
nucleonet,nucleus,segapp_islet_nucleus,IsletSEM,25239_1_00096,full,5.0,25239_1 (4556ce56-3617-41fd-9a50-81c59f1edc00),1.823,0.968396,0.938729,0.985085,0.952264,0.968396,0.998598,0.999667,360348,5456,18064,16393348,378412,365804,16777216,0.022555,0.991467,0.40277,ok,3,1,0.333333,1.0,0.5,0.333333,0.333333,1.0,0.5,0.333333,0.443555,0.887111,0.5
nucleonet,nucleus,segapp_islet_nucleus,IsletSEM,25239_1_00097,full,5.0,25239_1 (4556ce56-3617-41fd-9a50-81c59f1edc00),1.903,0.961922,0.926638,1.0,0.926638,0.961922,0.998959,1.0,220549,0,17461,16539206,238010,220549,16777216,0.014187,0.986968,0.564894,ok,7,1,0.0,0.0,0.0,0.0,0.0,0.0,0.0,0.0,0.0,0.0,0.0
nucleonet,nucleus,segapp_islet_nucleus,IsletSEM,25239_1_00098,full,5.0,25239_1 (4556ce56-3617-41fd-9a50-81c59f1edc00),3.476,0.592514,0.420973,0.961979,0.428096,0.592514,0.972657,0.999176,333520,13182,445557,15984957,779077,346702,16777216,0.046437,0.594526,0.214832,ok,110,2,0.0,0.0,0.0,0.0,0.0,0.0,0.0,0.0,0.0,0.0,0.0
nucleonet,nucleus,segapp_islet_nucleus,IsletSEM,25239_1_00099,full,5.0,25239_1 (4556ce56-3617-41fd-9a50-81c59f1edc00),4.002,0.927641,0.865046,0.970479,0.888424,0.927641,0.984241,0.996533,1694752,51552,212842,14818070,1907594,1746304,16777216,0.113701,0.721989,0.523384,ok,169,4,0.005917,0.25,0.011561,0.005814,0.0,0.0,0.0,0.0,0.006108,0.528381,0.011561
nucleonet,nucleus,segapp_islet_nucleus,IsletSEM,25239_1_00100,full,5.0,25239_1 (4556ce56-3617-41fd-9a50-81c59f1edc00),1.974,0.930569,0.870153,0.900093,0.963181,0.930569,0.985772,0.988254,1599689,177560,61150,14938817,1660839,1777249,16777216,0.098994,0.902962,0.650916,ok,42,4,0.02381,0.25,0.043478,0.022222,0.0,0.0,0.0,0.0,0.023981,0.55156,0.043478
nucleonet,nucleus,segapp_islet_nucleus,IsletSEM,25239_1_00101,full,5.0,25239_1 (4556ce56-3617-41fd-9a50-81c59f1edc00),1.427,0.904136,0.825045,0.993225,0.829714,0.904136,0.977944,0.999189,1744985,11903,358131,14662197,2103116,1756888,16777216,0.125355,0.681279,0.649145,ok,15,3,0.066667,0.333333,0.111111,0.058824,0.0,0.0,0.0,0.0,0.056699,0.51029,0.111111
nucleonet,nucleus,segapp_islet_nucleus,IsletSEM,25239_1_00102,full,5.0,25239_1 (4556ce56-3617-41fd-9a50-81c59f1edc00),1.72,0.733095,0.578651,0.940248,0.600742,0.733095,0.906062,0.98956,2164392,137546,1438474,13036804,3602866,2301938,16777216,0.214748,0.768241,0.330986,ok,29,3,0.0,0.0,0.0,0.0,0.0,0.0,0.0,0.0,0.0,0.0,0.0
nucleonet,nucleus,segapp_islet_nucleus,IsletSEM,25239_1_00103,full,5.0,25239_1 (4556ce56-3617-41fd-9a50-81c59f1edc00),3.976,0.819531,0.694241,0.89337,0.756966,0.819531,0.980609,0.99442,738681,88167,237164,15713204,975845,826848,16777216,0.058165,0.638737,0.202473,ok,94,1,0.0,0.0,0.0,0.0,0.0,0.0,0.0,0.0,0.0,0.0,0.0
nucleonet,nucleus,segapp_islet_nucleus,IsletSEM,25239_1_00104,full,5.0,25239_1 (4556ce56-3617-41fd-9a50-81c59f1edc00),3.732,0.97476,0.950762,0.999933,0.950823,0.97476,0.997383,0.999996,847906,57,43854,15885399,891760,847963,16777216,0.053153,0.887918,0.622165,ok,121,3,0.008264,0.333333,0.016129,0.00813,0.008264,0.333333,0.016129,0.00813,0.013507,0.83745,0.016129
nucleonet,nucleus,segapp_islet_nucleus,IsletSEM,25239_1_00105,full,5.0,25239_1 (4556ce56-3617-41fd-9a50-81c59f1edc00),2.22,0.978947,0.958762,0.987685,0.970362,0.978947,0.995379,0.998494,1802433,22473,55053,14897257,1857486,1824906,16777216,0.110715,0.943263,0.707136,ok,40,4,0.025,0.25,0.045455,0.023256,0.025,0.25,0.045455,0.023256,0.040181,0.883973,0.045455
nucleonet,nucleus,segapp_islet_nucleus,IsletSEM,25239_1_00106,full,5.0,25239_1 (4556ce56-3617-41fd-9a50-81c59f1edc00),1.685,0.972648,0.946753,0.995367,0.950944,0.972648,0.994127,0.999454,1751967,8154,90379,14926716,1842346,1760121,16777216,0.109812,0.909179,0.60717,ok,15,4,0.133333,0.5,0.210526,0.117647,0.066667,0.25,0.105263,0.055556,0.15741,0.747696,0.210526
nucleonet,nucleus,segapp_islet_nucleus,IsletSEM,25239_1_00107,full,5.0,25239_1 (4556ce56-3617-41fd-9a50-81c59f1edc00),1.698,0.826617,0.704473,0.925379,0.746903,0.826617,0.968348,0.993232,1265879,102079,428958,14980300,1694837,1367958,16777216,0.10102,0.737266,0.337093,ok,13,3,0.076923,0.333333,0.125,0.066667,0.0,0.0,0.0,0.0,0.079901,0.639212,0.125
nucleonet,nucleus,segapp_islet_nucleus,IsletSEM,25239_1_00108,full,5.0,25239_1 (4556ce56-3617-41fd-9a50-81c59f1edc00),2.305,0.033439,0.017004,0.080102,0.02113,0.033439,0.976662,0.995274,6773,77782,313770,16378891,320543,84555,16777216,0.019106,0.0,0.017394,ok,16,1,0.0,0.0,0.0,0.0,0.0,0.0,0.0,0.0,0.0,0.0,0.0
nucleonet,nucleus,segapp_islet_nucleus,IsletSEM,25399_1_00109,full,5.0,25399_1 (7235239e-159d-425c-9f35-e6b9fe391b2a),1.286,0.972253,0.946004,0.996463,0.949191,0.972253,0.998612,0.999911,407967,1448,21838,16345963,429805,409415,16777216,0.025618,0.964746,0.556564,ok,7,1,0.142857,1.0,0.25,0.142857,0.0,0.0,0.0,0.0,0.12873,0.514918,0.25
nucleonet,nucleus,segapp_islet_nucleus,IsletSEM,25399_1_00110,full,5.0,25399_1 (7235239e-159d-425c-9f35-e6b9fe391b2a),1.631,0.79738,0.663035,0.670826,0.982786,0.79738,0.963053,0.961477,1219691,598502,21364,14937659,1241055,1818193,16777216,0.073973,0.325718,0.395728,ok,24,2,0.041667,0.5,0.076923,0.04,0.041667,0.5,0.076923,0.04,0.068552,0.891176,0.076923
nucleonet,nucleus,segapp_islet_nucleus,IsletSEM,25399_1_00111,full,5.0,25399_1 (7235239e-159d-425c-9f35-e6b9fe391b2a),1.867,0.919344,0.850728,0.899043,0.940583,0.919344,0.998243,0.998863,168023,18868,10614,16579711,178637,186891,16777216,0.010648,0.747405,0.443138,ok,9,1,0.111111,1.0,0.2,0.111111,0.0,0.0,0.0,0.0,0.112447,0.562237,0.2
nucleonet,nucleus,segapp_islet_nucleus,IsletSEM,25399_1_00112,full,5.0,25399_1 (7235239e-159d-425c-9f35-e6b9fe391b2a),6.092,0.808551,0.678628,0.949291,0.704154,0.808551,0.935446,0.99097,2287005,122166,960869,13407176,3247874,2409171,16777216,0.193588,0.663788,0.337203,ok,278,2,0.0,0.0,0.0,0.0,0.0,0.0,0.0,0.0,0.0,0.0,0.0
nucleonet,nucleus,segapp_islet_nucleus,IsletSEM,25399_1_00113,full,5.0,25399_1 (7235239e-159d-425c-9f35-e6b9fe391b2a),1.46,0.983778,0.968073,0.999953,0.968117,0.983778,0.99857,0.999998,727596,34,23962,16025624,751558,727630,16777216,0.044796,1.0,0.64193,ok,6,1,0.166667,1.0,0.285714,0.166667,0.0,0.0,0.0,0.0,0.187405,0.655917,0.285714
nucleonet,nucleus,segapp_islet_nucleus,IsletSEM,25399_1_00114,full,5.0,25399_1 (7235239e-159d-425c-9f35-e6b9fe391b2a),1.576,0.982562,0.965722,0.98837,0.976823,0.982562,0.996126,0.998554,1831005,21546,43445,14881220,1874450,1852551,16777216,0.111726,0.966433,0.800987,ok,25,5,0.04,0.2,0.066667,0.034483,0.04,0.2,0.066667,0.034483,0.06125,0.918754,0.066667
nucleonet,nucleus,segapp_islet_nucleus,IsletSEM,25399_1_00115,full,5.0,25399_1 (7235239e-159d-425c-9f35-e6b9fe391b2a),1.856,0.983819,0.968153,0.978752,0.988938,0.983819,0.99363,0.994773,3248704,70526,36339,13421647,3285043,3319230,16777216,0.195804,0.933238,0.826376,ok,40,6,0.05,0.333333,0.086957,0.045455,0.025,0.166667,0.043478,0.022222,0.061511,0.707373,0.086957
nucleonet,nucleus,segapp_islet_nucleus,IsletSEM,25399_1_00116,full,5.0,25399_1 (7235239e-159d-425c-9f35-e6b9fe391b2a),1.81,0.983503,0.967542,0.980006,0.987026,0.983503,0.991078,0.992573,4461875,91033,58649,12165659,4520524,4552908,16777216,0.269444,0.954237,0.788758,ok,32,5,0.03125,0.2,0.054054,0.027778,0.0,0.0,0.0,0.0,0.029492,0.545594,0.054054
nucleonet,nucleus,segapp_islet_nucleus,IsletSEM,25399_1_00117,full,5.0,25399_1 (7235239e-159d-425c-9f35-e6b9fe391b2a),1.724,0.950998,0.906573,0.919921,0.984247,0.950998,0.987364,0.987807,2057146,179075,32924,14508071,2090070,2236221,16777216,0.124578,0.779389,0.681598,ok,29,6,0.103448,0.5,0.171429,0.09375,0.103448,0.5,0.171429,0.09375,0.152014,0.886748,0.171429
nucleonet,nucleus,segapp_islet_nucleus,IsletSEM,25399_1_00118,full,5.0,25399_1 (7235239e-159d-425c-9f35-e6b9fe391b2a),1.46,0.920822,0.853262,0.864913,0.984457,0.920822,0.988132,0.988409,1157838,180837,18280,15420261,1176118,1338675,16777216,0.070102,0.573016,0.511799,ok,8,1,0.0,0.0,0.0,0.0,0.0,0.0,0.0,0.0,0.0,0.0,0.0
nucleonet,nucleus,segapp_islet_nucleus,IsletSEM,25399_1_00119,full,5.0,25399_1 (7235239e-159d-425c-9f35-e6b9fe391b2a),1.765,0.945921,0.897392,0.913753,0.980438,0.945921,0.98419,0.984806,2319852,218966,46287,14192111,2366139,2538818,16777216,0.141033,0.704775,0.553232,ok,20,4,0.15,0.75,0.25,0.142857,0.05,0.25,0.083333,0.043478,0.174849,0.699398,0.25
nucleonet,nucleus,segapp_islet_nucleus,IsletSEM,25399_1_00120,full,5.0,25399_1 (7235239e-159d-425c-9f35-e6b9fe391b2a),1.768,0.987508,0.975325,0.997036,0.97816,0.987508,0.994896,0.999245,3384355,10060,75563,13307238,3459918,3394415,16777216,0.206227,0.940213,0.780505,ok,30,5,0.1,0.6,0.171429,0.09375,0.1,0.6,0.171429,0.09375,0.150625,0.878648,0.171429
nucleonet,nucleus,segapp_islet_nucleus,IsletSEM,25399_1_00121,full,5.0,25399_1 (7235239e-159d-425c-9f35-e6b9fe391b2a),1.555,0.989682,0.979576,0.992787,0.986597,0.989682,0.998239,0.999329,1417098,10296,19251,15330571,1436349,1427394,16777216,0.085613,0.932761,0.693712,ok,15,1,0.0,0.0,0.0,0.0,0.0,0.0,0.0,0.0,0.0,0.0,0.0
nucleonet,nucleus,segapp_islet_nucleus,IsletSEM,25399_1_00122,full,5.0,25399_1 (7235239e-159d-425c-9f35-e6b9fe391b2a),1.406,0.967071,0.936242,0.955139,0.979305,0.967071,0.992141,0.993856,1936197,90939,40916,14709164,1977113,2027136,16777216,0.117845,0.876083,0.628296,ok,8,2,0.125,0.5,0.2,0.111111,0.125,0.5,0.2,0.111111,0.168985,0.844927,0.2
nucleonet,nucleus,segapp_islet_nucleus,IsletSEM,25399_1_00123,full,5.0,25399_1 (7235239e-159d-425c-9f35-e6b9fe391b2a),2.683,0.866677,0.764721,0.775075,0.982832,0.866677,0.942434,0.932935,3139091,910957,54834,12672334,3193925,4050048,16777216,0.190373,0.575984,0.550015,ok,90,3,0.011111,0.333333,0.021505,0.01087,0.011111,0.333333,0.021505,0.01087,0.02097,0.975109,0.021505
nucleonet,nucleus,segapp_islet_nucleus,IsletSEM,25399_1_00124,full,5.0,25399_1 (7235239e-159d-425c-9f35-e6b9fe391b2a),2.053,0.971088,0.943801,0.960778,0.981622,0.971088,0.989158,0.990874,3054838,124709,57194,13540475,3112032,3179547,16777216,0.185492,0.881445,0.707931,ok,49,4,0.020408,0.25,0.037736,0.019231,0.020408,0.25,0.037736,0.019231,0.029711,0.78733,0.037736
nucleonet,nucleus,segapp_islet_nucleus,IsletSEM,25399_1_00125,full,5.0,25399_1 (7235239e-159d-425c-9f35-e6b9fe391b2a),1.733,0.987886,0.976062,0.990817,0.984972,0.987886,0.997277,0.99884,1862836,17265,28422,14868693,1891258,1880101,16777216,0.112728,0.95805,0.822356,ok,12,2,0.083333,0.5,0.142857,0.076923,0.0,0.0,0.0,0.0,0.091258,0.638809,0.142857
nucleonet,nucleus,segapp_islet_nucleus,IsletSEM,25399_1_00126,full,5.0,25399_1 (7235239e-159d-425c-9f35-e6b9fe391b2a),1.619,0.987067,0.974465,0.991645,0.982532,0.987067,0.997109,0.998953,1850927,15595,32907,14877787,1883834,1866522,16777216,0.112285,0.951811,0.765067,ok,11,2,0.090909,0.5,0.153846,0.083333,0.090909,0.5,0.153846,0.083333,0.135592,0.88135,0.153846
nucleonet,nucleus,segapp_islet_nucleus,IsletSEM,25399_1_00127,full,5.0,25399_1 (7235239e-159d-425c-9f35-e6b9fe391b2a),1.583,0.986291,0.972953,0.985855,0.986728,0.986291,0.99199,0.994161,4834005,69360,65018,11808833,4899023,4903365,16777216,0.292005,0.923237,0.773393,ok,18,5,0.111111,0.4,0.173913,0.095238,0.0,0.0,0.0,0.0,0.091382,0.525446,0.173913
nucleonet,nucleus,segapp_islet_nucleus,IsletSEM,25399_1_00128,full,5.0,25399_1 (7235239e-159d-425c-9f35-e6b9fe391b2a),1.892,0.984134,0.968763,0.987583,0.980709,0.984134,0.995587,0.998,2296248,28872,45168,14406928,2341416,2325120,16777216,0.139559,0.850863,0.708662,ok,40,3,0.025,0.333333,0.046512,0.02381,0.0,0.0,0.0,0.0,0.025172,0.541205,0.046512
nucleonet,nucleus,segapp_islet_nucleus,IsletSEM,25399_1_00129,full,5.0,25399_1 (7235239e-159d-425c-9f35-e6b9fe391b2a),3.2,0.675879,0.510436,0.516015,0.979258,0.675879,0.90862,0.901006,1598470,1499252,33858,13645636,1632328,3097722,16777216,0.097294,0.386335,0.446664,ok,127,2,0.007874,0.5,0.015504,0.007812,0.0,0.0,0.0,0.0,0.008939,0.576538,0.015504
nucleonet,nucleus,segapp_islet_nucleus,IsletSEM,25399_1_00130,full,5.0,25399_1 (7235239e-159d-425c-9f35-e6b9fe391b2a),5.119,0.588205,0.416636,0.421317,0.974029,0.588205,0.918527,0.915001,976224,1340855,26030,14434107,1002254,2317079,16777216,0.059739,0.307833,0.346717,ok,249,2,0.008032,1.0,0.015936,0.008032,0.004016,0.5,0.007968,0.004,0.012224,0.767027,0.015936
nucleonet,nucleus,segapp_islet_nucleus,IsletSEM,25399_1_00131,full,5.0,25399_1 (7235239e-159d-425c-9f35-e6b9fe391b2a),1.403,0.970702,0.943072,0.978772,0.962764,0.970702,0.9964,0.998621,1000656,21703,38701,15716156,1039357,1022359,16777216,0.061951,0.856316,0.643449,ok,10,3,0.1,0.333333,0.153846,0.083333,0.1,0.333333,0.153846,0.083333,0.145576,0.946246,0.153846
nucleonet,nucleus,segapp_islet_nucleus,IsletSEM,25399_1_00132,full,5.0,25399_1 (7235239e-159d-425c-9f35-e6b9fe391b2a),1.641,0.932624,0.873754,0.888234,0.981684,0.932624,0.974488,0.97291,2962341,372749,55271,13386855,3017612,3335090,16777216,0.179864,0.873637,0.74298,ok,24,5,0.083333,0.4,0.137931,0.074074,0.083333,0.4,0.137931,0.074074,0.131058,0.950173,0.137931
nucleonet,nucleus,segapp_islet_nucleus,IsletSEM,25399_1_00133,full,5.0,25399_1 (7235239e-159d-425c-9f35-e6b9fe391b2a),2.001,0.953771,0.911627,0.986297,0.923322,0.953771,0.999251,0.999892,129555,1800,10759,16635102,140314,131355,16777216,0.008363,0.965642,0.740326,ok,12,1,0.0,0.0,0.0,0.0,0.0,0.0,0.0,0.0,0.0,0.0,0.0
nucleonet,nucleus,segapp_islet_nucleus,IsletSEM,25399_1_00134,full,5.0,25399_1 (7235239e-159d-425c-9f35-e6b9fe391b2a),3.484,0.985785,0.971968,0.981475,0.990132,0.985785,0.992049,0.992789,4625086,87297,46095,12018738,4671181,4712383,16777216,0.278424,0.93022,0.801962,ok,106,5,0.018868,0.4,0.036036,0.018349,0.009434,0.2,0.018018,0.009091,0.024536,0.680861,0.036036
nucleonet,nucleus,segapp_islet_nucleus,IsletSEM,25399_1_00135,full,5.0,25399_1 (7235239e-159d-425c-9f35-e6b9fe391b2a),1.591,0.988989,0.978217,0.989147,0.98883,0.988989,0.994779,0.996628,3933984,43163,44438,12755631,3978422,3977147,16777216,0.237132,0.868261,0.746528,ok,19,3,0.052632,0.333333,0.090909,0.047619,0.052632,0.333333,0.090909,0.047619,0.069094,0.760032,0.090909
nucleonet,nucleus,segapp_islet_nucleus,IsletSEM,25399_1_00136,full,5.0,25399_1 (7235239e-159d-425c-9f35-e6b9fe391b2a),1.732,0.973034,0.947485,0.971616,0.974457,0.973034,0.99009,0.993603,2999674,87630,78629,13611283,3078303,3087304,16777216,0.183481,0.889915,0.680391,ok,30,5,0.066667,0.4,0.114286,0.060606,0.033333,0.2,0.057143,0.029412,0.084886,0.742751,0.114286
nucleonet,nucleus,segapp_islet_nucleus,IsletSEM,25399_1_00137,full,5.0,25399_1 (7235239e-159d-425c-9f35-e6b9fe391b2a),1.697,0.965603,0.933493,0.961221,0.970025,0.965603,0.990936,0.994092,2134527,86115,65960,14490614,2200487,2220642,16777216,0.131159,0.850139,0.625275,ok,27,4,0.037037,0.25,0.064516,0.033333,0.037037,0.25,0.064516,0.033333,0.059841,0.927531,0.064516
nucleonet,nucleus,segapp_islet_nucleus,IsletSEM,25399_1_00138,full,5.0,25399_1 (7235239e-159d-425c-9f35-e6b9fe391b2a),1.695,0.961084,0.925084,0.949042,0.973436,0.961084,0.993279,0.995128,1392396,74764,37997,15272059,1430393,1467160,16777216,0.085258,0.836537,0.661824,ok,25,4,0.08,0.5,0.137931,0.074074,0.04,0.25,0.068966,0.035714,0.096608,0.700409,0.137931
nucleonet,nucleus,segapp_islet_nucleus,IsletSEM,25399_1_00139,full,5.0,25399_1 (7235239e-159d-425c-9f35-e6b9fe391b2a),1.862,0.834992,0.716726,0.76306,0.921897,0.834992,0.982158,0.985261,757359,235170,64163,15720524,821522,992529,16777216,0.048967,0.725286,0.402404,ok,47,3,0.021277,0.333333,0.04,0.020408,0.0,0.0,0.0,0.0,0.028281,0.70703,0.04
nucleonet,nucleus,segapp_islet_nucleus,IsletSEM,25399_1_00140,full,5.0,25399_1 (7235239e-159d-425c-9f35-e6b9fe391b2a),1.472,0.968638,0.939184,0.982904,0.95478,0.968638,0.98837,0.996152,3013320,52411,142715,13568770,3156035,3065731,16777216,0.188114,0.82651,0.689982,ok,14,3,0.142857,0.666667,0.235294,0.133333,0.071429,0.333333,0.117647,0.0625,0.161195,0.685078,0.235294
nucleonet,nucleus,segapp_islet_nucleus,IsletSEM,25399_1_00141,full,5.0,25399_1 (7235239e-159d-425c-9f35-e6b9fe391b2a),1.398,0.969072,0.94,0.949764,0.989181,0.969072,0.992793,0.993259,1894200,100190,20717,14762109,1914917,1994390,16777216,0.114138,0.733405,0.696901,ok,14,2,0.142857,1.0,0.25,0.142857,0.0,0.0,0.0,0.0,0.153877,0.615509,0.25
nucleonet,nucleus,segapp_islet_nucleus,IsletSEM,25399_1_00142,full,5.0,25399_1 (7235239e-159d-425c-9f35-e6b9fe391b2a),3.039,0.803317,0.671287,0.680483,0.980265,0.803317,0.952313,0.94923,1633829,767154,32893,14343340,1666722,2400983,16777216,0.099344,0.538741,0.413102,ok,122,2,0.008197,0.5,0.016129,0.00813,0.008197,0.5,0.016129,0.00813,0.015428,0.956544,0.016129
nucleonet,nucleus,segapp_islet_nucleus,IsletSEM,25399_1_00143,full,5.0,25399_1 (7235239e-159d-425c-9f35-e6b9fe391b2a),1.934,0.793006,0.657009,0.662225,0.988152,0.793006,0.969444,0.968266,981973,500865,11774,15282604,993747,1482838,16777216,0.059232,0.351605,0.410923,ok,46,1,0.0,0.0,0.0,0.0,0.0,0.0,0.0,0.0,0.0,0.0,0.0
nucleonet,nucleus,segapp_islet_nucleus,IsletSEM,25399_1_00144,full,5.0,25399_1 (7235239e-159d-425c-9f35-e6b9fe391b2a),1.556,0.982927,0.966427,0.986268,0.979608,0.982927,0.994312,0.997263,2747065,38247,57183,13934721,2804248,2785312,16777216,0.167146,0.878699,0.669235,ok,23,3,0.0,0.0,0.0,0.0,0.0,0.0,0.0,0.0,0.0,0.0,0.0
nucleonet,nucleus,segapp_islet_nucleus,IsletSEM,25399_1_00145,full,5.0,25399_1 (7235239e-159d-425c-9f35-e6b9fe391b2a),1.779,0.937773,0.882836,0.939768,0.935786,0.937773,0.991875,0.995802,1027113,65830,70481,15613792,1097594,1092943,16777216,0.065422,0.819607,0.521705,ok,33,3,0.030303,0.333333,0.055556,0.028571,0.030303,0.333333,0.055556,0.028571,0.053797,0.968342,0.055556
nucleonet,nucleus,segapp_islet_nucleus,IsletSEM,25399_1_00146,full,5.0,25399_1 (7235239e-159d-425c-9f35-e6b9fe391b2a),1.928,0.988431,0.977126,0.996406,0.980582,0.988431,0.998963,0.999833,743089,2680,14715,16016732,757804,745769,16777216,0.045169,0.955376,0.658799,ok,4,1,0.25,1.0,0.4,0.25,0.0,0.0,0.0,0.0,0.269418,0.673544,0.4
nucleonet,nucleus,segapp_islet_nucleus,IsletSEM,25399_1_00147,full,5.0,25399_1 (7235239e-159d-425c-9f35-e6b9fe391b2a),2.624,0.983231,0.967015,0.979566,0.986923,0.983231,0.992265,0.993858,3804645,79364,50412,12842795,3855057,3884009,16777216,0.229779,0.917369,0.750531,ok,88,3,0.011364,0.333333,0.021978,0.011111,0.011364,0.333333,0.021978,0.011111,0.020536,0.934371,0.021978
nucleonet,nucleus,segapp_islet_nucleus,IsletSEM,25399_1_00148,full,5.0,25399_1 (7235239e-159d-425c-9f35-e6b9fe391b2a),1.602,0.861982,0.757441,0.928999,0.803983,0.861982,0.966016,0.990656,1780459,136075,434090,14426592,2214549,1916534,16777216,0.131997,0.587242,0.635353,ok,23,5,0.043478,0.2,0.071429,0.037037,0.043478,0.2,0.071429,0.037037,0.059283,0.829963,0.071429
nucleonet,nucleus,segapp_islet_nucleus,IsletSEM,25399_1_00149,full,5.0,25399_1 (7235239e-159d-425c-9f35-e6b9fe391b2a),1.504,0.966027,0.934286,0.94795,0.984806,0.966027,0.984733,0.984713,3641580,199951,56184,12879501,3697764,3841531,16777216,0.220404,0.816445,0.64481,ok,17,3,0.0,0.0,0.0,0.0,0.0,0.0,0.0,0.0,0.0,0.0,0.0
nucleonet,nucleus,segapp_islet_nucleus,IsletSEM,25399_1_00150,full,5.0,25399_1 (7235239e-159d-425c-9f35-e6b9fe391b2a),1.524,0.67866,0.513615,0.60221,0.777343,0.67866,0.994696,0.996273,93973,62074,26917,16594252,120890,156047,16777216,0.007206,0.503195,0.313509,ok,8,1,0.125,1.0,0.222222,0.125,0.0,0.0,0.0,0.0,0.113549,0.510969,0.222222
nucleonet,nucleus,segapp_islet_nucleus,IsletSEM,25399_1_00151,full,5.0,25399_1 (7235239e-159d-425c-9f35-e6b9fe391b2a),2.739,0.989802,0.979809,0.985036,0.994614,0.989802,0.997347,0.997753,2159864,32812,11696,14572844,2171560,2192676,16777216,0.129435,0.95297,0.712512,ok,51,1,0.0,0.0,0.0,0.0,0.0,0.0,0.0,0.0,0.0,0.0,0.0
nucleonet,nucleus,segapp_islet_nucleus,IsletSEM,25399_1_00152,full,5.0,25399_1 (7235239e-159d-425c-9f35-e6b9fe391b2a),2.235,0.878622,0.783521,0.811067,0.958454,0.878622,0.999016,0.999168,59727,13913,2589,16700987,62316,73640,16777216,0.003714,0.664878,0.578187,ok,13,1,0.0,0.0,0.0,0.0,0.0,0.0,0.0,0.0,0.0,0.0,0.0
nucleonet,nucleus,segapp_islet_nucleus,IsletSEM,25399_1_00153,full,5.0,25399_1 (7235239e-159d-425c-9f35-e6b9fe391b2a),2.104,0.986703,0.973755,0.986838,0.986568,0.986703,0.998234,0.999064,1099152,14660,14965,15648439,1114117,1113812,16777216,0.066407,0.975174,0.726701,ok,14,1,0.0,0.0,0.0,0.0,0.0,0.0,0.0,0.0,0.0,0.0,0.0
nucleonet,nucleus,zenodo_3675220_platynereis,Platynereis,nucleus_00000,sparse,80,nuclei.zip:train_data_nuclei_01,0.166,0.944639,0.895086,0.96075,0.929059,0.944639,0.999564,0.999847,62443,2551,4768,16707454,67211,64994,140625,0.477945,0.923745,0.893163,ok,40,45,0.9,0.8,0.847059,0.734694,0.775,0.688889,0.729412,0.574074,0.733113,0.865481,0.847059
nucleonet,nucleus,zenodo_3675220_platynereis,Platynereis,nucleus_00001,sparse,80,nuclei.zip:train_data_nuclei_01,0.349,0.94528,0.896239,0.962765,0.92842,0.94528,0.999587,0.999862,59806,2313,4611,16710486,64417,62119,140625,0.458076,0.936158,0.895107,ok,43,48,0.906977,0.8125,0.857143,0.75,0.767442,0.6875,0.725275,0.568966,0.744938,0.869094,0.857143
nucleonet,nucleus,zenodo_3675220_platynereis,Platynereis,nucleus_00002,sparse,80,nuclei.zip:train_data_nuclei_01,0.149,0.950107,0.904955,0.965207,0.935471,0.950107,0.999594,0.99986,64888,2339,4476,16705513,69364,67227,140625,0.493255,0.946231,0.89262,ok,40,50,0.975,0.78,0.866667,0.764706,0.875,0.7,0.777778,0.636364,0.76872,0.886985,0.866667
nucleonet,nucleus,zenodo_3675220_platynereis,Platynereis,nucleus_00003,sparse,80,nuclei.zip:train_data_nuclei_01,0.147,0.954925,0.913738,0.953482,0.956372,0.954925,0.999585,0.999784,73830,3602,3368,16696416,77198,77432,140625,0.548964,0.947383,0.91533,ok,50,49,0.86,0.877551,0.868687,0.767857,0.82,0.836735,0.828283,0.706897,0.772523,0.8893,0.868687
nucleonet,nucleus,zenodo_3675220_platynereis,Platynereis,nucleus_00004,sparse,80,nuclei.zip:train_data_nuclei_01,0.19,0.958968,0.92117,0.956511,0.961437,0.958968,0.99961,0.999792,76540,3480,3070,16694126,79610,80020,140625,0.566116,0.950991,0.921114,ok,45,47,0.933333,0.893617,0.913043,0.84,0.844444,0.808511,0.826087,0.703704,0.811334,0.888604,0.913043
nucleonet,nucleus,zenodo_3675220_platynereis,Platynereis,nucleus_00005,sparse,80,nuclei.zip:train_data_nuclei_01,0.238,0.962034,0.926845,0.963477,0.960594,0.962034,0.999636,0.999824,77373,2933,3174,16693736,80547,80306,140625,0.572779,0.959902,0.924342,ok,46,48,0.913043,0.875,0.893617,0.807692,0.826087,0.791667,0.808511,0.678571,0.795481,0.890182,0.893617
nucleonet,nucleus,zenodo_3675220_platynereis,Platynereis,nucleus_00006,sparse,80,nuclei.zip:train_data_nuclei_01,0.096,0.955173,0.914193,0.953845,0.956506,0.955173,0.999574,0.999779,76113,3683,3461,16693959,79574,79796,140625,0.56586,0.95824,0.905965,ok,49,48,0.918367,0.9375,0.927835,0.865385,0.816327,0.833333,0.824742,0.701754,0.813015,0.87625,0.927835
nucleonet,nucleus,zenodo_3675220_platynereis,Platynereis,nucleus_00007,sparse,80,nuclei.zip:train_data_nuclei_01,0.207,0.962264,0.927272,0.963422,0.961108,0.962264,0.999654,0.999832,74013,2810,2995,16697398,77008,76823,140625,0.547612,0.959802,0.938512,ok,46,50,0.978261,0.9,0.9375,0.882353,0.934783,0.86,0.895833,0.811321,0.833048,0.888584,0.9375
nucleonet,nucleus,zenodo_3675220_platynereis,Platynereis,nucleus_00008,sparse,80,nuclei.zip:train_data_nuclei_01,0.16,0.958371,0.92007,0.961365,0.955397,0.958371,0.999639,0.999832,69722,2802,3255,16701437,72977,72524,140625,0.518948,0.957353,0.922697,ok,45,50,0.955556,0.86,0.905263,0.826923,0.822222,0.74,0.778947,0.637931,0.787436,0.869842,0.905263
nucleonet,nucleus,zenodo_3675220_platynereis,Platynereis,nucleus_00009,sparse,80,nuclei.zip:train_data_nuclei_01,0.24,0.951858,0.908138,0.965686,0.938419,0.951858,0.999607,0.999861,65207,2317,4279,16705413,69486,67524,140625,0.494123,0.939735,0.911936,ok,44,46,0.909091,0.869565,0.888889,0.8,0.818182,0.782609,0.8,0.666667,0.786504,0.884817,0.888889
nucleonet,nucleus,zenodo_3675220_platynereis,Platynereis,nucleus_00010,sparse,80,nuclei.zip:train_data_nuclei_01,0.073,0.945544,0.896713,0.960813,0.930754,0.945544,0.99958,0.999851,61198,2496,4553,16708969,65751,63694,140625,0.467563,0.935471,0.907157,ok,47,51,0.93617,0.862745,0.897959,0.814815,0.808511,0.745098,0.77551,0.633333,0.78002,0.868659,0.897959
nucleonet,nucleus,zenodo_3675220_platynereis,Platynereis,nucleus_00011,sparse,80,nuclei.zip:train_data_nuclei_01,0.182,0.937329,0.882051,0.964742,0.911432,0.937329,0.999561,0.99988,55107,2014,5355,16714740,60462,57121,140625,0.429952,0.91369,0.875078,ok,38,50,0.947368,0.72,0.818182,0.692308,0.815789,0.62,0.704545,0.54386,0.708707,0.866198,0.818182
nucleonet,nucleus,zenodo_3675220_platynereis,Platynereis,nucleus_00012,sparse,80,nuclei.zip:train_data_nuclei_01,0.162,0.945421,0.896491,0.965172,0.926461,0.945421,0.999607,0.999877,57171,2063,4538,16713444,61709,59234,140625,0.43882,0.928752,0.878756,ok,36,41,0.944444,0.829268,0.883117,0.790698,0.888889,0.780488,0.831169,0.711111,0.787212,0.891401,0.883117
nucleonet,nucleus,zenodo_3675220_platynereis,Platynereis,nucleus_00013,sparse,80,nuclei.zip:train_data_nuclei_01,0.147,0.955225,0.914287,0.957613,0.952848,0.955225,0.999652,0.999835,62241,2755,3080,16709140,65321,64996,140625,0.464505,0.941556,0.905417,ok,37,40,0.918919,0.85,0.883117,0.790698,0.891892,0.825,0.857143,0.75,0.801167,0.907203,0.883117
nucleonet,nucleus,zenodo_3675220_platynereis,Platynereis,nucleus_00014,sparse,80,nuclei.zip:train_data_nuclei_01,0.52,0.958006,0.919397,0.957045,0.958968,0.958006,0.999663,0.999827,64435,2892,2757,16707132,67192,67327,140625,0.47781,0.933088,0.908825,ok,39,41,0.923077,0.878049,0.9,0.818182,0.820513,0.780488,0.8,0.666667,0.799285,0.888095,0.9
nucleonet,nucleus,zenodo_3675220_platynereis,Platynereis,nucleus_00015,sparse,80,nuclei.zip:train_data_nuclei_01,0.074,0.954521,0.912998,0.952982,0.956064,0.954521,0.999641,0.999813,63258,3121,2907,16707930,66165,66379,140625,0.470507,0.948049,0.893789,ok,41,43,0.902439,0.860465,0.880952,0.787234,0.780488,0.744186,0.761905,0.615385,0.764804,0.868156,0.880952
nucleonet,nucleus,zenodo_3675220_platynereis,Platynereis,nucleus_00016,sparse,80,nuclei.zip:train_data_nuclei_01,0.114,0.952426,0.909173,0.945316,0.959643,0.952426,0.999639,0.99979,60660,3509,2551,16710496,63211,64169,140625,0.4495,0.94359,0.902423,ok,38,39,0.842105,0.820513,0.831169,0.711111,0.736842,0.717949,0.727273,0.571429,0.728787,0.876822,0.831169
nucleonet,nucleus,zenodo_3675220_platynereis,Platynereis,nucleus_00017,sparse,80,nuclei.zip:train_data_nuclei_01,0.188,0.953193,0.910571,0.954453,0.951936,0.953193,0.999666,0.999837,57040,2722,2880,16714574,59920,59762,140625,0.426098,0.949756,0.919585,ok,33,33,0.909091,0.909091,0.909091,0.833333,0.787879,0.787879,0.787879,0.65,0.798367,0.878204,0.909091
nucleonet,nucleus,zenodo_3675220_platynereis,Platynereis,nucleus_00018,sparse,80,nuclei.zip:train_data_nuclei_01,0.085,0.953759,0.911605,0.955674,0.951851,0.953759,0.999689,0.999851,53771,2494,2720,16718231,56491,56265,140625,0.401714,0.933386,0.908755,ok,37,40,0.783784,0.725,0.753247,0.604167,0.621622,0.575,0.597403,0.425926,0.647704,0.859882,0.753247
nucleonet,nucleus,zenodo_3675220_platynereis,Platynereis,nucleus_00019,sparse,80,nuclei.zip:train_data_nuclei_01,0.328,0.956457,0.916547,0.952104,0.96085,0.956457,0.999718,0.999844,51883,2610,2114,16720609,53997,54493,140625,0.383979,0.94,0.917062,ok,37,38,0.864865,0.842105,0.853333,0.744186,0.72973,0.710526,0.72,0.5625,0.71342,0.836039,0.853333
nucleonet,nucleus,zenodo_3675220_platynereis,Platynereis,nucleus_00020,sparse,80,nuclei.zip:train_data_nuclei_01,0.067,0.953664,0.911431,0.954565,0.952764,0.953664,0.999719,0.999862,48469,2307,2403,16724037,50872,50776,140625,0.361756,0.959942,0.921807,ok,36,37,0.944444,0.918919,0.931507,0.871795,0.805556,0.783784,0.794521,0.659091,0.801459,0.86039,0.931507
nucleonet,nucleus,zenodo_3675220_platynereis,Platynereis,nucleus_00021,sparse,80,nuclei.zip:train_data_nuclei_01,0.162,0.948148,0.901409,0.947765,0.948531,0.948148,0.999709,0.999853,44599,2458,2420,16727739,47019,47057,140625,0.334357,0.953508,0.907057,ok,34,37,0.911765,0.837838,0.873239,0.775,0.911765,0.837838,0.873239,0.775,0.787218,0.901492,0.873239
nucleonet,nucleus,zenodo_3675220_platynereis,Platynereis,nucleus_00022,sparse,80,nuclei.zip:train_data_nuclei_01,0.135,0.945934,0.897414,0.953019,0.938953,0.945934,0.999704,0.999872,43512,2145,2829,16728730,46341,45657,140625,0.329536,0.95664,0.895287,ok,33,35,0.969697,0.914286,0.941176,0.888889,0.878788,0.828571,0.852941,0.74359,0.814169,0.865054,0.941176
nucleonet,nucleus,zenodo_3675220_platynereis,Platynereis,nucleus_00023,sparse,80,nuclei.zip:train_data_nuclei_01,0.073,0.955242,0.914318,0.948081,0.962511,0.955242,0.999743,0.999849,46035,2521,1793,16726867,47828,48556,140625,0.34011,0.964177,0.900363,ok,30,36,0.966667,0.805556,0.878788,0.783784,0.833333,0.694444,0.757576,0.609756,0.754234,0.858266,0.878788
nucleonet,nucleus,zenodo_3675220_platynereis,Platynereis,nucleus_00024,sparse,80,nuclei.zip:train_data_nuclei_01,0.167,0.955511,0.914812,0.953561,0.957469,0.955511,0.999737,0.999862,47433,2310,2107,16725366,49540,49743,140625,0.352284,0.954418,0.899669,ok,27,30,0.962963,0.866667,0.912281,0.83871,0.925926,0.833333,0.877193,0.78125,0.797344,0.874011,0.912281
nucleonet,nucleus,zenodo_3675220_platynereis,Platynereis,nucleus_00025,sparse,80,nuclei.zip:train_data_nuclei_02,0.339,0.948151,0.901413,0.973059,0.924486,0.948151,0.99983,0.999957,26150,724,2136,16748206,28286,26874,65142,0.434221,0.951843,0.884024,ok,21,22,0.904762,0.863636,0.883721,0.791667,0.904762,0.863636,0.883721,0.791667,0.789828,0.893753,0.883721
nucleonet,nucleus,zenodo_3675220_platynereis,Platynereis,nucleus_00026,sparse,80,nuclei.zip:train_data_nuclei_02,0.284,0.957499,0.918463,0.975514,0.940137,0.957499,0.999854,0.999959,27609,693,1758,16747156,29367,28302,66000,0.444955,0.961204,0.921515,ok,19,21,0.947368,0.857143,0.9,0.818182,0.947368,0.857143,0.9,0.818182,0.828193,0.920215,0.9
nucleonet,nucleus,zenodo_3675220_platynereis,Platynereis,nucleus_00027,sparse,80,nuclei.zip:train_data_nuclei_02,0.071,0.956456,0.916545,0.972671,0.940772,0.956456,0.999839,0.99995,29576,831,1862,16744947,31438,30407,71659,0.438717,0.943047,0.883865,ok,19,21,0.894737,0.809524,0.85,0.73913,0.894737,0.809524,0.85,0.73913,0.776608,0.913656,0.85
nucleonet,nucleus,zenodo_3675220_platynereis,Platynereis,nucleus_00028,sparse,80,nuclei.zip:train_data_nuclei_02,0.085,0.95035,0.905397,0.965804,0.935382,0.95035,0.999809,0.999935,30616,1084,2115,16743401,32731,31700,73800,0.443509,0.958475,0.882022,ok,19,20,0.947368,0.9,0.923077,0.857143,0.947368,0.9,0.923077,0.857143,0.832419,0.901787,0.923077
nucleonet,nucleus,zenodo_3675220_platynereis,Platynereis,nucleus_00029,sparse,80,nuclei.zip:train_data_nuclei_02,0.161,0.961158,0.925221,0.967475,0.954923,0.961158,0.999848,0.999937,31501,1059,1487,16743169,32988,32560,75658,0.436015,0.987201,0.911943,ok,20,22,1.0,0.909091,0.952381,0.909091,1.0,0.909091,0.952381,0.909091,0.855889,0.898684,0.952381
nucleonet,nucleus,zenodo_3675220_platynereis,Platynereis,nucleus_00030,sparse,80,nuclei.zip:train_data_nuclei_02,0.064,0.957855,0.919119,0.966668,0.949202,0.957855,0.999836,0.999936,31205,1076,1670,16743265,32875,32281,78538,0.418587,0.959944,0.901725,ok,22,24,0.954545,0.875,0.913043,0.84,0.863636,0.791667,0.826087,0.703704,0.805484,0.882196,0.913043
nucleonet,nucleus,zenodo_3675220_platynereis,Platynereis,nucleus_00031,sparse,80,nuclei.zip:train_data_nuclei_02,0.115,0.949903,0.904586,0.965865,0.93446,0.949903,0.999805,0.999934,31068,1098,2179,16742871,33247,32166,82125,0.404834,0.934048,0.878283,ok,21,23,0.952381,0.869565,0.909091,0.833333,0.904762,0.826087,0.863636,0.76,0.804396,0.884836,0.909091
nucleonet,nucleus,zenodo_3675220_platynereis,Platynereis,nucleus_00032,sparse,80,nuclei.zip:train_data_nuclei_02,0.186,0.948695,0.902397,0.968487,0.929695,0.948695,0.999808,0.999942,29780,969,2252,16744215,32032,30749,82125,0.39004,0.934987,0.884041,ok,21,24,1.0,0.875,0.933333,0.875,0.857143,0.75,0.8,0.666667,0.802222,0.859523,0.933333
nucleonet,nucleus,zenodo_3675220_platynereis,Platynereis,nucleus_00033,sparse,80,nuclei.zip:train_data_nuclei_02,0.266,0.956784,0.917149,0.973048,0.941055,0.956784,0.999839,0.99995,29966,830,1877,16744543,31843,30796,83625,0.380783,0.95979,0.913262,ok,23,25,1.0,0.92,0.958333,0.92,0.956522,0.88,0.916667,0.846154,0.851765,0.888799,0.958333
nucleonet,nucleus,zenodo_3675220_platynereis,Platynereis,nucleus_00034,sparse,80,nuclei.zip:train_data_nuclei_02,0.048,0.960364,0.92375,0.975758,0.945447,0.960364,0.999848,0.999954,30953,769,1786,16743708,32739,31722,84000,0.38975,0.965559,0.92106,ok,19,22,1.0,0.863636,0.926829,0.863636,1.0,0.863636,0.926829,0.863636,0.839027,0.905266,0.926829
nucleonet,nucleus,zenodo_3675220_platynereis,Platynereis,nucleus_00035,sparse,80,nuclei.zip:train_data_nuclei_02,0.091,0.953308,0.910782,0.973712,0.933742,0.953308,0.999821,0.999951,30595,826,2171,16743624,32766,31421,83625,0.391821,0.965474,0.901378,ok,19,21,0.947368,0.857143,0.9,0.818182,0.894737,0.809524,0.85,0.73913,0.805674,0.895194,0.9
nucleonet,nucleus,zenodo_3675220_platynereis,Platynereis,nucleus_00036,sparse,80,nuclei.zip:train_data_nuclei_02,0.151,0.95261,0.909509,0.96992,0.935907,0.95261,0.999818,0.999943,30665,951,2100,16743500,32765,31616,86250,0.379884,0.959733,0.908621,ok,19,26,1.0,0.730769,0.844444,0.730769,0.947368,0.692308,0.8,0.666667,0.75713,0.896601,0.844444
nucleonet,nucleus,zenodo_3675220_platynereis,Platynereis,nucleus_00037,sparse,80,nuclei.zip:train_data_nuclei_02,0.156,0.922654,0.856414,0.965901,0.883113,0.922654,0.99972,0.999941,28015,989,3708,16744504,31723,29004,89250,0.35544,0.875538,0.830163,ok,25,28,0.8,0.714286,0.754717,0.606061,0.68,0.607143,0.641509,0.472222,0.646952,0.857211,0.754717
nucleonet,nucleus,zenodo_3675220_platynereis,Platynereis,nucleus_00038,sparse,80,nuclei.zip:train_data_nuclei_02,0.131,0.940444,0.887583,0.969635,0.912959,0.940444,0.999772,0.999944,30208,946,2880,16743182,33088,31154,90750,0.364606,0.923371,0.868308,ok,25,28,0.84,0.75,0.792453,0.65625,0.76,0.678571,0.716981,0.558824,0.685102,0.864533,0.792453
nucleonet,nucleus,zenodo_3675220_platynereis,Platynereis,nucleus_00039,sparse,80,nuclei.zip:train_data_nuclei_02,0.301,0.954843,0.913589,0.967843,0.942188,0.954843,0.999818,0.999936,32204,1070,1976,16741966,34180,33274,91875,0.372027,0.941064,0.899312,ok,21,26,1.0,0.807692,0.893617,0.807692,0.904762,0.730769,0.808511,0.678571,0.78677,0.880433,0.893617
nucleonet,nucleus,zenodo_3675220_platynereis,Platynereis,nucleus_00040,sparse,80,nuclei.zip:train_data_nuclei_02,0.164,0.944778,0.895337,0.963342,0.926917,0.944778,0.999776,0.999927,32139,1223,2534,16741320,34673,33362,92625,0.374337,0.927181,0.853178,ok,20,26,1.0,0.769231,0.869565,0.769231,0.9,0.692308,0.782609,0.642857,0.762153,0.876476,0.869565
nucleonet,nucleus,zenodo_3675220_platynereis,Platynereis,nucleus_00041,sparse,80,nuclei.zip:train_data_nuclei_02,0.133,0.950559,0.905777,0.966302,0.935321,0.950559,0.999791,0.99993,33665,1174,2328,16740049,35993,34839,92250,0.390168,0.960969,0.890208,ok,21,22,1.0,0.954545,0.976744,0.954545,0.761905,0.727273,0.744186,0.592593,0.836688,0.856609,0.976744
nucleonet,nucleus,zenodo_3675220_platynereis,Platynereis,nucleus_00042,sparse,80,nuclei.zip:train_data_nuclei_02,0.119,0.954131,0.912285,0.968999,0.939712,0.954131,0.999797,0.999932,35414,1133,2272,16738397,37686,36547,96000,0.392562,0.950694,0.895687,ok,20,24,0.9,0.75,0.818182,0.692308,0.8,0.666667,0.727273,0.571429,0.734631,0.897882,0.818182
nucleonet,nucleus,zenodo_3675220_platynereis,Platynereis,nucleus_00043,sparse,80,nuclei.zip:train_data_nuclei_02,0.065,0.952641,0.909566,0.958864,0.946499,0.952641,0.999778,0.999904,37435,1606,2116,16736059,39551,39041,97500,0.405651,0.956258,0.900493,ok,23,24,0.956522,0.916667,0.93617,0.88,0.869565,0.833333,0.851064,0.740741,0.819204,0.875058,0.93617
nucleonet,nucleus,zenodo_3675220_platynereis,Platynereis,nucleus_00044,sparse,80,nuclei.zip:train_data_nuclei_02,0.157,0.957506,0.918476,0.963327,0.951755,0.957506,0.999792,0.999911,39297,1496,1992,16734431,41289,40793,98250,0.420244,0.969688,0.911757,ok,20,21,1.0,0.952381,0.97561,0.952381,0.95,0.904762,0.926829,0.863636,0.865943,0.887592,0.97561
nucleonet,nucleus,zenodo_3675220_platynereis,Platynereis,nucleus_00045,sparse,80,nuclei.zip:train_data_nuclei_02,0.138,0.954186,0.912386,0.963615,0.94494,0.954186,0.999773,0.999911,39593,1495,2307,16733821,41900,41088,99750,0.42005,0.949537,0.898042,ok,22,23,0.954545,0.913043,0.933333,0.875,0.909091,0.869565,0.888889,0.8,0.819106,0.877613,0.933333
nucleonet,nucleus,zenodo_3675220_platynereis,Platynereis,nucleus_00046,sparse,80,nuclei.zip:train_data_nuclei_02,0.117,0.955291,0.914409,0.967497,0.943389,0.955291,0.999783,0.999922,38845,1305,2331,16734735,41176,40150,101625,0.405176,0.957467,0.893226,ok,22,25,1.0,0.88,0.93617,0.88,0.909091,0.8,0.851064,0.740741,0.816904,0.872602,0.93617
nucleonet,nucleus,zenodo_3675220_platynereis,Platynereis,nucleus_00047,sparse,80,nuclei.zip:train_data_nuclei_02,0.079,0.948729,0.902459,0.965483,0.932546,0.948729,0.999752,0.999918,38461,1375,2782,16734598,41243,39836,102000,0.404343,0.960221,0.870376,ok,22,29,0.954545,0.724138,0.823529,0.7,0.909091,0.689655,0.784314,0.645161,0.716701,0.870279,0.823529
nucleonet,nucleus,zenodo_3675220_platynereis,Platynereis,nucleus_00048,sparse,80,nuclei.zip:train_data_nuclei_02,0.158,0.941696,0.889816,0.963359,0.920985,0.941696,0.999727,0.999916,37019,1408,3176,16735613,40195,38427,102000,0.394069,0.936851,0.861053,ok,27,30,0.814815,0.733333,0.77193,0.628571,0.703704,0.633333,0.666667,0.5,0.664693,0.86108,0.77193
nucleonet,nucleus,zenodo_3675220_platynereis,Platynereis,nucleus_00049,sparse,80,nuclei.zip:train_data_nuclei_02,0.135,0.942491,0.891236,0.956993,0.928421,0.942491,0.999746,0.999906,34891,1568,2690,16738067,37581,36459,101250,0.37117,0.929596,0.871449,ok,24,27,1.0,0.888889,0.941176,0.888889,0.791667,0.703704,0.745098,0.59375,0.806925,0.857357,0.941176
nucleonet,nucleus,zenodo_3675220_platynereis,Platynereis,nucleus_00050,sparse,80,nuclei.zip:train_data_nuclei_03,0.074,0.888677,0.799657,0.963026,0.824986,0.888677,0.999526,0.999927,31724,1218,6730,16737544,38454,32942,140625,0.273451,0.87025,0.774517,ok,31,35,0.774194,0.685714,0.727273,0.571429,0.612903,0.542857,0.575758,0.404255,0.617668,0.849294,0.727273
nucleonet,nucleus,zenodo_3675220_platynereis,Platynereis,nucleus_00051,sparse,80,nuclei.zip:train_data_nuclei_03,0.237,0.928134,0.865905,0.959829,0.898465,0.928134,0.99966,0.999908,36820,1541,4161,16734694,40981,38361,140625,0.29142,0.924833,0.828803,ok,33,37,0.848485,0.756757,0.8,0.666667,0.69697,0.621622,0.657143,0.489362,0.666973,0.833716,0.8
nucleonet,nucleus,zenodo_3675220_platynereis,Platynereis,nucleus_00052,sparse,80,nuclei.zip:train_data_nuclei_03,0.135,0.938956,0.884936,0.966756,0.91271,0.938956,0.999705,0.999922,38008,1307,3635,16734266,41643,39315,140625,0.296128,0.925225,0.840472,ok,30,34,0.766667,0.676471,0.71875,0.560976,0.666667,0.588235,0.625,0.454545,0.626856,0.872147,0.71875
nucleonet,nucleus,zenodo_3675220_platynereis,Platynereis,nucleus_00053,sparse,80,nuclei.zip:train_data_nuclei_03,0.136,0.946841,0.899049,0.975977,0.919395,0.946841,0.999745,0.999944,38108,938,3341,16734829,41449,39046,140625,0.294748,0.967657,0.888923,ok,31,33,0.903226,0.848485,0.875,0.777778,0.677419,0.636364,0.65625,0.488372,0.716052,0.818345,0.875
nucleonet,nucleus,zenodo_3675220_platynereis,Platynereis,nucleus_00054,sparse,80,nuclei.zip:train_data_nuclei_03,0.075,0.930283,0.869653,0.968825,0.89469,0.930283,0.999693,0.999934,34340,1105,4042,16737729,38382,35445,140625,0.272939,0.93602,0.849877,ok,32,32,0.875,0.875,0.875,0.777778,0.71875,0.71875,0.71875,0.560976,0.736366,0.841561,0.875
nucleonet,nucleus,zenodo_3675220_platynereis,Platynereis,nucleus_00055,sparse,80,nuclei.zip:train_data_nuclei_03,0.155,0.937297,0.881994,0.97275,0.904338,0.937297,0.999742,0.999946,32378,907,3425,16740506,35803,33285,140625,0.254599,0.935259,0.871991,ok,28,34,1.0,0.823529,0.903226,0.823529,0.75,0.617647,0.677419,0.512195,0.766061,0.848139,0.903226
nucleonet,nucleus,zenodo_3675220_platynereis,Platynereis,nucleus_00056,sparse,80,nuclei.zip:train_data_nuclei_03,0.14,0.927774,0.865278,0.982093,0.879148,0.927774,0.999695,0.999964,32852,599,4516,16739249,37368,33451,140625,0.265728,0.913794,0.837473,ok,29,35,0.965517,0.8,0.875,0.777778,0.758621,0.628571,0.6875,0.52381,0.747879,0.854719,0.875
nucleonet,nucleus,zenodo_3675220_platynereis,Platynereis,nucleus_00057,sparse,80,nuclei.zip:train_data_nuclei_03,0.095,0.902194,0.821816,0.916536,0.888295,0.902194,0.999569,0.999818,33383,3040,4198,16736595,37581,36423,140625,0.267243,0.902284,0.813257,ok,28,34,0.928571,0.764706,0.83871,0.722222,0.75,0.617647,0.677419,0.512195,0.705506,0.84118,0.83871
nucleonet,nucleus,zenodo_3675220_platynereis,Platynereis,nucleus_00058,sparse,80,nuclei.zip:train_data_nuclei_03,0.168,0.939623,0.886122,0.974528,0.907133,0.939623,0.999719,0.999943,36728,960,3760,16735768,40488,37688,140625,0.287915,0.919331,0.866722,ok,29,33,0.862069,0.757576,0.806452,0.675676,0.793103,0.69697,0.741935,0.589744,0.706945,0.876612,0.806452
nucleonet,nucleus,zenodo_3675220_platynereis,Platynereis,nucleus_00059,sparse,80,nuclei.zip:train_data_nuclei_03,0.139,0.934387,0.876854,0.982339,0.890899,0.934387,0.999676,0.999958,38657,695,4734,16733130,43391,39352,140625,0.308558,0.903322,0.857212,ok,29,32,0.827586,0.75,0.786885,0.648649,0.758621,0.6875,0.721311,0.564103,0.687711,0.873966,0.786885
nucleonet,nucleus,zenodo_3675220_platynereis,Platynereis,nucleus_00060,sparse,80,nuclei.zip:train_data_nuclei_03,0.098,0.943494,0.893032,0.98282,0.907194,0.943494,0.999718,0.999959,39472,690,4038,16733016,43510,40162,139500,0.3119,0.934207,0.879653,ok,27,29,0.962963,0.896552,0.928571,0.866667,0.814815,0.758621,0.785714,0.647059,0.794549,0.855668,0.928571
nucleonet,nucleus,zenodo_3675220_platynereis,Platynereis,nucleus_00061,sparse,80,nuclei.zip:train_data_nuclei_03,0.171,0.928389,0.866348,0.951701,0.906191,0.928389,0.999645,0.999883,38640,1961,4000,16732615,42640,40601,140625,0.303218,0.92511,0.862188,ok,29,29,0.896552,0.896552,0.896552,0.8125,0.655172,0.655172,0.655172,0.487179,0.76022,0.847938,0.896552
nucleonet,nucleus,zenodo_3675220_platynereis,Platynereis,nucleus_00062,sparse,80,nuclei.zip:train_data_nuclei_03,0.134,0.93488,0.877723,0.967704,0.90421,0.93488,0.999685,0.999924,37994,1268,4025,16733929,42019,39262,140625,0.298802,0.933343,0.848121,ok,30,31,0.866667,0.83871,0.852459,0.742857,0.766667,0.741935,0.754098,0.605263,0.736576,0.86406,0.852459
nucleonet,nucleus,zenodo_3675220_platynereis,Platynereis,nucleus_00063,sparse,80,nuclei.zip:train_data_nuclei_03,0.476,0.938783,0.884629,0.974539,0.905558,0.938783,0.999708,0.999941,37587,982,3920,16734727,41507,38569,140625,0.295161,0.943255,0.897324,ok,31,32,0.870968,0.84375,0.857143,0.75,0.806452,0.78125,0.793651,0.657895,0.757446,0.883687,0.857143
nucleonet,nucleus,zenodo_3675220_platynereis,Platynereis,nucleus_00064,sparse,80,nuclei.zip:train_data_nuclei_03,0.321,0.941296,0.889103,0.958846,0.924378,0.941296,0.999705,0.999898,39678,1703,3246,16732589,42924,41381,140625,0.305237,0.927562,0.88892,ok,30,34,0.933333,0.823529,0.875,0.777778,0.9,0.794118,0.84375,0.72973,0.772838,0.883244,0.875
nucleonet,nucleus,zenodo_3675220_platynereis,Platynereis,nucleus_00065,sparse,80,nuclei.zip:train_data_nuclei_03,0.306,0.939683,0.886229,0.974044,0.907665,0.939683,0.999707,0.999939,38239,1019,3890,16734068,42129,39258,140625,0.299584,0.943207,0.879608,ok,29,33,0.896552,0.787879,0.83871,0.722222,0.793103,0.69697,0.741935,0.589744,0.715855,0.85352,0.83871
nucleonet,nucleus,zenodo_3675220_platynereis,Platynereis,nucleus_00066,sparse,80,nuclei.zip:train_data_nuclei_03,0.157,0.897575,0.814182,0.965274,0.83875,0.897575,0.999538,0.999927,33940,1221,6525,16735530,40465,35161,140625,0.287751,0.89802,0.853966,ok,29,33,0.896552,0.787879,0.83871,0.722222,0.689655,0.606061,0.645161,0.47619,0.690958,0.823835,0.83871
nucleonet,nucleus,zenodo_3675220_platynereis,Platynereis,nucleus_00067,sparse,80,nuclei.zip:train_data_nuclei_03,0.244,0.9269,0.86376,0.936671,0.917332,0.9269,0.99968,0.999863,34033,2301,3067,16737815,37100,36334,140625,0.263822,0.887381,0.848544,ok,27,29,0.851852,0.793103,0.821429,0.69697,0.777778,0.724138,0.75,0.6,0.715466,0.871003,0.821429
nucleonet,nucleus,zenodo_3675220_platynereis,Platynereis,nucleus_00068,sparse,80,nuclei.zip:train_data_nuclei_03,0.231,0.938145,0.883496,0.970382,0.907981,0.938145,0.999715,0.999934,36203,1105,3669,16736239,39872,37308,140625,0.283534,0.940021,0.864808,ok,28,31,0.857143,0.774194,0.813559,0.685714,0.785714,0.709677,0.745763,0.594595,0.696735,0.856404,0.813559
nucleonet,nucleus,zenodo_3675220_platynereis,Platynereis,nucleus_00069,sparse,80,nuclei.zip:train_data_nuclei_03,0.116,0.938307,0.883784,0.947349,0.929436,0.938307,0.999701,0.999873,38145,2120,2896,16734055,41041,40265,140625,0.291847,0.938967,0.886146,ok,28,28,0.857143,0.857143,0.857143,0.75,0.75,0.75,0.75,0.6,0.749178,0.874041,0.857143
nucleonet,nucleus,zenodo_3675220_platynereis,Platynereis,nucleus_00070,sparse,80,nuclei.zip:train_data_nuclei_03,0.176,0.950225,0.90517,0.961258,0.939442,0.950225,0.999747,0.999902,40567,1635,2615,16732399,43182,42202,140625,0.307072,0.915763,0.888544,ok,26,26,0.846154,0.846154,0.846154,0.733333,0.807692,0.807692,0.807692,0.677419,0.756696,0.894277,0.846154
nucleonet,nucleus,zenodo_3675220_platynereis,Platynereis,nucleus_00071,sparse,80,nuclei.zip:train_data_nuclei_03,0.156,0.925885,0.861998,0.957381,0.896395,0.925885,0.999634,0.999898,38346,1707,4432,16732731,42778,40053,140625,0.304199,0.903244,0.8118,ok,26,31,0.846154,0.709677,0.77193,0.628571,0.846154,0.709677,0.77193,0.628571,0.673681,0.872723,0.77193
nucleonet,nucleus,zenodo_3675220_platynereis,Platynereis,nucleus_00072,sparse,80,nuclei.zip:train_data_nuclei_03,0.133,0.908264,0.831945,0.919452,0.897346,0.908264,0.999555,0.999807,36950,3237,4227,16732802,41177,40187,140625,0.292814,0.911403,0.825114,ok,29,31,0.793103,0.741935,0.766667,0.621622,0.655172,0.612903,0.633333,0.463415,0.636964,0.830823,0.766667
nucleonet,nucleus,zenodo_3675220_platynereis,Platynereis,nucleus_00073,sparse,80,nuclei.zip:train_data_nuclei_03,0.125,0.88291,0.790366,0.900573,0.865927,0.88291,0.999475,0.999781,33178,3663,5137,16735238,38315,36841,140625,0.272462,0.870166,0.765358,ok,28,28,0.785714,0.785714,0.785714,0.647059,0.714286,0.714286,0.714286,0.555556,0.678121,0.863063,0.785714
nucleonet,nucleus,zenodo_3675220_platynereis,Platynereis,nucleus_00074,sparse,80,nuclei.zip:train_data_nuclei_03,0.073,0.882417,0.789576,0.914894,0.852167,0.882417,0.99951,0.999828,30874,2872,5356,16738114,36230,33746,140625,0.257636,0.839936,0.739994,ok,28,30,0.785714,0.733333,0.758621,0.611111,0.535714,0.5,0.517241,0.348837,0.610593,0.804872,0.758621
nucleonet,nucleus,zenodo_3675220_platynereis,Platynereis,nucleus_00075,sparse,80,nuclei.zip:train_data_nuclei_04,0.122,0.927876,0.865455,0.941998,0.91417,0.927876,0.999797,0.999919,21909,1349,2057,16751901,23966,23258,88040,0.272217,0.924804,0.789568,ok,12,11,0.666667,0.727273,0.695652,0.533333,0.5,0.545455,0.521739,0.352941,0.589158,0.846914,0.695652
nucleonet,nucleus,zenodo_3675220_platynereis,Platynereis,nucleus_00076,sparse,80,nuclei.zip:train_data_nuclei_04,0.128,0.940723,0.88808,0.958666,0.923439,0.940723,0.99983,0.999942,22567,973,1871,16751805,24438,23540,107780,0.22674,0.917233,0.843604,ok,12,14,0.75,0.642857,0.692308,0.529412,0.666667,0.571429,0.615385,0.444444,0.600328,0.86714,0.692308
nucleonet,nucleus,zenodo_3675220_platynereis,Platynereis,nucleus_00077,sparse,80,nuclei.zip:train_data_nuclei_04,0.129,0.950752,0.906126,0.957401,0.944194,0.950752,0.999861,0.99994,22452,999,1327,16752438,23779,23451,113505,0.209497,0.974229,0.857221,ok,13,13,0.846154,0.846154,0.846154,0.733333,0.769231,0.769231,0.769231,0.625,0.744159,0.87946,0.846154
nucleonet,nucleus,zenodo_3675220_platynereis,Platynereis,nucleus_00078,sparse,80,nuclei.zip:train_data_nuclei_04,0.128,0.920966,0.853509,0.926557,0.915441,0.920966,0.999806,0.99991,18924,1500,1748,16755044,20672,20424,119021,0.173684,0.939103,0.841174,ok,17,14,0.823529,1.0,0.903226,0.823529,0.764706,0.928571,0.83871,0.722222,0.760246,0.841701,0.903226
nucleonet,nucleus,zenodo_3675220_platynereis,Platynereis,nucleus_00079,sparse,80,nuclei.zip:train_data_nuclei_04,0.119,0.910085,0.835006,0.929033,0.891894,0.910085,0.999772,0.999912,19388,1481,2350,16753997,21738,20869,128800,0.168773,0.920874,0.786032,ok,18,16,0.777778,0.875,0.823529,0.7,0.722222,0.8125,0.764706,0.619048,0.703159,0.853836,0.823529
nucleonet,nucleus,zenodo_3675220_platynereis,Platynereis,nucleus_00080,sparse,80,nuclei.zip:train_data_nuclei_04,0.267,0.91093,0.83643,0.946,0.878369,0.91093,0.999733,0.999922,22914,1308,3173,16749821,26087,24222,132375,0.197069,0.895543,0.758852,ok,16,19,0.8125,0.684211,0.742857,0.590909,0.625,0.526316,0.571429,0.4,0.615594,0.828685,0.742857
nucleonet,nucleus,zenodo_3675220_platynereis,Platynereis,nucleus_00081,sparse,80,nuclei.zip:train_data_nuclei_04,0.06,0.9439,0.893761,0.954083,0.933933,0.9439,0.999795,0.999917,28965,1394,2049,16744808,31014,30359,132750,0.233627,0.931141,0.841484,ok,18,17,0.722222,0.764706,0.742857,0.590909,0.611111,0.647059,0.628571,0.458333,0.636545,0.856887,0.742857
nucleonet,nucleus,zenodo_3675220_platynereis,Platynereis,nucleus_00082,sparse,80,nuclei.zip:train_data_nuclei_04,0.085,0.933766,0.87576,0.940016,0.927598,0.933766,0.999733,0.99988,31530,2012,2461,16741213,33991,33542,133125,0.255331,0.949145,0.823146,ok,17,16,0.882353,0.9375,0.909091,0.833333,0.647059,0.6875,0.666667,0.5,0.746015,0.820617,0.909091
nucleonet,nucleus,zenodo_3675220_platynereis,Platynereis,nucleus_00083,sparse,80,nuclei.zip:train_data_nuclei_04,0.153,0.919063,0.850247,0.945057,0.894461,0.919063,0.999676,0.999893,30858,1794,3641,16740923,34499,32652,133500,0.258419,0.900323,0.765268,ok,16,18,0.875,0.777778,0.823529,0.7,0.625,0.555556,0.588235,0.416667,0.664149,0.806467,0.823529
nucleonet,nucleus,zenodo_3675220_platynereis,Platynereis,nucleus_00084,sparse,80,nuclei.zip:train_data_nuclei_04,0.145,0.90875,0.83276,0.934204,0.884645,0.90875,0.999646,0.999876,29533,2080,3851,16741752,33384,31613,135375,0.246604,0.868495,0.770754,ok,20,20,0.75,0.75,0.75,0.6,0.6,0.6,0.6,0.428571,0.628281,0.837708,0.75
nucleonet,nucleus,zenodo_3675220_platynereis,Platynereis,nucleus_00085,sparse,80,nuclei.zip:train_data_nuclei_04,0.141,0.92871,0.866908,0.959642,0.89971,0.92871,0.999702,0.999918,32529,1368,3626,16739693,36155,33897,137625,0.262707,0.92707,0.825229,ok,18,24,0.888889,0.666667,0.761905,0.615385,0.777778,0.583333,0.666667,0.5,0.65318,0.857299,0.761905
nucleonet,nucleus,zenodo_3675220_platynereis,Platynereis,nucleus_00086,sparse,80,nuclei.zip:train_data_nuclei_04,0.126,0.929788,0.868788,0.960724,0.900782,0.929788,0.999708,0.999921,32484,1328,3578,16739826,36062,33812,138000,0.261319,0.926636,0.814934,ok,16,22,1.0,0.727273,0.842105,0.727273,0.875,0.636364,0.736842,0.583333,0.728546,0.865149,0.842105
nucleonet,nucleus,zenodo_3675220_platynereis,Platynereis,nucleus_00087,sparse,80,nuclei.zip:train_data_nuclei_04,0.055,0.888804,0.799863,0.954195,0.831802,0.888804,0.999582,0.99992,28060,1347,5674,16742135,33734,29407,138000,0.244449,0.837582,0.761156,ok,16,20,0.875,0.7,0.777778,0.636364,0.75,0.6,0.666667,0.5,0.663392,0.852933,0.777778
nucleonet,nucleus,zenodo_3675220_platynereis,Platynereis,nucleus_00088,sparse,80,nuclei.zip:train_data_nuclei_04,0.144,0.926858,0.863685,0.955752,0.899659,0.926858,0.999744,0.999925,27194,1259,3033,16745730,30227,28453,137250,0.220233,0.927459,0.827705,ok,15,24,0.8,0.5,0.615385,0.444444,0.8,0.5,0.615385,0.444444,0.558078,0.906877,0.615385
nucleonet,nucleus,zenodo_3675220_platynereis,Platynereis,nucleus_00089,sparse,80,nuclei.zip:train_data_nuclei_04,0.068,0.931115,0.871109,0.955273,0.90815,0.931115,0.999774,0.999928,25608,1199,2590,16747819,28198,26807,134625,0.209456,0.921876,0.85149,ok,13,19,0.923077,0.631579,0.75,0.6,0.923077,0.631579,0.75,0.6,0.661565,0.882087,0.75
nucleonet,nucleus,zenodo_3675220_platynereis,Platynereis,nucleus_00090,sparse,80,nuclei.zip:train_data_nuclei_04,0.044,0.921779,0.854907,0.954088,0.891586,0.921779,0.999789,0.99994,20864,1004,2537,16752811,23401,21868,134250,0.174309,0.862861,0.816953,ok,14,17,0.928571,0.764706,0.83871,0.722222,0.928571,0.764706,0.83871,0.722222,0.745244,0.88856,0.83871
nucleonet,nucleus,zenodo_3675220_platynereis,Platynereis,nucleus_00091,sparse,80,nuclei.zip:train_data_nuclei_04,0.137,0.935724,0.879211,0.953476,0.918621,0.935724,0.999844,0.999945,18998,927,1683,16755608,20681,19925,137625,0.150271,0.933875,0.8646,ok,11,15,1.0,0.733333,0.846154,0.733333,1.0,0.733333,0.846154,0.733333,0.742307,0.877272,0.846154
nucleonet,nucleus,zenodo_3675220_platynereis,Platynereis,nucleus_00092,sparse,80,nuclei.zip:train_data_nuclei_04,0.119,0.94957,0.903982,0.95188,0.947271,0.94957,0.999864,0.999935,21522,1088,1198,16753408,22720,22610,126140,0.180117,0.960976,0.902661,ok,12,15,1.0,0.8,0.888889,0.8,1.0,0.8,0.888889,0.8,0.785536,0.883728,0.888889
nucleonet,nucleus,zenodo_3675220_platynereis,Platynereis,nucleus_00093,sparse,80,nuclei.zip:train_data_nuclei_04,0.323,0.938535,0.884188,0.953659,0.923883,0.938535,0.999822,0.999934,22843,1110,1882,16751381,24725,23953,125250,0.197405,0.924896,0.836032,ok,10,13,1.0,0.769231,0.869565,0.769231,1.0,0.769231,0.869565,0.769231,0.780257,0.897296,0.869565
nucleonet,nucleus,zenodo_3675220_platynereis,Platynereis,nucleus_00094,sparse,80,nuclei.zip:train_data_nuclei_04,0.268,0.944621,0.895054,0.967052,0.923207,0.944621,0.999829,0.99995,24537,836,2041,16749802,26578,25373,126000,0.210937,0.928348,0.876982,ok,12,14,1.0,0.857143,0.923077,0.857143,0.833333,0.714286,0.769231,0.625,0.814068,0.881907,0.923077
nucleonet,nucleus,zenodo_3675220_platynereis,Platynereis,nucleus_00095,sparse,80,nuclei.zip:train_data_nuclei_04,0.066,0.939173,0.885322,0.958725,0.920404,0.939173,0.999794,0.999932,26642,1147,2304,16747123,28946,27789,140625,0.205838,0.918447,0.853511,ok,13,16,1.0,0.8125,0.896552,0.8125,0.846154,0.6875,0.758621,0.611111,0.780022,0.870025,0.896552
nucleonet,nucleus,zenodo_3675220_platynereis,Platynereis,nucleus_00096,sparse,80,nuclei.zip:train_data_nuclei_04,0.089,0.913656,0.841038,0.965253,0.867296,0.913656,0.999709,0.999944,25835,930,3953,16746498,29788,26765,140625,0.211826,0.915591,0.837552,ok,16,14,0.75,0.857143,0.8,0.666667,0.625,0.714286,0.666667,0.5,0.671896,0.839869,0.8
nucleonet,nucleus,zenodo_3675220_platynereis,Platynereis,nucleus_00097,sparse,80,nuclei.zip:train_data_nuclei_04,0.17,0.943727,0.893449,0.960622,0.927416,0.943727,0.99982,0.999938,25273,1036,1978,16748929,27251,26309,140625,0.193785,0.909274,0.853328,ok,13,14,0.769231,0.714286,0.740741,0.588235,0.615385,0.571429,0.592593,0.421053,0.639227,0.862956,0.740741
nucleonet,nucleus,zenodo_3675220_platynereis,Platynereis,nucleus_00098,sparse,80,nuclei.zip:train_data_nuclei_04,0.12,0.946636,0.898679,0.965623,0.928382,0.946636,0.999843,0.99995,23398,833,1805,16751180,25203,24231,140625,0.179221,0.928406,0.867435,ok,10,12,0.9,0.75,0.818182,0.692308,0.8,0.666667,0.727273,0.571429,0.724464,0.885456,0.818182
nucleonet,nucleus,zenodo_3675220_platynereis,Platynereis,nucleus_00099,sparse,80,nuclei.zip:train_data_nuclei_04,0.103,0.935694,0.879158,0.964485,0.908571,0.935694,0.999838,0.999957,19716,726,1984,16754790,21700,20442,137625,0.157675,0.915856,0.831302,ok,10,12,0.9,0.75,0.818182,0.692308,0.7,0.583333,0.636364,0.466667,0.693316,0.847386,0.818182
nucleonet,nucleus,zenodo_3675220_platynereis,Platynereis,nucleus_00100,sparse,80,nuclei.zip:train_data_nuclei_05,0.108,0.924547,0.859682,0.946521,0.90357,0.924547,0.999554,0.999845,45858,2591,4894,16723873,50752,48449,90000,0.563911,0.932436,0.816283,ok,42,49,0.833333,0.714286,0.769231,0.625,0.785714,0.673469,0.725275,0.568966,0.660245,0.858319,0.769231
nucleonet,nucleus,zenodo_3675220_platynereis,Platynereis,nucleus_00101,sparse,80,nuclei.zip:train_data_nuclei_05,0.167,0.932793,0.87405,0.94867,0.917438,0.932793,0.999601,0.99985,46482,2515,4183,16724036,50665,48997,90000,0.562944,0.943269,0.864524,ok,43,51,0.860465,0.72549,0.787234,0.649123,0.697674,0.588235,0.638298,0.46875,0.666631,0.846802,0.787234
nucleonet,nucleus,zenodo_3675220_platynereis,Platynereis,nucleus_00102,sparse,80,nuclei.zip:train_data_nuclei_05,0.136,0.931439,0.871677,0.946403,0.916942,0.931439,0.999588,0.999841,46952,2659,4253,16723352,51205,49611,90000,0.568944,0.95115,0.856307,ok,42,47,0.809524,0.723404,0.764045,0.618182,0.714286,0.638298,0.674157,0.508475,0.647454,0.847403,0.764045
nucleonet,nucleus,zenodo_3675220_platynereis,Platynereis,nucleus_00103,sparse,80,nuclei.zip:train_data_nuclei_05,0.077,0.915545,0.844245,0.942107,0.890441,0.915545,0.999522,0.99984,43482,2672,5350,16725712,48832,46154,90000,0.542578,0.924453,0.828881,ok,41,47,0.853659,0.744681,0.795455,0.660377,0.707317,0.617021,0.659091,0.491525,0.661649,0.831788,0.795455
nucleonet,nucleus,zenodo_3675220_platynereis,Platynereis,nucleus_00104,sparse,80,nuclei.zip:train_data_nuclei_05,0.172,0.914728,0.842856,0.929207,0.900693,0.914728,0.999528,0.999806,42501,3238,4686,16726791,47187,45739,90000,0.5243,0.922915,0.813311,ok,40,48,0.875,0.729167,0.795455,0.660377,0.725,0.604167,0.659091,0.491525,0.662353,0.832672,0.795455
nucleonet,nucleus,zenodo_3675220_platynereis,Platynereis,nucleus_00105,sparse,80,nuclei.zip:train_data_nuclei_05,0.16,0.896462,0.812353,0.943382,0.853988,0.896462,0.999464,0.99986,38906,2335,6652,16729323,45558,41241,90000,0.5062,0.897012,0.795145,ok,37,43,0.864865,0.744186,0.8,0.666667,0.72973,0.627907,0.675,0.509434,0.671583,0.839479,0.8
nucleonet,nucleus,zenodo_3675220_platynereis,Platynereis,nucleus_00106,sparse,80,nuclei.zip:train_data_nuclei_05,0.066,0.90671,0.829342,0.946164,0.870416,0.90671,0.999529,0.999869,38401,2185,5717,16730913,44118,40586,90000,0.4902,0.912797,0.800896,ok,37,40,0.837838,0.775,0.805195,0.673913,0.72973,0.675,0.701299,0.54,0.67625,0.839859,0.805195
nucleonet,nucleus,zenodo_3675220_platynereis,Platynereis,nucleus_00107,sparse,80,nuclei.zip:train_data_nuclei_05,0.161,0.912887,0.839735,0.945213,0.882698,0.912887,0.999559,0.999866,38784,2248,5154,16731030,43938,41032,90000,0.4882,0.920645,0.84259,ok,37,39,0.918919,0.871795,0.894737,0.809524,0.837838,0.794872,0.815789,0.688889,0.764315,0.854234,0.894737
nucleonet,nucleus,zenodo_3675220_platynereis,Platynereis,nucleus_00108,sparse,80,nuclei.zip:train_data_nuclei_05,0.133,0.917241,0.847133,0.947617,0.888752,0.917241,0.999558,0.999864,41119,2273,5147,16728677,46266,43392,90000,0.514067,0.940649,0.837198,ok,36,37,0.888889,0.864865,0.876712,0.780488,0.861111,0.837838,0.849315,0.738095,0.762255,0.869447,0.876712
nucleonet,nucleus,zenodo_3675220_platynereis,Platynereis,nucleus_00109,sparse,80,nuclei.zip:train_data_nuclei_05,0.075,0.897252,0.813652,0.943606,0.85524,0.897252,0.999456,0.999858,39873,2383,6749,16728211,46622,42256,90000,0.518022,0.91438,0.806062,ok,33,36,0.909091,0.833333,0.869565,0.769231,0.848485,0.777778,0.811594,0.682927,0.748858,0.861187,0.869565
nucleonet,nucleus,zenodo_3675220_platynereis,Platynereis,nucleus_00110,sparse,80,nuclei.zip:train_data_nuclei_05,0.159,0.903991,0.824802,0.937766,0.872564,0.903991,0.999494,0.999842,39946,2651,5834,16728785,45780,42597,90000,0.508667,0.921457,0.823129,ok,36,37,0.861111,0.837838,0.849315,0.738095,0.75,0.72973,0.739726,0.586957,0.731102,0.860813,0.849315
nucleonet,nucleus,zenodo_3675220_platynereis,Platynereis,nucleus_00111,sparse,80,nuclei.zip:train_data_nuclei_05,0.187,0.890618,0.802805,0.940579,0.845696,0.890618,0.999438,0.999855,38354,2423,6998,16729441,45352,40777,90000,0.503911,0.90696,0.77951,ok,31,37,0.903226,0.756757,0.823529,0.7,0.870968,0.72973,0.794118,0.658537,0.72,0.874285,0.823529
nucleonet,nucleus,zenodo_3675220_platynereis,Platynereis,nucleus_00112,sparse,80,nuclei.zip:train_data_nuclei_05,0.261,0.898058,0.814978,0.928856,0.869237,0.898058,0.999474,0.999822,38894,2979,5851,16729492,44745,41873,90000,0.497167,0.910025,0.808069,ok,34,38,0.911765,0.815789,0.861111,0.756098,0.735294,0.657895,0.694444,0.531915,0.716649,0.832238,0.861111
nucleonet,nucleus,zenodo_3675220_platynereis,Platynereis,nucleus_00113,sparse,80,nuclei.zip:train_data_nuclei_05,0.06,0.898225,0.815252,0.926577,0.871556,0.898225,0.999488,0.999821,37897,3003,5585,16730731,43482,40900,90000,0.483133,0.906864,0.822071,ok,34,38,0.941176,0.842105,0.888889,0.8,0.823529,0.736842,0.777778,0.636364,0.747213,0.840614,0.888889
nucleonet,nucleus,zenodo_3675220_platynereis,Platynereis,nucleus_00114,sparse,80,nuclei.zip:train_data_nuclei_05,0.153,0.886401,0.795978,0.935775,0.841975,0.886401,0.999443,0.99985,36455,2502,6842,16731417,43297,38957,90000,0.481078,0.885884,0.778237,ok,31,36,0.870968,0.75,0.80597,0.675,0.806452,0.694444,0.746269,0.595238,0.690252,0.856423,0.80597
nucleonet,nucleus,zenodo_3675220_platynereis,Platynereis,nucleus_00115,sparse,80,nuclei.zip:train_data_nuclei_05,0.101,0.894863,0.80973,0.933659,0.859162,0.894863,0.999488,0.999845,36535,2596,5989,16732096,42524,39131,90000,0.472489,0.904145,0.816656,ok,34,41,0.882353,0.731707,0.8,0.666667,0.823529,0.682927,0.746667,0.595745,0.674847,0.843559,0.8
nucleonet,nucleus,zenodo_3675220_platynereis,Platynereis,nucleus_00116,sparse,80,nuclei.zip:train_data_nuclei_05,0.058,0.888044,0.798632,0.95215,0.832026,0.888044,0.999461,0.999892,35857,1802,7239,16732318,43096,37659,90000,0.478844,0.88679,0.790773,ok,31,39,0.870968,0.692308,0.771429,0.627907,0.806452,0.641026,0.714286,0.555556,0.665347,0.862487,0.771429
nucleonet,nucleus,zenodo_3675220_platynereis,Platynereis,nucleus_00117,sparse,80,nuclei.zip:train_data_nuclei_05,0.085,0.887079,0.797073,0.948707,0.832969,0.887079,0.999479,0.999889,34310,1855,6880,16734171,41190,36165,89100,0.46229,0.903445,0.763203,ok,27,39,0.888889,0.615385,0.727273,0.571429,0.814815,0.564103,0.666667,0.5,0.622755,0.856288,0.727273
nucleonet,nucleus,zenodo_3675220_platynereis,Platynereis,nucleus_00118,sparse,80,nuclei.zip:train_data_nuclei_05,0.163,0.874138,0.776417,0.897316,0.852128,0.874138,0.999393,0.999758,35365,4047,6137,16731667,41502,39412,90000,0.461133,0.861361,0.781318,ok,29,35,0.862069,0.714286,0.78125,0.641026,0.827586,0.685714,0.75,0.6,0.677709,0.867467,0.78125
nucleonet,nucleus,zenodo_3675220_platynereis,Platynereis,nucleus_00119,sparse,80,nuclei.zip:train_data_nuclei_05,0.145,0.898834,0.816257,0.949283,0.853477,0.898834,0.999506,0.999882,36854,1969,6327,16732066,43181,38823,90000,0.479789,0.902691,0.785198,ok,29,35,0.896552,0.742857,0.8125,0.684211,0.862069,0.714286,0.78125,0.641026,0.706131,0.869084,0.8125
nucleonet,nucleus,zenodo_3675220_platynereis,Platynereis,nucleus_00120,sparse,80,nuclei.zip:train_data_nuclei_05,0.262,0.874368,0.776779,0.916911,0.835597,0.874368,0.999378,0.999803,36295,3289,7141,16730491,43436,39584,90000,0.482622,0.872197,0.752128,ok,28,35,0.928571,0.742857,0.825397,0.702703,0.892857,0.714286,0.793651,0.657895,0.71597,0.867425,0.825397
nucleonet,nucleus,zenodo_3675220_platynereis,Platynereis,nucleus_00121,sparse,80,nuclei.zip:train_data_nuclei_05,0.062,0.903511,0.824004,0.936494,0.872773,0.903511,0.999564,0.999861,34286,2325,4998,16735607,39284,36611,90000,0.436489,0.895577,0.801517,ok,28,35,0.928571,0.742857,0.825397,0.702703,0.714286,0.571429,0.634921,0.465116,0.690132,0.836122,0.825397
nucleonet,nucleus,zenodo_3675220_platynereis,Platynereis,nucleus_00122,sparse,80,nuclei.zip:train_data_nuclei_05,0.096,0.915647,0.844417,0.95802,0.876863,0.915647,0.999641,0.999915,32657,1431,4586,16738542,37243,34088,90000,0.413811,0.908448,0.800255,ok,27,34,0.962963,0.764706,0.852459,0.742857,0.740741,0.588235,0.655738,0.487805,0.705412,0.827502,0.852459
nucleonet,nucleus,zenodo_3675220_platynereis,Platynereis,nucleus_00123,sparse,80,nuclei.zip:train_data_nuclei_05,0.185,0.925857,0.86195,0.949704,0.903179,0.925857,0.999687,0.999896,32761,1735,3512,16739208,36273,34496,90000,0.403033,0.942611,0.839826,ok,28,30,0.964286,0.9,0.931034,0.870968,0.821429,0.766667,0.793103,0.657143,0.781917,0.839837,0.931034
nucleonet,nucleus,zenodo_3675220_platynereis,Platynereis,nucleus_00124,sparse,80,nuclei.zip:train_data_nuclei_05,0.06,0.927962,0.865605,0.937002,0.919094,0.927962,0.999699,0.999869,32558,2189,2866,16739603,35424,34747,90000,0.3936,0.954019,0.834881,ok,28,29,0.964286,0.931034,0.947368,0.9,0.857143,0.827586,0.842105,0.727273,0.816762,0.862138,0.947368
nucleonet,nucleus,zenodo_3675220_platynereis,Platynereis,nucleus_00125,sparse,80,nuclei.zip:train_data_nuclei_06,0.124,0.923447,0.857781,0.915987,0.931029,0.923447,0.999877,0.999932,12473,1144,924,16762675,13397,13617,108777,0.12316,0.932328,0.798001,ok,8,7,0.875,1.0,0.933333,0.875,0.75,0.857143,0.8,0.666667,0.769146,0.824085,0.933333
nucleonet,nucleus,zenodo_3675220_platynereis,Platynereis,nucleus_00126,sparse,80,nuclei.zip:train_data_nuclei_06,0.105,0.951825,0.908078,0.962309,0.941566,0.951825,0.999913,0.999966,14502,568,900,16761246,15402,15070,128366,0.119985,0.924616,0.902847,ok,8,8,0.875,0.875,0.875,0.777778,0.75,0.75,0.75,0.6,0.774005,0.884577,0.875
nucleonet,nucleus,zenodo_3675220_platynereis,Platynereis,nucleus_00127,sparse,80,nuclei.zip:train_data_nuclei_06,0.109,0.958394,0.920112,0.966082,0.950828,0.958394,0.999924,0.999969,14754,518,763,16761181,15517,15272,130875,0.118564,0.941304,0.909645,ok,8,11,0.875,0.636364,0.736842,0.583333,0.875,0.636364,0.736842,0.583333,0.673592,0.91416,0.736842
nucleonet,nucleus,zenodo_3675220_platynereis,Platynereis,nucleus_00128,sparse,80,nuclei.zip:train_data_nuclei_06,0.117,0.932139,0.872903,0.966772,0.899902,0.932139,0.99988,0.999972,13791,474,1534,16761417,15325,14265,130875,0.117096,0.904014,0.879997,ok,9,11,1.0,0.818182,0.9,0.818182,1.0,0.818182,0.9,0.818182,0.795305,0.883673,0.9
nucleonet,nucleus,zenodo_3675220_platynereis,Platynereis,nucleus_00129,sparse,80,nuclei.zip:train_data_nuclei_06,0.043,0.928719,0.866924,0.953647,0.905061,0.928719,0.999879,0.999962,13270,645,1392,16761909,14662,13915,130500,0.112352,0.919286,0.837279,ok,9,11,1.0,0.818182,0.9,0.818182,0.888889,0.727273,0.8,0.666667,0.772922,0.858802,0.9
nucleonet,nucleus,zenodo_3675220_platynereis,Platynereis,nucleus_00130,sparse,80,nuclei.zip:train_data_nuclei_06,0.106,0.913305,0.840444,0.943411,0.885062,0.913305,0.999832,0.999947,14854,891,1929,16759542,16783,15745,130125,0.128976,0.874168,0.773543,ok,11,12,0.909091,0.833333,0.869565,0.769231,0.727273,0.666667,0.695652,0.533333,0.708835,0.81516,0.869565
nucleonet,nucleus,zenodo_3675220_platynereis,Platynereis,nucleus_00131,sparse,80,nuclei.zip:train_data_nuclei_06,0.156,0.927838,0.86539,0.954983,0.902194,0.927838,0.99984,0.999951,17268,814,1872,16757262,19140,18082,129750,0.147514,0.925537,0.828816,ok,12,13,1.0,0.923077,0.96,0.923077,0.916667,0.846154,0.88,0.785714,0.809759,0.843499,0.96
nucleonet,nucleus,zenodo_3675220_platynereis,Platynereis,nucleus_00132,sparse,80,nuclei.zip:train_data_nuclei_06,0.12,0.914592,0.842625,0.918559,0.910659,0.914592,0.999794,0.999902,18531,1643,1818,16755224,20349,20174,129375,0.157287,0.89496,0.832946,ok,11,14,1.0,0.785714,0.88,0.785714,0.909091,0.714286,0.8,0.666667,0.758718,0.86218,0.88
nucleonet,nucleus,zenodo_3675220_platynereis,Platynereis,nucleus_00133,sparse,80,nuclei.zip:train_data_nuclei_06,0.117,0.937069,0.88159,0.961859,0.913525,0.937069,0.999851,0.999956,18561,736,1757,16756162,20318,19297,128250,0.158425,0.951966,0.865189,ok,13,14,0.923077,0.857143,0.888889,0.8,0.923077,0.857143,0.888889,0.8,0.780193,0.877717,0.888889
nucleonet,nucleus,zenodo_3675220_platynereis,Platynereis,nucleus_00134,sparse,80,nuclei.zip:train_data_nuclei_06,0.052,0.934911,0.877778,0.964168,0.907377,0.934911,0.999847,0.999959,18486,687,1887,16756156,20373,19173,126375,0.161211,0.964499,0.850394,ok,12,12,0.916667,0.916667,0.916667,0.846154,0.833333,0.833333,0.833333,0.714286,0.790791,0.862681,0.916667
nucleonet,nucleus,zenodo_3675220_platynereis,Platynereis,nucleus_00135,sparse,80,nuclei.zip:train_data_nuclei_06,0.11,0.897267,0.813675,0.940216,0.85807,0.897267,0.999769,0.999936,16922,1076,2799,16756419,19721,17998,126038,0.156469,0.861137,0.760225,ok,12,14,0.666667,0.571429,0.615385,0.444444,0.666667,0.571429,0.615385,0.444444,0.538724,0.875427,0.615385
nucleonet,nucleus,zenodo_3675220_platynereis,Platynereis,nucleus_00136,sparse,80,nuclei.zip:train_data_nuclei_06,0.133,0.922544,0.856225,0.943949,0.902089,0.922544,0.999831,0.99994,16925,1005,1837,16757449,18762,17930,126375,0.148463,0.933619,0.798962,ok,10,12,1.0,0.833333,0.909091,0.833333,1.0,0.833333,0.909091,0.833333,0.790108,0.869118,0.909091
nucleonet,nucleus,zenodo_3675220_platynereis,Platynereis,nucleus_00137,sparse,80,nuclei.zip:train_data_nuclei_06,0.276,0.931789,0.87229,0.951986,0.912432,0.931789,0.999856,0.99995,16536,834,1587,16758259,18123,17370,125625,0.144263,0.9288,0.846448,ok,10,11,1.0,0.909091,0.952381,0.909091,1.0,0.909091,0.952381,0.909091,0.83349,0.875164,0.952381
nucleonet,nucleus,zenodo_3675220_platynereis,Platynereis,nucleus_00138,sparse,80,nuclei.zip:train_data_nuclei_06,0.038,0.910474,0.83566,0.931361,0.890503,0.910474,0.999822,0.999933,15143,1116,1862,16759095,17005,16259,123750,0.137414,0.910324,0.786965,ok,11,10,0.818182,0.9,0.857143,0.75,0.727273,0.8,0.761905,0.615385,0.739961,0.863287,0.857143
nucleonet,nucleus,zenodo_3675220_platynereis,Platynereis,nucleus_00139,sparse,80,nuclei.zip:train_data_nuclei_06,0.073,0.926276,0.862676,0.953374,0.900676,0.926276,0.99987,0.99996,13720,671,1513,16761312,15233,14391,123750,0.123095,0.932678,0.802675,ok,8,10,1.0,0.8,0.888889,0.8,0.875,0.7,0.777778,0.636364,0.763139,0.858531,0.888889
nucleonet,nucleus,zenodo_3675220_platynereis,Platynereis,nucleus_00140,sparse,80,nuclei.zip:train_data_nuclei_06,0.138,0.906771,0.829442,0.911591,0.902001,0.906771,0.99986,0.999934,11404,1106,1239,16763467,12643,12510,121875,0.103737,0.848315,0.748771,ok,10,9,0.7,0.777778,0.736842,0.583333,0.5,0.555556,0.526316,0.357143,0.597396,0.810751,0.736842
nucleonet,nucleus,zenodo_3675220_platynereis,Platynereis,nucleus_00141,sparse,80,nuclei.zip:train_data_nuclei_06,0.121,0.908465,0.832282,0.945572,0.87416,0.908465,0.999888,0.999968,9364,539,1348,16765965,10712,9903,111750,0.095857,0.867729,0.776011,ok,6,6,0.833333,0.833333,0.833333,0.714286,0.666667,0.666667,0.666667,0.5,0.706765,0.848117,0.833333
nucleonet,nucleus,zenodo_3675220_platynereis,Platynereis,nucleus_00142,sparse,80,nuclei.zip:train_data_nuclei_06,0.23,0.901802,0.821166,0.931468,0.873968,0.901802,0.999894,0.999964,8155,600,1176,16767285,9331,8755,105750,0.088236,0.799964,0.711676,ok,5,6,0.8,0.666667,0.727273,0.571429,0.6,0.5,0.545455,0.375,0.610733,0.839759,0.727273
nucleonet,nucleus,zenodo_3675220_platynereis,Platynereis,nucleus_00143,sparse,80,nuclei.zip:train_data_nuclei_06,0.132,0.895971,0.811546,0.936654,0.858675,0.895971,0.999901,0.999971,7127,482,1173,16768434,8300,7609,99050,0.083796,0.887507,0.755536,ok,8,5,0.375,0.6,0.461538,0.3,0.25,0.4,0.307692,0.181818,0.372021,0.806045,0.461538
nucleonet,nucleus,zenodo_3675220_platynereis,Platynereis,nucleus_00144,sparse,80,nuclei.zip:train_data_nuclei_06,0.115,0.849266,0.738022,0.931697,0.780236,0.849266,0.999874,0.999974,5961,437,1679,16769139,7640,6398,99814,0.076542,0.73794,0.622086,ok,4,7,0.75,0.428571,0.545455,0.375,0.5,0.285714,0.363636,0.222222,0.45562,0.835304,0.545455
nucleonet,nucleus,zenodo_3675220_platynereis,Platynereis,nucleus_00145,sparse,80,nuclei.zip:train_data_nuclei_06,0.106,0.928917,0.867268,0.954457,0.904707,0.928917,0.999928,0.999978,7880,376,830,16768130,8710,8256,104880,0.083047,0.907586,0.870182,ok,6,7,1.0,0.857143,0.923077,0.857143,0.833333,0.714286,0.769231,0.625,0.800129,0.866806,0.923077
nucleonet,nucleus,zenodo_3675220_platynereis,Platynereis,nucleus_00146,sparse,80,nuclei.zip:train_data_nuclei_06,0.095,0.866248,0.764055,0.966068,0.785125,0.866248,0.999856,0.999984,7801,274,2135,16767006,9936,8075,107625,0.092321,0.840491,0.721051,ok,5,7,0.8,0.571429,0.666667,0.5,0.8,0.571429,0.666667,0.5,0.576845,0.865268,0.666667
nucleonet,nucleus,zenodo_3675220_platynereis,Platynereis,nucleus_00147,sparse,80,nuclei.zip:train_data_nuclei_06,0.089,0.905766,0.827762,0.968238,0.850867,0.905766,0.999895,0.999983,8444,277,1480,16767015,9924,8721,107250,0.092531,0.864499,0.757504,ok,5,7,1.0,0.714286,0.833333,0.714286,1.0,0.714286,0.833333,0.714286,0.714301,0.857161,0.833333
nucleonet,nucleus,zenodo_3675220_platynereis,Platynereis,nucleus_00148,sparse,80,nuclei.zip:train_data_nuclei_06,0.179,0.920365,0.852477,0.967033,0.877993,0.920365,0.999905,0.999981,9240,315,1284,16766377,10524,9555,106506,0.098811,0.886311,0.825113,ok,6,7,0.833333,0.714286,0.769231,0.625,0.833333,0.714286,0.769231,0.625,0.690719,0.897934,0.769231
nucleonet,nucleus,zenodo_3675220_platynereis,Platynereis,nucleus_00149,sparse,80,nuclei.zip:train_data_nuclei_06,0.109,0.922703,0.856499,0.939957,0.906072,0.922703,0.999892,0.999959,10833,692,1123,16764568,11956,11525,107310,0.111416,0.922794,0.779206,ok,8,7,0.875,1.0,0.933333,0.875,0.625,0.714286,0.666667,0.5,0.731825,0.784098,0.933333
nucleonet,nucleus,zenodo_3675220_platynereis,Platynereis,nucleus_00150,sparse,80,nuclei.zip:train_data_nuclei_07,0.126,0.871666,0.772525,0.899671,0.845352,0.871666,0.999674,0.999876,18580,2072,3399,16753165,21979,20652,140625,0.156295,0.854333,0.75897,ok,20,21,0.8,0.761905,0.780488,0.64,0.65,0.619048,0.634146,0.464286,0.655095,0.839341,0.780488
nucleonet,nucleus,zenodo_3675220_platynereis,Platynereis,nucleus_00151,sparse,80,nuclei.zip:train_data_nuclei_07,0.048,0.901888,0.821308,0.936802,0.869483,0.901888,0.999786,0.999933,16528,1115,2481,16757092,19009,17643,140625,0.135175,0.883038,0.812961,ok,15,22,0.933333,0.636364,0.756757,0.608696,0.8,0.545455,0.648649,0.48,0.663699,0.877031,0.756757
nucleonet,nucleus,zenodo_3675220_platynereis,Platynereis,nucleus_00152,sparse,80,nuclei.zip:train_data_nuclei_07,0.144,0.896002,0.811597,0.956602,0.842622,0.896002,0.999786,0.999958,15452,701,2886,16758177,18338,16153,140625,0.130404,0.849917,0.780072,ok,13,19,1.0,0.684211,0.8125,0.684211,0.923077,0.631579,0.75,0.6,0.703312,0.865615,0.8125
nucleonet,nucleus,zenodo_3675220_platynereis,Platynereis,nucleus_00153,sparse,80,nuclei.zip:train_data_nuclei_07,0.116,0.917424,0.847446,0.941276,0.894751,0.917424,0.999827,0.99994,16093,1004,1893,16758226,17986,17097,140625,0.1279,0.902563,0.80372,ok,15,19,0.8,0.631579,0.705882,0.545455,0.666667,0.526316,0.588235,0.416667,0.5874,0.83215,0.705882
nucleonet,nucleus,zenodo_3675220_platynereis,Platynereis,nucleus_00154,sparse,80,nuclei.zip:train_data_nuclei_07,0.109,0.937652,0.882622,0.953521,0.922302,0.937652,0.999867,0.999951,16761,817,1412,16758226,18173,17578,140625,0.12923,0.939454,0.863614,ok,15,17,0.866667,0.764706,0.8125,0.684211,0.733333,0.647059,0.6875,0.52381,0.697737,0.858754,0.8125
nucleonet,nucleus,zenodo_3675220_platynereis,Platynereis,nucleus_00155,sparse,80,nuclei.zip:train_data_nuclei_07,0.061,0.890318,0.802319,0.937268,0.847848,0.890318,0.999804,0.999947,13357,894,2397,16760568,15754,14251,140625,0.112028,0.818315,0.774875,ok,11,14,0.818182,0.642857,0.72,0.5625,0.727273,0.571429,0.64,0.470588,0.627905,0.872091,0.72
nucleonet,nucleus,zenodo_3675220_platynereis,Platynereis,nucleus_00156,sparse,80,nuclei.zip:train_data_nuclei_07,0.128,0.866589,0.764584,0.942379,0.802082,0.866589,0.999789,0.999958,11481,702,2833,16762200,14314,12183,140625,0.101788,0.790995,0.698621,ok,10,14,0.7,0.5,0.583333,0.411765,0.6,0.428571,0.5,0.333333,0.500807,0.858527,0.583333
nucleonet,nucleus,zenodo_3675220_platynereis,Platynereis,nucleus_00157,sparse,80,nuclei.zip:train_data_nuclei_07,0.279,0.924494,0.85959,0.956106,0.894905,0.924494,0.999867,0.999962,13701,629,1609,16761277,15310,14330,140250,0.109162,0.863863,0.81144,ok,9,12,1.0,0.75,0.857143,0.75,0.777778,0.583333,0.666667,0.5,0.715249,0.834457,0.857143
nucleonet,nucleus,zenodo_3675220_platynereis,Platynereis,nucleus_00158,sparse,80,nuclei.zip:train_data_nuclei_07,0.059,0.946847,0.89906,0.973608,0.921518,0.946847,0.999906,0.999977,14055,381,1197,16761583,15252,14436,121125,0.12592,0.923545,0.881822,ok,10,11,0.9,0.818182,0.857143,0.75,0.7,0.636364,0.666667,0.5,0.733264,0.855475,0.857143
nucleonet,nucleus,zenodo_3675220_platynereis,Platynereis,nucleus_00159,sparse,80,nuclei.zip:train_data_nuclei_07,0.13,0.876666,0.780415,0.966721,0.80196,0.876666,0.999812,0.999977,11213,386,2769,16762848,13982,11599,121125,0.115434,0.854772,0.833592,ok,9,10,0.888889,0.8,0.842105,0.727273,0.777778,0.7,0.736842,0.583333,0.736209,0.874249,0.842105
nucleonet,nucleus,zenodo_3675220_platynereis,Platynereis,nucleus_00160,sparse,80,nuclei.zip:train_data_nuclei_07,0.123,0.908568,0.832456,0.967186,0.85665,0.908568,0.999875,0.999979,10434,354,1746,16764682,12180,10788,120750,0.10087,0.868596,0.819332,ok,10,11,0.9,0.818182,0.857143,0.75,0.6,0.545455,0.571429,0.4,0.686998,0.801497,0.857143
nucleonet,nucleus,zenodo_3675220_platynereis,Platynereis,nucleus_00161,sparse,80,nuclei.zip:train_data_nuclei_07,0.262,0.864646,0.761566,0.962695,0.784724,0.864646,0.999836,0.99998,8774,340,2407,16765695,11181,9114,131250,0.085189,0.776523,0.7425,ok,8,12,0.875,0.583333,0.7,0.538462,0.875,0.583333,0.7,0.538462,0.623997,0.891425,0.7
nucleonet,nucleus,zenodo_3675220_platynereis,Platynereis,nucleus_00162,sparse,80,nuclei.zip:train_data_nuclei_07,0.054,0.82755,0.70583,0.924096,0.749269,0.82755,0.999783,0.999957,8717,716,2917,16764866,11634,9433,138375,0.084076,0.773058,0.675599,ok,10,13,0.8,0.615385,0.695652,0.533333,0.5,0.384615,0.434783,0.277778,0.556659,0.800198,0.695652
nucleonet,nucleus,zenodo_3675220_platynereis,Platynereis,nucleus_00163,sparse,80,nuclei.zip:train_data_nuclei_07,0.512,0.888846,0.799931,0.946075,0.838147,0.888846,0.999861,0.999968,9316,531,1799,16765570,11115,9847,140625,0.07904,0.867114,0.781733,ok,10,14,0.9,0.642857,0.75,0.6,0.6,0.428571,0.5,0.333333,0.609235,0.812314,0.75
nucleonet,nucleus,zenodo_3675220_platynereis,Platynereis,nucleus_00164,sparse,80,nuclei.zip:train_data_nuclei_07,0.193,0.91695,0.846636,0.913846,0.920074,0.91695,0.999882,0.999939,10936,1031,950,16764299,11886,11967,140625,0.084523,0.874412,0.848759,ok,11,12,0.909091,0.833333,0.869565,0.769231,0.909091,0.833333,0.869565,0.769231,0.769336,0.884737,0.869565
nucleonet,nucleus,zenodo_3675220_platynereis,Platynereis,nucleus_00165,sparse,80,nuclei.zip:train_data_nuclei_07,0.289,0.943475,0.892998,0.959862,0.927637,0.943475,0.999912,0.999969,12268,513,957,16763478,13225,12781,140625,0.094044,0.946985,0.891334,ok,12,12,0.75,0.75,0.75,0.6,0.75,0.75,0.75,0.6,0.676762,0.90235,0.75
nucleonet,nucleus,zenodo_3675220_platynereis,Platynereis,nucleus_00166,sparse,80,nuclei.zip:train_data_nuclei_07,0.062,0.934338,0.876768,0.959648,0.910329,0.934338,0.999893,0.999968,12771,537,1258,16762650,14029,13308,140625,0.099762,0.93412,0.832426,ok,10,13,1.0,0.769231,0.869565,0.769231,0.7,0.538462,0.608696,0.4375,0.712571,0.819457,0.869565
nucleonet,nucleus,zenodo_3675220_platynereis,Platynereis,nucleus_00167,sparse,80,nuclei.zip:train_data_nuclei_07,0.083,0.912869,0.839705,0.944068,0.883667,0.912869,0.999857,0.999956,12541,743,1651,16762281,14192,13284,140625,0.100921,0.815368,0.766053,ok,12,15,0.75,0.6,0.666667,0.5,0.75,0.6,0.666667,0.5,0.590929,0.886393,0.666667
nucleonet,nucleus,zenodo_3675220_platynereis,Platynereis,nucleus_00168,sparse,80,nuclei.zip:train_data_nuclei_07,0.138,0.927426,0.864673,0.959751,0.897207,0.927426,0.999871,0.999965,13878,582,1590,16761166,15468,14460,140625,0.109995,0.877797,0.848448,ok,14,14,0.714286,0.714286,0.714286,0.555556,0.571429,0.571429,0.571429,0.4,0.575093,0.80513,0.714286
nucleonet,nucleus,zenodo_3675220_platynereis,Platynereis,nucleus_00169,sparse,80,nuclei.zip:train_data_nuclei_07,0.248,0.898774,0.816158,0.921892,0.876788,0.898774,0.999797,0.999923,15143,1283,2128,16758662,17271,16426,140625,0.122816,0.854834,0.792166,ok,14,13,0.785714,0.846154,0.814815,0.6875,0.571429,0.615385,0.592593,0.421053,0.673714,0.82683,0.814815
nucleonet,nucleus,zenodo_3675220_platynereis,Platynereis,nucleus_00170,sparse,80,nuclei.zip:train_data_nuclei_07,0.05,0.939498,0.885899,0.958159,0.92155,0.939498,0.999868,0.999955,17221,752,1466,16757777,18687,17973,140625,0.132885,0.937874,0.872715,ok,16,12,0.75,1.0,0.857143,0.75,0.625,0.833333,0.714286,0.555556,0.742373,0.866102,0.857143
nucleonet,nucleus,zenodo_3675220_platynereis,Platynereis,nucleus_00171,sparse,80,nuclei.zip:train_data_nuclei_07,0.076,0.93543,0.878692,0.970055,0.903191,0.93543,0.999856,0.999968,17493,540,1875,16757308,19368,18033,140625,0.137728,0.953969,0.870837,ok,11,12,0.818182,0.75,0.782609,0.642857,0.818182,0.75,0.782609,0.642857,0.712043,0.909833,0.782609
nucleonet,nucleus,zenodo_3675220_platynereis,Platynereis,nucleus_00172,sparse,80,nuclei.zip:train_data_nuclei_07,0.147,0.918534,0.849341,0.965013,0.876326,0.918534,0.999826,0.999964,16439,596,2320,16757861,18759,17035,140625,0.133397,0.939643,0.795293,ok,11,11,0.818182,0.818182,0.818182,0.692308,0.727273,0.727273,0.727273,0.571429,0.714185,0.872892,0.818182
nucleonet,nucleus,zenodo_3675220_platynereis,Platynereis,nucleus_00173,sparse,80,nuclei.zip:train_data_nuclei_07,0.124,0.8757,0.778884,0.853782,0.898772,0.8757,0.999693,0.999815,18148,3108,2044,16753916,20192,21256,140625,0.143588,0.870559,0.778144,ok,13,10,0.769231,1.0,0.869565,0.769231,0.615385,0.8,0.695652,0.533333,0.747181,0.859258,0.869565
nucleonet,nucleus,zenodo_3675220_platynereis,Platynereis,nucleus_00174,sparse,80,nuclei.zip:train_data_nuclei_07,0.113,0.825849,0.703358,0.801677,0.851524,0.825849,0.999596,0.999763,16064,3974,2801,16754377,18865,20038,140625,0.134151,0.771727,0.639402,ok,11,11,0.727273,0.727273,0.727273,0.571429,0.636364,0.636364,0.636364,0.466667,0.618979,0.851097,0.727273
nucleonet,nucleus,zenodo_3675220_platynereis,Platynereis,nucleus_00175,sparse,80,nuclei.zip:train_data_nuclei_08,0.071,0.938455,0.884046,0.965412,0.912963,0.938455,0.999645,0.999903,45356,1625,4324,16725911,49680,46981,187500,0.26496,0.936578,0.846401,ok,31,36,0.935484,0.805556,0.865672,0.763158,0.709677,0.611111,0.656716,0.488889,0.731872,0.845439,0.865672
nucleonet,nucleus,zenodo_3675220_platynereis,Platynereis,nucleus_00176,sparse,80,nuclei.zip:train_data_nuclei_08,0.166,0.947914,0.900985,0.961726,0.934493,0.947914,0.99969,0.999887,47390,1886,3322,16724618,50712,49276,187500,0.270464,0.922856,0.879188,ok,32,35,0.9375,0.857143,0.895522,0.810811,0.875,0.8,0.835821,0.717949,0.78937,0.881463,0.895522
nucleonet,nucleus,zenodo_3675220_platynereis,Platynereis,nucleus_00177,sparse,80,nuclei.zip:train_data_nuclei_08,0.166,0.952374,0.909079,0.971473,0.934012,0.952374,0.999707,0.999914,49073,1441,3467,16723235,52540,50514,187500,0.280213,0.927796,0.884091,ok,29,35,0.965517,0.8,0.875,0.777778,0.931034,0.771429,0.84375,0.72973,0.77513,0.885863,0.875
nucleonet,nucleus,zenodo_3675220_platynereis,Platynereis,nucleus_00178,sparse,80,nuclei.zip:train_data_nuclei_08,0.084,0.940352,0.887419,0.967416,0.914761,0.940352,0.99963,0.999901,48958,1649,4562,16722047,53520,50607,187500,0.28544,0.905461,0.845499,ok,33,37,0.909091,0.810811,0.857143,0.75,0.787879,0.702703,0.742857,0.590909,0.734273,0.856652,0.857143
nucleonet,nucleus,zenodo_3675220_platynereis,Platynereis,nucleus_00179,sparse,80,nuclei.zip:train_data_nuclei_08,0.164,0.926006,0.862207,0.980828,0.876987,0.926006,0.999557,0.999946,46504,909,6523,16723280,53027,47413,187500,0.282811,0.889024,0.830736,ok,29,36,0.896552,0.722222,0.8,0.666667,0.793103,0.638889,0.707692,0.547619,0.697019,0.871274,0.8
nucleonet,nucleus,zenodo_3675220_platynereis,Platynereis,nucleus_00180,sparse,80,nuclei.zip:train_data_nuclei_08,0.144,0.942516,0.891281,0.976452,0.910859,0.942516,0.999647,0.99993,48516,1170,4748,16722782,53264,49686,187500,0.284075,0.901172,0.844304,ok,29,36,0.896552,0.722222,0.8,0.666667,0.896552,0.722222,0.8,0.666667,0.71609,0.895113,0.8
nucleonet,nucleus,zenodo_3675220_platynereis,Platynereis,nucleus_00181,sparse,80,nuclei.zip:train_data_nuclei_08,0.315,0.940294,0.887315,0.964805,0.916997,0.940294,0.999612,0.999888,51317,1872,4645,16719382,55962,53189,187500,0.298464,0.923878,0.847761,ok,34,34,0.882353,0.882353,0.882353,0.789474,0.794118,0.794118,0.794118,0.658537,0.761566,0.863108,0.882353
nucleonet,nucleus,zenodo_3675220_platynereis,Platynereis,nucleus_00182,sparse,80,nuclei.zip:train_data_nuclei_08,0.099,0.955899,0.915524,0.976443,0.936202,0.955899,0.999702,0.999922,54134,1306,3689,16718087,57823,55440,187500,0.308389,0.970625,0.902274,ok,33,33,1.0,1.0,1.0,1.0,0.939394,0.939394,0.939394,0.885714,0.87625,0.87625,1.0
nucleonet,nucleus,zenodo_3675220_platynereis,Platynereis,nucleus_00183,sparse,80,nuclei.zip:train_data_nuclei_08,0.111,0.949328,0.903543,0.974834,0.925122,0.949328,0.99965,0.999915,55005,1420,4452,16716339,59457,56425,187500,0.317104,0.951224,0.872932,ok,33,36,0.939394,0.861111,0.898551,0.815789,0.909091,0.833333,0.869565,0.769231,0.802518,0.893125,0.898551
nucleonet,nucleus,zenodo_3675220_platynereis,Platynereis,nucleus_00184,sparse,80,nuclei.zip:train_data_nuclei_08,0.21,0.945692,0.896979,0.971951,0.920815,0.945692,0.999612,0.999902,56655,1635,4872,16714054,61527,58290,187500,0.328144,0.944227,0.849822,ok,31,36,1.0,0.861111,0.925373,0.861111,0.935484,0.805556,0.865672,0.763158,0.812394,0.87791,0.925373
nucleonet,nucleus,zenodo_3675220_platynereis,Platynereis,nucleus_00185,sparse,80,nuclei.zip:train_data_nuclei_08,0.196,0.950284,0.905278,0.970084,0.931276,0.950284,0.999638,0.999893,58012,1789,4281,16713134,62293,59801,187500,0.332229,0.933782,0.878165,ok,35,37,0.942857,0.891892,0.916667,0.846154,0.828571,0.783784,0.805556,0.674419,0.803043,0.876047,0.916667
nucleonet,nucleus,zenodo_3675220_platynereis,Platynereis,nucleus_00186,sparse,80,nuclei.zip:train_data_nuclei_08,0.273,0.947677,0.900557,0.974151,0.922603,0.947677,0.999622,0.999909,57397,1523,4815,16713481,62212,58920,187500,0.331797,0.932205,0.855513,ok,32,37,0.96875,0.837838,0.898551,0.815789,0.84375,0.72973,0.782609,0.642857,0.778997,0.866948,0.898551
nucleonet,nucleus,zenodo_3675220_platynereis,Platynereis,nucleus_00187,sparse,80,nuclei.zip:train_data_nuclei_08,0.075,0.956286,0.916233,0.976685,0.936721,0.956286,0.999686,0.999918,57599,1375,3891,16714351,61490,58974,187500,0.327947,0.955775,0.899491,ok,31,35,1.0,0.885714,0.939394,0.885714,0.935484,0.828571,0.878788,0.783784,0.837161,0.891171,0.939394
nucleonet,nucleus,zenodo_3675220_platynereis,Platynereis,nucleus_00188,sparse,80,nuclei.zip:train_data_nuclei_08,0.525,0.941134,0.888813,0.975721,0.908915,0.941134,0.999594,0.999919,54494,1356,5461,16715905,59955,55850,187500,0.31976,0.913755,0.86294,ok,31,39,1.0,0.794872,0.885714,0.794872,0.903226,0.717949,0.8,0.666667,0.775312,0.875352,0.885714
nucleonet,nucleus,zenodo_3675220_platynereis,Platynereis,nucleus_00189,sparse,80,nuclei.zip:train_data_nuclei_08,0.085,0.946115,0.89774,0.969839,0.923524,0.946115,0.999632,0.999899,54149,1684,4484,16716899,58633,55833,187500,0.312709,0.922823,0.873876,ok,33,39,0.939394,0.794872,0.861111,0.756098,0.909091,0.769231,0.833333,0.714286,0.769809,0.893972,0.861111
nucleonet,nucleus,zenodo_3675220_platynereis,Platynereis,nucleus_00190,sparse,80,nuclei.zip:train_data_nuclei_08,0.067,0.942839,0.89186,0.972773,0.914692,0.942839,0.999615,0.999911,53236,1490,4965,16717525,58201,54726,187500,0.310405,0.934212,0.864668,ok,35,38,0.914286,0.842105,0.876712,0.780488,0.857143,0.789474,0.821918,0.697674,0.773503,0.882276,0.876712
nucleonet,nucleus,zenodo_3675220_platynereis,Platynereis,nucleus_00191,sparse,80,nuclei.zip:train_data_nuclei_08,0.099,0.940726,0.888085,0.967392,0.915491,0.940726,0.999595,0.999891,53905,1817,4976,16716518,58881,55722,187500,0.314032,0.940821,0.850396,ok,37,39,0.945946,0.897436,0.921053,0.853659,0.891892,0.846154,0.868421,0.767442,0.803092,0.871929,0.921053
nucleonet,nucleus,zenodo_3675220_platynereis,Platynereis,nucleus_00192,sparse,80,nuclei.zip:train_data_nuclei_08,0.29,0.952796,0.909848,0.972295,0.934065,0.952796,0.999658,0.999901,57870,1649,4085,16713612,61955,59519,187500,0.330427,0.930026,0.899259,ok,41,41,0.926829,0.926829,0.926829,0.863636,0.853659,0.853659,0.853659,0.744681,0.810113,0.874069,0.926829
nucleonet,nucleus,zenodo_3675220_platynereis,Platynereis,nucleus_00193,sparse,80,nuclei.zip:train_data_nuclei_08,0.108,0.953323,0.91081,0.965073,0.941856,0.953323,0.999652,0.999871,59546,2155,3676,16711839,63222,61701,187500,0.337184,0.932662,0.889386,ok,39,43,0.923077,0.837209,0.878049,0.782609,0.923077,0.837209,0.878049,0.782609,0.793943,0.904213,0.878049
nucleonet,nucleus,zenodo_3675220_platynereis,Platynereis,nucleus_00194,sparse,80,nuclei.zip:train_data_nuclei_08,0.173,0.947682,0.900566,0.965216,0.930774,0.947682,0.999611,0.999872,59160,2132,4400,16711524,63560,61292,187500,0.338987,0.930662,0.874372,ok,38,41,0.894737,0.829268,0.860759,0.755556,0.868421,0.804878,0.835443,0.717391,0.775137,0.900527,0.860759
nucleonet,nucleus,zenodo_3675220_platynereis,Platynereis,nucleus_00195,sparse,80,nuclei.zip:train_data_nuclei_08,0.158,0.941605,0.889653,0.969012,0.915705,0.941605,0.99957,0.999889,58226,1862,5360,16711768,63586,60088,187000,0.340032,0.945886,0.856638,ok,39,41,0.897436,0.853659,0.875,0.777778,0.871795,0.829268,0.85,0.73913,0.766601,0.876115,0.875
nucleonet,nucleus,zenodo_3675220_platynereis,Platynereis,nucleus_00196,sparse,80,nuclei.zip:train_data_nuclei_08,0.325,0.940232,0.887205,0.964336,0.917304,0.940232,0.99955,0.999869,59378,2196,5353,16710289,64731,61574,187500,0.345232,0.932104,0.845949,ok,39,42,0.948718,0.880952,0.91358,0.840909,0.897436,0.833333,0.864198,0.76087,0.798007,0.873495,0.91358
nucleonet,nucleus,zenodo_3675220_platynereis,Platynereis,nucleus_00197,sparse,80,nuclei.zip:train_data_nuclei_08,0.104,0.940245,0.887229,0.949452,0.931214,0.940245,0.999542,0.999807,60501,3221,4469,16709025,64970,63722,187500,0.346507,0.921642,0.852799,ok,40,40,0.9,0.9,0.9,0.818182,0.825,0.825,0.825,0.702128,0.782139,0.869043,0.9
nucleonet,nucleus,zenodo_3675220_platynereis,Platynereis,nucleus_00198,sparse,80,nuclei.zip:train_data_nuclei_08,0.132,0.940442,0.88758,0.949858,0.931211,0.940442,0.999545,0.999809,60335,3185,4457,16709239,64792,63520,187500,0.345557,0.913479,0.859634,ok,38,38,0.894737,0.894737,0.894737,0.809524,0.842105,0.842105,0.842105,0.727273,0.781119,0.873015,0.894737
nucleonet,nucleus,zenodo_3675220_platynereis,Platynereis,nucleus_00199,sparse,80,nuclei.zip:train_data_nuclei_08,0.185,0.933913,0.876019,0.959532,0.909626,0.933913,0.999501,0.999851,59183,2496,5880,16709657,65063,61679,187500,0.347003,0.92274,0.821239,ok,35,37,0.914286,0.864865,0.888889,0.8,0.857143,0.810811,0.833333,0.714286,0.771777,0.868249,0.888889
nucleonet,nucleus,zenodo_3675220_platynereis,Platynereis,nucleus_00200,sparse,80,nuclei.zip:train_data_nuclei_09,0.129,0.927094,0.864097,0.953016,0.902546,0.927094,0.999752,0.999922,26450,1304,2856,16746606,29306,27754,106875,0.274208,0.89091,0.824113,ok,18,18,0.777778,0.777778,0.777778,0.636364,0.722222,0.722222,0.722222,0.565217,0.680768,0.875273,0.777778
nucleonet,nucleus,zenodo_3675220_platynereis,Platynereis,nucleus_00201,sparse,80,nuclei.zip:train_data_nuclei_09,0.132,0.944176,0.894255,0.954693,0.933888,0.944176,0.999794,0.999917,29184,1385,2066,16744581,31250,30569,105750,0.295508,0.958536,0.877328,ok,21,20,0.857143,0.9,0.878049,0.782609,0.619048,0.65,0.634146,0.464286,0.733074,0.83489,0.878049
nucleonet,nucleus,zenodo_3675220_platynereis,Platynereis,nucleus_00202,sparse,80,nuclei.zip:train_data_nuclei_09,0.066,0.929551,0.868376,0.971954,0.890694,0.929551,0.999741,0.999951,28626,826,3513,16744251,32139,29452,104250,0.308288,0.913641,0.83316,ok,18,20,0.833333,0.75,0.789474,0.652174,0.722222,0.65,0.684211,0.52,0.672613,0.851976,0.789474
nucleonet,nucleus,zenodo_3675220_platynereis,Platynereis,nucleus_00203,sparse,80,nuclei.zip:train_data_nuclei_09,0.149,0.934711,0.877424,0.964822,0.906422,0.934711,0.999767,0.999939,28003,1021,2891,16745301,30894,29024,108000,0.286056,0.936917,0.840086,ok,20,22,0.9,0.818182,0.857143,0.75,0.8,0.727273,0.761905,0.615385,0.731913,0.853899,0.857143
nucleonet,nucleus,zenodo_3675220_platynereis,Platynereis,nucleus_00204,sparse,80,nuclei.zip:train_data_nuclei_09,0.264,0.929364,0.868048,0.969817,0.892151,0.929364,0.999771,0.999953,25255,786,3053,16748122,28308,26041,109875,0.257638,0.899867,0.829615,ok,19,23,1.0,0.826087,0.904762,0.826087,0.842105,0.695652,0.761905,0.615385,0.760094,0.840104,0.904762
nucleonet,nucleus,zenodo_3675220_platynereis,Platynereis,nucleus_00205,sparse,80,nuclei.zip:train_data_nuclei_09,0.064,0.918748,0.849708,0.972851,0.870346,0.918748,0.999765,0.999963,22253,621,3315,16751027,25568,22874,110625,0.231123,0.906723,0.828064,ok,20,23,0.9,0.782609,0.837209,0.72,0.8,0.695652,0.744186,0.592593,0.722535,0.863028,0.837209
nucleonet,nucleus,zenodo_3675220_platynereis,Platynereis,nucleus_00206,sparse,80,nuclei.zip:train_data_nuclei_09,0.136,0.923313,0.85755,0.972308,0.879018,0.923313,0.999788,0.999964,21383,609,2943,16752281,24326,21992,110250,0.220644,0.922195,0.836467,ok,16,20,1.0,0.8,0.888889,0.8,0.8125,0.65,0.722222,0.565217,0.768411,0.864462,0.888889
nucleonet,nucleus,zenodo_3675220_platynereis,Platynereis,nucleus_00207,sparse,80,nuclei.zip:train_data_nuclei_09,0.112,0.934407,0.87689,0.971858,0.899735,0.934407,0.999815,0.999962,22102,640,2463,16752011,24565,22742,112875,0.21763,0.927119,0.854553,ok,16,18,0.9375,0.833333,0.882353,0.789474,0.8125,0.722222,0.764706,0.619048,0.748462,0.848257,0.882353
nucleonet,nucleus,zenodo_3675220_platynereis,Platynereis,nucleus_00208,sparse,80,nuclei.zip:train_data_nuclei_09,0.277,0.918814,0.84982,0.968772,0.873756,0.918814,0.999751,0.999955,23608,761,3411,16749436,27019,24369,114750,0.23546,0.904182,0.80443,ok,19,19,0.894737,0.894737,0.894737,0.809524,0.789474,0.789474,0.789474,0.652174,0.737715,0.824505,0.894737
nucleonet,nucleus,zenodo_3675220_platynereis,Platynereis,nucleus_00209,sparse,80,nuclei.zip:train_data_nuclei_09,0.056,0.923975,0.858693,0.979429,0.874464,0.923975,0.999748,0.999968,25711,540,3691,16747274,29402,26251,115500,0.254563,0.944508,0.832091,ok,18,19,0.944444,0.894737,0.918919,0.85,0.833333,0.789474,0.810811,0.681818,0.77473,0.843088,0.918919
nucleonet,nucleus,zenodo_3675220_platynereis,Platynereis,nucleus_00210,sparse,80,nuclei.zip:train_data_nuclei_09,0.134,0.880272,0.786147,0.905704,0.856228,0.880272,0.999584,0.99984,25674,2673,4311,16744558,29985,28347,116250,0.257935,0.853577,0.750474,ok,16,19,0.9375,0.789474,0.857143,0.75,0.75,0.631579,0.685714,0.521739,0.710456,0.828865,0.857143
nucleonet,nucleus,zenodo_3675220_platynereis,Platynereis,nucleus_00211,sparse,80,nuclei.zip:train_data_nuclei_09,0.274,0.875337,0.778311,0.89189,0.859388,0.875337,0.999584,0.999823,24502,2970,4009,16745735,28511,27472,113712,0.25073,0.887387,0.723958,ok,17,19,0.764706,0.684211,0.722222,0.565217,0.647059,0.578947,0.611111,0.44,0.598373,0.828517,0.722222
nucleonet,nucleus,zenodo_3675220_platynereis,Platynereis,nucleus_00212,sparse,80,nuclei.zip:train_data_nuclei_09,0.07,0.910708,0.836056,0.96524,0.862009,0.910708,0.999706,0.999946,25131,905,4023,16747157,29154,26036,122250,0.238479,0.881431,0.776192,ok,16,20,0.9375,0.75,0.833333,0.714286,0.75,0.6,0.666667,0.5,0.69422,0.833064,0.833333
nucleonet,nucleus,zenodo_3675220_platynereis,Platynereis,nucleus_00213,sparse,80,nuclei.zip:train_data_nuclei_09,0.555,0.90982,0.83456,0.944657,0.877461,0.90982,0.9997,0.999911,25399,1488,3547,16746782,28946,26887,128625,0.225042,0.908762,0.790154,ok,17,20,0.882353,0.75,0.810811,0.681818,0.705882,0.6,0.648649,0.48,0.667817,0.82364,0.810811
nucleonet,nucleus,zenodo_3675220_platynereis,Platynereis,nucleus_00214,sparse,80,nuclei.zip:train_data_nuclei_09,0.052,0.893136,0.806907,0.954602,0.839106,0.893136,0.999652,0.999931,24371,1159,4673,16747013,29044,25530,130500,0.222559,0.871476,0.758251,ok,16,20,0.9375,0.75,0.833333,0.714286,0.8125,0.65,0.722222,0.565217,0.694619,0.833543,0.833333
nucleonet,nucleus,zenodo_3675220_platynereis,Platynereis,nucleus_00215,sparse,80,nuclei.zip:train_data_nuclei_09,0.17,0.906279,0.82862,0.962357,0.856377,0.906279,0.999708,0.999945,23648,925,3966,16748677,27614,24573,133500,0.206846,0.884662,0.803357,ok,18,23,0.833333,0.652174,0.731707,0.576923,0.666667,0.521739,0.585366,0.413793,0.61739,0.843767,0.731707
nucleonet,nucleus,zenodo_3675220_platynereis,Platynereis,nucleus_00216,sparse,80,nuclei.zip:train_data_nuclei_09,0.137,0.91757,0.847694,0.970993,0.869719,0.91757,0.99975,0.999958,23365,698,3500,16749653,26865,24063,134625,0.199554,0.893786,0.814836,ok,17,21,0.823529,0.666667,0.736842,0.583333,0.823529,0.666667,0.736842,0.583333,0.639621,0.868057,0.736842
nucleonet,nucleus,zenodo_3675220_platynereis,Platynereis,nucleus_00217,sparse,80,nuclei.zip:train_data_nuclei_09,0.105,0.928699,0.866888,0.962247,0.897411,0.928699,0.999797,0.999948,22149,869,2532,16751666,24681,23018,135000,0.182822,0.901775,0.808233,ok,14,21,1.0,0.666667,0.8,0.666667,0.928571,0.619048,0.742857,0.590909,0.691983,0.864979,0.8
nucleonet,nucleus,zenodo_3675220_platynereis,Platynereis,nucleus_00218,sparse,80,nuclei.zip:train_data_nuclei_09,0.049,0.926435,0.862952,0.96935,0.887159,0.926435,0.999815,0.999963,19545,618,2486,16754567,22031,20163,135375,0.162741,0.875335,0.802746,ok,12,19,0.916667,0.578947,0.709677,0.55,0.916667,0.578947,0.709677,0.55,0.632448,0.891176,0.709677
nucleonet,nucleus,zenodo_3675220_platynereis,Platynereis,nucleus_00219,sparse,80,nuclei.zip:train_data_nuclei_09,0.14,0.929268,0.867881,0.974178,0.888317,0.929268,0.999839,0.999972,17769,471,2234,16756742,20003,18240,135375,0.14776,0.903715,0.819657,ok,12,16,1.0,0.75,0.857143,0.75,0.916667,0.6875,0.785714,0.647059,0.741333,0.864888,0.857143
nucleonet,nucleus,zenodo_3675220_platynereis,Platynereis,nucleus_00220,sparse,80,nuclei.zip:train_data_nuclei_09,0.257,0.906182,0.828457,0.966334,0.853079,0.906182,0.999819,0.999969,14696,512,2531,16759477,17227,15208,133125,0.129405,0.84034,0.761096,ok,12,15,0.916667,0.733333,0.814815,0.6875,0.583333,0.466667,0.518519,0.35,0.656296,0.805454,0.814815
nucleonet,nucleus,zenodo_3675220_platynereis,Platynereis,nucleus_00221,sparse,80,nuclei.zip:train_data_nuclei_09,0.04,0.89212,0.80525,0.963443,0.83063,0.89212,0.999806,0.99997,13467,511,2746,16760492,16213,13978,131250,0.123528,0.790788,0.747207,ok,9,15,1.0,0.6,0.75,0.6,0.888889,0.533333,0.666667,0.5,0.652675,0.870233,0.75
nucleonet,nucleus,zenodo_3675220_platynereis,Platynereis,nucleus_00222,sparse,80,nuclei.zip:train_data_nuclei_09,0.125,0.898828,0.816247,0.96582,0.840527,0.898828,0.999814,0.999971,13846,490,2627,16760253,16473,14336,131250,0.125509,0.877286,0.750906,ok,12,15,1.0,0.8,0.888889,0.8,0.583333,0.466667,0.518519,0.35,0.703736,0.791703,0.888889
nucleonet,nucleus,zenodo_3675220_platynereis,Platynereis,nucleus_00223,sparse,80,nuclei.zip:train_data_nuclei_09,0.124,0.869346,0.768888,0.980972,0.780529,0.869346,0.999775,0.999985,12579,244,3537,16760856,16116,12823,121800,0.132315,0.812479,0.716814,ok,12,15,0.833333,0.666667,0.740741,0.588235,0.75,0.6,0.666667,0.5,0.601043,0.811408,0.740741
nucleonet,nucleus,zenodo_3675220_platynereis,Platynereis,nucleus_00224,sparse,80,nuclei.zip:train_data_nuclei_09,0.102,0.866063,0.763767,0.975039,0.778998,0.866063,0.999772,0.999981,12344,316,3502,16761054,15846,12660,119370,0.132747,0.809862,0.720702,ok,9,15,0.888889,0.533333,0.666667,0.5,0.777778,0.466667,0.583333,0.411765,0.56501,0.847515,0.666667
nucleonet,nucleus,zenodo_3675220_platynereis,Platynereis,nucleus_00225,sparse,80,nuclei.zip:train_data_nuclei_10,0.044,0.904929,0.826366,0.981871,0.83917,0.904929,0.999898,0.999991,8124,150,1557,16767385,9681,8274,127500,0.075929,0.847328,0.77463,ok,6,6,0.666667,0.666667,0.666667,0.5,0.666667,0.666667,0.666667,0.5,0.600818,0.901227,0.666667
nucleonet,nucleus,zenodo_3675220_platynereis,Platynereis,nucleus_00226,sparse,80,nuclei.zip:train_data_nuclei_10,0.13,0.951265,0.907059,0.980691,0.923553,0.951265,0.999941,0.999989,9701,191,803,16766521,10504,9892,82472,0.127364,0.984291,0.863816,ok,5,5,1.0,1.0,1.0,1.0,0.8,0.8,0.8,0.666667,0.862827,0.862827,1.0
nucleonet,nucleus,zenodo_3675220_platynereis,Platynereis,nucleus_00227,sparse,80,nuclei.zip:train_data_nuclei_10,0.185,0.93215,0.872923,0.976559,0.891605,0.93215,0.999916,0.999986,9665,232,1175,16766144,10840,9897,82420,0.131521,0.917251,0.820412,ok,4,5,1.0,0.8,0.888889,0.8,1.0,0.8,0.888889,0.8,0.814028,0.915782,0.888889
nucleonet,nucleus,zenodo_3675220_platynereis,Platynereis,nucleus_00228,sparse,80,nuclei.zip:train_data_nuclei_10,0.105,0.939259,0.885475,0.940385,0.938136,0.939259,0.999915,0.999958,10979,696,724,16764817,11703,11675,113803,0.102836,0.975669,0.852466,ok,6,7,1.0,0.857143,0.923077,0.857143,1.0,0.857143,0.923077,0.857143,0.829024,0.89811,0.923077
nucleonet,nucleus,zenodo_3675220_platynereis,Platynereis,nucleus_00229,sparse,80,nuclei.zip:train_data_nuclei_10,0.255,0.917569,0.847693,0.946494,0.89036,0.917569,0.999873,0.99996,11905,673,1466,16763172,13371,12578,132750,0.100723,0.912081,0.813403,ok,7,9,1.0,0.777778,0.875,0.777778,0.857143,0.666667,0.75,0.6,0.7494,0.856458,0.875
nucleonet,nucleus,zenodo_3675220_platynereis,Platynereis,nucleus_00230,sparse,80,nuclei.zip:train_data_nuclei_10,0.042,0.9351,0.878111,0.952416,0.918403,0.9351,0.999892,0.999961,13090,654,1163,16762309,14253,13744,134625,0.105872,0.956305,0.868779,ok,7,9,1.0,0.777778,0.875,0.777778,1.0,0.777778,0.875,0.777778,0.779409,0.890753,0.875
nucleonet,nucleus,zenodo_3675220_platynereis,Platynereis,nucleus_00231,sparse,80,nuclei.zip:train_data_nuclei_10,0.074,0.880556,0.786601,0.959009,0.813969,0.880556,0.999797,0.999968,12540,536,2866,16761274,15406,13076,140625,0.109554,0.801579,0.700817,ok,8,11,0.75,0.545455,0.631579,0.461538,0.625,0.454545,0.526316,0.357143,0.519906,0.823185,0.631579
nucleonet,nucleus,zenodo_3675220_platynereis,Platynereis,nucleus_00232,sparse,80,nuclei.zip:train_data_nuclei_10,0.151,0.868058,0.766875,0.948478,0.800209,0.868058,0.99975,0.999955,13770,748,3438,16759260,17208,14518,135750,0.126762,0.848784,0.691655,ok,7,11,1.0,0.636364,0.777778,0.636364,1.0,0.636364,0.777778,0.636364,0.666755,0.857257,0.777778
nucleonet,nucleus,zenodo_3675220_platynereis,Platynereis,nucleus_00233,sparse,80,nuclei.zip:train_data_nuclei_10,0.129,0.918945,0.850045,0.929178,0.908936,0.918945,0.999832,0.999927,15980,1218,1601,16758417,17581,17198,100875,0.174285,0.888969,0.819542,ok,8,9,1.0,0.888889,0.941176,0.888889,0.75,0.666667,0.705882,0.545455,0.77846,0.827114,0.941176
nucleonet,nucleus,zenodo_3675220_platynereis,Platynereis,nucleus_00234,sparse,80,nuclei.zip:train_data_nuclei_10,0.108,0.93211,0.872852,0.948913,0.915891,0.93211,0.999849,0.999944,17423,938,1600,16757255,19023,18361,136500,0.139363,0.885549,0.817337,ok,11,10,0.818182,0.9,0.857143,0.75,0.727273,0.8,0.761905,0.615385,0.749099,0.873949,0.857143
nucleonet,nucleus,zenodo_3675220_platynereis,Platynereis,nucleus_00235,sparse,80,nuclei.zip:train_data_nuclei_10,0.109,0.905773,0.827774,0.958065,0.858894,0.905773,0.999793,0.999956,16678,730,2740,16757068,19418,17408,140625,0.138084,0.867938,0.780602,ok,10,12,0.9,0.75,0.818182,0.692308,0.7,0.583333,0.636364,0.466667,0.670636,0.819666,0.818182
nucleonet,nucleus,zenodo_3675220_platynereis,Platynereis,nucleus_00236,sparse,80,nuclei.zip:train_data_nuclei_10,0.056,0.912124,0.838445,0.953447,0.874234,0.912124,0.999798,0.999949,17552,857,2525,16756282,20077,18409,140625,0.14277,0.882053,0.77693,ok,11,11,0.909091,0.909091,0.909091,0.833333,0.727273,0.727273,0.727273,0.571429,0.751082,0.82619,0.909091
nucleonet,nucleus,zenodo_3675220_platynereis,Platynereis,nucleus_00237,sparse,80,nuclei.zip:train_data_nuclei_10,0.13,0.897424,0.813935,0.969986,0.834963,0.897424,0.999766,0.999968,17161,531,3392,16756132,20553,17692,140625,0.146155,0.866946,0.747978,ok,11,12,0.818182,0.75,0.782609,0.642857,0.636364,0.583333,0.608696,0.4375,0.663023,0.847195,0.782609
nucleonet,nucleus,zenodo_3675220_platynereis,Platynereis,nucleus_00238,sparse,80,nuclei.zip:train_data_nuclei_10,0.217,0.922067,0.855403,0.953302,0.892814,0.922067,0.999814,0.999946,18475,905,2218,16755618,20693,19380,140625,0.14715,0.901955,0.840137,ok,12,12,1.0,1.0,1.0,1.0,0.666667,0.666667,0.666667,0.5,0.831493,0.831493,1.0
nucleonet,nucleus,zenodo_3675220_platynereis,Platynereis,nucleus_00239,sparse,80,nuclei.zip:train_data_nuclei_10,0.059,0.942289,0.890876,0.969223,0.916813,0.942289,0.999855,0.999962,19871,631,1803,16754911,21674,20502,140625,0.154126,0.88877,0.829808,ok,10,11,1.0,0.909091,0.952381,0.909091,0.9,0.818182,0.857143,0.75,0.823427,0.864598,0.952381
nucleonet,nucleus,zenodo_3675220_platynereis,Platynereis,nucleus_00240,sparse,80,nuclei.zip:train_data_nuclei_10,0.12,0.945436,0.896517,0.968306,0.923621,0.945436,0.999857,0.999959,20775,680,1718,16754043,22493,21455,140625,0.15995,0.933025,0.856421,ok,11,12,0.909091,0.833333,0.869565,0.769231,0.818182,0.75,0.782609,0.642857,0.751655,0.864403,0.869565
nucleonet,nucleus,zenodo_3675220_platynereis,Platynereis,nucleus_00241,sparse,80,nuclei.zip:train_data_nuclei_10,0.112,0.951116,0.906788,0.970387,0.932595,0.951116,0.999874,0.999963,20546,627,1485,16754558,22031,21173,127875,0.172285,0.891247,0.868926,ok,9,11,1.0,0.818182,0.9,0.818182,0.888889,0.727273,0.8,0.666667,0.795187,0.883541,0.9
nucleonet,nucleus,zenodo_3675220_platynereis,Platynereis,nucleus_00242,sparse,80,nuclei.zip:train_data_nuclei_10,0.112,0.943415,0.892891,0.961737,0.925778,0.943415,0.999858,0.999953,19907,792,1596,16754921,21503,20699,125250,0.171681,0.915567,0.796652,ok,9,14,1.0,0.642857,0.782609,0.642857,0.666667,0.428571,0.521739,0.352941,0.640151,0.817971,0.782609
nucleonet,nucleus,zenodo_3675220_platynereis,Platynereis,nucleus_00243,sparse,80,nuclei.zip:train_data_nuclei_10,0.065,0.938452,0.88404,0.966105,0.912337,0.938452,0.999852,0.99996,18983,666,1824,16755743,20807,19649,97300,0.213844,0.942199,0.875669,ok,12,11,0.75,0.818182,0.782609,0.642857,0.583333,0.636364,0.608696,0.4375,0.645109,0.824306,0.782609
nucleonet,nucleus,zenodo_3675220_platynereis,Platynereis,nucleus_00244,sparse,80,nuclei.zip:train_data_nuclei_10,0.134,0.920006,0.851862,0.957859,0.885031,0.920006,0.999811,0.999952,18252,803,2371,16755790,20623,19055,127875,0.161275,0.895815,0.804682,ok,11,12,1.0,0.916667,0.956522,0.916667,0.727273,0.666667,0.695652,0.533333,0.792548,0.828573,0.956522
nucleonet,nucleus,zenodo_3675220_platynereis,Platynereis,nucleus_00245,sparse,80,nuclei.zip:train_data_nuclei_10,0.264,0.93109,0.871065,0.969847,0.895312,0.93109,0.999844,0.999967,17626,548,2061,16756981,19687,18174,140625,0.139996,0.909251,0.833849,ok,12,14,0.916667,0.785714,0.846154,0.733333,0.833333,0.714286,0.769231,0.625,0.733637,0.867026,0.846154
nucleonet,nucleus,zenodo_3675220_platynereis,Platynereis,nucleus_00246,sparse,80,nuclei.zip:train_data_nuclei_10,0.037,0.864597,0.76149,0.946212,0.795944,0.864597,0.999718,0.999949,15111,859,3874,16757372,18985,15970,140625,0.135004,0.870372,0.733098,ok,11,13,0.909091,0.769231,0.833333,0.714286,0.727273,0.615385,0.666667,0.5,0.687005,0.824406,0.833333
nucleonet,nucleus,zenodo_3675220_platynereis,Platynereis,nucleus_00247,sparse,80,nuclei.zip:train_data_nuclei_10,0.133,0.926525,0.863108,0.954555,0.900095,0.926525,0.999865,0.999959,14262,679,1583,16760692,15845,14941,140625,0.112676,0.960009,0.847554,ok,12,11,0.833333,0.909091,0.869565,0.769231,0.833333,0.909091,0.869565,0.769231,0.767074,0.882135,0.869565
nucleonet,nucleus,zenodo_3675220_platynereis,Platynereis,nucleus_00248,sparse,80,nuclei.zip:train_data_nuclei_10,0.269,0.948913,0.902793,0.947219,0.950614,0.948913,0.999908,0.999952,14321,798,744,16761353,15065,15119,140625,0.107129,0.981688,0.924804,ok,10,10,1.0,1.0,1.0,1.0,1.0,1.0,1.0,1.0,0.891905,0.891905,1.0
nucleonet,nucleus,zenodo_3675220_platynereis,Platynereis,nucleus_00249,sparse,80,nuclei.zip:train_data_nuclei_10,0.039,0.866473,0.764405,0.919532,0.819204,0.866473,0.99978,0.999938,11953,1046,2638,16761579,14591,12999,140625,0.103758,0.928433,0.791752,ok,10,11,0.9,0.818182,0.857143,0.75,0.8,0.727273,0.761905,0.615385,0.74296,0.866787,0.857143
nucleonet,nucleus,zenodo_3675220_platynereis,Platynereis,nucleus_00250,sparse,80,nuclei.zip:train_data_nuclei_11,0.246,0.932423,0.873402,0.953752,0.912028,0.932423,0.999868,0.999956,15302,742,1476,16759696,16778,16044,128625,0.130441,0.907555,0.797728,ok,9,10,0.888889,0.8,0.842105,0.727273,0.777778,0.7,0.736842,0.583333,0.717725,0.852298,0.842105
nucleonet,nucleus,zenodo_3675220_platynereis,Platynereis,nucleus_00251,sparse,80,nuclei.zip:train_data_nuclei_11,0.041,0.93168,0.872098,0.979534,0.888284,0.93168,0.99987,0.999982,14837,310,1866,16760203,16703,15147,126750,0.131779,0.891839,0.817085,ok,10,11,0.9,0.818182,0.857143,0.75,0.6,0.545455,0.571429,0.4,0.698843,0.815317,0.857143
nucleonet,nucleus,zenodo_3675220_platynereis,Platynereis,nucleus_00252,sparse,80,nuclei.zip:train_data_nuclei_11,0.084,0.930907,0.870744,0.975131,0.89052,0.930907,0.999874,0.999978,14194,362,1745,16760915,15939,14556,124875,0.12764,0.892966,0.811186,ok,9,12,1.0,0.75,0.857143,0.75,1.0,0.75,0.857143,0.75,0.762778,0.889907,0.857143
nucleonet,nucleus,zenodo_3675220_platynereis,Platynereis,nucleus_00253,sparse,80,nuclei.zip:train_data_nuclei_11,0.141,0.900836,0.819564,0.972553,0.838969,0.900836,0.999832,0.999978,12827,362,2462,16761565,15289,13189,140625,0.108722,0.91507,0.777383,ok,9,13,1.0,0.692308,0.818182,0.692308,0.888889,0.615385,0.727273,0.571429,0.694281,0.848566,0.818182
nucleonet,nucleus,zenodo_3675220_platynereis,Platynereis,nucleus_00254,sparse,80,nuclei.zip:train_data_nuclei_11,0.113,0.90256,0.822422,0.977238,0.838484,0.90256,0.999843,0.999983,12236,285,2357,16762338,14593,12521,140625,0.103772,0.895437,0.818683,ok,11,11,0.909091,0.909091,0.909091,0.833333,0.909091,0.909091,0.909091,0.833333,0.78829,0.867119,0.909091
nucleonet,nucleus,zenodo_3675220_platynereis,Platynereis,nucleus_00255,sparse,80,nuclei.zip:train_data_nuclei_11,0.101,0.940658,0.887964,0.971847,0.911408,0.940658,0.99991,0.999979,11944,346,1161,16763765,13105,12290,140625,0.093191,0.886291,0.866406,ok,8,11,1.0,0.727273,0.842105,0.727273,1.0,0.727273,0.842105,0.727273,0.767449,0.911345,0.842105
nucleonet,nucleus,zenodo_3675220_platynereis,Platynereis,nucleus_00256,sparse,80,nuclei.zip:train_data_nuclei_11,0.263,0.938689,0.884462,0.952206,0.925551,0.938689,0.999903,0.999963,12432,624,1000,16763160,13432,13056,140625,0.095516,0.891299,0.837314,ok,9,9,0.888889,0.888889,0.888889,0.8,0.777778,0.777778,0.777778,0.636364,0.770338,0.86663,0.888889
nucleonet,nucleus,zenodo_3675220_platynereis,Platynereis,nucleus_00257,sparse,80,nuclei.zip:train_data_nuclei_11,0.048,0.930964,0.870844,0.930605,0.931323,0.930964,0.999872,0.999936,14483,1080,1068,16760585,15551,15563,140625,0.110585,0.872962,0.849362,ok,9,8,0.888889,1.0,0.941176,0.888889,0.777778,0.875,0.823529,0.7,0.823616,0.875091,0.941176
nucleonet,nucleus,zenodo_3675220_platynereis,Platynereis,nucleus_00258,sparse,80,nuclei.zip:train_data_nuclei_11,0.123,0.95506,0.913985,0.981756,0.929776,0.95506,0.999911,0.999982,15875,295,1199,16759847,17074,16170,140625,0.121415,0.96162,0.90549,ok,10,9,0.8,0.888889,0.842105,0.727273,0.6,0.666667,0.631579,0.461538,0.714033,0.847915,0.842105
nucleonet,nucleus,zenodo_3675220_platynereis,Platynereis,nucleus_00259,sparse,80,nuclei.zip:train_data_nuclei_11,0.107,0.945305,0.896282,0.981554,0.911637,0.945305,0.999881,0.999981,17188,323,1666,16758039,18854,17511,140625,0.134073,0.883582,0.864189,ok,8,10,0.875,0.7,0.777778,0.636364,0.875,0.7,0.777778,0.636364,0.708358,0.910746,0.777778
nucleonet,nucleus,zenodo_3675220_platynereis,Platynereis,nucleus_00260,sparse,80,nuclei.zip:train_data_nuclei_11,0.103,0.944493,0.894824,0.964457,0.925338,0.944493,0.999875,0.999961,17909,660,1445,16757202,19354,18569,140625,0.137628,0.934489,0.885145,ok,9,9,1.0,1.0,1.0,1.0,0.888889,0.888889,0.888889,0.8,0.861603,0.861603,1.0
nucleonet,nucleus,zenodo_3675220_platynereis,Platynereis,nucleus_00261,sparse,80,nuclei.zip:train_data_nuclei_11,0.047,0.918429,0.849162,0.972167,0.870321,0.918429,0.99983,0.999973,16067,460,2394,16758295,18461,16527,138375,0.133413,0.868905,0.847729,ok,8,9,0.875,0.777778,0.823529,0.7,0.875,0.777778,0.823529,0.7,0.759031,0.92168,0.823529
nucleonet,nucleus,zenodo_3675220_platynereis,Platynereis,nucleus_00262,sparse,80,nuclei.zip:train_data_nuclei_11,0.132,0.875665,0.778829,0.968003,0.799409,0.875665,0.99979,0.999975,12434,411,3120,16761251,15554,12845,135000,0.115215,0.847188,0.723512,ok,8,10,0.875,0.7,0.777778,0.636364,0.5,0.4,0.444444,0.285714,0.592714,0.762061,0.777778
nucleonet,nucleus,zenodo_3675220_platynereis,Platynereis,nucleus_00263,sparse,80,nuclei.zip:train_data_nuclei_11,0.054,0.909819,0.834558,0.965988,0.859823,0.909819,0.999874,0.999978,10679,376,1741,16764420,12420,11055,129375,0.096,0.89495,0.821086,ok,9,10,0.777778,0.7,0.736842,0.583333,0.777778,0.7,0.736842,0.583333,0.644862,0.87517,0.736842
nucleonet,nucleus,zenodo_3675220_platynereis,Platynereis,nucleus_00264,sparse,80,nuclei.zip:train_data_nuclei_11,0.041,0.836634,0.71915,0.820466,0.853453,0.836634,0.999802,0.999889,8491,1858,1458,16765409,9949,10349,129000,0.077124,0.820798,0.69897,ok,9,9,0.666667,0.666667,0.666667,0.5,0.666667,0.666667,0.666667,0.5,0.56865,0.852975,0.666667
nucleonet,nucleus,zenodo_3675220_platynereis,Platynereis,nucleus_00265,sparse,80,nuclei.zip:train_data_nuclei_11,0.288,0.924734,0.860004,0.968537,0.884721,0.924734,0.999919,0.999984,8373,272,1091,16767480,9464,8645,65750,0.143939,0.921122,0.854302,ok,7,7,0.857143,0.857143,0.857143,0.75,0.857143,0.857143,0.857143,0.75,0.755655,0.881598,0.857143
nucleonet,nucleus,zenodo_3675220_platynereis,Platynereis,nucleus_00266,sparse,80,nuclei.zip:train_data_nuclei_11,0.277,0.89118,0.803719,0.956252,0.8344,0.89118,0.999888,0.999979,7694,352,1527,16767643,9221,8046,104625,0.088134,0.913493,0.783966,ok,8,8,0.75,0.75,0.75,0.6,0.5,0.5,0.5,0.333333,0.589944,0.786592,0.75
nucleonet,nucleus,zenodo_3675220_platynereis,Platynereis,nucleus_00267,sparse,80,nuclei.zip:train_data_nuclei_11,0.054,0.952795,0.909846,0.973044,0.933372,0.952795,0.999943,0.999984,9638,267,688,16766623,10326,9905,107250,0.09628,0.993225,0.933545,ok,8,7,0.875,1.0,0.933333,0.875,0.875,1.0,0.933333,0.875,0.842204,0.902361,0.933333
nucleonet,nucleus,zenodo_3675220_platynereis,Platynereis,nucleus_00268,sparse,80,nuclei.zip:train_data_nuclei_11,0.272,0.928495,0.866534,0.961716,0.897493,0.928495,0.999912,0.999977,9596,382,1096,16766142,10692,9978,105000,0.101829,0.965336,0.885896,ok,7,7,0.857143,0.857143,0.857143,0.75,0.857143,0.857143,0.857143,0.75,0.743889,0.86787,0.857143
nucleonet,nucleus,zenodo_3675220_platynereis,Platynereis,nucleus_00269,sparse,80,nuclei.zip:train_data_nuclei_11,0.137,0.936713,0.880959,0.955159,0.918965,0.936713,0.999922,0.999973,9628,452,849,16766287,10477,10080,102000,0.102716,0.960387,0.886813,ok,8,7,0.875,1.0,0.933333,0.875,0.75,0.857143,0.8,0.666667,0.814417,0.87259,0.933333
nucleonet,nucleus,zenodo_3675220_platynereis,Platynereis,nucleus_00270,sparse,80,nuclei.zip:train_data_nuclei_11,0.11,0.816951,0.690546,0.763181,0.878871,0.816951,0.999769,0.99984,8656,2686,1193,16764681,9849,11342,100125,0.098367,0.804245,0.713163,ok,8,8,0.625,0.625,0.625,0.454545,0.625,0.625,0.625,0.454545,0.556187,0.8899,0.625
nucleonet,nucleus,zenodo_3675220_platynereis,Platynereis,nucleus_00271,sparse,80,nuclei.zip:train_data_nuclei_11,0.103,0.7957,0.660716,0.854431,0.744524,0.7957,0.999796,0.999932,6662,1135,2286,16767133,8948,7797,98250,0.091074,0.818452,0.699666,ok,5,8,0.8,0.5,0.615385,0.444444,0.8,0.5,0.615385,0.444444,0.53773,0.873811,0.615385
nucleonet,nucleus,zenodo_3675220_platynereis,Platynereis,nucleus_00272,sparse,80,nuclei.zip:train_data_nuclei_11,0.099,0.787792,0.649881,0.931745,0.682367,0.787792,0.999833,0.999977,5201,381,2421,16769213,7622,5582,95625,0.079707,0.821896,0.627646,ok,7,8,0.571429,0.5,0.533333,0.363636,0.428571,0.375,0.4,0.25,0.438906,0.822948,0.533333
nucleonet,nucleus,zenodo_3675220_platynereis,Platynereis,nucleus_00273,sparse,80,nuclei.zip:train_data_nuclei_11,0.094,0.770765,0.627028,0.976744,0.636531,0.770765,0.999829,0.999993,4830,115,2758,16769513,7588,4945,62250,0.121896,0.773266,0.701375,ok,6,7,0.666667,0.571429,0.615385,0.444444,0.666667,0.571429,0.615385,0.444444,0.542049,0.88083,0.615385
nucleonet,nucleus,zenodo_3675220_platynereis,Platynereis,nucleus_00274,sparse,80,nuclei.zip:train_data_nuclei_11,0.05,0.867309,0.765707,0.980064,0.777822,0.867309,0.999893,0.999993,5850,119,1671,16769576,7521,5969,59500,0.126403,0.830252,0.768892,ok,5,7,1.0,0.714286,0.833333,0.714286,1.0,0.714286,0.833333,0.714286,0.729949,0.875939,0.833333
nucleonet,nucleus,zenodo_3675220_platynereis,Platynereis,nucleus_00275,sparse,80,nuclei.zip:train_data_nuclei_12,0.143,0.956659,0.916919,0.972266,0.941545,0.956659,0.999897,0.999968,19071,544,1184,16756417,20255,19615,105375,0.192218,0.926667,0.879525,ok,8,10,0.875,0.7,0.777778,0.636364,0.875,0.7,0.777778,0.636364,0.721609,0.927783,0.777778
nucleonet,nucleus,zenodo_3675220_platynereis,Platynereis,nucleus_00276,sparse,80,nuclei.zip:train_data_nuclei_12,0.127,0.945901,0.897354,0.977028,0.916695,0.945901,0.999873,0.999974,18586,437,1689,16756504,20275,19023,105000,0.193095,0.883629,0.872376,ok,8,11,1.0,0.727273,0.842105,0.727273,1.0,0.727273,0.842105,0.727273,0.750475,0.891189,0.842105
nucleonet,nucleus,zenodo_3675220_platynereis,Platynereis,nucleus_00277,sparse,80,nuclei.zip:train_data_nuclei_12,0.109,0.95954,0.922226,0.982491,0.937637,0.95954,0.999909,0.999981,18012,321,1198,16757685,19210,18333,105000,0.182952,0.959924,0.901364,ok,11,11,1.0,1.0,1.0,1.0,0.636364,0.636364,0.636364,0.466667,0.825521,0.825521,1.0
nucleonet,nucleus,zenodo_3675220_platynereis,Platynereis,nucleus_00278,sparse,80,nuclei.zip:train_data_nuclei_12,0.107,0.965959,0.934159,0.980919,0.951448,0.965959,0.999919,0.999978,19381,377,989,16756469,20370,19758,104625,0.194695,0.970438,0.936053,ok,8,10,1.0,0.8,0.888889,0.8,0.875,0.7,0.777778,0.636364,0.781204,0.878854,0.888889
nucleonet,nucleus,zenodo_3675220_platynereis,Platynereis,nucleus_00279,sparse,80,nuclei.zip:train_data_nuclei_12,0.049,0.956836,0.917245,0.979826,0.934901,0.956836,0.999893,0.999975,19962,411,1390,16755453,21352,20373,105750,0.20191,0.945369,0.886532,ok,10,10,0.9,0.9,0.9,0.818182,0.9,0.9,0.9,0.818182,0.818204,0.909116,0.9
nucleonet,nucleus,zenodo_3675220_platynereis,Platynereis,nucleus_00280,sparse,80,nuclei.zip:train_data_nuclei_12,0.13,0.958722,0.920716,0.987004,0.932015,0.958722,0.999902,0.999985,19138,252,1396,16756430,20534,19390,103875,0.19768,0.973631,0.894152,ok,9,10,1.0,0.9,0.947368,0.9,1.0,0.9,0.947368,0.9,0.846779,0.893822,0.947368
nucleonet,nucleus,zenodo_3675220_platynereis,Platynereis,nucleus_00281,sparse,80,nuclei.zip:train_data_nuclei_12,0.245,0.929514,0.86831,0.952918,0.907232,0.929514,0.99984,0.999948,17750,877,1815,16756774,19565,18627,103875,0.188351,0.88447,0.785556,ok,10,10,0.7,0.7,0.7,0.538462,0.6,0.6,0.6,0.428571,0.606242,0.866061,0.7
nucleonet,nucleus,zenodo_3675220_platynereis,Platynereis,nucleus_00282,sparse,80,nuclei.zip:train_data_nuclei_12,0.047,0.936824,0.881156,0.960232,0.91453,0.936824,0.99986,0.999957,17409,721,1627,16757459,19036,18130,104625,0.181945,0.863874,0.81714,ok,11,9,0.727273,0.888889,0.8,0.666667,0.727273,0.888889,0.8,0.666667,0.708797,0.885996,0.8
nucleonet,nucleus,zenodo_3675220_platynereis,Platynereis,nucleus_00283,sparse,80,nuclei.zip:train_data_nuclei_12,0.133,0.955781,0.915308,0.966184,0.945601,0.955781,0.999904,0.999964,17400,609,1001,16758206,18401,18009,76725,0.239831,0.91648,0.86856,ok,9,8,0.888889,1.0,0.941176,0.888889,0.777778,0.875,0.823529,0.7,0.838766,0.891189,0.941176
nucleonet,nucleus,zenodo_3675220_platynereis,Platynereis,nucleus_00284,sparse,80,nuclei.zip:train_data_nuclei_12,0.256,0.958375,0.920077,0.974512,0.942764,0.958375,0.999918,0.999975,15829,414,961,16760012,16790,16243,74790,0.224495,0.973755,0.887016,ok,7,8,1.0,0.875,0.933333,0.875,1.0,0.875,0.933333,0.875,0.840416,0.900446,0.933333
nucleonet,nucleus,zenodo_3675220_platynereis,Platynereis,nucleus_00285,sparse,80,nuclei.zip:train_data_nuclei_12,0.041,0.956736,0.917061,0.969075,0.944708,0.956736,0.999922,0.999972,14540,464,851,16761361,15391,15004,73158,0.21038,0.942512,0.903682,ok,8,7,0.875,1.0,0.933333,0.875,0.875,1.0,0.933333,0.875,0.81732,0.8757,0.933333
nucleonet,nucleus,zenodo_3675220_platynereis,Platynereis,nucleus_00286,sparse,80,nuclei.zip:train_data_nuclei_12,0.129,0.912497,0.839075,0.940941,0.885722,0.912497,0.999849,0.999951,13176,827,1700,16761513,14876,14003,87957,0.169128,0.873347,0.791947,ok,8,8,0.75,0.75,0.75,0.6,0.75,0.75,0.75,0.6,0.68034,0.90712,0.75
nucleonet,nucleus,zenodo_3675220_platynereis,Platynereis,nucleus_00287,sparse,80,nuclei.zip:train_data_nuclei_12,0.107,0.906034,0.828211,0.934135,0.879575,0.906034,0.999843,0.999947,12665,893,1734,16761924,14399,13558,85158,0.169086,0.898006,0.778683,ok,7,10,0.857143,0.6,0.705882,0.545455,0.714286,0.5,0.588235,0.416667,0.623441,0.883208,0.705882
nucleonet,nucleus,zenodo_3675220_platynereis,Platynereis,nucleus_00288,sparse,80,nuclei.zip:train_data_nuclei_12,0.044,0.914474,0.842425,0.944967,0.885888,0.914474,0.999841,0.99995,14269,831,1838,16760278,16107,15100,87538,0.184,0.918959,0.811657,ok,10,11,0.8,0.727273,0.761905,0.615385,0.5,0.454545,0.47619,0.3125,0.631115,0.828338,0.761905
nucleonet,nucleus,zenodo_3675220_platynereis,Platynereis,nucleus_00289,sparse,80,nuclei.zip:train_data_nuclei_12,0.045,0.906134,0.828377,0.923261,0.889631,0.906134,0.999809,0.999923,15460,1285,1918,16758553,17378,16745,89088,0.195066,0.834192,0.75863,ok,9,12,0.777778,0.583333,0.666667,0.5,0.777778,0.583333,0.666667,0.5,0.565008,0.847512,0.666667
nucleonet,nucleus,zenodo_3675220_platynereis,Platynereis,nucleus_00290,sparse,80,nuclei.zip:train_data_nuclei_12,0.041,0.923651,0.858134,0.951315,0.897551,0.923651,0.99984,0.999951,16199,829,1849,16758339,18048,17028,89436,0.201798,0.851204,0.773595,ok,8,12,1.0,0.666667,0.8,0.666667,0.5,0.333333,0.4,0.25,0.647572,0.809464,0.8
nucleonet,nucleus,zenodo_3675220_platynereis,Platynereis,nucleus_00291,sparse,80,nuclei.zip:train_data_nuclei_12,0.124,0.935173,0.87824,0.943173,0.927308,0.935173,0.999858,0.999938,17145,1033,1344,16757694,18489,18178,87720,0.210773,0.909518,0.82819,ok,9,10,0.888889,0.8,0.842105,0.727273,0.666667,0.6,0.631579,0.461538,0.705536,0.837824,0.842105
nucleonet,nucleus,zenodo_3675220_platynereis,Platynereis,nucleus_00292,sparse,80,nuclei.zip:train_data_nuclei_12,0.126,0.926294,0.862708,0.917373,0.93539,0.926294,0.999838,0.999908,17098,1540,1181,16757397,18279,18638,87122,0.209809,0.833256,0.791707,ok,8,9,0.875,0.777778,0.823529,0.7,0.625,0.555556,0.588235,0.416667,0.690575,0.838556,0.823529
nucleonet,nucleus,zenodo_3675220_platynereis,Platynereis,nucleus_00293,sparse,80,nuclei.zip:train_data_nuclei_12,0.45,0.958502,0.92031,0.970143,0.947136,0.958502,0.999914,0.999969,16734,515,934,16759033,17668,17249,85340,0.207031,0.961924,0.907726,ok,9,9,0.777778,0.777778,0.777778,0.636364,0.555556,0.555556,0.555556,0.384615,0.652656,0.839129,0.777778
nucleonet,nucleus,zenodo_3675220_platynereis,Platynereis,nucleus_00294,sparse,80,nuclei.zip:train_data_nuclei_12,0.04,0.93717,0.881769,0.970498,0.906056,0.93717,0.999884,0.999974,14573,443,1511,16760689,16084,15016,83239,0.193227,0.918372,0.841688,ok,8,9,1.0,0.888889,0.941176,0.888889,0.75,0.666667,0.705882,0.545455,0.776497,0.825028,0.941176
nucleonet,nucleus,zenodo_3675220_platynereis,Platynereis,nucleus_00295,sparse,80,nuclei.zip:train_data_nuclei_12,0.262,0.947708,0.900613,0.973851,0.922932,0.947708,0.999913,0.999979,13221,355,1104,16762536,14325,13576,75999,0.188489,0.924456,0.898984,ok,7,8,1.0,0.875,0.933333,0.875,0.714286,0.625,0.666667,0.5,0.795286,0.852092,0.933333
nucleonet,nucleus,zenodo_3675220_platynereis,Platynereis,nucleus_00296,sparse,80,nuclei.zip:train_data_nuclei_12,0.037,0.903409,0.823835,0.906979,0.899868,0.903409,0.999852,0.999929,11593,1189,1290,16763144,12883,12782,72900,0.176722,0.837139,0.754786,ok,9,9,0.777778,0.777778,0.777778,0.636364,0.555556,0.555556,0.555556,0.384615,0.63488,0.816274,0.777778
nucleonet,nucleus,zenodo_3675220_platynereis,Platynereis,nucleus_00297,sparse,80,nuclei.zip:train_data_nuclei_12,0.097,0.928484,0.866514,0.927273,0.929698,0.928484,0.999892,0.999945,11730,920,887,16763679,12617,12650,67410,0.187168,0.890636,0.822118,ok,11,9,0.727273,0.888889,0.8,0.666667,0.636364,0.777778,0.7,0.538462,0.696885,0.871106,0.8
nucleonet,nucleus,zenodo_3675220_platynereis,Platynereis,nucleus_00298,sparse,80,nuclei.zip:train_data_nuclei_12,0.155,0.92426,0.859185,0.915653,0.93303,0.92426,0.999884,0.999935,11898,1096,854,16763368,12752,12994,56875,0.224211,0.933572,0.84339,ok,7,8,1.0,0.875,0.933333,0.875,0.857143,0.75,0.8,0.666667,0.801605,0.858863,0.933333
nucleonet,nucleus,zenodo_3675220_platynereis,Platynereis,nucleus_00299,sparse,80,nuclei.zip:train_data_nuclei_12,0.129,0.923895,0.858555,0.913133,0.934914,0.923895,0.999874,0.999927,12856,1223,895,16762242,13751,14079,60454,0.227462,0.900803,0.799412,ok,10,8,0.8,1.0,0.888889,0.8,0.5,0.625,0.555556,0.384615,0.718956,0.808826,0.888889
