model,organelle,dataset,dataset_label,crop_id,coverage,voxel_nm,source_image,target_nm,infer_s,dice,iou,precision,recall,f1,accuracy,specificity,tp,fp,fn,tn,gt_area,pred_area,eval_area,gt_frac,cldice,boundary_f1,status,inst_n_pred,inst_n_gt,inst_precision@0.5,inst_recall@0.5,inst_f1@0.5,inst_ap@0.5,inst_precision@0.75,inst_recall@0.75,inst_f1@0.75,inst_ap@0.75,inst_pq,inst_sq,inst_rq
nucleonet_scaled,nucleus,orgsegnet_plant,PlantHunter,te_00210,partial,7.41,image/A_165.tif,20.0,2.877,0.901335,0.820391,0.863099,0.943115,0.901335,0.972877,0.977378,2078494,329681,125366,14243675,2203860,2408175,13223620,0.166661,0.556166,0.121365,ok,,,,,,,,,,,,,
nucleonet_scaled,nucleus,orgsegnet_plant,PlantHunter,te_00211,partial,7.41,image/A_165.tif,20.0,5.389,0.833584,0.714654,0.747402,0.942232,0.833584,0.958694,0.960725,1735623,586586,106410,14348597,1842033,2322209,13210700,0.139435,0.387925,0.186607,ok,,,,,,,,,,,,,
nucleonet_scaled,nucleus,orgsegnet_plant,PlantHunter,te_00294,partial,3.7,image/A_207.tif,20.0,0.687,0.931974,0.872614,0.987834,0.882094,0.931974,0.994191,0.999487,667581,8222,89233,16012180,756814,675803,13230080,0.057204,0.974974,0.51829,ok,,,,,,,,,,,,,
nucleonet_scaled,nucleus,orgsegnet_plant,PlantHunter,te_00295,partial,3.7,image/A_207.tif,20.0,2.456,0.933578,0.875431,0.987514,0.885229,0.933578,0.994318,0.999471,669954,8471,86860,16011931,756814,678425,12202940,0.062019,0.980893,0.523067,ok,,,,,,,,,,,,,
nucleonet_scaled,nucleus,orgsegnet_plant,PlantHunter,te_00309,partial,5.29,image/A_214.tif,20.0,0.494,0.829766,0.709059,0.804785,0.856346,0.829766,0.988712,0.993106,461538,111954,77424,16126300,538962,573492,13223620,0.040758,0.708911,0.381775,ok,,,,,,,,,,,,,
nucleonet_scaled,nucleus,orgsegnet_plant,PlantHunter,te_00326,partial,12.34,image/A_223.tif,20.0,0.661,0.546429,0.375922,0.39106,0.906639,0.546429,0.937791,0.939134,628685,978959,64739,15104833,693424,1607644,13230080,0.052413,0.153097,0.055371,ok,,,,,,,,,,,,,
nucleonet_scaled,nucleus,orgsegnet_plant,PlantHunter,te_00327,partial,12.34,image/A_223.tif,20.0,0.672,0.579884,0.408336,0.425443,0.910358,0.579884,0.945481,0.946995,631264,852518,62160,15231274,693424,1483782,13226850,0.052425,0.24979,0.056247,ok,,,,,,,,,,,,,
nucleonet_scaled,nucleus,orgsegnet_plant,PlantHunter,te_00346,partial,14.81,image/A_233.tif,20.0,2.69,0.347539,0.210316,0.217701,0.8611,0.347539,0.972996,0.973939,120659,433582,19463,16203512,140122,554241,13230080,0.010591,0.165049,0.047506,ok,,,,,,,,,,,,,
nucleonet_scaled,nucleus,orgsegnet_plant,PlantHunter,te_00347,partial,14.81,image/A_233.tif,20.0,4.386,0.370505,0.227374,0.235534,0.86778,0.370505,0.975372,0.976278,121595,394657,18527,16242437,140122,516252,13230080,0.010591,0.163774,0.051124,ok,,,,,,,,,,,,,
nucleonet_scaled,nucleus,orgsegnet_plant,PlantHunter,te_00356,partial,24.68,image/A_238.tif,20.0,1.34,0.671122,0.505029,0.576643,0.802627,0.671122,0.991412,0.993496,147010,107931,36151,16486124,183161,254941,13226850,0.013848,0.468314,0.085615,ok,,,,,,,,,,,,,
nucleonet_scaled,nucleus,orgsegnet_plant,PlantHunter,te_00357,partial,24.68,image/A_238.tif,20.0,1.226,0.720198,0.562742,0.651917,0.804456,0.720198,0.993176,0.995259,147345,78673,35816,16515382,183161,226018,13230080,0.013844,0.437782,0.087508,ok,,,,,,,,,,,,,
nucleonet_scaled,nucleus,orgsegnet_plant,PlantHunter,te_00396,partial,4.63,image/A_258.tif,20.0,0.84,0.42406,0.269084,0.280014,0.873317,0.42406,0.912105,0.913598,542879,1395881,78750,14759706,621629,1938760,13230080,0.046986,0.308232,0.244266,ok,,,,,,,,,,,,,
nucleonet_scaled,nucleus,orgsegnet_plant,PlantHunter,te_00397,partial,4.63,image/A_258.tif,20.0,0.681,0.683506,0.519186,0.539578,0.932148,0.683506,0.909082,0.906367,1647080,1405453,119893,13604790,1766973,3052533,13217160,0.133688,0.355574,0.285815,ok,,,,,,,,,,,,,
nucleonet_scaled,nucleus,orgsegnet_plant,PlantHunter,te_00564,partial,18.51,image/C076.tif,20.0,1.752,0.944774,0.895328,0.952518,0.937154,0.944774,0.995649,0.998068,624469,31129,41877,16079741,666346,655598,13230080,0.050366,0.900166,0.509145,ok,,,,,,,,,,,,,
nucleonet_scaled,nucleus,orgsegnet_plant,PlantHunter,te_00565,partial,18.51,image/C076.tif,20.0,3.083,0.977881,0.956719,0.990563,0.965519,0.977881,0.994151,0.998578,2169198,20666,77467,14509885,2246665,2189864,13230080,0.169815,0.938491,0.533442,ok,,,,,,,,,,,,,
nucleonet_scaled,nucleus,orgsegnet_plant,PlantHunter,te_00630,partial,12.34,image/C171.tif,20.0,0.902,0.725034,0.568669,0.589078,0.942576,0.725034,0.962063,0.963155,839144,585360,51123,15301589,890267,1424504,13225984,0.067312,0.439326,0.140027,ok,,,,,,,,,,,,,
nucleonet_scaled,nucleus,orgsegnet_plant,PlantHunter,te_00631,partial,12.34,image/C171.tif,20.0,0.642,0.874032,0.77625,0.812514,0.945629,0.874032,0.985536,0.987772,841862,194258,48405,15692691,890267,1036120,13226850,0.067308,0.424765,0.139344,ok,,,,,,,,,,,,,
nucleonet_scaled,nucleus,orgsegnet_plant,PlantHunter,te_00646,partial,3.7,image/C179.tif,20.0,0.426,0.955397,0.914603,0.996558,0.917502,0.955397,0.981728,0.999141,3283225,11341,295215,13187435,3578440,3294566,10821632,0.330675,0.963747,0.39778,ok,,,,,,,,,,,,,
nucleonet_scaled,nucleus,orgsegnet_plant,PlantHunter,te_00647,partial,3.7,image/C179.tif,20.0,0.478,0.954315,0.912622,0.98713,0.923612,0.954315,0.985182,0.997576,2596489,33853,214746,13932128,2811235,2630342,11725216,0.23976,0.96372,0.401792,ok,,,,,,,,,,,,,
nucleonet_scaled,nucleus,orgsegnet_plant,PlantHunter,te_00662,partial,14.81,image/C187.tif,20.0,3.681,0.541128,0.370923,0.378274,0.950216,0.541128,0.951891,0.951943,475910,782200,24934,15494172,500844,1258110,13230080,0.037856,0.090959,0.094665,ok,,,,,,,,,,,,,
nucleonet_scaled,nucleus,orgsegnet_plant,PlantHunter,te_00663,partial,14.81,image/C187.tif,20.0,4.371,0.453587,0.293315,0.297644,0.95276,0.453587,0.931474,0.930819,477184,1126020,23660,15150352,500844,1603204,13226850,0.037866,0.074294,0.087523,ok,,,,,,,,,,,,,
nucleonet_scaled,nucleus,orgsegnet_plant,PlantHunter,te_00686,partial,3.09,image/C199.tif,20.0,0.495,0.0,0.0,0.0,0.0,0.0,0.960421,0.999943,0,925,663097,16113194,663097,925,13223620,0.050145,0.0,0.0,ok,,,,,,,,,,,,,
nucleonet_scaled,nucleus,orgsegnet_plant,PlantHunter,te_00687,partial,3.09,image/C199.tif,20.0,0.83,0.0,0.0,nan,0.0,0.0,0.959977,1.0,0,0,671476,16105740,671476,0,13223620,0.050779,0.0,0.0,ok,,,,,,,,,,,,,
nucleonet_scaled,nucleus,orgsegnet_plant,PlantHunter,te_00696,partial,5.29,image/C204.tif,20.0,0.597,0.698858,0.537111,0.671725,0.728275,0.698858,0.993092,0.996039,134484,65723,50177,16526832,184661,200207,13230080,0.013958,0.578431,0.27965,ok,,,,,,,,,,,,,
nucleonet_scaled,nucleus,orgsegnet_plant,PlantHunter,te_00697,partial,5.29,image/C204.tif,20.0,0.485,0.879495,0.78491,0.843617,0.91856,0.879495,0.976306,0.982307,1450628,268905,128613,14929070,1579241,1719533,13223620,0.119426,0.665514,0.33451,ok,,,,,,,,,,,,,
nucleonet_scaled,nucleus,orgsegnet_plant,PlantHunter,te_00768,partial,5.29,image/C240.tif,20.0,0.575,0.882102,0.789071,0.931536,0.83765,0.882102,0.961937,0.987392,2388912,175576,463010,13749718,2851922,2564488,11898351,0.239691,0.8798,0.136972,ok,,,,,,,,,,,,,
nucleonet_scaled,nucleus,orgsegnet_plant,PlantHunter,te_00769,partial,5.29,image/C240.tif,20.0,0.485,0.83682,0.719425,0.992396,0.723413,0.83682,0.97282,0.999409,1169257,8959,447050,15151950,1616307,1178216,11863467,0.136242,0.889208,0.274206,ok,,,,,,,,,,,,,
nucleonet_scaled,nucleus,orgsegnet_plant,PlantHunter,te_00772,partial,18.51,image/C242.tif,20.0,2.358,0.452659,0.29254,0.308252,0.851614,0.452659,0.952889,0.95526,326835,733449,56948,15659984,383783,1060284,13230080,0.029008,0.196311,0.061612,ok,,,,,,,,,,,,,
nucleonet_scaled,nucleus,orgsegnet_plant,PlantHunter,te_00773,partial,18.51,image/C242.tif,20.0,2.113,0.521742,0.352944,0.375537,0.854363,0.521742,0.96417,0.966741,327890,545232,55893,15848201,383783,873122,13226850,0.029015,0.243229,0.06513,ok,,,,,,,,,,,,,
nucleonet_scaled,nucleus,orgsegnet_plant,PlantHunter,te_00852,sparse,,image/Figure 4_Original_009.tif,20.0,0.204,0.934515,0.877079,0.923705,0.94558,0.934515,0.9991,0.999466,107729,8898,6200,16654389,113929,116627,1046529,0.108864,0.77548,0.326761,ok,,,,,,,,,,,,,
nucleonet_scaled,nucleus,orgsegnet_plant,PlantHunter,te_00913,partial,4.63,image/L1_014.tif,20.0,0.557,0.677575,0.512374,0.775434,0.601648,0.677575,0.966294,0.989102,594191,172078,393414,15617533,987605,766269,5999753,0.164608,0.564708,0.166579,ok,,,,,,,,,,,,,
nucleonet_scaled,nucleus,orgsegnet_plant,PlantHunter,te_00914,partial,4.63,image/L1_014.tif,20.0,0.532,0.818259,0.692418,0.980247,0.702216,0.818259,0.983354,0.999202,628689,12669,266604,15869254,895293,641358,4477352,0.19996,0.741911,0.240238,ok,,,,,,,,,,,,,
nucleonet_scaled,nucleus,orgsegnet_plant,PlantHunter,te_00955,partial,3.7,image/L8_002.tif,20.0,0.686,0.783032,0.643429,0.801113,0.76575,0.783032,0.941128,0.969378,1782305,442482,545223,14007206,2327528,2224787,9090270,0.256046,0.68702,0.184768,ok,,,,,,,,,,,,,
nucleonet_scaled,nucleus,orgsegnet_plant,PlantHunter,te_00956,partial,3.7,image/L8_002.tif,20.0,0.534,0.689126,0.5257,0.747858,0.638948,0.689126,0.94293,0.97633,1061245,357802,599680,14758489,1660925,1419047,7145118,0.232456,0.610007,0.092132,ok,,,,,,,,,,,,,
nucleonet_scaled,nucleus,orgsegnet_plant,PlantHunter,te_00964,sparse,7.41,image/M4HD-5000X-0002.tif,20.0,0.358,0.956052,0.915804,0.994009,0.920887,0.956052,0.999635,0.999976,66698,402,5730,16704386,72428,67100,621693,0.116501,0.994536,0.226918,ok,,,,,,,,,,,,,
nucleonet_scaled,nucleus,orgsegnet_plant,PlantHunter,te_00970,sparse,,image/Protoplasma_Original_131.tif,20.0,0.139,0.349533,0.211778,0.881229,0.218001,0.349533,0.999714,0.99999,1291,174,4631,16771120,5922,1465,696192,0.008506,0.0,0.114747,ok,,,,,,,,,,,,,
nucleonet_scaled,nucleus,orgsegnet_plant,PlantHunter,te_00972,sparse,7.41,image/S2-5000X-0007.tif,20.0,0.045,0.905791,0.827804,1.0,0.827804,0.905791,0.99964,1.0,29017,0,6036,16742163,35053,29017,578445,0.060599,0.978512,0.028933,ok,,,,,,,,,,,,,
nucleonet_scaled,nucleus,orgsegnet_plant,PlantHunter,te_00973,sparse,7.41,image/S2H-5000X-0003.tif,20.0,0.938,0.941775,0.889957,0.999598,0.890276,0.941775,0.999395,0.999998,82095,33,10118,16684970,92213,82128,965472,0.095511,1.0,0.508182,ok,,,,,,,,,,,,,
nucleonet_scaled,nucleus,orgsegnet_plant,PlantHunter,te_00974,sparse,7.41,image/S2H-5000X-0004.tif,20.0,0.117,0.0,0.0,nan,0.0,0.0,0.996656,1.0,0,0,56108,16721108,56108,0,526824,0.106502,0.0,0.0,ok,,,,,,,,,,,,,
nucleonet_scaled,nucleus,orgsegnet_plant,PlantHunter,te_01015,partial,14.81,image/g-l_004.tif,20.0,1.784,0.904489,0.825631,0.854745,0.96038,0.904489,0.991558,0.992912,670638,113968,27667,15964943,698305,784606,13230080,0.052782,0.725515,0.186415,ok,,,,,,,,,,,,,
nucleonet_scaled,nucleus,orgsegnet_plant,PlantHunter,te_01016,partial,14.81,image/g-l_004.tif,20.0,1.854,0.851441,0.741313,0.768367,0.954656,0.851441,0.986134,0.987501,666641,200966,31664,15877945,698305,867607,13226850,0.052795,0.494799,0.181047,ok,,,,,,,,,,,,,
nucleonet_scaled,nucleus,orgsegnet_plant,PlantHunter,te_01055,partial,14.81,image/n-l_001.tif,20.0,2.495,0.633214,0.463287,0.476783,0.94242,0.633214,0.954329,0.954849,661400,725815,40410,15349591,701810,1387215,13230080,0.053047,0.369156,0.259236,ok,,,,,,,,,,,,,
nucleonet_scaled,nucleus,orgsegnet_plant,PlantHunter,te_01056,partial,14.81,image/n-l_001.tif,20.0,2.427,0.645025,0.476041,0.491113,0.939438,0.645025,0.956747,0.957502,659307,683168,42503,15392238,701810,1342475,13217160,0.053098,0.426294,0.253935,ok,,,,,,,,,,,,,
nucleonet_scaled,nucleus,orgsegnet_plant,PlantHunter,te_01073,partial,5.29,image/n-o_007.tif,20.0,0.567,0.966532,0.935232,1.0,0.935232,0.966532,0.995764,1.0,1026181,0,71066,15679969,1097247,1026181,8385024,0.130858,1.0,0.512262,ok,,,,,,,,,,,,,
nucleonet_scaled,nucleus,orgsegnet_plant,PlantHunter,te_01074,partial,5.29,image/n-o_007.tif,20.0,0.489,0.981927,0.964497,0.999072,0.965362,0.981927,0.995103,0.999857,2231849,2074,80081,14463212,2311930,2233923,10194944,0.226772,1.0,0.480342,ok,,,,,,,,,,,,,
nucleonet_scaled,nucleus,orgsegnet_plant,PlantHunter,te_01107,partial,12.34,image/p3_004.tif,20.0,1.294,0.492899,0.327051,0.522187,0.466722,0.492899,0.947695,0.9754,426474,390234,487290,15473218,913764,816708,13230080,0.069067,0.429423,0.029158,ok,,,,,,,,,,,,,
nucleonet_scaled,nucleus,orgsegnet_plant,PlantHunter,te_01108,partial,12.34,image/p3_004.tif,20.0,1.017,0.415734,0.262414,0.462846,0.377326,0.415734,0.942236,0.974776,344787,400141,568977,15463311,913764,744928,11344212,0.080549,0.358961,0.032365,ok,,,,,,,,,,,,,
nucleonet_scaled,nucleus,orgsegnet_plant,PlantHunter,te_01121,partial,,image/xc0_001.tif,20.0,9.103,0.421479,0.267009,0.272041,0.935203,0.421479,0.916586,0.915961,509782,1364131,35321,14867982,545103,1873913,13225984,0.041215,0.142911,0.115442,ok,,,,,,,,,,,,,
nucleonet_scaled,nucleus,orgsegnet_plant,PlantHunter,te_01122,partial,,image/xc0_001.tif,20.0,4.983,0.48995,0.324459,0.331519,0.938412,0.48995,0.959141,0.959584,329240,663887,21608,15762481,350848,993127,13205504,0.026568,0.156541,0.10496,ok,,,,,,,,,,,,,
nucleonet_scaled,nucleus,orgsegnet_plant,PlantHunter,te_01195,partial,14.81,image/z046.tif,20.0,2.007,0.817085,0.690738,0.934193,0.726067,0.817085,0.977741,0.996241,834082,58755,314686,15569693,1148768,892837,13217792,0.086911,0.850209,0.084346,ok,,,,,,,,,,,,,
nucleonet_scaled,nucleus,orgsegnet_plant,PlantHunter,te_01196,partial,14.81,image/z046.tif,20.0,2.039,0.814466,0.687004,0.931445,0.723592,0.814466,0.977427,0.996085,831239,61180,317529,15567268,1148768,892419,13222755,0.086878,0.830664,0.06843,ok,,,,,,,,,,,,,
nucleonet_scaled,nucleus,orgsegnet_plant,PlantHunter,te_01199,partial,18.51,image/z052.tif,20.0,2.266,0.836705,0.719255,0.986361,0.72648,0.836705,0.993105,0.99975,296374,4098,111585,16365159,407959,300472,13225984,0.030845,0.882263,0.106886,ok,,,,,,,,,,,,,
nucleonet_scaled,nucleus,orgsegnet_plant,PlantHunter,te_01200,partial,18.51,image/z052.tif,20.0,2.149,0.845622,0.732534,0.982967,0.741952,0.845622,0.993413,0.99968,302686,5245,105273,16364012,407959,307931,13197312,0.030912,0.890368,0.130172,ok,,,,,,,,,,,,,
nucleonet_scaled,nucleus,orgsegnet_plant,PlantHunter,te_01285,partial,14.81,image/z099.tif,20.0,6.749,0.821193,0.69663,0.75978,0.893407,0.821193,0.978403,0.983399,832028,263063,99270,15582855,931298,1095091,10134465,0.091894,0.707575,0.164331,ok,,,,,,,,,,,,,
nucleonet_scaled,nucleus,orgsegnet_plant,PlantHunter,te_01286,partial,14.81,image/z099.tif,20.0,6.724,0.798509,0.664599,0.712152,0.908699,0.798509,0.974544,0.978414,846270,342057,85028,15503861,931298,1188327,10726320,0.086824,0.661402,0.160647,ok,,,,,,,,,,,,,
nucleonet_scaled,nucleus,orgsegnet_plant,PlantHunter,te_01359,partial,14.81,image/z198.tif,20.0,5.374,0.524429,0.355407,0.373983,0.877378,0.524429,0.969082,0.970899,286006,478750,39972,15972488,325978,764756,12826330,0.025415,0.324792,0.052207,ok,,,,,,,,,,,,,
nucleonet_scaled,nucleus,orgsegnet_plant,PlantHunter,te_01360,partial,14.81,image/z198.tif,20.0,4.478,0.581153,0.409595,0.435956,0.871366,0.581153,0.975596,0.977661,284046,367502,41932,16083736,325978,651548,10519642,0.030988,0.315191,0.068955,ok,,,,,,,,,,,,,
nucleonet_scaled,nucleus,orgsegnet_plant,PlantHunter,te_01367,partial,3.7,image/z202.tif,20.0,0.734,0.970974,0.943585,0.988781,0.953797,0.970974,0.997329,0.999468,749554,8505,36309,15982848,785863,758059,10526720,0.074654,0.987505,0.354154,ok,,,,,,,,,,,,,
nucleonet_scaled,nucleus,orgsegnet_plant,PlantHunter,te_01368,partial,3.7,image/z202.tif,20.0,0.394,0.081483,0.042472,1.0,0.042472,0.081483,0.997487,1.0,1870,0,42159,16733187,44029,1870,9963890,0.004419,0.037607,0.12548,ok,,,,,,,,,,,,,
nucleonet_scaled,nucleus,orgsegnet_plant,PlantHunter,te_01391,partial,4.63,image/z214.tif,20.0,0.451,0.943866,0.893699,0.975544,0.914181,0.943866,0.988199,0.99721,1664525,41729,156257,14914705,1820782,1706254,13230080,0.137624,0.949134,0.101789,ok,,,,,,,,,,,,,
nucleonet_scaled,nucleus,orgsegnet_plant,PlantHunter,te_01392,partial,4.63,image/z214.tif,20.0,0.4,0.938394,0.883939,0.987617,0.893846,0.938394,0.994664,0.999466,681821,8549,80974,16005872,762795,690370,13192608,0.05782,0.939043,0.29743,ok,,,,,,,,,,,,,
nucleonet_scaled,nucleus,orgsegnet_plant,PlantHunter,te_01395,partial,14.81,image/z216.tif,20.0,6.094,0.387474,0.24029,0.240595,0.994761,0.387474,0.930583,0.929135,368361,1162683,1940,15244232,370301,1531044,13222755,0.028005,0.157824,0.04591,ok,,,,,,,,,,,,,
nucleonet_scaled,nucleus,orgsegnet_plant,PlantHunter,te_01396,partial,14.81,image/z216.tif,20.0,4.204,0.400547,0.250427,0.250772,0.994548,0.400547,0.934296,0.932936,368282,1100313,2019,15306602,370301,1468595,13222755,0.028005,0.154515,0.046935,ok,,,,,,,,,,,,,
nucleonet_scaled,nucleus,orgsegnet_plant,PlantHunter,te_01475,partial,4.63,image/z256.tif,20.0,0.714,0.929563,0.868396,0.949387,0.91055,0.929563,0.988518,0.995594,1271072,67763,124866,15313515,1395938,1338835,13190250,0.105831,0.856557,0.391485,ok,,,,,,,,,,,,,
nucleonet_scaled,nucleus,orgsegnet_plant,PlantHunter,te_01476,partial,4.63,image/z256.tif,20.0,0.505,0.950143,0.905022,0.982751,0.91963,0.950143,0.99197,0.998535,1283746,22532,112192,15358746,1395938,1306278,13217792,0.105611,0.944987,0.416865,ok,,,,,,,,,,,,,
nucleonet_scaled,nucleus,sbiad2822_nuclei,NucleiNet,id10_00164,partial,10,id_10/img_87356f94.tif,20.0,1.006,0.900015,0.818207,0.992351,0.8234,0.900015,0.979217,0.999187,1569302,12096,336578,14859240,1905880,1581398,7073792,0.269428,0.857232,0.799633,ok,96,110,0.885417,0.772727,0.825243,0.702479,0.6875,0.6,0.640777,0.471429,0.686581,0.831974,0.825243
nucleonet_scaled,nucleus,sbiad2822_nuclei,NucleiNet,id10_00165,partial,10,id_10/img_87356f94.tif,20.0,0.731,0.90359,0.824135,0.994441,0.827949,0.90359,0.986184,0.999607,1086200,6072,225716,15459228,1311916,1092272,7004160,0.187305,0.79896,0.768099,ok,51,73,0.843137,0.589041,0.693548,0.530864,0.72549,0.506849,0.596774,0.425287,0.60065,0.866053,0.693548
nucleonet_scaled,nucleus,sbiad2822_nuclei,NucleiNet,id10_00166,partial,10,id_10/img_87356f94.tif,20.0,0.57,0.863269,0.759432,0.979971,0.771405,0.863269,0.979664,0.998569,1077059,22013,319171,15358973,1396230,1099072,6924560,0.201634,0.717476,0.709861,ok,42,62,0.761905,0.516129,0.615385,0.444444,0.571429,0.387097,0.461538,0.3,0.516486,0.83929,0.615385
nucleonet_scaled,nucleus,sbiad2822_nuclei,NucleiNet,id11_00167,sparse,18,id_11/img_4808a925.tif,20.0,0.135,0.971426,0.944439,0.97976,0.963232,0.971426,0.999967,0.999988,9536,197,364,16767119,9900,9733,13860,0.714286,0.989928,0.844465,ok,1,1,1.0,1.0,1.0,1.0,1.0,1.0,1.0,1.0,0.944439,0.944439,1.0
nucleonet_scaled,nucleus,sbiad2822_nuclei,NucleiNet,id11_00168,sparse,18,id_11/img_4808a925.tif,20.0,0.128,0.984571,0.969611,0.994942,0.974414,0.984571,0.99994,0.99999,32066,163,842,16744145,32908,32229,52432,0.627632,0.988764,0.904987,ok,1,1,1.0,1.0,1.0,1.0,1.0,1.0,1.0,1.0,0.969611,0.969611,1.0
nucleonet_scaled,nucleus,sbiad2822_nuclei,NucleiNet,id11_00169,sparse,18,id_11/img_4808a925.tif,20.0,0.131,0.988469,0.977201,0.983099,0.993899,0.988469,0.999925,0.999945,53921,927,331,16722037,54252,54848,81216,0.667996,1.0,0.895875,ok,1,1,1.0,1.0,1.0,1.0,1.0,1.0,1.0,1.0,0.977201,0.977201,1.0
nucleonet_scaled,nucleus,sbiad2822_nuclei,NucleiNet,id11_00170,sparse,18,id_11/img_4808a925.tif,20.0,0.134,0.986963,0.974261,0.994623,0.97942,0.986963,0.999877,0.999975,78240,423,1644,16696909,79884,78663,136940,0.58335,0.997565,0.85624,ok,2,1,0.5,1.0,0.666667,0.5,0.5,1.0,0.666667,0.5,0.618097,0.927146,0.666667
nucleonet_scaled,nucleus,sbiad2822_nuclei,NucleiNet,id11_00171,sparse,18,id_11/img_4808a925.tif,20.0,0.144,0.98252,0.96564,0.989945,0.975205,0.98252,0.999805,0.999944,91759,932,2333,16682192,94092,92691,162176,0.580184,0.996161,0.779473,ok,3,1,0.333333,1.0,0.5,0.333333,0.333333,1.0,0.5,0.333333,0.436365,0.872731,0.5
nucleonet_scaled,nucleus,sbiad2822_nuclei,NucleiNet,id11_00172,sparse,18,id_11/img_4808a925.tif,20.0,0.199,0.95446,0.912888,0.997304,0.915146,0.95446,0.999516,0.999986,85072,230,7888,16684026,92960,85302,155232,0.598846,0.953506,0.592034,ok,2,1,0.5,1.0,0.666667,0.5,0.5,1.0,0.666667,0.5,0.512798,0.769198,0.666667
nucleonet_scaled,nucleus,sbiad2822_nuclei,NucleiNet,id11_00173,sparse,18,id_11/img_4808a925.tif,20.0,0.141,0.961961,0.92671,0.993005,0.9328,0.961961,0.999595,0.999964,85881,605,6187,16684543,92068,86486,162932,0.56507,0.914932,0.601281,ok,4,1,0.25,1.0,0.4,0.25,0.0,0.0,0.0,0.0,0.288843,0.722109,0.4
nucleonet_scaled,nucleus,sbiad2822_nuclei,NucleiNet,id11_00174,sparse,18,id_11/img_4808a925.tif,20.0,0.139,0.985799,0.971996,0.994522,0.977227,0.985799,0.999779,0.999957,128908,710,3004,16644594,131912,129618,198320,0.665147,0.984436,0.782467,ok,2,1,0.5,1.0,0.666667,0.5,0.0,0.0,0.0,0.0,0.393113,0.58967,0.666667
nucleonet_scaled,nucleus,sbiad2822_nuclei,NucleiNet,id11_00175,sparse,18,id_11/img_4808a925.tif,20.0,0.138,0.989062,0.978361,0.98861,0.989515,0.989062,0.999805,0.999897,148075,1706,1569,16625866,149644,149781,226032,0.662048,0.997418,0.822281,ok,1,1,1.0,1.0,1.0,1.0,1.0,1.0,1.0,1.0,0.978361,0.978361,1.0
nucleonet_scaled,nucleus,sbiad2822_nuclei,NucleiNet,id11_00176,sparse,18,id_11/img_4808a925.tif,20.0,0.136,0.992073,0.984271,0.994169,0.989985,0.992073,0.99984,0.999941,167953,985,1699,16606579,169652,168938,251136,0.675538,0.997667,0.891239,ok,2,1,0.5,1.0,0.666667,0.5,0.5,1.0,0.666667,0.5,0.599234,0.89885,0.666667
nucleonet_scaled,nucleus,sbiad2822_nuclei,NucleiNet,id11_00177,sparse,18,id_11/img_4808a925.tif,20.0,0.138,0.990352,0.980889,0.994025,0.986706,0.990352,0.999794,0.999936,177023,1064,2385,16596744,179408,178087,261356,0.686451,0.990663,0.854453,ok,4,1,0.25,1.0,0.4,0.25,0.0,0.0,0.0,0.0,0.245302,0.613256,0.4
nucleonet_scaled,nucleus,sbiad2822_nuclei,NucleiNet,id11_00178,sparse,18,id_11/img_4808a925.tif,20.0,0.207,0.988796,0.97784,0.993903,0.983741,0.988796,0.999754,0.999933,181933,1116,3007,16591160,184940,183049,267300,0.691882,0.997219,0.833105,ok,2,1,0.5,1.0,0.666667,0.5,0.5,1.0,0.666667,0.5,0.51363,0.770445,0.666667
nucleonet_scaled,nucleus,sbiad2822_nuclei,NucleiNet,id11_00179,sparse,18,id_11/img_4808a925.tif,20.0,0.163,0.988936,0.978114,0.993752,0.984166,0.988936,0.999754,0.99993,184354,1159,2966,16588737,187320,185513,276624,0.677165,0.998959,0.789576,ok,4,1,0.25,1.0,0.4,0.25,0.0,0.0,0.0,0.0,0.22186,0.554651,0.4
nucleonet_scaled,nucleus,sbiad2822_nuclei,NucleiNet,id11_00180,sparse,18,id_11/img_4808a925.tif,20.0,0.147,0.991183,0.982519,0.994993,0.987401,0.991183,0.99981,0.999946,178846,900,2282,16595188,181128,179746,280572,0.645567,0.997868,0.853491,ok,3,1,0.333333,1.0,0.5,0.333333,0.0,0.0,0.0,0.0,0.259325,0.51865,0.5
nucleonet_scaled,nucleus,sbiad2822_nuclei,NucleiNet,id11_00181,sparse,18,id_11/img_4808a925.tif,20.0,0.137,0.983697,0.967917,0.995693,0.971987,0.983697,0.999669,0.999956,167380,724,4824,16604288,172204,168104,270816,0.635871,0.970444,0.792138,ok,3,1,0.0,0.0,0.0,0.0,0.0,0.0,0.0,0.0,0.0,0.0,0.0
nucleonet_scaled,nucleus,sbiad2822_nuclei,NucleiNet,id11_00182,sparse,18,id_11/img_4808a925.tif,20.0,0.134,0.977043,0.955116,0.994843,0.959869,0.977043,0.999586,0.999954,147958,767,6186,16622305,154144,148725,236680,0.651276,0.950464,0.772505,ok,3,1,0.333333,1.0,0.5,0.333333,0.0,0.0,0.0,0.0,0.297326,0.594652,0.5
nucleonet_scaled,nucleus,sbiad2822_nuclei,NucleiNet,id11_00183,sparse,18,id_11/img_4808a925.tif,20.0,0.142,0.985627,0.971662,0.992515,0.978834,0.985627,0.999757,0.999937,140032,1056,3028,16633100,143060,141088,217248,0.65851,0.979862,0.785298,ok,2,1,0.5,1.0,0.666667,0.5,0.5,1.0,0.666667,0.5,0.518328,0.777492,0.666667
nucleonet_scaled,nucleus,sbiad2822_nuclei,NucleiNet,id11_00184,sparse,18,id_11/img_4808a925.tif,20.0,0.137,0.981276,0.963239,0.994374,0.968518,0.981276,0.999713,0.999957,126194,714,4102,16646206,130296,126908,199824,0.652054,0.956308,0.735371,ok,4,1,0.0,0.0,0.0,0.0,0.0,0.0,0.0,0.0,0.0,0.0,0.0
nucleonet_scaled,nucleus,sbiad2822_nuclei,NucleiNet,id11_00185,sparse,18,id_11/img_4808a925.tif,20.0,0.15,0.965261,0.932855,0.992829,0.939183,0.965261,0.999528,0.999952,109937,794,7119,16659366,117056,110731,189688,0.617098,0.907024,0.61602,ok,3,1,0.333333,1.0,0.5,0.333333,0.0,0.0,0.0,0.0,0.337159,0.674319,0.5
nucleonet_scaled,nucleus,sbiad2822_nuclei,NucleiNet,id11_00186,sparse,18,id_11/img_4808a925.tif,20.0,0.349,0.984028,0.968559,0.992702,0.975505,0.984028,0.999824,0.99996,90999,669,2285,16683263,93284,91668,141912,0.657337,0.962871,0.690022,ok,1,1,1.0,1.0,1.0,1.0,1.0,1.0,1.0,1.0,0.968559,0.968559,1.0
nucleonet_scaled,nucleus,sbiad2822_nuclei,NucleiNet,id11_00187,sparse,18,id_11/img_4808a925.tif,20.0,0.132,0.980707,0.962144,0.998854,0.963207,0.980707,0.99983,0.999995,72360,83,2764,16702009,75124,72443,117504,0.639331,0.97549,0.686151,ok,1,1,1.0,1.0,1.0,1.0,1.0,1.0,1.0,1.0,0.962144,0.962144,1.0
nucleonet_scaled,nucleus,sbiad2822_nuclei,NucleiNet,id11_00188,sparse,18,id_11/img_4808a925.tif,20.0,0.134,0.981506,0.963683,0.997069,0.966421,0.981506,0.999886,0.999991,50683,149,1761,16724623,52444,50832,81220,0.645703,0.982178,0.675807,ok,1,1,1.0,1.0,1.0,1.0,1.0,1.0,1.0,1.0,0.963683,0.963683,1.0
nucleonet_scaled,nucleus,sbiad2822_nuclei,NucleiNet,id11_00189,sparse,18,id_11/img_4808a925.tif,20.0,0.169,0.931763,0.872243,0.999092,0.872935,0.931763,0.999769,0.999999,26422,24,3846,16746924,30268,26446,44748,0.67641,0.921484,0.418906,ok,1,1,1.0,1.0,1.0,1.0,1.0,1.0,1.0,1.0,0.872243,0.872243,1.0
nucleonet_scaled,nucleus,sbiad2822_nuclei,NucleiNet,id11_00190,sparse,18,id_11/img_4808a925.tif,20.0,0.164,0.8664,0.764291,0.995805,0.76676,0.8664,0.999839,0.999998,8784,37,2672,16765723,11456,8821,20700,0.55343,0.858144,0.367656,ok,1,1,1.0,1.0,1.0,1.0,1.0,1.0,1.0,1.0,0.764291,0.764291,1.0
nucleonet_scaled,nucleus,sbiad2822_nuclei,NucleiNet,id12_00191,sparse,18,id_12/img_596d5ecb.tif,20.0,0.129,0.0,0.0,nan,0.0,0.0,0.999996,1.0,0,0,72,16777144,72,0,15300,0.004706,0.0,0.0,ok,0,1,nan,0.0,0.0,0.0,nan,0.0,0.0,0.0,0.0,0.0,0.0
nucleonet_scaled,nucleus,sbiad2822_nuclei,NucleiNet,id12_00192,sparse,18,id_12/img_596d5ecb.tif,20.0,0.177,0.89252,0.805902,0.992425,0.81089,0.89252,0.999722,0.999991,19390,148,4522,16753156,23912,19538,67392,0.35482,0.9459,0.271365,ok,3,1,0.0,0.0,0.0,0.0,0.0,0.0,0.0,0.0,0.0,0.0,0.0
nucleonet_scaled,nucleus,sbiad2822_nuclei,NucleiNet,id12_00193,sparse,18,id_12/img_596d5ecb.tif,20.0,0.168,0.967122,0.936337,0.998594,0.937573,0.967122,0.999845,0.999997,38358,54,2554,16736250,40912,38412,92000,0.444696,0.996159,0.594869,ok,3,1,0.333333,1.0,0.5,0.333333,0.0,0.0,0.0,0.0,0.258224,0.516448,0.5
nucleonet_scaled,nucleus,sbiad2822_nuclei,NucleiNet,id12_00194,sparse,18,id_12/img_596d5ecb.tif,20.0,0.094,0.966246,0.934696,0.999455,0.935173,0.966246,0.999771,0.999998,55048,30,3816,16718322,58864,55078,118320,0.497498,0.992915,0.445076,ok,3,1,0.0,0.0,0.0,0.0,0.0,0.0,0.0,0.0,0.0,0.0,0.0
nucleonet_scaled,nucleus,sbiad2822_nuclei,NucleiNet,id12_00195,sparse,18,id_12/img_596d5ecb.tif,20.0,0.109,0.979087,0.95903,0.996655,0.962127,0.979087,0.999816,0.999985,72402,243,2850,16701721,75252,72645,141192,0.532976,0.998697,0.655475,ok,5,1,0.0,0.0,0.0,0.0,0.0,0.0,0.0,0.0,0.0,0.0,0.0
nucleonet_scaled,nucleus,sbiad2822_nuclei,NucleiNet,id12_00196,sparse,18,id_12/img_596d5ecb.tif,20.0,0.209,0.973717,0.94878,0.993167,0.955014,0.973717,0.999729,0.999965,84301,580,3971,16688364,88272,84881,163560,0.539692,0.96793,0.586991,ok,3,1,0.0,0.0,0.0,0.0,0.0,0.0,0.0,0.0,0.0,0.0,0.0
nucleonet_scaled,nucleus,sbiad2822_nuclei,NucleiNet,id12_00197,sparse,18,id_12/img_596d5ecb.tif,20.0,0.092,0.975347,0.951881,0.996998,0.954617,0.975347,0.999719,0.999983,93331,281,4437,16679167,97768,93612,179340,0.545154,0.976307,0.601301,ok,4,1,0.0,0.0,0.0,0.0,0.0,0.0,0.0,0.0,0.0,0.0,0.0
nucleonet_scaled,nucleus,sbiad2822_nuclei,NucleiNet,id12_00198,sparse,18,id_12/img_596d5ecb.tif,20.0,0.139,0.973902,0.949131,0.998886,0.950137,0.973902,0.999676,0.999993,101296,113,5316,16670491,106612,101409,196860,0.541563,0.98097,0.581364,ok,2,1,0.5,1.0,0.666667,0.5,0.0,0.0,0.0,0.0,0.447311,0.670966,0.666667
nucleonet_scaled,nucleus,sbiad2822_nuclei,NucleiNet,id12_00199,sparse,18,id_12/img_596d5ecb.tif,20.0,0.186,0.976647,0.95436,0.998262,0.955948,0.976647,0.999709,0.999989,102252,178,4712,16670074,106964,102430,206456,0.518096,0.986584,0.579948,ok,1,1,1.0,1.0,1.0,1.0,1.0,1.0,1.0,1.0,0.95436,0.95436,1.0
nucleonet_scaled,nucleus,sbiad2822_nuclei,NucleiNet,id12_00200,sparse,18,id_12/img_596d5ecb.tif,20.0,0.09,0.0,0.0,nan,0.0,0.0,0.993231,1.0,0,0,113564,16663652,113564,0,209088,0.54314,0.0,0.0,ok,0,1,nan,0.0,0.0,0.0,nan,0.0,0.0,0.0,0.0,0.0,0.0
nucleonet_scaled,nucleus,sbiad2822_nuclei,NucleiNet,id12_00201,sparse,18,id_12/img_596d5ecb.tif,20.0,0.119,0.981478,0.96363,0.997186,0.966257,0.981478,0.999725,0.999979,122274,345,4270,16650327,126544,122619,207200,0.610734,0.992855,0.629265,ok,1,1,1.0,1.0,1.0,1.0,1.0,1.0,1.0,1.0,0.96363,0.96363,1.0
nucleonet_scaled,nucleus,sbiad2822_nuclei,NucleiNet,id12_00202,sparse,18,id_12/img_596d5ecb.tif,20.0,0.224,0.979465,0.959756,0.999675,0.960056,0.979465,0.999677,0.999997,129093,42,5371,16642710,134464,129135,210308,0.639367,0.98813,0.548886,ok,1,1,1.0,1.0,1.0,1.0,1.0,1.0,1.0,1.0,0.959756,0.959756,1.0
nucleonet_scaled,nucleus,sbiad2822_nuclei,NucleiNet,id12_00203,sparse,18,id_12/img_596d5ecb.tif,20.0,0.103,0.0,0.0,nan,0.0,0.0,0.991501,1.0,0,0,142588,16634628,142588,0,217300,0.65618,0.0,0.0,ok,0,1,nan,0.0,0.0,0.0,nan,0.0,0.0,0.0,0.0,0.0,0.0
nucleonet_scaled,nucleus,sbiad2822_nuclei,NucleiNet,id12_00204,sparse,18,id_12/img_596d5ecb.tif,20.0,0.093,0.0,0.0,nan,0.0,0.0,0.99135,1.0,0,0,145124,16632092,145124,0,235320,0.616709,0.0,0.0,ok,0,1,nan,0.0,0.0,0.0,nan,0.0,0.0,0.0,0.0,0.0,0.0
nucleonet_scaled,nucleus,sbiad2822_nuclei,NucleiNet,id12_00205,sparse,18,id_12/img_596d5ecb.tif,20.0,0.208,0.978465,0.957838,0.999056,0.958705,0.978465,0.999639,0.999992,137647,130,5929,16633510,143576,137777,239856,0.598592,0.986379,0.604997,ok,2,1,0.5,1.0,0.666667,0.5,0.5,1.0,0.666667,0.5,0.542527,0.813791,0.666667
nucleonet_scaled,nucleus,sbiad2822_nuclei,NucleiNet,id12_00206,sparse,18,id_12/img_596d5ecb.tif,20.0,0.111,0.973588,0.948535,0.99725,0.951023,0.973588,0.999532,0.999976,144700,399,7452,16624665,152152,145099,264196,0.575906,0.964076,0.60135,ok,1,1,1.0,1.0,1.0,1.0,1.0,1.0,1.0,1.0,0.948535,0.948535,1.0
nucleonet_scaled,nucleus,sbiad2822_nuclei,NucleiNet,id12_00207,sparse,18,id_12/img_596d5ecb.tif,20.0,0.124,0.976306,0.953709,0.997248,0.956226,0.976306,0.99954,0.999974,159093,439,7283,16610401,166376,159532,256320,0.649095,0.97565,0.642519,ok,9,1,0.0,0.0,0.0,0.0,0.0,0.0,0.0,0.0,0.0,0.0,0.0
nucleonet_scaled,nucleus,sbiad2822_nuclei,NucleiNet,id12_00208,sparse,18,id_12/img_596d5ecb.tif,20.0,0.099,0.97358,0.94852,0.999663,0.948823,0.97358,0.999463,0.999997,165972,56,8952,16602236,174924,166028,254740,0.686677,0.958884,0.543123,ok,6,1,0.0,0.0,0.0,0.0,0.0,0.0,0.0,0.0,0.0,0.0,0.0
nucleonet_scaled,nucleus,sbiad2822_nuclei,NucleiNet,id12_00209,sparse,18,id_12/img_596d5ecb.tif,20.0,0.298,0.986689,0.973728,0.998554,0.975103,0.986689,0.999729,0.999985,168529,244,4303,16604140,172832,168773,253116,0.682817,0.985767,0.768666,ok,7,1,0.0,0.0,0.0,0.0,0.0,0.0,0.0,0.0,0.0,0.0,0.0
nucleonet_scaled,nucleus,sbiad2822_nuclei,NucleiNet,id12_00210,sparse,18,id_12/img_596d5ecb.tif,20.0,0.091,0.980373,0.961501,0.999066,0.962366,0.980373,0.99964,0.999992,150849,141,5899,16620327,156748,150990,224664,0.6977,0.980143,0.644899,ok,7,1,0.0,0.0,0.0,0.0,0.0,0.0,0.0,0.0,0.0,0.0,0.0
nucleonet_scaled,nucleus,sbiad2822_nuclei,NucleiNet,id12_00211,sparse,18,id_12/img_596d5ecb.tif,20.0,0.129,0.98332,0.967188,0.999089,0.968042,0.98332,0.999741,0.999993,128312,117,4236,16644551,132548,128429,201880,0.656568,0.986675,0.630791,ok,4,1,0.25,1.0,0.4,0.25,0.0,0.0,0.0,0.0,0.258615,0.646536,0.4
nucleonet_scaled,nucleus,sbiad2822_nuclei,NucleiNet,id12_00212,sparse,18,id_12/img_596d5ecb.tif,20.0,0.181,0.984815,0.970085,0.999153,0.970883,0.984815,0.99979,0.999994,114405,97,3431,16659283,117836,114502,179536,0.656336,0.985447,0.703669,ok,2,1,0.5,1.0,0.666667,0.5,0.0,0.0,0.0,0.0,0.480121,0.720182,0.666667
nucleonet_scaled,nucleus,sbiad2822_nuclei,NucleiNet,id12_00213,sparse,18,id_12/img_596d5ecb.tif,20.0,0.089,0.977324,0.955654,0.999445,0.956161,0.977324,0.999721,0.999997,100810,56,4622,16671728,105432,100866,156240,0.674808,0.992564,0.377639,ok,1,1,1.0,1.0,1.0,1.0,1.0,1.0,1.0,1.0,0.955654,0.955654,1.0
nucleonet_scaled,nucleus,sbiad2822_nuclei,NucleiNet,id12_00214,sparse,18,id_12/img_596d5ecb.tif,20.0,0.253,0.979328,0.959493,0.999898,0.959587,0.979328,0.999803,1.0,78452,8,3304,16695452,81756,78460,123032,0.66451,0.983421,0.581696,ok,1,1,1.0,1.0,1.0,1.0,1.0,1.0,1.0,1.0,0.959493,0.959493,1.0
nucleonet_scaled,nucleus,sbiad2822_nuclei,NucleiNet,id12_00215,sparse,18,id_12/img_596d5ecb.tif,20.0,0.088,0.976286,0.95367,0.999842,0.953814,0.976286,0.999817,0.999999,63215,10,3061,16710930,66276,63225,96720,0.685236,0.995256,0.44194,ok,1,1,1.0,1.0,1.0,1.0,1.0,1.0,1.0,1.0,0.95367,0.95367,1.0
nucleonet_scaled,nucleus,sbiad2822_nuclei,NucleiNet,id12_00216,sparse,18,id_12/img_596d5ecb.tif,20.0,0.139,0.982747,0.966079,0.99998,0.966098,0.982747,0.999894,1.0,50496,1,1772,16724947,52268,50497,77792,0.671894,1.0,0.749558,ok,1,1,1.0,1.0,1.0,1.0,1.0,1.0,1.0,1.0,0.966079,0.966079,1.0
nucleonet_scaled,nucleus,sbiad2822_nuclei,NucleiNet,id12_00217,sparse,18,id_12/img_596d5ecb.tif,20.0,0.121,0.948676,0.902362,0.99997,0.902387,0.948676,0.999783,1.0,33576,1,3632,16740007,37208,33577,57912,0.642492,0.990458,0.117114,ok,1,1,1.0,1.0,1.0,1.0,1.0,1.0,1.0,1.0,0.902362,0.902362,1.0
nucleonet_scaled,nucleus,sbiad2822_nuclei,NucleiNet,id12_00218,sparse,18,id_12/img_596d5ecb.tif,20.0,0.112,0.659765,0.492276,1.0,0.492276,0.659765,0.999765,1.0,3824,0,3944,16769448,7768,3824,14152,0.548898,0.742515,0.014742,ok,1,1,0.0,0.0,0.0,0.0,0.0,0.0,0.0,0.0,0.0,0.0,0.0
nucleonet_scaled,nucleus,sbiad2822_nuclei,NucleiNet,id1_00000,full,5,id_1/img_2bf732c1.tif,20.0,0.58,0.986787,0.973919,0.985928,0.987647,0.986787,0.994381,0.996197,3520435,50245,44031,13162505,3564466,3570680,16777216,0.212459,0.980946,0.869848,ok,6,4,0.666667,1.0,0.8,0.666667,0.5,0.75,0.6,0.428571,0.675161,0.843951,0.8
nucleonet_scaled,nucleus,sbiad2822_nuclei,NucleiNet,id1_00001,full,5,id_1/img_2bf732c1.tif,20.0,0.707,0.854098,0.745349,0.759313,0.975921,0.854098,0.959653,0.957414,1981279,628025,48884,14119028,2030163,2609304,16777216,0.121007,0.881296,0.756227,ok,5,3,0.6,1.0,0.75,0.6,0.4,0.666667,0.5,0.333333,0.610358,0.813811,0.75
nucleonet_scaled,nucleus,sbiad2822_nuclei,NucleiNet,id1_00002,full,5,id_1/img_2bf732c1.tif,20.0,0.762,0.983323,0.967194,0.985607,0.98105,0.983323,0.995999,0.998042,1978985,28899,38226,14731106,2017211,2007884,16777216,0.120235,0.967733,0.886955,ok,8,5,0.625,1.0,0.769231,0.625,0.5,0.8,0.615385,0.444444,0.710782,0.924016,0.769231
nucleonet_scaled,nucleus,sbiad2822_nuclei,NucleiNet,id1_00003,full,5,id_1/img_2bf732c1.tif,20.0,0.708,0.97601,0.953143,0.991891,0.960629,0.97601,0.995013,0.999073,1701880,13914,69751,14991671,1771631,1715794,16777216,0.105597,0.961941,0.808816,ok,4,4,1.0,1.0,1.0,1.0,1.0,1.0,1.0,1.0,0.943537,0.943537,1.0
nucleonet_scaled,nucleus,sbiad2822_nuclei,NucleiNet,id1_00004,full,5,id_1/img_2bf732c1.tif,20.0,0.751,0.983311,0.967169,0.991702,0.975061,0.983311,0.995912,0.99885,2020621,16908,51682,14688005,2072303,2037529,16777216,0.123519,0.976326,0.866499,ok,4,3,0.75,1.0,0.857143,0.75,0.5,0.666667,0.571429,0.4,0.753614,0.879216,0.857143
nucleonet_scaled,nucleus,sbiad2822_nuclei,NucleiNet,id1_00005,full,5,id_1/img_2bf732c1.tif,20.0,0.932,0.944892,0.895541,0.939939,0.949898,0.944892,0.989617,0.993724,1493471,95431,78772,15109542,1572243,1588902,16777216,0.093713,0.903482,0.741004,ok,3,2,0.666667,1.0,0.8,0.666667,0.666667,1.0,0.8,0.666667,0.7579,0.947376,0.8
nucleonet_scaled,nucleus,sbiad2822_nuclei,NucleiNet,id1_00006,full,5,id_1/img_2bf732c1.tif,20.0,0.774,0.953358,0.910873,0.960871,0.945961,0.953358,0.990183,0.995429,1683318,68549,96161,14929188,1779479,1751867,16777216,0.106065,0.912966,0.798697,ok,7,5,0.571429,0.8,0.666667,0.5,0.285714,0.4,0.333333,0.2,0.552,0.828,0.666667
nucleonet_scaled,nucleus,sbiad2822_nuclei,NucleiNet,id1_00007,full,5,id_1/img_2bf732c1.tif,20.0,0.724,0.791648,0.655147,0.677865,0.951335,0.791648,0.955715,0.95614,1411488,670768,72204,14622756,1483692,2082256,16777216,0.088435,0.799933,0.692082,ok,6,5,0.666667,0.8,0.727273,0.571429,0.666667,0.8,0.727273,0.571429,0.678886,0.933468,0.727273
nucleonet_scaled,nucleus,sbiad2822_nuclei,NucleiNet,id1_00008,full,5,id_1/img_2bf732c1.tif,20.0,0.771,0.982335,0.965283,0.996008,0.969031,0.982335,0.99614,0.999516,1800696,7217,57547,14911756,1858243,1807913,16777216,0.11076,0.978424,0.886199,ok,7,5,0.714286,1.0,0.833333,0.714286,0.714286,1.0,0.833333,0.714286,0.775776,0.930931,0.833333
nucleonet_scaled,nucleus,sbiad2822_nuclei,NucleiNet,id1_00009,full,5,id_1/img_2bf732c1.tif,20.0,0.694,0.936745,0.881017,0.911326,0.963624,0.936745,0.990651,0.992743,1161419,113009,43843,15458945,1205262,1274428,16777216,0.071839,0.906515,0.799206,ok,5,5,0.8,0.8,0.8,0.666667,0.8,0.8,0.8,0.666667,0.749873,0.937341,0.8
nucleonet_scaled,nucleus,sbiad2822_nuclei,NucleiNet,id1_00010,full,5,id_1/img_2bf732c1.tif,20.0,0.71,0.899436,0.81725,0.833496,0.976706,0.899436,0.960563,0.957006,2958847,591075,70568,13156726,3029415,3549922,16777216,0.180567,0.875778,0.720055,ok,6,4,0.666667,1.0,0.8,0.666667,0.5,0.75,0.6,0.428571,0.686107,0.857634,0.8
nucleonet_scaled,nucleus,sbiad2822_nuclei,NucleiNet,id1_00011,full,5,id_1/img_2bf732c1.tif,20.0,0.792,0.916044,0.845094,0.867287,0.97061,0.916044,0.978245,0.979308,1991232,304699,60294,14420991,2051526,2295931,16777216,0.12228,0.909308,0.711817,ok,9,2,0.111111,0.5,0.181818,0.1,0.0,0.0,0.0,0.0,0.094694,0.520817,0.181818
nucleonet_scaled,nucleus,sbiad2822_nuclei,NucleiNet,id1_00012,full,5,id_1/img_2bf732c1.tif,20.0,0.897,0.91811,0.848617,0.866515,0.976239,0.91811,0.984969,0.985794,1413623,217766,34407,15111420,1448030,1631389,16777216,0.086309,0.935874,0.800317,ok,6,2,0.166667,0.5,0.25,0.142857,0.166667,0.5,0.25,0.142857,0.244513,0.978053,0.25
nucleonet_scaled,nucleus,sbiad2822_nuclei,NucleiNet,id1_00013,full,5,id_1/img_2bf732c1.tif,20.0,0.719,0.760882,0.614052,0.620255,0.983974,0.760882,0.945618,0.94192,1451618,888739,23643,14413216,1475261,2340357,16777216,0.087932,0.690272,0.537973,ok,3,2,0.333333,0.5,0.4,0.25,0.333333,0.5,0.4,0.25,0.390964,0.977411,0.4
nucleonet_scaled,nucleus,sbiad2822_nuclei,NucleiNet,id1_00014,full,5,id_1/img_2bf732c1.tif,20.0,0.729,0.94446,0.894765,0.906339,0.985929,0.94446,0.987632,0.987835,1764293,182321,25180,14805422,1789473,1946614,16777216,0.106661,0.914372,0.770861,ok,5,2,0.4,1.0,0.571429,0.4,0.2,0.5,0.285714,0.166667,0.453093,0.792913,0.571429
nucleonet_scaled,nucleus,sbiad2822_nuclei,NucleiNet,id1_00015,full,5,id_1/img_2bf732c1.tif,20.0,0.707,0.984677,0.969816,0.99289,0.976599,0.984677,0.995066,0.998645,2659793,19047,63734,14034642,2723527,2678840,16777216,0.162335,0.987122,0.852029,ok,5,4,0.8,1.0,0.888889,0.8,0.8,1.0,0.888889,0.8,0.832971,0.937093,0.888889
nucleonet_scaled,nucleus,sbiad2822_nuclei,NucleiNet,id1_00016,full,5,id_1/img_2bf732c1.tif,20.0,0.731,0.987466,0.975243,0.996261,0.978826,0.987466,0.99613,0.999322,2557595,9599,55327,14154695,2612922,2567194,16777216,0.155742,0.984338,0.89008,ok,5,4,0.6,0.75,0.666667,0.5,0.4,0.5,0.444444,0.285714,0.571611,0.857416,0.666667
nucleonet_scaled,nucleus,sbiad2822_nuclei,NucleiNet,id1_00017,full,5,id_1/img_2bf732c1.tif,20.0,0.768,0.779215,0.63829,0.65476,0.962085,0.779215,0.920145,0.912948,2364171,1246571,93170,13073304,2457341,3610742,16777216,0.146469,0.820012,0.730436,ok,10,4,0.3,0.75,0.428571,0.272727,0.2,0.5,0.285714,0.166667,0.37698,0.87962,0.428571
nucleonet_scaled,nucleus,sbiad2822_nuclei,NucleiNet,id1_00018,full,5,id_1/img_2bf732c1.tif,20.0,0.76,0.799072,0.665378,0.688755,0.951467,0.799072,0.974041,0.975336,866004,391343,44174,15475695,910178,1257347,16777216,0.054251,0.769489,0.587625,ok,6,2,0.333333,1.0,0.5,0.333333,0.333333,1.0,0.5,0.333333,0.474391,0.948782,0.5
nucleonet_scaled,nucleus,sbiad2822_nuclei,NucleiNet,id1_00019,full,5,id_1/img_2bf732c1.tif,20.0,0.696,0.885816,0.795036,0.810015,0.977269,0.885816,0.961855,0.959105,2482385,582230,57740,13654861,2540125,3064615,16777216,0.151403,0.839899,0.806958,ok,4,3,0.75,1.0,0.857143,0.75,0.75,1.0,0.857143,0.75,0.825649,0.963257,0.857143
nucleonet_scaled,nucleus,sbiad2822_nuclei,NucleiNet,id1_00020,full,5,id_1/img_2bf732c1.tif,20.0,0.673,0.975351,0.951888,0.991114,0.960082,0.975351,0.998857,0.999792,379238,3400,15768,16378810,395006,382638,16777216,0.023544,0.954839,0.844794,ok,5,3,0.6,1.0,0.75,0.6,0.6,1.0,0.75,0.6,0.651633,0.868844,0.75
nucleonet_scaled,nucleus,sbiad2822_nuclei,NucleiNet,id1_00021,full,5,id_1/img_2bf732c1.tif,20.0,0.591,0.779097,0.638132,0.642024,0.99059,0.779097,0.93924,0.933013,1797612,1002301,17077,13960226,1814689,2799913,16777216,0.108164,0.802713,0.756148,ok,5,1,0.0,0.0,0.0,0.0,0.0,0.0,0.0,0.0,0.0,0.0,0.0
nucleonet_scaled,nucleus,sbiad2822_nuclei,NucleiNet,id1_00022,full,5,id_1/img_2bf732c1.tif,20.0,0.748,0.969612,0.941017,0.966015,0.973236,0.969612,0.990483,0.993671,2547419,89619,70054,14070124,2617473,2637038,16777216,0.156014,0.953979,0.840917,ok,5,4,0.8,1.0,0.888889,0.8,0.8,1.0,0.888889,0.8,0.852896,0.959508,0.888889
nucleonet_scaled,nucleus,sbiad2822_nuclei,NucleiNet,id1_00023,full,5,id_1/img_2bf732c1.tif,20.0,0.662,0.969806,0.941382,0.993187,0.947501,0.969806,0.99348,0.999192,1756805,12052,97341,14911018,1854146,1768857,16777216,0.110516,0.962285,0.805366,ok,7,6,0.714286,0.833333,0.769231,0.625,0.714286,0.833333,0.769231,0.625,0.734648,0.955043,0.769231
nucleonet_scaled,nucleus,sbiad2822_nuclei,NucleiNet,id1_00024,full,5,id_1/img_2bf732c1.tif,20.0,0.869,0.978873,0.958621,0.99119,0.966859,0.978873,0.990182,0.997356,3816031,33918,130803,12796464,3946834,3849949,16777216,0.23525,0.980723,0.830935,ok,11,6,0.363636,0.666667,0.470588,0.307692,0.363636,0.666667,0.470588,0.307692,0.450655,0.957643,0.470588
nucleonet_scaled,nucleus,sbiad2822_nuclei,NucleiNet,id1_00025,full,5,id_1/img_2bf732c1.tif,20.0,0.758,0.975479,0.952132,0.990459,0.960946,0.975479,0.990907,0.997854,3034407,29230,123322,13590257,3157729,3063637,16777216,0.188215,0.982901,0.826628,ok,8,6,0.5,0.666667,0.571429,0.4,0.5,0.666667,0.571429,0.4,0.552458,0.966801,0.571429
nucleonet_scaled,nucleus,sbiad2822_nuclei,NucleiNet,id2_00026,full,5,id_2/img_97dde2ee.tiff,20.0,0.782,0.954159,0.912337,0.931756,0.977667,0.954159,0.983724,0.984993,2841888,208147,64919,13662262,2906807,3050035,16777216,0.173259,0.89025,0.785313,ok,8,3,0.375,1.0,0.545455,0.375,0.125,0.333333,0.181818,0.1,0.382156,0.700619,0.545455
nucleonet_scaled,nucleus,sbiad2822_nuclei,NucleiNet,id2_00027,full,5,id_2/img_97dde2ee.tiff,20.0,0.79,0.930709,0.870398,0.887526,0.97831,0.930709,0.963894,0.959144,4068219,515556,90198,12103243,4158417,4583775,16777216,0.247861,0.893872,0.838728,ok,8,7,0.875,1.0,0.933333,0.875,0.875,1.0,0.933333,0.875,0.905016,0.96966,0.933333
nucleonet_scaled,nucleus,sbiad2822_nuclei,NucleiNet,id2_00028,full,5,id_2/img_97dde2ee.tiff,20.0,1.057,0.96725,0.936577,0.94387,0.991817,0.96725,0.979609,0.974287,5051830,300420,41679,11383287,5093509,5352250,16777216,0.303597,0.938313,0.883609,ok,12,7,0.5,0.857143,0.631579,0.461538,0.5,0.857143,0.631579,0.461538,0.619949,0.981586,0.631579
nucleonet_scaled,nucleus,sbiad2822_nuclei,NucleiNet,id2_00029,full,5,id_2/img_97dde2ee.tiff,20.0,0.893,0.94218,0.890682,0.90262,0.985368,0.94218,0.969522,0.964184,4166119,449466,61865,12099766,4227984,4615585,16777216,0.252007,0.941556,0.827283,ok,13,6,0.384615,0.833333,0.526316,0.357143,0.307692,0.666667,0.421053,0.266667,0.466378,0.886119,0.526316
nucleonet_scaled,nucleus,sbiad2822_nuclei,NucleiNet,id2_00030,full,5,id_2/img_97dde2ee.tiff,20.0,1.073,0.840807,0.725338,0.73414,0.983738,0.840807,0.89596,0.861943,4609585,1669303,76198,10422130,4685783,6278888,16777216,0.279294,0.771484,0.757706,ok,10,5,0.4,0.8,0.533333,0.363636,0.3,0.6,0.4,0.25,0.478189,0.896604,0.533333
nucleonet_scaled,nucleus,sbiad2822_nuclei,NucleiNet,id2_00031,full,5,id_2/img_97dde2ee.tiff,20.0,0.888,0.660804,0.493433,0.49583,0.990302,0.660804,0.864914,0.8457,2207614,2244751,21620,12303231,2229234,4452365,16777216,0.132873,0.783726,0.759097,ok,9,5,0.555556,1.0,0.714286,0.555556,0.555556,1.0,0.714286,0.555556,0.6713,0.939819,0.714286
nucleonet_scaled,nucleus,sbiad2822_nuclei,NucleiNet,id2_00032,full,5,id_2/img_97dde2ee.tiff,20.0,0.893,0.858559,0.752171,0.758802,0.988516,0.858559,0.912286,0.884191,4466335,1419701,51889,10839291,4518224,5886036,16777216,0.269307,0.773821,0.771253,ok,10,7,0.6,0.857143,0.705882,0.545455,0.5,0.714286,0.588235,0.416667,0.641124,0.90826,0.705882
nucleonet_scaled,nucleus,sbiad2822_nuclei,NucleiNet,id2_00033,full,5,id_2/img_97dde2ee.tiff,20.0,0.785,0.990208,0.980607,0.989319,0.991099,0.990208,0.995081,0.996415,4172942,45051,37477,12521746,4210419,4217993,16777216,0.250961,0.980405,0.904632,ok,9,6,0.555556,0.833333,0.666667,0.5,0.444444,0.666667,0.533333,0.363636,0.593316,0.889974,0.666667
nucleonet_scaled,nucleus,sbiad2822_nuclei,NucleiNet,id2_00034,full,5,id_2/img_97dde2ee.tiff,20.0,0.8,0.971939,0.94541,0.952624,0.992054,0.971939,0.981594,0.976642,5347933,265965,42837,11120481,5390770,5613898,16777216,0.321315,0.90377,0.8713,ok,7,6,0.857143,1.0,0.923077,0.857143,0.857143,1.0,0.923077,0.857143,0.893956,0.968453,0.923077
nucleonet_scaled,nucleus,sbiad2822_nuclei,NucleiNet,id2_00035,full,5,id_2/img_97dde2ee.tiff,20.0,0.806,0.967491,0.93703,0.947038,0.988848,0.967491,0.983704,0.982033,4068322,227515,45883,12435496,4114205,4295837,16777216,0.245226,0.897219,0.86284,ok,10,7,0.7,1.0,0.823529,0.7,0.7,1.0,0.823529,0.7,0.807064,0.980006,0.823529
nucleonet_scaled,nucleus,sbiad2822_nuclei,NucleiNet,id2_00036,full,5,id_2/img_97dde2ee.tiff,20.0,0.812,0.895642,0.811006,0.817506,0.990291,0.895642,0.968266,0.964755,2284636,510004,22398,13960178,2307034,2794640,16777216,0.13751,0.873218,0.823777,ok,6,5,0.833333,1.0,0.909091,0.833333,0.833333,1.0,0.909091,0.833333,0.891592,0.980752,0.909091
nucleonet_scaled,nucleus,sbiad2822_nuclei,NucleiNet,id2_00037,full,5,id_2/img_97dde2ee.tiff,20.0,0.739,0.852243,0.742529,0.756658,0.975469,0.852243,0.928939,0.916563,3438242,1105744,86463,12146767,3524705,4543986,16777216,0.210089,0.84952,0.760636,ok,5,4,0.8,1.0,0.888889,0.8,0.8,1.0,0.888889,0.8,0.844838,0.950443,0.888889
nucleonet_scaled,nucleus,sbiad2822_nuclei,NucleiNet,id2_00038,full,5,id_2/img_97dde2ee.tiff,20.0,0.806,0.985873,0.97214,0.992911,0.978934,0.985873,0.993565,0.99792,3766973,26895,81062,12902286,3848035,3793868,16777216,0.229361,0.975965,0.864217,ok,8,7,0.5,0.571429,0.533333,0.363636,0.5,0.571429,0.533333,0.363636,0.511084,0.958282,0.533333
nucleonet_scaled,nucleus,sbiad2822_nuclei,NucleiNet,id2_00039,full,5,id_2/img_97dde2ee.tiff,20.0,0.809,0.96114,0.925187,0.997004,0.927767,0.96114,0.988664,0.999504,2351970,7068,183117,14235061,2535087,2359038,16777216,0.151103,0.931125,0.815368,ok,12,3,0.166667,0.666667,0.266667,0.153846,0.083333,0.333333,0.133333,0.071429,0.206811,0.775542,0.266667
nucleonet_scaled,nucleus,sbiad2822_nuclei,NucleiNet,id2_00040,full,5,id_2/img_97dde2ee.tiff,20.0,0.682,0.959198,0.921596,0.93908,0.980197,0.959198,0.966177,0.95661,6670059,432700,134753,9539704,6804812,7102759,16777216,0.405598,0.907641,0.817597,ok,6,6,1.0,1.0,1.0,1.0,1.0,1.0,1.0,1.0,0.91574,0.91574,1.0
nucleonet_scaled,nucleus,sbiad2822_nuclei,NucleiNet,id2_00041,full,5,id_2/img_97dde2ee.tiff,20.0,0.699,0.976701,0.954463,0.991635,0.962209,0.976701,0.985315,0.996183,5163827,43558,202808,11367023,5366635,5207385,16777216,0.319876,0.975065,0.817611,ok,7,6,0.714286,0.833333,0.769231,0.625,0.285714,0.333333,0.307692,0.181818,0.62315,0.810095,0.769231
nucleonet_scaled,nucleus,sbiad2822_nuclei,NucleiNet,id2_00042,full,5,id_2/img_97dde2ee.tiff,20.0,0.728,0.839064,0.722748,0.735302,0.976922,0.839064,0.905528,0.881465,4131738,1487366,97605,11060507,4229343,5619104,16777216,0.252088,0.888477,0.76295,ok,9,6,0.444444,0.666667,0.533333,0.363636,0.444444,0.666667,0.533333,0.363636,0.520943,0.976769,0.533333
nucleonet_scaled,nucleus,sbiad2822_nuclei,NucleiNet,id2_00043,full,5,id_2/img_97dde2ee.tiff,20.0,0.688,0.92442,0.859461,0.869089,0.987274,0.92442,0.953173,0.939239,4804519,723705,61929,11187063,4866448,5528224,16777216,0.290063,0.925029,0.852689,ok,11,8,0.727273,1.0,0.842105,0.727273,0.727273,1.0,0.842105,0.727273,0.8219,0.976006,0.842105
nucleonet_scaled,nucleus,sbiad2822_nuclei,NucleiNet,id2_00044,full,5,id_2/img_97dde2ee.tiff,20.0,1.077,0.898056,0.814975,0.835815,0.970314,0.898056,0.924173,0.899955,5603440,1100726,171432,9901618,5774872,6704166,16777216,0.344209,0.927928,0.771127,ok,22,8,0.227273,0.625,0.333333,0.2,0.181818,0.5,0.266667,0.153846,0.29706,0.891181,0.333333
nucleonet_scaled,nucleus,sbiad2822_nuclei,NucleiNet,id2_00045,full,5,id_2/img_97dde2ee.tiff,20.0,0.864,0.989601,0.979417,0.996272,0.983019,0.989601,0.995062,0.998845,3941801,14750,68091,12752574,4009892,3956551,16777216,0.239008,0.973826,0.880411,ok,12,7,0.583333,1.0,0.736842,0.583333,0.5,0.857143,0.631579,0.461538,0.672154,0.91221,0.736842
nucleonet_scaled,nucleus,sbiad2822_nuclei,NucleiNet,id2_00046,full,5,id_2/img_97dde2ee.tiff,20.0,0.838,0.78527,0.646457,0.659401,0.97053,0.78527,0.898888,0.882028,3101848,1602193,94188,11978987,3196036,4704041,16777216,0.190499,0.786466,0.745735,ok,12,7,0.583333,1.0,0.736842,0.583333,0.416667,0.714286,0.526316,0.357143,0.617377,0.837868,0.736842
nucleonet_scaled,nucleus,sbiad2822_nuclei,NucleiNet,id2_00047,full,5,id_2/img_97dde2ee.tiff,20.0,0.866,0.72116,0.563917,0.566726,0.99129,0.72116,0.870901,0.84652,2800855,2141317,24610,11810434,2825465,4942172,16777216,0.168411,0.618777,0.67159,ok,9,4,0.444444,1.0,0.615385,0.444444,0.333333,0.75,0.461538,0.3,0.537219,0.872982,0.615385
nucleonet_scaled,nucleus,sbiad2822_nuclei,NucleiNet,id3_00048,full,5,id_3/img_626dde70.tif,20.0,0.703,0.987282,0.974883,0.994718,0.979956,0.987282,0.995673,0.998924,2817820,14962,57637,13886797,2875457,2832782,16777216,0.171391,0.966958,0.871026,ok,4,6,1.0,0.666667,0.8,0.666667,1.0,0.666667,0.8,0.666667,0.75603,0.945038,0.8
nucleonet_scaled,nucleus,sbiad2822_nuclei,NucleiNet,id3_00049,full,5,id_3/img_626dde70.tif,20.0,0.715,0.992862,0.985824,0.993383,0.992341,0.992862,0.997172,0.998366,3300010,21983,25469,13429754,3325479,3321993,16777216,0.198214,0.997418,0.93164,ok,8,4,0.5,1.0,0.666667,0.5,0.25,0.5,0.333333,0.2,0.498194,0.74729,0.666667
nucleonet_scaled,nucleus,sbiad2822_nuclei,NucleiNet,id3_00050,full,5,id_3/img_626dde70.tif,20.0,0.863,0.633935,0.464059,0.471611,0.966642,0.633935,0.867396,0.854019,1926330,2158242,66476,12626168,1992806,4084572,16777216,0.11878,0.582794,0.563177,ok,10,5,0.4,0.8,0.533333,0.363636,0.3,0.6,0.4,0.25,0.439764,0.824558,0.533333
nucleonet_scaled,nucleus,sbiad2822_nuclei,NucleiNet,id3_00051,full,5,id_3/img_626dde70.tif,20.0,0.816,0.755612,0.607215,0.61784,0.97246,0.755612,0.927963,0.922208,1868381,1155673,52913,13700249,1921294,3024054,16777216,0.114518,0.797778,0.679779,ok,7,4,0.428571,0.75,0.545455,0.375,0.428571,0.75,0.545455,0.375,0.496301,0.909885,0.545455
nucleonet_scaled,nucleus,sbiad2822_nuclei,NucleiNet,id3_00052,full,5,id_3/img_626dde70.tif,20.0,0.979,0.935058,0.878037,0.895077,0.978778,0.935058,0.979459,0.97958,2481048,290833,53795,13951540,2534843,2771881,16777216,0.151088,0.941978,0.831712,ok,6,7,0.833333,0.714286,0.769231,0.625,0.666667,0.571429,0.615385,0.444444,0.695686,0.904392,0.769231
nucleonet_scaled,nucleus,sbiad2822_nuclei,NucleiNet,id3_00053,full,5,id_3/img_626dde70.tif,20.0,0.727,0.77722,0.635617,0.642251,0.984007,0.77722,0.930481,0.922957,2034514,1133270,33066,13576366,2067580,3167784,16777216,0.123237,0.73371,0.660678,ok,9,5,0.555556,1.0,0.714286,0.555556,0.555556,1.0,0.714286,0.555556,0.68267,0.955737,0.714286
nucleonet_scaled,nucleus,sbiad2822_nuclei,NucleiNet,id3_00054,full,5,id_3/img_626dde70.tif,20.0,0.894,0.979654,0.960119,0.974575,0.984785,0.979654,0.990123,0.991822,3989282,104072,61634,12622228,4050916,4093354,16777216,0.241453,0.940212,0.848836,ok,16,6,0.25,0.666667,0.363636,0.222222,0.1875,0.5,0.272727,0.157895,0.314891,0.865949,0.363636
nucleonet_scaled,nucleus,sbiad2822_nuclei,NucleiNet,id3_00055,full,5,id_3/img_626dde70.tif,20.0,0.8,0.600553,0.429136,0.432622,0.98157,0.600553,0.895219,0.887685,1321493,1733120,24812,13697791,1346305,3054613,16777216,0.080246,0.557041,0.57035,ok,8,4,0.5,1.0,0.666667,0.5,0.5,1.0,0.666667,0.5,0.652993,0.979489,0.666667
nucleonet_scaled,nucleus,sbiad2822_nuclei,NucleiNet,id3_00056,full,5,id_3/img_626dde70.tif,20.0,0.84,0.80996,0.680616,0.691383,0.977631,0.80996,0.923997,0.913347,2717302,1212942,62174,12784798,2779476,3930244,16777216,0.16567,0.794356,0.708529,ok,11,4,0.272727,0.75,0.4,0.25,0.272727,0.75,0.4,0.25,0.393793,0.984482,0.4
nucleonet_scaled,nucleus,sbiad2822_nuclei,NucleiNet,id3_00057,full,5,id_3/img_626dde70.tif,20.0,0.74,0.728752,0.573257,0.579799,0.980697,0.728752,0.945915,0.943132,1218924,883397,23992,14650903,1242916,2102321,16777216,0.074084,0.779299,0.740036,ok,6,4,0.666667,1.0,0.8,0.666667,0.5,0.75,0.6,0.428571,0.704095,0.880119,0.8
nucleonet_scaled,nucleus,sbiad2822_nuclei,NucleiNet,id3_00058,full,5,id_3/img_626dde70.tif,20.0,0.839,0.969881,0.941524,0.969008,0.970756,0.969881,0.994684,0.996997,1436139,45932,43264,15251881,1479403,1482071,16777216,0.088179,0.956784,0.658918,ok,6,3,0.5,1.0,0.666667,0.5,0.166667,0.333333,0.222222,0.125,0.502255,0.753382,0.666667
nucleonet_scaled,nucleus,sbiad2822_nuclei,NucleiNet,id3_00059,full,5,id_3/img_626dde70.tif,20.0,0.692,0.972156,0.94582,0.974125,0.970194,0.972156,0.993552,0.996618,1888492,50162,58017,14780545,1946509,1938654,16777216,0.116021,0.932018,0.789916,ok,6,6,0.5,0.5,0.5,0.333333,0.333333,0.333333,0.333333,0.2,0.415757,0.831514,0.5
nucleonet_scaled,nucleus,sbiad2822_nuclei,NucleiNet,id3_00060,full,5,id_3/img_626dde70.tif,20.0,0.707,0.935571,0.878942,0.886802,0.990016,0.935571,0.970262,0.964752,3622382,462388,36530,12655916,3658912,4084770,16777216,0.218088,0.952961,0.844713,ok,7,5,0.714286,1.0,0.833333,0.714286,0.571429,0.8,0.666667,0.5,0.769096,0.922915,0.833333
nucleonet_scaled,nucleus,sbiad2822_nuclei,NucleiNet,id3_00061,full,5,id_3/img_626dde70.tif,20.0,0.713,0.977508,0.956006,0.988083,0.967157,0.977508,0.995736,0.998764,1554444,18748,52786,15151238,1607230,1573192,16777216,0.095798,0.974483,0.878034,ok,6,5,0.833333,1.0,0.909091,0.833333,0.833333,1.0,0.909091,0.833333,0.873718,0.96109,0.909091
nucleonet_scaled,nucleus,sbiad2822_nuclei,NucleiNet,id3_00062,full,5,id_3/img_626dde70.tif,20.0,1.005,0.975523,0.952217,0.995879,0.955983,0.975523,0.991893,0.999196,2710533,11216,124802,13930665,2835335,2721749,16777216,0.168999,0.956679,0.814321,ok,6,7,1.0,0.857143,0.923077,0.857143,0.666667,0.571429,0.615385,0.444444,0.802203,0.869053,0.923077
nucleonet_scaled,nucleus,sbiad2822_nuclei,NucleiNet,id3_00063,full,5,id_3/img_626dde70.tif,20.0,0.795,0.721115,0.563862,0.577584,0.959571,0.721115,0.918337,0.913239,1771315,1295452,74630,13635819,1845945,3066767,16777216,0.110027,0.724138,0.60596,ok,8,5,0.375,0.6,0.461538,0.3,0.25,0.4,0.307692,0.181818,0.38043,0.824264,0.461538
nucleonet_scaled,nucleus,sbiad2822_nuclei,NucleiNet,id3_00064,full,5,id_3/img_626dde70.tif,20.0,0.724,0.930261,0.869615,0.875352,0.992519,0.930261,0.975852,0.972623,2702143,384777,20367,13669929,2722510,3086920,16777216,0.162274,0.930489,0.877755,ok,10,6,0.6,1.0,0.75,0.6,0.5,0.833333,0.625,0.454545,0.695653,0.927538,0.75
nucleonet_scaled,nucleus,sbiad2822_nuclei,NucleiNet,id3_00065,full,5,id_3/img_626dde70.tif,20.0,0.731,0.776791,0.635044,0.646234,0.973456,0.776791,0.935475,0.930524,1883687,1031180,51363,13810986,1935050,2914867,16777216,0.115338,0.777291,0.622903,ok,6,2,0.333333,1.0,0.5,0.333333,0.166667,0.5,0.25,0.142857,0.423636,0.847271,0.5
nucleonet_scaled,nucleus,sbiad2822_nuclei,NucleiNet,id3_00066,full,5,id_3/img_626dde70.tif,20.0,0.839,0.596397,0.424904,0.430893,0.968326,0.596397,0.862887,0.850567,1699612,2244780,55594,12777230,1755206,3944392,16777216,0.104618,0.572746,0.485145,ok,10,4,0.4,1.0,0.571429,0.4,0.4,1.0,0.571429,0.4,0.53597,0.937948,0.571429
nucleonet_scaled,nucleus,sbiad2822_nuclei,NucleiNet,id3_00067,full,5,id_3/img_626dde70.tif,20.0,0.684,0.96101,0.924947,0.947534,0.974876,0.96101,0.986154,0.988546,2862896,158523,73782,13682015,2936678,3021419,16777216,0.17504,0.938557,0.767942,ok,8,4,0.5,1.0,0.666667,0.5,0.375,0.75,0.5,0.333333,0.57145,0.857175,0.666667
nucleonet_scaled,nucleus,sbiad2822_nuclei,NucleiNet,id3_00068,full,5,id_3/img_626dde70.tif,20.0,0.726,0.129569,0.069272,0.069795,0.902416,0.129569,0.862705,0.86225,171440,2284889,18539,14302348,189979,2456329,16777216,0.011324,0.367863,0.433796,ok,7,2,0.285714,1.0,0.444444,0.285714,0.142857,0.5,0.222222,0.125,0.377151,0.84859,0.444444
nucleonet_scaled,nucleus,sbiad2822_nuclei,NucleiNet,id3_00069,full,5,id_3/img_626dde70.tif,20.0,0.704,0.054865,0.028206,0.028269,0.926611,0.054865,0.874507,0.874301,61110,2100585,4840,14610681,65950,2161695,16777216,0.003931,0.160625,0.197324,ok,6,1,0.166667,1.0,0.285714,0.166667,0.166667,1.0,0.285714,0.166667,0.262999,0.920498,0.285714
nucleonet_scaled,nucleus,sbiad2822_nuclei,NucleiNet,id4_00070,full,5,id_4/img_57f48663.tif,20.0,0.748,0.954438,0.912847,0.926426,0.984197,0.954438,0.98814,0.988709,2084189,165519,33466,14494042,2117655,2249708,16777216,0.126222,0.936066,0.841689,ok,7,5,0.714286,1.0,0.833333,0.714286,0.714286,1.0,0.833333,0.714286,0.803971,0.964766,0.833333
nucleonet_scaled,nucleus,sbiad2822_nuclei,NucleiNet,id4_00071,full,5,id_4/img_57f48663.tif,20.0,0.819,0.814451,0.686982,0.692329,0.988882,0.814451,0.929355,0.918286,2601233,1155987,29245,12990751,2630478,3757220,16777216,0.156789,0.860437,0.796885,ok,11,5,0.363636,0.8,0.5,0.333333,0.363636,0.8,0.5,0.333333,0.486727,0.973454,0.5
nucleonet_scaled,nucleus,sbiad2822_nuclei,NucleiNet,id4_00072,full,5,id_4/img_57f48663.tif,20.0,0.778,0.748906,0.598601,0.601301,0.992555,0.748906,0.903164,0.887943,2422811,1606472,18174,12729759,2440985,4029283,16777216,0.145494,0.710686,0.684514,ok,8,3,0.25,0.666667,0.363636,0.222222,0.25,0.666667,0.363636,0.222222,0.355578,0.977839,0.363636
nucleonet_scaled,nucleus,sbiad2822_nuclei,NucleiNet,id4_00073,full,5,id_4/img_57f48663.tif,20.0,0.732,0.904165,0.825093,0.839884,0.979102,0.904165,0.963495,0.960164,2889145,550789,61665,13275617,2950810,3439934,16777216,0.175882,0.854706,0.764975,ok,7,5,0.571429,0.8,0.666667,0.5,0.571429,0.8,0.666667,0.5,0.641445,0.962168,0.666667
nucleonet_scaled,nucleus,sbiad2822_nuclei,NucleiNet,id4_00074,full,5,id_4/img_57f48663.tif,20.0,0.994,0.841839,0.726875,0.732886,0.988842,0.841839,0.892705,0.853673,4790680,1746049,54058,10186429,4844738,6536729,16777216,0.288769,0.828667,0.744749,ok,6,3,0.333333,0.666667,0.444444,0.285714,0.0,0.0,0.0,0.0,0.304313,0.684705,0.444444
nucleonet_scaled,nucleus,sbiad2822_nuclei,NucleiNet,id4_00075,full,5,id_4/img_57f48663.tif,20.0,0.786,0.763115,0.616965,0.62163,0.987982,0.763115,0.867033,0.833557,3593236,2187108,43708,10953164,3636944,5780344,16777216,0.216779,0.695639,0.69902,ok,10,4,0.3,0.75,0.428571,0.272727,0.2,0.5,0.285714,0.166667,0.377035,0.879748,0.428571
nucleonet_scaled,nucleus,sbiad2822_nuclei,NucleiNet,id4_00076,full,5,id_4/img_57f48663.tif,20.0,0.913,0.717356,0.559279,0.574493,0.954791,0.717356,0.947354,0.946795,1120847,830174,53072,14773123,1173919,1951021,16777216,0.069971,0.740537,0.69265,ok,7,5,0.714286,1.0,0.833333,0.714286,0.714286,1.0,0.833333,0.714286,0.780925,0.93711,0.833333
nucleonet_scaled,nucleus,sbiad2822_nuclei,NucleiNet,id4_00077,full,5,id_4/img_57f48663.tif,20.0,0.794,0.912621,0.839285,0.850371,0.984704,0.912621,0.971126,0.96867,2529807,445137,39296,13762976,2569103,2974944,16777216,0.15313,0.883958,0.832608,ok,15,5,0.2,0.6,0.3,0.176471,0.2,0.6,0.3,0.176471,0.29168,0.972266,0.3
nucleonet_scaled,nucleus,sbiad2822_nuclei,NucleiNet,id4_00078,full,5,id_4/img_57f48663.tif,20.0,0.793,0.978239,0.957404,0.992692,0.9642,0.978239,0.991846,0.998334,3074745,22635,114164,13565672,3188909,3097380,16777216,0.190074,0.979178,0.802979,ok,9,6,0.555556,0.833333,0.666667,0.5,0.333333,0.5,0.4,0.25,0.535621,0.803432,0.666667
nucleonet_scaled,nucleus,sbiad2822_nuclei,NucleiNet,id4_00079,full,5,id_4/img_57f48663.tif,20.0,1.125,0.95912,0.921451,0.93703,0.982277,0.95912,0.975162,0.972161,4888449,328513,88200,11472054,4976649,5216962,16777216,0.296631,0.942407,0.860404,ok,14,8,0.571429,1.0,0.727273,0.571429,0.5,0.875,0.636364,0.466667,0.634852,0.872922,0.727273
nucleonet_scaled,nucleus,sbiad2822_nuclei,NucleiNet,id4_00080,full,5,id_4/img_57f48663.tif,20.0,0.759,0.983809,0.968134,0.981862,0.985764,0.983809,0.99686,0.998049,1600657,29569,23116,15123874,1623773,1630226,16777216,0.096784,0.957245,0.91091,ok,6,5,0.833333,1.0,0.909091,0.833333,0.833333,1.0,0.909091,0.833333,0.876793,0.964472,0.909091
nucleonet_scaled,nucleus,sbiad2822_nuclei,NucleiNet,id4_00081,full,5,id_4/img_57f48663.tif,20.0,0.783,0.989859,0.979921,0.988075,0.991649,0.989859,0.994675,0.99575,4359768,52619,36716,12328113,4396484,4412387,16777216,0.262051,0.973818,0.921018,ok,11,8,0.727273,1.0,0.842105,0.727273,0.454545,0.625,0.526316,0.357143,0.687396,0.816283,0.842105
nucleonet_scaled,nucleus,sbiad2822_nuclei,NucleiNet,id4_00082,full,5,id_4/img_57f48663.tif,20.0,0.814,0.9243,0.859255,0.869814,0.986069,0.9243,0.96281,0.955853,3809183,570124,53815,12344094,3862998,4379307,16777216,0.230253,0.867841,0.800842,ok,9,4,0.444444,1.0,0.615385,0.444444,0.222222,0.5,0.307692,0.181818,0.47147,0.766138,0.615385
nucleonet_scaled,nucleus,sbiad2822_nuclei,NucleiNet,id4_00083,full,5,id_4/img_57f48663.tif,20.0,0.832,0.970561,0.942807,0.962255,0.979012,0.970561,0.985161,0.987209,4104020,160982,87980,12424234,4192000,4265002,16777216,0.249863,0.961894,0.849244,ok,10,5,0.3,0.6,0.4,0.25,0.3,0.6,0.4,0.25,0.384358,0.960896,0.4
nucleonet_scaled,nucleus,sbiad2822_nuclei,NucleiNet,id4_00084,full,5,id_4/img_57f48663.tif,20.0,0.797,0.978839,0.958555,0.980127,0.977554,0.978839,0.995462,0.997616,1760769,35702,40429,14940316,1801198,1796471,16777216,0.10736,0.927425,0.869902,ok,8,6,0.625,0.833333,0.714286,0.555556,0.5,0.666667,0.571429,0.4,0.632464,0.885449,0.714286
nucleonet_scaled,nucleus,sbiad2822_nuclei,NucleiNet,id4_00085,full,5,id_4/img_57f48663.tif,20.0,0.834,0.985287,0.971001,0.989527,0.981083,0.985287,0.991658,0.995867,4686207,49598,90356,11951055,4776563,4735805,16777216,0.284705,0.993636,0.855023,ok,13,6,0.384615,0.833333,0.526316,0.357143,0.230769,0.5,0.315789,0.1875,0.431276,0.819424,0.526316
nucleonet_scaled,nucleus,sbiad2822_nuclei,NucleiNet,id5_00086,full,5,id_5/img_22668234.tiff,20.0,0.784,0.729331,0.573975,0.58176,0.977216,0.729331,0.845208,0.809393,3498853,2515405,81575,10681383,3580428,6014258,16777216,0.21341,0.69223,0.613968,ok,7,5,0.571429,0.8,0.666667,0.5,0.571429,0.8,0.666667,0.5,0.601344,0.902015,0.666667
nucleonet_scaled,nucleus,sbiad2822_nuclei,NucleiNet,id5_00087,full,5,id_5/img_22668234.tiff,20.0,0.87,0.747941,0.597369,0.610673,0.964814,0.747941,0.848771,0.813607,3764348,2399917,137284,10475667,3901632,6164265,16777216,0.232555,0.694544,0.543609,ok,11,5,0.363636,0.8,0.5,0.333333,0.363636,0.8,0.5,0.333333,0.476782,0.953564,0.5
nucleonet_scaled,nucleus,sbiad2822_nuclei,NucleiNet,id5_00088,full,5,id_5/img_22668234.tiff,20.0,0.865,0.9814,0.96348,0.991984,0.971041,0.9814,0.987313,0.995872,5615578,45381,167473,10948784,5783051,5660959,16777216,0.344697,0.943188,0.742987,ok,10,5,0.4,0.8,0.533333,0.363636,0.2,0.4,0.266667,0.153846,0.420365,0.788185,0.533333
nucleonet_scaled,nucleus,sbiad2822_nuclei,NucleiNet,id5_00089,full,5,id_5/img_22668234.tiff,20.0,0.852,0.962164,0.927088,0.946837,0.977996,0.962164,0.979861,0.980522,4296145,241218,96660,12143193,4392805,4537363,16777216,0.261832,0.881085,0.789687,ok,11,7,0.545455,0.857143,0.666667,0.5,0.545455,0.857143,0.666667,0.5,0.622124,0.933185,0.666667
nucleonet_scaled,nucleus,sbiad2822_nuclei,NucleiNet,id5_00090,full,5,id_5/img_22668234.tiff,20.0,0.824,0.888333,0.7991,0.808005,0.986396,0.888333,0.921024,0.890476,5270347,1252316,72689,10181864,5343036,6522663,16777216,0.31847,0.848627,0.70593,ok,6,4,0.5,0.75,0.6,0.428571,0.5,0.75,0.6,0.428571,0.57785,0.963084,0.6
nucleonet_scaled,nucleus,sbiad2822_nuclei,NucleiNet,id5_00091,full,5,id_5/img_22668234.tiff,20.0,0.816,0.784637,0.645599,0.651731,0.985634,0.784637,0.855592,0.808248,4413456,2358438,64330,9940992,4477786,6771894,16777216,0.266897,0.704871,0.676816,ok,11,4,0.181818,0.5,0.266667,0.153846,0.181818,0.5,0.266667,0.153846,0.259702,0.973883,0.266667
nucleonet_scaled,nucleus,sbiad2822_nuclei,NucleiNet,id5_00092,full,5,id_5/img_22668234.tiff,20.0,0.918,0.868623,0.767757,0.789648,0.965149,0.868623,0.909239,0.884018,5033825,1340942,181767,10220682,5215592,6374767,16777216,0.310874,0.83682,0.635291,ok,19,5,0.157895,0.6,0.25,0.142857,0.157895,0.6,0.25,0.142857,0.238406,0.953623,0.25
nucleonet_scaled,nucleus,sbiad2822_nuclei,NucleiNet,id5_00093,full,5,id_5/img_22668234.tiff,20.0,0.871,0.899885,0.817992,0.828546,0.984666,0.899885,0.933057,0.910351,5047556,1044509,78602,10606549,5126158,6092065,16777216,0.305543,0.832219,0.775761,ok,14,6,0.285714,0.666667,0.4,0.25,0.285714,0.666667,0.4,0.25,0.380824,0.952059,0.4
nucleonet_scaled,nucleus,sbiad2822_nuclei,NucleiNet,id5_00094,full,5,id_5/img_22668234.tiff,20.0,0.583,0.781452,0.641297,0.652488,0.973952,0.781452,0.84486,0.79346,4653364,2478356,124453,9521043,4777817,7131720,16777216,0.28478,0.72852,0.662362,ok,7,5,0.714286,1.0,0.833333,0.714286,0.714286,1.0,0.833333,0.714286,0.804351,0.965221,0.833333
nucleonet_scaled,nucleus,sbiad2822_nuclei,NucleiNet,id5_00095,full,5,id_5/img_22668234.tiff,20.0,1.35,0.786211,0.647733,0.66358,0.964442,0.786211,0.832959,0.771517,5153099,2612499,189989,8821629,5343088,7765598,16777216,0.318473,0.781891,0.639537,ok,12,7,0.25,0.428571,0.315789,0.1875,0.166667,0.285714,0.210526,0.117647,0.231738,0.733837,0.315789
nucleonet_scaled,nucleus,sbiad2822_nuclei,NucleiNet,id5_00096,full,5,id_5/img_22668234.tiff,20.0,0.831,0.868703,0.767882,0.784792,0.972706,0.868703,0.920025,0.900342,4438758,1217211,124549,10996698,4563307,5655969,16777216,0.271994,0.785672,0.721249,ok,8,5,0.5,0.8,0.615385,0.444444,0.5,0.8,0.615385,0.444444,0.569353,0.925199,0.615385
nucleonet_scaled,nucleus,sbiad2822_nuclei,NucleiNet,id5_00097,full,5,id_5/img_22668234.tiff,20.0,0.753,0.92634,0.862787,0.88255,0.974702,0.92634,0.973334,0.97305,2813095,374367,73012,13516742,2886107,3187462,16777216,0.172025,0.885101,0.745743,ok,9,4,0.333333,0.75,0.461538,0.3,0.333333,0.75,0.461538,0.3,0.407582,0.883094,0.461538
nucleonet_scaled,nucleus,sbiad2822_nuclei,NucleiNet,id5_00098,full,5,id_5/img_22668234.tiff,20.0,0.87,0.905558,0.827415,0.843409,0.977594,0.905558,0.935362,0.915762,5199091,965283,119160,10493682,5318251,6164374,16777216,0.316992,0.875388,0.698447,ok,17,5,0.176471,0.6,0.272727,0.157895,0.117647,0.4,0.181818,0.1,0.208454,0.764333,0.272727
nucleonet_scaled,nucleus,sbiad2822_nuclei,NucleiNet,id5_00099,full,5,id_5/img_22668234.tiff,20.0,0.739,0.985409,0.971238,0.997763,0.973357,0.985409,0.992608,0.999247,4187617,9390,114623,12465586,4302240,4197007,16777216,0.256433,0.994244,0.804863,ok,7,4,0.428571,0.75,0.545455,0.375,0.285714,0.5,0.363636,0.222222,0.465635,0.853664,0.545455
nucleonet_scaled,nucleus,sbiad2822_nuclei,NucleiNet,id5_00100,full,5,id_5/img_22668234.tiff,20.0,0.802,0.820478,0.695602,0.713473,0.965243,0.820478,0.950901,0.949014,1882414,755969,67783,14071050,1950197,2638383,16777216,0.116241,0.818894,0.615518,ok,7,4,0.571429,1.0,0.727273,0.571429,0.571429,1.0,0.727273,0.571429,0.697404,0.958931,0.727273
nucleonet_scaled,nucleus,sbiad2822_nuclei,NucleiNet,id5_00101,full,5,id_5/img_22668234.tiff,20.0,0.786,0.789727,0.65252,0.664239,0.973674,0.789727,0.859023,0.816209,4441535,2245117,120089,9970475,4561624,6686652,16777216,0.271894,0.821075,0.688768,ok,13,6,0.384615,0.833333,0.526316,0.357143,0.384615,0.833333,0.526316,0.357143,0.497972,0.946146,0.526316
nucleonet_scaled,nucleus,sbiad2822_nuclei,NucleiNet,id5_00102,full,5,id_5/img_22668234.tiff,20.0,0.851,0.793914,0.658257,0.669438,0.975253,0.793914,0.889246,0.865165,3579096,1767320,90818,11339982,3669914,5346416,16777216,0.218744,0.735206,0.644025,ok,12,7,0.333333,0.571429,0.421053,0.266667,0.333333,0.571429,0.421053,0.266667,0.379445,0.901181,0.421053
nucleonet_scaled,nucleus,sbiad2822_nuclei,NucleiNet,id5_00103,full,5,id_5/img_22668234.tiff,20.0,0.879,0.925624,0.861545,0.871511,0.986901,0.925624,0.94681,0.926579,5552924,818682,73703,10331907,5626627,6371606,16777216,0.335373,0.913708,0.831816,ok,14,8,0.571429,1.0,0.727273,0.571429,0.428571,0.75,0.545455,0.375,0.632571,0.869785,0.727273
nucleonet_scaled,nucleus,sbiad2822_nuclei,NucleiNet,id5_00104,full,5,id_5/img_22668234.tiff,20.0,0.784,0.803675,0.671787,0.689196,0.963761,0.803675,0.909052,0.895955,3123131,1408425,117434,12128226,3240565,4531556,16777216,0.193153,0.762848,0.690323,ok,11,8,0.545455,0.75,0.631579,0.461538,0.454545,0.625,0.526316,0.357143,0.554398,0.877797,0.631579
nucleonet_scaled,nucleus,sbiad2822_nuclei,NucleiNet,id5_00105,full,5,id_5/img_22668234.tiff,20.0,0.742,0.866056,0.763756,0.783032,0.968774,0.866056,0.953434,0.950611,2525724,699844,81410,13470238,2607134,3225568,16777216,0.155397,0.809269,0.66194,ok,7,4,0.571429,1.0,0.727273,0.571429,0.571429,1.0,0.727273,0.571429,0.701323,0.96432,0.727273
nucleonet_scaled,nucleus,sbiad2822_nuclei,NucleiNet,id6_00106,full,10,id_6/img_c69fbe8a.tif,20.0,1.342,0.874608,0.777159,0.825112,0.930421,0.874608,0.97297,0.977767,1581520,335214,118269,14742213,1699789,1916734,16777216,0.101315,0.763983,0.631828,ok,18,13,0.611111,0.846154,0.709677,0.55,0.444444,0.615385,0.516129,0.347826,0.610378,0.860077,0.709677
nucleonet_scaled,nucleus,sbiad2822_nuclei,NucleiNet,id6_00107,full,10,id_6/img_c69fbe8a.tif,20.0,1.108,0.914139,0.841856,0.916878,0.911416,0.914139,0.977277,0.987356,2029438,183984,197250,14366544,2226688,2213422,16777216,0.132721,0.907075,0.611636,ok,24,16,0.666667,1.0,0.8,0.666667,0.583333,0.875,0.7,0.538462,0.700862,0.876078,0.8
nucleonet_scaled,nucleus,sbiad2822_nuclei,NucleiNet,id6_00108,full,10,id_6/img_c69fbe8a.tif,20.0,1.176,0.863376,0.759597,0.861069,0.865695,0.863376,0.966965,0.98085,1751193,282549,271682,14471792,2022875,2033742,16777216,0.120573,0.880181,0.573239,ok,26,18,0.653846,0.944444,0.772727,0.62963,0.538462,0.777778,0.636364,0.466667,0.637135,0.824528,0.772727
nucleonet_scaled,nucleus,sbiad2822_nuclei,NucleiNet,id6_00109,full,10,id_6/img_c69fbe8a.tif,20.0,0.996,0.791531,0.654987,0.698107,0.913824,0.791531,0.966904,0.970823,1054121,455850,99406,15167839,1153527,1509971,16777216,0.068756,0.764549,0.50557,ok,17,9,0.529412,1.0,0.692308,0.529412,0.529412,1.0,0.692308,0.529412,0.620571,0.896381,0.692308
nucleonet_scaled,nucleus,sbiad2822_nuclei,NucleiNet,id6_00110,full,10,id_6/img_c69fbe8a.tif,20.0,1.036,0.695985,0.533725,0.553825,0.93633,0.695985,0.951236,0.952181,936463,754437,63679,15022637,1000142,1690900,16777216,0.059613,0.440267,0.407899,ok,17,5,0.294118,1.0,0.454545,0.294118,0.294118,1.0,0.454545,0.294118,0.424822,0.934609,0.454545
nucleonet_scaled,nucleus,sbiad2822_nuclei,NucleiNet,id6_00111,full,10,id_6/img_c69fbe8a.tif,20.0,0.995,0.919224,0.850522,0.923047,0.915433,0.919224,0.986812,0.993186,1258916,104954,116298,15297048,1375214,1363870,16777216,0.081969,0.870668,0.558089,ok,11,8,0.727273,1.0,0.842105,0.727273,0.727273,1.0,0.842105,0.727273,0.748762,0.889155,0.842105
nucleonet_scaled,nucleus,sbiad2822_nuclei,NucleiNet,id6_00112,full,10,id_6/img_c69fbe8a.tif,20.0,1.037,0.888218,0.798913,0.873392,0.903555,0.888218,0.974417,0.983398,1705258,247196,182018,14642744,1887276,1952454,16777216,0.11249,0.877555,0.608427,ok,22,15,0.636364,0.933333,0.756757,0.608696,0.636364,0.933333,0.756757,0.608696,0.669955,0.885298,0.756757
nucleonet_scaled,nucleus,sbiad2822_nuclei,NucleiNet,id6_00113,full,10,id_6/img_c69fbe8a.tif,20.0,1.117,0.843981,0.730075,0.79374,0.901012,0.843981,0.962523,0.97032,1700626,441923,186836,14447831,1887462,2142549,16777216,0.112502,0.790831,0.522574,ok,23,16,0.652174,0.9375,0.769231,0.625,0.652174,0.9375,0.769231,0.625,0.691859,0.899417,0.769231
nucleonet_scaled,nucleus,sbiad2822_nuclei,NucleiNet,id6_00114,full,10,id_6/img_c69fbe8a.tif,20.0,1.063,0.778414,0.637215,0.678161,0.91345,0.778414,0.942728,0.946352,1687705,800946,159912,14128653,1847617,2488651,16777216,0.110127,0.695911,0.48363,ok,23,14,0.565217,0.928571,0.702703,0.541667,0.478261,0.785714,0.594595,0.423077,0.596303,0.848584,0.702703
nucleonet_scaled,nucleus,sbiad2822_nuclei,NucleiNet,id6_00115,full,10,id_6/img_c69fbe8a.tif,20.0,1.001,0.573168,0.401707,0.424412,0.882478,0.573168,0.926282,0.928884,830407,1126201,110588,14710020,940995,1956608,16777216,0.056088,0.501743,0.331687,ok,18,8,0.444444,1.0,0.615385,0.444444,0.388889,0.875,0.538462,0.368421,0.528594,0.858965,0.615385
nucleonet_scaled,nucleus,sbiad2822_nuclei,NucleiNet,id6_00116,full,10,id_6/img_c69fbe8a.tif,20.0,0.966,0.543168,0.372842,0.385009,0.921864,0.543168,0.955069,0.95606,448140,715832,37984,15575260,486124,1163972,16777216,0.028975,0.361097,0.29991,ok,12,5,0.25,0.6,0.352941,0.214286,0.25,0.6,0.352941,0.214286,0.327945,0.929177,0.352941
nucleonet_scaled,nucleus,sbiad2822_nuclei,NucleiNet,id6_00117,full,10,id_6/img_c69fbe8a.tif,20.0,0.928,0.888099,0.798721,0.866921,0.910338,0.888099,0.977475,0.984784,1499655,230209,147706,14899646,1647361,1729864,16777216,0.09819,0.903172,0.603815,ok,16,13,0.8125,1.0,0.896552,0.8125,0.75,0.923077,0.827586,0.705882,0.786282,0.877006,0.896552
nucleonet_scaled,nucleus,sbiad2822_nuclei,NucleiNet,id6_00118,full,10,id_6/img_c69fbe8a.tif,20.0,1.046,0.810388,0.681221,0.742165,0.892424,0.810388,0.971959,0.977684,1005335,349262,121187,15301432,1126522,1354597,16777216,0.067146,0.754912,0.50534,ok,20,13,0.5,0.769231,0.606061,0.434783,0.4,0.615385,0.484848,0.32,0.514841,0.849488,0.606061
nucleonet_scaled,nucleus,sbiad2822_nuclei,NucleiNet,id6_00119,full,10,id_6/img_c69fbe8a.tif,20.0,1.315,0.929681,0.868602,0.951145,0.909165,0.929681,0.974574,0.989409,2819852,144841,281732,13530791,3101584,2964693,16777216,0.184869,0.927672,0.608488,ok,23,22,0.869565,0.909091,0.888889,0.8,0.826087,0.863636,0.844444,0.730769,0.779415,0.876841,0.888889
nucleonet_scaled,nucleus,sbiad2822_nuclei,NucleiNet,id6_00120,full,10,id_6/img_c69fbe8a.tif,20.0,1.015,0.857319,0.75027,0.819615,0.89866,0.857319,0.970926,0.978707,1465438,322522,165255,14824001,1630693,1787960,16777216,0.097197,0.86715,0.619628,ok,21,17,0.619048,0.764706,0.684211,0.52,0.619048,0.764706,0.684211,0.52,0.604739,0.883849,0.684211
nucleonet_scaled,nucleus,sbiad2822_nuclei,NucleiNet,id6_00121,full,10,id_6/img_c69fbe8a.tif,20.0,1.055,0.550356,0.379649,0.394614,0.909183,0.550356,0.931524,0.932603,703080,1078610,70230,14925296,773310,1781690,16777216,0.046093,0.497743,0.389041,ok,20,9,0.35,0.777778,0.482759,0.318182,0.3,0.666667,0.413793,0.26087,0.420512,0.87106,0.482759
nucleonet_scaled,nucleus,sbiad2822_nuclei,NucleiNet,id6_00122,full,10,id_6/img_c69fbe8a.tif,20.0,1.235,0.886406,0.795986,0.871103,0.902256,0.886406,0.973608,0.9828,1727581,255631,187154,14606850,1914735,1983212,16777216,0.114127,0.903776,0.570419,ok,19,13,0.684211,1.0,0.8125,0.684211,0.631579,0.923077,0.75,0.6,0.695805,0.856376,0.8125
nucleonet_scaled,nucleus,sbiad2822_nuclei,NucleiNet,id6_00123,full,10,id_6/img_c69fbe8a.tif,20.0,1.081,0.72679,0.570832,0.619162,0.879707,0.72679,0.964697,0.96949,787784,484555,107723,15397154,895507,1272339,16777216,0.053376,0.653082,0.501364,ok,17,10,0.411765,0.7,0.518519,0.35,0.352941,0.6,0.444444,0.285714,0.435498,0.839889,0.518519
nucleonet_scaled,nucleus,sbiad2822_nuclei,NucleiNet,id6_00124,full,10,id_6/img_c69fbe8a.tif,20.0,1.076,0.91995,0.851766,0.950143,0.891617,0.91995,0.979802,0.992999,1947129,102173,236688,14491226,2183817,2049302,16777216,0.130166,0.964422,0.628557,ok,24,20,0.75,0.9,0.818182,0.692308,0.666667,0.8,0.727273,0.571429,0.702114,0.858139,0.818182
nucleonet_scaled,nucleus,sbiad2822_nuclei,NucleiNet,id6_00125,full,10,id_6/img_c69fbe8a.tif,20.0,1.014,0.872878,0.774431,0.842953,0.905006,0.872878,0.973453,0.981118,1529108,284882,160503,14802723,1689611,1813990,16777216,0.100709,0.915096,0.62257,ok,21,13,0.571429,0.923077,0.705882,0.545455,0.52381,0.846154,0.647059,0.478261,0.610697,0.865153,0.705882
nucleonet_scaled,nucleus,sbiad2822_nuclei,NucleiNet,id7_00126,full,10,id_7/img_4ff7ad90.tif,20.0,0.995,0.880585,0.786647,0.823842,0.945722,0.880585,0.969724,0.972936,1872851,400462,107489,14396414,1980340,2273313,16777216,0.118037,0.771948,0.665526,ok,20,13,0.65,1.0,0.787879,0.65,0.65,1.0,0.787879,0.65,0.734598,0.932375,0.787879
nucleonet_scaled,nucleus,sbiad2822_nuclei,NucleiNet,id7_00127,full,10,id_7/img_4ff7ad90.tif,20.0,1.013,0.782681,0.642955,0.665804,0.94933,0.782681,0.970127,0.971376,902529,453019,48172,15373496,950701,1355548,16777216,0.056666,0.728461,0.621982,ok,15,8,0.466667,0.875,0.608696,0.4375,0.466667,0.875,0.608696,0.4375,0.559979,0.919965,0.608696
nucleonet_scaled,nucleus,sbiad2822_nuclei,NucleiNet,id7_00128,full,10,id_7/img_4ff7ad90.tif,20.0,1.257,0.839231,0.722996,0.750676,0.951475,0.839231,0.976518,0.978242,1028256,341518,52441,15355001,1080697,1369774,16777216,0.064415,0.735698,0.586162,ok,15,7,0.4,0.857143,0.545455,0.375,0.4,0.857143,0.545455,0.375,0.516865,0.947585,0.545455
nucleonet_scaled,nucleus,sbiad2822_nuclei,NucleiNet,id7_00129,full,10,id_7/img_4ff7ad90.tif,20.0,1.059,0.879937,0.785614,0.823572,0.944584,0.879937,0.97662,0.979815,1437418,307927,84329,14947542,1521747,1745345,16777216,0.090703,0.878152,0.685877,ok,18,11,0.611111,1.0,0.758621,0.611111,0.611111,1.0,0.758621,0.611111,0.703679,0.927577,0.758621
nucleonet_scaled,nucleus,sbiad2822_nuclei,NucleiNet,id7_00130,full,10,id_7/img_4ff7ad90.tif,20.0,1.15,0.85307,0.743785,0.781854,0.938559,0.85307,0.970064,0.973279,1457977,406791,95444,14817004,1553421,1864768,16777216,0.092591,0.834758,0.693444,ok,23,17,0.695652,0.941176,0.8,0.666667,0.695652,0.941176,0.8,0.666667,0.73516,0.91895,0.8
nucleonet_scaled,nucleus,sbiad2822_nuclei,NucleiNet,id7_00131,full,10,id_7/img_4ff7ad90.tif,20.0,1.172,0.871817,0.772762,0.806433,0.948739,0.871817,0.963863,0.966114,2061750,494880,111397,14109189,2173147,2556630,16777216,0.12953,0.811512,0.689411,ok,24,17,0.666667,0.941176,0.780488,0.64,0.625,0.882353,0.731707,0.576923,0.716954,0.918598,0.780488
nucleonet_scaled,nucleus,sbiad2822_nuclei,NucleiNet,id7_00132,full,10,id_7/img_4ff7ad90.tif,20.0,1.082,0.955145,0.914141,0.96308,0.94734,0.955145,0.988962,0.994857,1971634,75583,109598,14620401,2081232,2047217,16777216,0.124051,0.956848,0.77039,ok,18,14,0.777778,1.0,0.875,0.777778,0.777778,1.0,0.875,0.777778,0.818098,0.934969,0.875
nucleonet_scaled,nucleus,sbiad2822_nuclei,NucleiNet,id7_00133,full,10,id_7/img_4ff7ad90.tif,20.0,1.468,0.803542,0.671601,0.70209,0.939267,0.803542,0.956199,0.957984,1502845,637686,97174,14539511,1600019,2140531,16777216,0.095369,0.739564,0.644533,ok,24,16,0.625,0.9375,0.75,0.6,0.625,0.9375,0.75,0.6,0.688302,0.917736,0.75
nucleonet_scaled,nucleus,sbiad2822_nuclei,NucleiNet,id7_00134,full,10,id_7/img_4ff7ad90.tif,20.0,1.246,0.75615,0.60791,0.627563,0.951011,0.75615,0.940262,0.939102,1553912,922195,80046,14221063,1633958,2476107,16777216,0.097391,0.65113,0.64507,ok,26,16,0.576923,0.9375,0.714286,0.555556,0.538462,0.875,0.666667,0.5,0.661877,0.926628,0.714286
nucleonet_scaled,nucleus,sbiad2822_nuclei,NucleiNet,id8_00135,full,10,id_8/img_ee855e08.tif,20.0,1.206,0.826044,0.703642,0.747985,0.922294,0.826044,0.957735,0.962062,1683566,567235,141846,14384569,1825412,2250801,16777216,0.108803,0.796772,0.60511,ok,25,15,0.56,0.933333,0.7,0.538462,0.56,0.933333,0.7,0.538462,0.644739,0.921056,0.7
nucleonet_scaled,nucleus,sbiad2822_nuclei,NucleiNet,id8_00136,full,10,id_8/img_ee855e08.tif,20.0,1.001,0.960151,0.923356,0.992762,0.929614,0.960151,0.990596,0.999059,1900708,13857,143912,14718739,2044620,1914565,16777216,0.121869,0.965361,0.733653,ok,19,16,0.578947,0.6875,0.628571,0.458333,0.526316,0.625,0.571429,0.4,0.560542,0.891771,0.628571
nucleonet_scaled,nucleus,sbiad2822_nuclei,NucleiNet,id8_00137,full,10,id_8/img_ee855e08.tif,20.0,1.134,0.861844,0.757228,0.796735,0.93854,0.861844,0.972525,0.97594,1437776,366808,94152,14878480,1531928,1804584,16777216,0.09131,0.832051,0.709992,ok,22,15,0.590909,0.866667,0.702703,0.541667,0.590909,0.866667,0.702703,0.541667,0.64834,0.922638,0.702703
nucleonet_scaled,nucleus,sbiad2822_nuclei,NucleiNet,id8_00138,full,10,id_8/img_ee855e08.tif,20.0,1.063,0.956876,0.917318,0.972905,0.941367,0.956876,0.987244,0.995361,2374327,66124,147884,14188881,2522211,2440451,16777216,0.150335,0.95138,0.788713,ok,25,20,0.76,0.95,0.844444,0.730769,0.76,0.95,0.844444,0.730769,0.789488,0.93492,0.844444
nucleonet_scaled,nucleus,sbiad2822_nuclei,NucleiNet,id8_00139,full,10,id_8/img_ee855e08.tif,20.0,1.384,0.968299,0.938545,0.989672,0.947829,0.968299,0.990106,0.998124,2535159,26457,139542,14076058,2674701,2561616,16777216,0.159425,0.972118,0.808109,ok,21,20,0.904762,0.95,0.926829,0.863636,0.904762,0.95,0.926829,0.863636,0.858549,0.926329,0.926829
nucleonet_scaled,nucleus,sbiad2822_nuclei,NucleiNet,id8_00140,full,10,id_8/img_ee855e08.tif,20.0,1.125,0.857959,0.751251,0.790451,0.938074,0.857959,0.96443,0.967838,1802320,477795,118978,14378123,1921298,2280115,16777216,0.114518,0.878085,0.698506,ok,24,19,0.708333,0.894737,0.790698,0.653846,0.708333,0.894737,0.790698,0.653846,0.734081,0.928397,0.790698
nucleonet_scaled,nucleus,sbiad2822_nuclei,NucleiNet,id8_00141,full,10,id_8/img_ee855e08.tif,20.0,1.223,0.859746,0.753996,0.796498,0.933907,0.859746,0.962375,0.966385,1934766,494326,136925,14211199,2071691,2429092,16777216,0.123482,0.829671,0.694942,ok,26,18,0.576923,0.833333,0.681818,0.517241,0.538462,0.777778,0.636364,0.466667,0.620708,0.910371,0.681818
nucleonet_scaled,nucleus,sbiad2822_nuclei,NucleiNet,id8_00142,full,10,id_8/img_ee855e08.tif,20.0,1.213,0.879357,0.78469,0.831228,0.933403,0.879357,0.967722,0.972671,1973608,400720,140815,14262073,2114423,2374328,16777216,0.126029,0.829476,0.676535,ok,24,17,0.708333,1.0,0.829268,0.708333,0.708333,1.0,0.829268,0.708333,0.762096,0.918998,0.829268
nucleonet_scaled,nucleus,sbiad2822_nuclei,NucleiNet,id8_00143,full,10,id_8/img_ee855e08.tif,20.0,1.133,0.967421,0.936897,0.993642,0.942547,0.967421,0.991518,0.99907,2112771,13519,128783,14522143,2241554,2126290,16777216,0.133607,0.986228,0.820742,ok,21,19,0.904762,1.0,0.95,0.904762,0.809524,0.894737,0.85,0.73913,0.843733,0.88814,0.95
nucleonet_scaled,nucleus,sbiad2822_nuclei,NucleiNet,id8_00144,full,10,id_8/img_ee855e08.tif,20.0,1.089,0.956955,0.917462,0.973057,0.941377,0.956955,0.987204,0.99536,2386367,66077,148608,14176164,2534975,2452444,16777216,0.151096,0.970268,0.76784,ok,21,21,0.904762,0.904762,0.904762,0.826087,0.904762,0.904762,0.904762,0.826087,0.839589,0.927967,0.904762
nucleonet_scaled,nucleus,sbiad2822_nuclei,NucleiNet,id8_00145,full,10,id_8/img_ee855e08.tif,20.0,1.01,0.927981,0.865639,0.905534,0.951569,0.927981,0.976434,0.981154,2547233,265728,129643,13834612,2676876,2812961,16777216,0.159554,0.909434,0.780299,ok,25,21,0.76,0.904762,0.826087,0.703704,0.76,0.904762,0.826087,0.703704,0.772716,0.935393,0.826087
nucleonet_scaled,nucleus,sbiad2822_nuclei,NucleiNet,id8_00146,full,10,id_8/img_ee855e08.tif,20.0,1.169,0.95132,0.90716,0.960619,0.9422,0.95132,0.984074,0.992358,2610756,107030,160158,13899272,2770914,2717786,16777216,0.165159,0.961724,0.789613,ok,24,23,0.833333,0.869565,0.851064,0.740741,0.75,0.782609,0.765957,0.62069,0.775255,0.910924,0.851064
nucleonet_scaled,nucleus,sbiad2822_nuclei,NucleiNet,id8_00147,full,10,id_8/img_ee855e08.tif,20.0,1.018,0.901867,0.821274,0.857634,0.950912,0.901867,0.970632,0.973893,2264118,375841,116879,14020378,2380997,2639959,16777216,0.141918,0.837077,0.711386,ok,23,15,0.608696,0.933333,0.736842,0.583333,0.521739,0.8,0.631579,0.461538,0.646876,0.877903,0.736842
nucleonet_scaled,nucleus,sbiad2822_nuclei,NucleiNet,id8_00148,full,10,id_8/img_ee855e08.tif,20.0,1.06,0.878864,0.783904,0.846805,0.913445,0.878864,0.978946,0.984922,1281360,231810,121417,15142629,1402777,1513170,16777216,0.083612,0.903665,0.686871,ok,19,17,0.842105,0.941176,0.888889,0.8,0.789474,0.882353,0.833333,0.714286,0.795413,0.894839,0.888889
nucleonet_scaled,nucleus,sbiad2822_nuclei,NucleiNet,id8_00149,full,10,id_8/img_ee855e08.tif,20.0,1.086,0.967535,0.937111,0.994118,0.942337,0.967535,0.991904,0.999181,2024009,11976,123853,14617378,2147862,2035985,16777216,0.128023,0.983229,0.814059,ok,21,19,0.857143,0.947368,0.9,0.818182,0.809524,0.894737,0.85,0.73913,0.827075,0.918972,0.9
nucleonet_scaled,nucleus,sbiad2822_nuclei,NucleiNet,id8_00150,full,10,id_8/img_ee855e08.tif,20.0,1.1,0.887992,0.798549,0.852349,0.926747,0.887992,0.972268,0.978394,1844309,319487,145780,14467640,1990089,2163796,16777216,0.118619,0.85998,0.687973,ok,24,19,0.708333,0.894737,0.790698,0.653846,0.708333,0.894737,0.790698,0.653846,0.733343,0.927463,0.790698
nucleonet_scaled,nucleus,sbiad2822_nuclei,NucleiNet,id8_00151,full,10,id_8/img_ee855e08.tif,20.0,1.086,0.945511,0.896654,0.944662,0.946363,0.945511,0.986215,0.99198,2006590,117546,113728,14539352,2120318,2124136,16777216,0.126381,0.92071,0.739864,ok,22,17,0.727273,0.941176,0.820513,0.695652,0.727273,0.941176,0.820513,0.695652,0.764666,0.931937,0.820513
nucleonet_scaled,nucleus,sbiad2822_nuclei,NucleiNet,id8_00152,full,10,id_8/img_ee855e08.tif,20.0,1.245,0.669634,0.503346,0.523136,0.930097,0.669634,0.949812,0.950952,853369,777887,64136,15081824,917505,1631256,16777216,0.054688,0.624421,0.552466,ok,17,11,0.588235,0.909091,0.714286,0.555556,0.470588,0.727273,0.571429,0.4,0.622301,0.871221,0.714286
nucleonet_scaled,nucleus,sbiad2822_nuclei,NucleiNet,id8_00153,full,10,id_8/img_ee855e08.tif,20.0,1.065,0.885435,0.794422,0.831721,0.946565,0.885435,0.976481,0.979659,1524793,308505,86076,14857842,1610869,1833298,16777216,0.096015,0.911255,0.760321,ok,19,16,0.842105,1.0,0.914286,0.842105,0.789474,0.9375,0.857143,0.75,0.839809,0.918541,0.914286
nucleonet_scaled,nucleus,sbiad2822_nuclei,NucleiNet,id8_00154,full,10,id_8/img_ee855e08.tif,20.0,1.023,0.935846,0.879426,0.924837,0.947119,0.935846,0.988352,0.992415,1425282,115835,79578,15156521,1504860,1541117,16777216,0.089697,0.919209,0.818165,ok,22,18,0.772727,0.944444,0.85,0.73913,0.681818,0.833333,0.75,0.6,0.770615,0.906606,0.85
nucleonet_scaled,nucleus,sbiad2822_nuclei,NucleiNet,id9_00155,full,10,id_9/img_387a5d97.tif,20.0,1.143,0.916717,0.846239,0.893429,0.94125,0.916717,0.980227,0.985322,1825739,217779,113957,14619741,1939696,2043518,16777216,0.115615,0.880359,0.727021,ok,22,14,0.636364,1.0,0.777778,0.636364,0.590909,0.928571,0.722222,0.565217,0.702482,0.903191,0.777778
nucleonet_scaled,nucleus,sbiad2822_nuclei,NucleiNet,id9_00156,full,10,id_9/img_387a5d97.tif,20.0,1.115,0.930494,0.870023,0.926146,0.934883,0.930494,0.979672,0.987301,2282891,182045,159008,14153272,2441899,2464936,16777216,0.145549,0.92248,0.711076,ok,21,16,0.761905,1.0,0.864865,0.761905,0.666667,0.875,0.756757,0.608696,0.74678,0.863464,0.864865
nucleonet_scaled,nucleus,sbiad2822_nuclei,NucleiNet,id9_00157,full,10,id_9/img_387a5d97.tif,20.0,1.046,0.906615,0.829182,0.863336,0.954463,0.906615,0.977724,0.980696,1814184,287182,86554,14589296,1900738,2101366,16777216,0.113293,0.893646,0.740667,ok,19,14,0.736842,1.0,0.848485,0.736842,0.736842,1.0,0.848485,0.736842,0.778107,0.917055,0.848485
nucleonet_scaled,nucleus,sbiad2822_nuclei,NucleiNet,id9_00158,full,10,id_9/img_387a5d97.tif,20.0,1.068,0.925309,0.861,0.914367,0.936516,0.925309,0.982884,0.988803,1778737,166584,120576,14711319,1899313,1945321,16777216,0.113208,0.86015,0.677304,ok,19,15,0.684211,0.866667,0.764706,0.619048,0.631579,0.8,0.705882,0.545455,0.694849,0.908649,0.764706
nucleonet_scaled,nucleus,sbiad2822_nuclei,NucleiNet,id9_00159,full,10,id_9/img_387a5d97.tif,20.0,1.225,0.956584,0.91678,0.981964,0.932482,0.956584,0.98523,0.99638,2729798,50138,197656,13799624,2927454,2779936,16777216,0.17449,0.972539,0.791967,ok,28,24,0.785714,0.916667,0.846154,0.733333,0.785714,0.916667,0.846154,0.733333,0.771661,0.911963,0.846154
nucleonet_scaled,nucleus,sbiad2822_nuclei,NucleiNet,id9_00160,full,10,id_9/img_387a5d97.tif,20.0,1.07,0.943761,0.893511,0.94274,0.944784,0.943761,0.983836,0.990382,2275394,138203,132980,14230639,2408374,2413597,16777216,0.14355,0.919575,0.774432,ok,23,20,0.869565,1.0,0.930233,0.869565,0.826087,0.95,0.883721,0.791667,0.844818,0.908179,0.930233
nucleonet_scaled,nucleus,sbiad2822_nuclei,NucleiNet,id9_00161,full,10,id_9/img_387a5d97.tif,20.0,1.413,0.887555,0.797842,0.842086,0.938215,0.887555,0.978294,0.982321,1437260,269525,94649,14975782,1531909,1706785,16777216,0.091309,0.847094,0.684865,ok,23,13,0.565217,1.0,0.722222,0.565217,0.434783,0.769231,0.555556,0.384615,0.615338,0.852007,0.722222
nucleonet_scaled,nucleus,sbiad2822_nuclei,NucleiNet,id9_00162,full,10,id_9/img_387a5d97.tif,20.0,1.237,0.946269,0.898017,0.954354,0.938319,0.946269,0.980271,0.989803,2914662,139405,191597,13531552,3106259,3054067,16777216,0.185147,0.933547,0.77221,ok,27,22,0.740741,0.909091,0.816327,0.689655,0.740741,0.909091,0.816327,0.689655,0.752448,0.921749,0.816327
nucleonet_scaled,nucleus,sbiad2822_nuclei,NucleiNet,id9_00163,full,10,id_9/img_387a5d97.tif,20.0,1.278,0.924205,0.85909,0.907625,0.941402,0.924205,0.980411,0.986079,2003655,203925,124719,14444917,2128374,2207580,16777216,0.126861,0.895269,0.746386,ok,23,18,0.73913,0.944444,0.829268,0.708333,0.73913,0.944444,0.829268,0.708333,0.768161,0.926311,0.829268
nucleonet_scaled,nucleus,segapp_islet_nucleus,IsletSEM,25237R_1_00000,full,5.0,25237R_1 (6ced5b1b-078c-43f2-9851-6ebcc2f69fd5),20.0,0.628,0.987829,0.97595,0.992769,0.982938,0.987829,0.998603,0.999562,951415,6930,16515,15802356,967930,958345,16777216,0.057693,0.996121,0.774109,ok,2,2,1.0,1.0,1.0,1.0,1.0,1.0,1.0,1.0,0.97617,0.97617,1.0
nucleonet_scaled,nucleus,segapp_islet_nucleus,IsletSEM,25237R_1_00001,full,5.0,25237R_1 (6ced5b1b-078c-43f2-9851-6ebcc2f69fd5),20.0,0.706,0.98147,0.963614,0.99184,0.971315,0.98147,0.99302,0.998122,3101217,25515,91587,13558897,3192804,3126732,16777216,0.190306,0.949206,0.731879,ok,3,4,1.0,0.75,0.857143,0.75,1.0,0.75,0.857143,0.75,0.758438,0.884845,0.857143
nucleonet_scaled,nucleus,segapp_islet_nucleus,IsletSEM,25237R_1_00002,full,5.0,25237R_1 (6ced5b1b-078c-43f2-9851-6ebcc2f69fd5),20.0,0.72,0.959277,0.921742,0.994635,0.926347,0.959277,0.997017,0.999803,589416,3179,46864,16137757,636280,592595,16777216,0.037925,0.964055,0.522292,ok,3,2,0.666667,1.0,0.8,0.666667,0.333333,0.5,0.4,0.25,0.659554,0.824443,0.8
nucleonet_scaled,nucleus,segapp_islet_nucleus,IsletSEM,25237R_1_00003,full,5.0,25237R_1 (6ced5b1b-078c-43f2-9851-6ebcc2f69fd5),20.0,0.517,0.9829,0.966374,0.992348,0.973629,0.9829,0.996204,0.999053,1830435,14114,49577,14883090,1880012,1844549,16777216,0.112057,0.995676,0.748802,ok,4,4,1.0,1.0,1.0,1.0,1.0,1.0,1.0,1.0,0.969475,0.969475,1.0
nucleonet_scaled,nucleus,segapp_islet_nucleus,IsletSEM,25237R_1_00004,full,5.0,25237R_1 (6ced5b1b-078c-43f2-9851-6ebcc2f69fd5),20.0,0.671,0.968675,0.939252,0.972122,0.965251,0.968675,0.98767,0.993188,3198355,91720,115139,13372002,3313494,3290075,16777216,0.1975,0.942552,0.671215,ok,5,3,0.6,1.0,0.75,0.6,0.4,0.666667,0.5,0.333333,0.606163,0.808218,0.75
nucleonet_scaled,nucleus,segapp_islet_nucleus,IsletSEM,25237R_1_00005,full,5.0,25237R_1 (6ced5b1b-078c-43f2-9851-6ebcc2f69fd5),20.0,0.704,0.983147,0.966852,0.989041,0.977322,0.983147,0.992816,0.997045,3515468,38952,81575,13141221,3597043,3554420,16777216,0.2144,0.963536,0.781193,ok,3,4,0.666667,0.5,0.571429,0.4,0.333333,0.25,0.285714,0.166667,0.455162,0.796534,0.571429
nucleonet_scaled,nucleus,segapp_islet_nucleus,IsletSEM,25237R_1_00006,full,5.0,25237R_1 (6ced5b1b-078c-43f2-9851-6ebcc2f69fd5),20.0,0.789,0.986685,0.973721,0.996013,0.977531,0.986685,0.995169,0.999123,3003307,12023,69032,13692854,3072339,3015330,16777216,0.183126,0.997004,0.806018,ok,3,4,1.0,0.75,0.857143,0.75,1.0,0.75,0.857143,0.75,0.660511,0.770596,0.857143
nucleonet_scaled,nucleus,segapp_islet_nucleus,IsletSEM,25237R_1_00007,full,5.0,25237R_1 (6ced5b1b-078c-43f2-9851-6ebcc2f69fd5),20.0,0.69,0.980219,0.961205,0.999093,0.962044,0.980219,0.989982,0.999696,4164279,3779,164294,12444864,4328573,4168058,16777216,0.258003,1.0,0.692319,ok,3,4,1.0,0.75,0.857143,0.75,1.0,0.75,0.857143,0.75,0.808902,0.943719,0.857143
nucleonet_scaled,nucleus,segapp_islet_nucleus,IsletSEM,25237R_1_00008,full,5.0,25237R_1 (6ced5b1b-078c-43f2-9851-6ebcc2f69fd5),20.0,0.772,0.965352,0.933024,0.990309,0.941622,0.965352,0.993412,0.999005,1539702,15067,95458,15126989,1635160,1554769,16777216,0.097463,0.953149,0.670209,ok,4,3,0.75,1.0,0.857143,0.75,0.75,1.0,0.857143,0.75,0.808288,0.943003,0.857143
nucleonet_scaled,nucleus,segapp_islet_nucleus,IsletSEM,25237R_1_00009,full,5.0,25237R_1 (6ced5b1b-078c-43f2-9851-6ebcc2f69fd5),20.0,0.839,0.989101,0.978438,0.993794,0.984453,0.989101,0.997944,0.999356,1565623,9777,24725,15177091,1590348,1575400,16777216,0.094792,0.996743,0.912022,ok,4,3,0.75,1.0,0.857143,0.75,0.5,0.666667,0.571429,0.4,0.720719,0.840839,0.857143
nucleonet_scaled,nucleus,segapp_islet_nucleus,IsletSEM,25237R_1_00010,full,5.0,25237R_1 (6ced5b1b-078c-43f2-9851-6ebcc2f69fd5),20.0,0.693,0.830787,0.710552,0.793146,0.872179,0.830787,0.94899,0.961867,2100868,547912,307890,13820546,2408758,2648780,16777216,0.143573,0.695128,0.501778,ok,7,5,0.428571,0.6,0.5,0.333333,0.428571,0.6,0.5,0.333333,0.471242,0.942483,0.5
nucleonet_scaled,nucleus,segapp_islet_nucleus,IsletSEM,25237R_1_00011,full,5.0,25237R_1 (6ced5b1b-078c-43f2-9851-6ebcc2f69fd5),20.0,0.658,0.971178,0.943971,0.968124,0.974251,0.971178,0.99378,0.996134,1758230,57890,46469,14914627,1804699,1816120,16777216,0.107568,0.945055,0.725419,ok,5,4,0.8,1.0,0.888889,0.8,0.8,1.0,0.888889,0.8,0.862894,0.970756,0.888889
nucleonet_scaled,nucleus,segapp_islet_nucleus,IsletSEM,25237R_1_00012,full,5.0,25237R_1 (6ced5b1b-078c-43f2-9851-6ebcc2f69fd5),20.0,0.853,0.978631,0.958155,0.996327,0.961552,0.978631,0.997374,0.999764,1008677,3719,40332,15724488,1049009,1012396,16777216,0.062526,1.0,0.571533,ok,2,2,1.0,1.0,1.0,1.0,1.0,1.0,1.0,1.0,0.961095,0.961095,1.0
nucleonet_scaled,nucleus,segapp_islet_nucleus,IsletSEM,25237R_1_00013,full,5.0,25237R_1 (6ced5b1b-078c-43f2-9851-6ebcc2f69fd5),20.0,0.716,0.97621,0.953525,0.996625,0.956614,0.97621,0.99485,0.999598,1772883,6003,80407,14917923,1853290,1778886,16777216,0.110465,0.990149,0.721687,ok,5,3,0.6,1.0,0.75,0.6,0.4,0.666667,0.5,0.333333,0.608197,0.810929,0.75
nucleonet_scaled,nucleus,segapp_islet_nucleus,IsletSEM,25237R_1_00014,full,5.0,25237R_1 (6ced5b1b-078c-43f2-9851-6ebcc2f69fd5),20.0,0.711,0.980261,0.961287,0.995788,0.965212,0.980261,0.991442,0.998847,3565101,15080,128494,13068541,3693595,3580181,16777216,0.220155,0.993903,0.71155,ok,6,5,0.833333,1.0,0.909091,0.833333,0.666667,0.8,0.727273,0.571429,0.802542,0.882797,0.909091
nucleonet_scaled,nucleus,segapp_islet_nucleus,IsletSEM,25237R_1_00015,full,5.0,25237R_1 (6ced5b1b-078c-43f2-9851-6ebcc2f69fd5),20.0,0.652,0.979855,0.960506,0.998052,0.962311,0.979855,0.986611,0.999039,5463114,10663,213966,11089473,5677080,5473777,16777216,0.33838,0.986755,0.753796,ok,5,6,1.0,0.833333,0.909091,0.833333,1.0,0.833333,0.909091,0.833333,0.858222,0.944045,0.909091
nucleonet_scaled,nucleus,segapp_islet_nucleus,IsletSEM,25237R_1_00016,full,5.0,25237R_1 (6ced5b1b-078c-43f2-9851-6ebcc2f69fd5),20.0,0.775,0.964926,0.932229,0.975225,0.954842,0.964926,0.989372,0.995614,2452801,62311,116003,14146101,2568804,2515112,16777216,0.153113,0.962382,0.702269,ok,7,4,0.285714,0.5,0.363636,0.222222,0.285714,0.5,0.363636,0.222222,0.352158,0.968433,0.363636
nucleonet_scaled,nucleus,segapp_islet_nucleus,IsletSEM,25237R_1_00017,full,5.0,25237R_1 (6ced5b1b-078c-43f2-9851-6ebcc2f69fd5),20.0,0.63,0.925828,0.861898,0.901861,0.951103,0.925828,0.989328,0.992207,1117410,121595,57447,15480764,1174857,1239005,16777216,0.070027,0.85531,0.61131,ok,6,2,0.166667,0.5,0.25,0.142857,0.166667,0.5,0.25,0.142857,0.237517,0.950067,0.25
nucleonet_scaled,nucleus,segapp_islet_nucleus,IsletSEM,25237R_1_00018,full,5.0,25237R_1 (6ced5b1b-078c-43f2-9851-6ebcc2f69fd5),20.0,0.673,0.974651,0.950556,0.994415,0.955658,0.974651,0.995178,0.999423,1555306,8735,72166,15141009,1627472,1564041,16777216,0.097005,0.993163,0.727215,ok,4,4,1.0,1.0,1.0,1.0,1.0,1.0,1.0,1.0,0.938098,0.938098,1.0
nucleonet_scaled,nucleus,segapp_islet_nucleus,IsletSEM,25237R_1_00019,full,5.0,25237R_1 (6ced5b1b-078c-43f2-9851-6ebcc2f69fd5),20.0,0.75,0.967701,0.937423,0.99588,0.941072,0.967701,0.993183,0.999526,1713233,7087,107279,14949617,1820512,1720320,16777216,0.108511,0.933372,0.693063,ok,3,2,0.666667,1.0,0.8,0.666667,0.333333,0.5,0.4,0.25,0.595779,0.744724,0.8
nucleonet_scaled,nucleus,segapp_islet_nucleus,IsletSEM,25237R_1_00020,full,5.0,25237R_1 (6ced5b1b-078c-43f2-9851-6ebcc2f69fd5),20.0,0.671,0.97707,0.955169,0.992713,0.961913,0.97707,0.992789,0.998658,2577496,18921,102055,14078744,2679551,2596417,16777216,0.159714,0.969277,0.668953,ok,4,4,0.75,0.75,0.75,0.6,0.5,0.5,0.5,0.333333,0.612442,0.81659,0.75
nucleonet_scaled,nucleus,segapp_islet_nucleus,IsletSEM,25237R_1_00021,full,5.0,25237R_1 (6ced5b1b-078c-43f2-9851-6ebcc2f69fd5),20.0,0.756,0.979147,0.959146,0.981729,0.976578,0.979147,0.991619,0.995414,3301276,61439,79177,13335324,3380453,3362715,16777216,0.201491,0.925726,0.756021,ok,8,6,0.5,0.666667,0.571429,0.4,0.375,0.5,0.428571,0.272727,0.469769,0.822096,0.571429
nucleonet_scaled,nucleus,segapp_islet_nucleus,IsletSEM,25237R_1_00022,full,5.0,25237R_1 (6ced5b1b-078c-43f2-9851-6ebcc2f69fd5),20.0,0.828,0.981035,0.962776,0.997448,0.965154,0.981035,0.991181,0.999236,3826916,9791,138168,12802341,3965084,3836707,16777216,0.236337,0.996033,0.771067,ok,5,5,0.6,0.6,0.6,0.428571,0.4,0.4,0.4,0.25,0.512244,0.853741,0.6
nucleonet_scaled,nucleus,segapp_islet_nucleus,IsletSEM,25237R_1_00023,full,5.0,25237R_1 (6ced5b1b-078c-43f2-9851-6ebcc2f69fd5),20.0,0.82,0.984179,0.96885,0.998461,0.970299,0.984179,0.992738,0.999546,3789515,5841,115996,12865864,3905511,3795356,16777216,0.232787,0.997004,0.759871,ok,5,6,1.0,0.833333,0.909091,0.833333,1.0,0.833333,0.909091,0.833333,0.861555,0.947711,0.909091
nucleonet_scaled,nucleus,segapp_islet_nucleus,IsletSEM,25237R_1_00024,full,5.0,25237R_1 (6ced5b1b-078c-43f2-9851-6ebcc2f69fd5),20.0,0.753,0.960562,0.924117,0.962343,0.958789,0.960562,0.992999,0.996338,1430431,55974,61484,15229327,1491915,1486405,16777216,0.088925,0.92523,0.703852,ok,5,3,0.6,1.0,0.75,0.6,0.6,1.0,0.75,0.6,0.722341,0.963121,0.75
nucleonet_scaled,nucleus,segapp_islet_nucleus,IsletSEM,25237R_1_00025,full,5.0,25237R_1 (6ced5b1b-078c-43f2-9851-6ebcc2f69fd5),20.0,0.761,0.980923,0.96256,0.997024,0.965333,0.980923,0.993278,0.999372,2899526,8655,104127,13764908,3003653,2908181,16777216,0.179032,0.996762,0.679614,ok,5,4,0.8,1.0,0.888889,0.8,0.6,0.75,0.666667,0.5,0.727465,0.818398,0.888889
nucleonet_scaled,nucleus,segapp_islet_nucleus,IsletSEM,25237R_1_00026,full,5.0,25237R_1 (6ced5b1b-078c-43f2-9851-6ebcc2f69fd5),20.0,0.764,0.97334,0.948065,0.995388,0.952248,0.97334,0.99307,0.999324,2122278,9833,106425,14538680,2228703,2132111,16777216,0.132841,0.984076,0.740347,ok,6,5,0.833333,1.0,0.909091,0.833333,0.666667,0.8,0.727273,0.571429,0.836277,0.919905,0.909091
nucleonet_scaled,nucleus,segapp_islet_nucleus,IsletSEM,25237R_1_00027,full,5.0,25237R_1 (6ced5b1b-078c-43f2-9851-6ebcc2f69fd5),20.0,0.625,0.889612,0.801172,0.842208,0.942669,0.889612,0.999822,0.999865,12036,2255,732,16762193,12768,14291,16777216,0.000761,0.842607,0.79109,ok,2,1,0.5,1.0,0.666667,0.5,0.5,1.0,0.666667,0.5,0.591828,0.887742,0.666667
nucleonet_scaled,nucleus,segapp_islet_nucleus,IsletSEM,25237R_1_00028,full,5.0,25237R_1 (6ced5b1b-078c-43f2-9851-6ebcc2f69fd5),20.0,0.624,0.980236,0.961238,1.0,0.961238,0.980236,0.99785,1.0,894543,0,36073,15846600,930616,894543,16777216,0.055469,0.994135,0.355544,ok,1,1,1.0,1.0,1.0,1.0,1.0,1.0,1.0,1.0,0.961238,0.961238,1.0
nucleonet_scaled,nucleus,segapp_islet_nucleus,IsletSEM,25237R_1_00029,full,5.0,25237R_1 (6ced5b1b-078c-43f2-9851-6ebcc2f69fd5),20.0,0.585,0.982679,0.965948,0.997526,0.968268,0.982679,0.994344,0.999523,2691811,6675,88217,13990513,2780028,2698486,16777216,0.165703,0.98861,0.786185,ok,4,4,1.0,1.0,1.0,1.0,1.0,1.0,1.0,1.0,0.954605,0.954605,1.0
nucleonet_scaled,nucleus,segapp_islet_nucleus,IsletSEM,25237R_1_00030,full,5.0,25237R_1 (6ced5b1b-078c-43f2-9851-6ebcc2f69fd5),20.0,0.732,0.976271,0.953642,0.991328,0.961665,0.976271,0.988265,0.99718,4050170,35431,161452,12530163,4211622,4085601,16777216,0.251032,0.962886,0.748413,ok,5,5,0.8,0.8,0.8,0.666667,0.6,0.6,0.6,0.428571,0.704533,0.880667,0.8
nucleonet_scaled,nucleus,segapp_islet_nucleus,IsletSEM,25237R_1_00031,full,5.0,25237R_1 (6ced5b1b-078c-43f2-9851-6ebcc2f69fd5),20.0,0.823,0.9643,0.931061,0.963259,0.965343,0.9643,0.992642,0.995775,1667126,63588,59852,14986650,1726978,1730714,16777216,0.102936,0.855297,0.639505,ok,7,4,0.285714,0.5,0.363636,0.222222,0.142857,0.25,0.181818,0.1,0.277756,0.76383,0.363636
nucleonet_scaled,nucleus,segapp_islet_nucleus,IsletSEM,25237R_1_00032,full,5.0,25237R_1 (6ced5b1b-078c-43f2-9851-6ebcc2f69fd5),20.0,0.697,0.925453,0.86125,0.873706,0.983717,0.925453,0.981959,0.981733,1878813,271583,31100,14595720,1909913,2150396,16777216,0.11384,0.831016,0.688239,ok,3,3,0.333333,0.333333,0.333333,0.2,0.333333,0.333333,0.333333,0.2,0.261336,0.784009,0.333333
nucleonet_scaled,nucleus,segapp_islet_nucleus,IsletSEM,25237R_1_00033,full,5.0,25237R_1 (6ced5b1b-078c-43f2-9851-6ebcc2f69fd5),20.0,0.684,0.958066,0.919507,0.982169,0.935117,0.958066,0.985582,0.996371,2763192,50164,191724,13772136,2954916,2813356,16777216,0.176127,0.843461,0.703705,ok,5,3,0.6,1.0,0.75,0.6,0.6,1.0,0.75,0.6,0.665195,0.886926,0.75
nucleonet_scaled,nucleus,segapp_islet_nucleus,IsletSEM,25237R_1_00034,full,5.0,25237R_1 (6ced5b1b-078c-43f2-9851-6ebcc2f69fd5),20.0,0.755,0.973919,0.949164,0.993036,0.955524,0.973919,0.991295,0.998626,2726935,19124,126928,13904229,2853863,2746059,16777216,0.170103,0.946001,0.734835,ok,8,6,0.625,0.833333,0.714286,0.555556,0.625,0.833333,0.714286,0.555556,0.685149,0.959209,0.714286
nucleonet_scaled,nucleus,segapp_islet_nucleus,IsletSEM,25237R_1_00035,full,5.0,25237R_1 (6ced5b1b-078c-43f2-9851-6ebcc2f69fd5),20.0,0.738,0.979967,0.960721,0.994959,0.965419,0.979967,0.993963,0.999117,2477389,12551,88738,14198538,2566127,2489940,16777216,0.152953,0.994257,0.769851,ok,3,3,1.0,1.0,1.0,1.0,1.0,1.0,1.0,1.0,0.954912,0.954912,1.0
nucleonet_scaled,nucleus,segapp_islet_nucleus,IsletSEM,25237R_1_00036,full,5.0,25237R_1 (6ced5b1b-078c-43f2-9851-6ebcc2f69fd5),20.0,0.569,0.978698,0.958285,0.998977,0.959226,0.978698,0.990539,0.999712,3646359,3733,154995,12972129,3801354,3650092,16777216,0.226578,0.980124,0.676001,ok,3,5,1.0,0.6,0.75,0.6,1.0,0.6,0.75,0.6,0.703974,0.938632,0.75
nucleonet_scaled,nucleus,segapp_islet_nucleus,IsletSEM,25237R_1_00037,full,5.0,25237R_1 (6ced5b1b-078c-43f2-9851-6ebcc2f69fd5),20.0,1.003,0.984147,0.968788,0.99728,0.971355,0.984147,0.996371,0.999652,1889742,5155,55727,14826592,1945469,1894897,16777216,0.115959,0.990255,0.818398,ok,4,4,1.0,1.0,1.0,1.0,1.0,1.0,1.0,1.0,0.921092,0.921092,1.0
nucleonet_scaled,nucleus,segapp_islet_nucleus,IsletSEM,25237R_1_00038,full,5.0,25237R_1 (6ced5b1b-078c-43f2-9851-6ebcc2f69fd5),20.0,0.736,0.969455,0.940721,0.998059,0.942446,0.969455,0.990702,0.99966,2475667,4815,151187,14145547,2626854,2480482,16777216,0.156573,0.972143,0.764196,ok,4,5,1.0,0.8,0.888889,0.8,1.0,0.8,0.888889,0.8,0.862835,0.97069,0.888889
nucleonet_scaled,nucleus,segapp_islet_nucleus,IsletSEM,25237R_1_00039,full,5.0,25237R_1 (6ced5b1b-078c-43f2-9851-6ebcc2f69fd5),20.0,0.726,0.984232,0.968953,0.986427,0.982046,0.984232,0.994381,0.997062,2942139,40483,53788,13740806,2995927,2982622,16777216,0.178571,0.90213,0.806773,ok,5,4,0.6,0.75,0.666667,0.5,0.4,0.5,0.444444,0.285714,0.566554,0.84983,0.666667
nucleonet_scaled,nucleus,segapp_islet_nucleus,IsletSEM,25237R_1_00040,full,5.0,25237R_1 (6ced5b1b-078c-43f2-9851-6ebcc2f69fd5),20.0,0.653,0.980284,0.96133,0.992384,0.968475,0.980284,0.993405,0.998486,2750467,21107,89531,13916111,2839998,2771574,16777216,0.169277,0.976652,0.734321,ok,4,4,1.0,1.0,1.0,1.0,1.0,1.0,1.0,1.0,0.945053,0.945053,1.0
nucleonet_scaled,nucleus,segapp_islet_nucleus,IsletSEM,25237R_1_00041,full,5.0,25237R_1 (6ced5b1b-078c-43f2-9851-6ebcc2f69fd5),20.0,0.76,0.965887,0.934024,0.9999,0.934112,0.965887,0.997347,0.999996,630246,63,44455,16102452,674701,630309,16777216,0.040215,0.989525,0.537047,ok,1,1,1.0,1.0,1.0,1.0,1.0,1.0,1.0,1.0,0.934024,0.934024,1.0
nucleonet_scaled,nucleus,segapp_islet_nucleus,IsletSEM,25237R_1_00042,full,5.0,25237R_1 (6ced5b1b-078c-43f2-9851-6ebcc2f69fd5),20.0,0.796,0.962241,0.92723,0.971756,0.952911,0.962241,0.99391,0.997545,1301873,37839,64333,15373171,1366206,1339712,16777216,0.081432,0.936884,0.757575,ok,4,3,0.75,1.0,0.857143,0.75,0.75,1.0,0.857143,0.75,0.821775,0.958738,0.857143
nucleonet_scaled,nucleus,segapp_islet_nucleus,IsletSEM,25237R_1_00043,full,5.0,25237R_1 (6ced5b1b-078c-43f2-9851-6ebcc2f69fd5),20.0,0.74,0.941351,0.8892,0.920099,0.963608,0.941351,0.99032,0.992662,1303361,113184,49223,15311448,1352584,1416545,16777216,0.08062,0.921362,0.55139,ok,3,2,0.666667,1.0,0.8,0.666667,0.666667,1.0,0.8,0.666667,0.750146,0.937682,0.8
nucleonet_scaled,nucleus,segapp_islet_nucleus,IsletSEM,25237R_1_00044,full,5.0,25237R_1 (6ced5b1b-078c-43f2-9851-6ebcc2f69fd5),20.0,0.735,0.980255,0.961274,0.996578,0.964458,0.980255,0.991878,0.999125,3382568,11615,124654,13258379,3507222,3394183,16777216,0.209047,0.995621,0.773749,ok,5,5,1.0,1.0,1.0,1.0,1.0,1.0,1.0,1.0,0.957864,0.957864,1.0
nucleonet_scaled,nucleus,segapp_islet_nucleus,IsletSEM,25237R_1_00045,full,5.0,25237R_1 (6ced5b1b-078c-43f2-9851-6ebcc2f69fd5),20.0,0.757,0.968663,0.939231,0.988934,0.949206,0.968663,0.994145,0.998881,1518316,16989,81248,15160663,1599564,1535305,16777216,0.095341,0.986625,0.574345,ok,3,3,1.0,1.0,1.0,1.0,0.666667,0.666667,0.666667,0.5,0.883999,0.883999,1.0
nucleonet_scaled,nucleus,segapp_islet_nucleus,IsletSEM,25237R_1_00046,full,5.0,25237R_1 (6ced5b1b-078c-43f2-9851-6ebcc2f69fd5),20.0,0.639,0.957544,0.918547,0.996823,0.921243,0.957544,0.998003,0.999926,377812,1204,32299,16365901,410111,379016,16777216,0.024445,1.0,0.214566,ok,1,1,1.0,1.0,1.0,1.0,1.0,1.0,1.0,1.0,0.918547,0.918547,1.0
nucleonet_scaled,nucleus,segapp_islet_nucleus,IsletSEM,25237R_1_00047,full,5.0,25237R_1 (6ced5b1b-078c-43f2-9851-6ebcc2f69fd5),20.0,0.64,0.976899,0.954842,0.999969,0.95487,0.976899,0.998088,0.999999,678351,21,32061,16066783,710412,678372,16777216,0.042344,1.0,0.307068,ok,1,1,1.0,1.0,1.0,1.0,1.0,1.0,1.0,1.0,0.954842,0.954842,1.0
nucleonet_scaled,nucleus,segapp_islet_nucleus,IsletSEM,25237R_1_00048,full,5.0,25237R_1 (6ced5b1b-078c-43f2-9851-6ebcc2f69fd5),20.0,0.755,0.977449,0.955892,0.998049,0.957682,0.977449,0.994142,0.999714,2129954,4163,94119,14548980,2224073,2134117,16777216,0.132565,0.992754,0.728844,ok,5,4,0.8,1.0,0.888889,0.8,0.6,0.75,0.666667,0.5,0.746392,0.839691,0.888889
nucleonet_scaled,nucleus,segapp_islet_nucleus,IsletSEM,25237R_1_00049,full,5.0,25237R_1 (6ced5b1b-078c-43f2-9851-6ebcc2f69fd5),20.0,0.669,0.945517,0.896665,0.93516,0.956107,0.945517,0.995927,0.997455,592967,41114,27222,16115913,620189,634081,16777216,0.036966,0.897397,0.502188,ok,2,1,0.5,1.0,0.666667,0.5,0.5,1.0,0.666667,0.5,0.636757,0.955135,0.666667
nucleonet_scaled,nucleus,segapp_islet_nucleus,IsletSEM,25237R_1_00050,full,5.0,25237R_1 (6ced5b1b-078c-43f2-9851-6ebcc2f69fd5),20.0,0.726,0.93055,0.87012,0.94861,0.913164,0.93055,0.994228,0.997813,648723,35144,61689,16031660,710412,683867,16777216,0.042344,0.818959,0.419825,ok,2,1,0.5,1.0,0.666667,0.5,0.5,1.0,0.666667,0.5,0.608776,0.913164,0.666667
nucleonet_scaled,nucleus,segapp_islet_nucleus,IsletSEM,25237R_1_00051,full,5.0,25237R_1 (6ced5b1b-078c-43f2-9851-6ebcc2f69fd5),20.0,0.585,0.95694,0.917434,0.997453,0.919588,0.95694,0.992798,0.999776,1342667,3428,117407,15313714,1460074,1346095,16777216,0.087027,0.985827,0.553449,ok,6,3,0.333333,0.666667,0.444444,0.285714,0.333333,0.666667,0.444444,0.285714,0.412347,0.92778,0.444444
nucleonet_scaled,nucleus,segapp_islet_nucleus,IsletSEM,25237R_1_00052,full,5.0,25237R_1 (6ced5b1b-078c-43f2-9851-6ebcc2f69fd5),20.0,0.581,0.967176,0.936438,0.999957,0.936475,0.967176,0.997829,0.999999,536503,23,36393,16204297,572896,536526,16777216,0.034147,0.974874,0.465231,ok,1,1,1.0,1.0,1.0,1.0,1.0,1.0,1.0,1.0,0.936438,0.936438,1.0
nucleonet_scaled,nucleus,segapp_islet_nucleus,IsletSEM,25239_1_00053,full,5.0,25239_1 (4556ce56-3617-41fd-9a50-81c59f1edc00),20.0,0.652,0.984877,0.970205,0.999996,0.970209,0.984877,0.998724,1.0,697358,3,21413,16058442,718771,697361,16777216,0.042842,1.0,0.541876,ok,1,1,1.0,1.0,1.0,1.0,1.0,1.0,1.0,1.0,0.970205,0.970205,1.0
nucleonet_scaled,nucleus,segapp_islet_nucleus,IsletSEM,25239_1_00054,full,5.0,25239_1 (4556ce56-3617-41fd-9a50-81c59f1edc00),20.0,0.718,0.951637,0.907736,0.984547,0.920856,0.951637,0.981579,0.996459,3040559,47722,261326,13427609,3301885,3088281,16777216,0.196808,0.989259,0.638071,ok,4,4,1.0,1.0,1.0,1.0,1.0,1.0,1.0,1.0,0.918321,0.918321,1.0
nucleonet_scaled,nucleus,segapp_islet_nucleus,IsletSEM,25239_1_00055,full,5.0,25239_1 (4556ce56-3617-41fd-9a50-81c59f1edc00),20.0,0.657,0.984378,0.969236,0.998293,0.970845,0.984378,0.995016,0.99968,2634439,4504,79113,14059160,2713552,2638943,16777216,0.16174,0.990632,0.791525,ok,2,3,1.0,0.666667,0.8,0.666667,0.5,0.333333,0.4,0.25,0.634446,0.793058,0.8
nucleonet_scaled,nucleus,segapp_islet_nucleus,IsletSEM,25239_1_00056,full,5.0,25239_1 (4556ce56-3617-41fd-9a50-81c59f1edc00),20.0,0.698,0.951724,0.907895,0.999985,0.907908,0.951724,0.992192,0.999999,1291313,20,130982,15354901,1422295,1291333,16777216,0.084775,0.925684,0.444699,ok,2,2,1.0,1.0,1.0,1.0,1.0,1.0,1.0,1.0,0.929766,0.929766,1.0
nucleonet_scaled,nucleus,segapp_islet_nucleus,IsletSEM,25239_1_00057,full,5.0,25239_1 (4556ce56-3617-41fd-9a50-81c59f1edc00),20.0,0.637,0.971644,0.944851,0.995684,0.948737,0.971644,0.997824,0.999832,625587,2712,33802,16115115,659389,628299,16777216,0.039303,0.950397,0.698629,ok,2,2,1.0,1.0,1.0,1.0,1.0,1.0,1.0,1.0,0.941933,0.941933,1.0
nucleonet_scaled,nucleus,segapp_islet_nucleus,IsletSEM,25239_1_00058,full,5.0,25239_1 (4556ce56-3617-41fd-9a50-81c59f1edc00),20.0,0.521,0.960742,0.924449,0.953335,0.968264,0.960742,0.995307,0.997012,963328,47154,31574,15735160,994902,1010482,16777216,0.059301,0.923857,0.804581,ok,4,4,1.0,1.0,1.0,1.0,0.75,0.75,0.75,0.6,0.886089,0.886089,1.0
nucleonet_scaled,nucleus,segapp_islet_nucleus,IsletSEM,25239_1_00059,full,5.0,25239_1 (4556ce56-3617-41fd-9a50-81c59f1edc00),20.0,0.67,0.985125,0.970686,0.998664,0.971948,0.985125,0.993242,0.999611,3754655,5023,108365,12909173,3863020,3759678,16777216,0.230254,0.991124,0.780973,ok,8,5,0.5,0.8,0.615385,0.444444,0.375,0.6,0.461538,0.3,0.548971,0.892078,0.615385
nucleonet_scaled,nucleus,segapp_islet_nucleus,IsletSEM,25239_1_00060,full,5.0,25239_1 (4556ce56-3617-41fd-9a50-81c59f1edc00),20.0,0.639,0.972729,0.946906,0.999486,0.947366,0.972729,0.998979,0.99999,305538,157,16975,16454546,322513,305695,16777216,0.019223,0.974918,0.849564,ok,3,3,1.0,1.0,1.0,1.0,1.0,1.0,1.0,1.0,0.910899,0.910899,1.0
nucleonet_scaled,nucleus,segapp_islet_nucleus,IsletSEM,25239_1_00061,full,5.0,25239_1 (4556ce56-3617-41fd-9a50-81c59f1edc00),20.0,1.335,0.977471,0.955935,0.999456,0.956433,0.977471,0.989016,0.999827,3997831,2178,182108,12595099,4179939,4000009,16777216,0.249144,0.981708,0.632434,ok,5,5,0.8,0.8,0.8,0.666667,0.6,0.6,0.6,0.428571,0.695548,0.869435,0.8
nucleonet_scaled,nucleus,segapp_islet_nucleus,IsletSEM,25239_1_00062,full,5.0,25239_1 (4556ce56-3617-41fd-9a50-81c59f1edc00),20.0,0.783,0.956043,0.915788,0.982302,0.931152,0.956043,0.985935,0.996703,2566074,46232,189732,13975178,2755806,2612306,16777216,0.164259,0.818936,0.476087,ok,4,4,0.75,0.75,0.75,0.6,0.25,0.25,0.25,0.142857,0.529208,0.70561,0.75
nucleonet_scaled,nucleus,segapp_islet_nucleus,IsletSEM,25239_1_00063,full,5.0,25239_1 (4556ce56-3617-41fd-9a50-81c59f1edc00),20.0,0.648,0.921198,0.853908,0.998914,0.854701,0.921198,0.996652,0.999978,328295,357,55810,16392754,384105,328652,16777216,0.022894,0.937029,0.324583,ok,3,2,0.666667,1.0,0.8,0.666667,0.666667,1.0,0.8,0.666667,0.698482,0.873102,0.8
nucleonet_scaled,nucleus,segapp_islet_nucleus,IsletSEM,25239_1_00064,full,5.0,25239_1 (4556ce56-3617-41fd-9a50-81c59f1edc00),20.0,0.639,0.930531,0.870087,0.92742,0.933663,0.930531,0.98823,0.993262,1322491,103499,93963,15257263,1416454,1425990,16777216,0.084427,0.943864,0.591962,ok,6,3,0.5,1.0,0.666667,0.5,0.5,1.0,0.666667,0.5,0.624326,0.936489,0.666667
nucleonet_scaled,nucleus,segapp_islet_nucleus,IsletSEM,25239_1_00065,full,5.0,25239_1 (4556ce56-3617-41fd-9a50-81c59f1edc00),20.0,0.655,0.983879,0.96827,0.997847,0.970298,0.983879,0.992077,0.999305,4056457,8754,124174,12587831,4180631,4065211,16777216,0.249185,1.0,0.726745,ok,6,4,0.5,0.75,0.6,0.428571,0.5,0.75,0.6,0.428571,0.584352,0.97392,0.6
nucleonet_scaled,nucleus,segapp_islet_nucleus,IsletSEM,25239_1_00066,full,5.0,25239_1 (4556ce56-3617-41fd-9a50-81c59f1edc00),20.0,0.696,0.9725,0.946472,0.998462,0.947854,0.9725,0.988955,0.999621,3276626,5048,180262,13315280,3456888,3281674,16777216,0.206047,0.987946,0.621957,ok,7,5,0.714286,1.0,0.833333,0.714286,0.428571,0.6,0.5,0.333333,0.641886,0.770263,0.833333
nucleonet_scaled,nucleus,segapp_islet_nucleus,IsletSEM,25239_1_00067,full,5.0,25239_1 (4556ce56-3617-41fd-9a50-81c59f1edc00),20.0,0.915,0.97764,0.956257,0.996863,0.959143,0.97764,0.994011,0.999523,2196450,6912,93562,14480292,2290012,2203362,16777216,0.136495,0.979016,0.736568,ok,5,5,1.0,1.0,1.0,1.0,1.0,1.0,1.0,1.0,0.956878,0.956878,1.0
nucleonet_scaled,nucleus,segapp_islet_nucleus,IsletSEM,25239_1_00068,full,5.0,25239_1 (4556ce56-3617-41fd-9a50-81c59f1edc00),20.0,0.71,0.977843,0.956647,0.999488,0.957116,0.977843,0.992124,0.999891,2915777,1494,130642,13729303,3046419,2917271,16777216,0.181581,0.959714,0.70557,ok,6,5,0.833333,1.0,0.909091,0.833333,0.666667,0.8,0.727273,0.571429,0.792326,0.871559,0.909091
nucleonet_scaled,nucleus,segapp_islet_nucleus,IsletSEM,25239_1_00069,full,5.0,25239_1 (4556ce56-3617-41fd-9a50-81c59f1edc00),20.0,0.644,0.984686,0.969834,0.998617,0.971138,0.984686,0.992533,0.999558,4027564,5577,119699,12624376,4147263,4033141,16777216,0.247196,0.941935,0.733704,ok,3,5,1.0,0.6,0.75,0.6,0.666667,0.4,0.5,0.333333,0.627783,0.837043,0.75
nucleonet_scaled,nucleus,segapp_islet_nucleus,IsletSEM,25239_1_00070,full,5.0,25239_1 (4556ce56-3617-41fd-9a50-81c59f1edc00),20.0,0.748,0.986064,0.97251,0.998685,0.973757,0.986064,0.997944,0.999896,1220403,1607,32890,15522316,1253293,1222010,16777216,0.074702,1.0,0.500766,ok,1,1,1.0,1.0,1.0,1.0,1.0,1.0,1.0,1.0,0.97251,0.97251,1.0
nucleonet_scaled,nucleus,segapp_islet_nucleus,IsletSEM,25239_1_00071,full,5.0,25239_1 (4556ce56-3617-41fd-9a50-81c59f1edc00),20.0,0.617,0.989039,0.978316,0.999064,0.979214,0.989039,0.999105,0.999961,677467,635,14381,16084733,691848,678102,16777216,0.041237,0.990174,0.646947,ok,1,1,1.0,1.0,1.0,1.0,1.0,1.0,1.0,1.0,0.978316,0.978316,1.0
nucleonet_scaled,nucleus,segapp_islet_nucleus,IsletSEM,25239_1_00072,full,5.0,25239_1 (4556ce56-3617-41fd-9a50-81c59f1edc00),20.0,0.696,0.963434,0.929448,0.999829,0.929596,0.963434,0.993638,0.999984,1406046,240,106489,15264441,1512535,1406286,16777216,0.090154,0.958521,0.486127,ok,4,4,1.0,1.0,1.0,1.0,1.0,1.0,1.0,1.0,0.905868,0.905868,1.0
nucleonet_scaled,nucleus,segapp_islet_nucleus,IsletSEM,25239_1_00073,full,5.0,25239_1 (4556ce56-3617-41fd-9a50-81c59f1edc00),20.0,0.7,0.983092,0.966746,0.996176,0.970347,0.983092,0.990815,0.998586,4479769,17195,136899,12143353,4616668,4496964,16777216,0.275175,0.993935,0.649816,ok,4,5,1.0,0.8,0.888889,0.8,1.0,0.8,0.888889,0.8,0.829712,0.933426,0.888889
nucleonet_scaled,nucleus,segapp_islet_nucleus,IsletSEM,25239_1_00074,full,5.0,25239_1 (4556ce56-3617-41fd-9a50-81c59f1edc00),20.0,1.106,0.973437,0.948248,0.999249,0.948924,0.973437,0.997367,0.999962,809356,608,43564,15923688,852920,809964,16777216,0.050838,0.991525,0.69051,ok,2,2,1.0,1.0,1.0,1.0,1.0,1.0,1.0,1.0,0.940836,0.940836,1.0
nucleonet_scaled,nucleus,segapp_islet_nucleus,IsletSEM,25239_1_00075,full,5.0,25239_1 (4556ce56-3617-41fd-9a50-81c59f1edc00),20.0,0.714,0.933113,0.874613,0.912853,0.954294,0.933113,0.974915,0.979545,2935553,280249,140600,13420814,3076153,3215802,16777216,0.183353,0.840782,0.605029,ok,6,4,0.666667,1.0,0.8,0.666667,0.666667,1.0,0.8,0.666667,0.722978,0.903723,0.8
nucleonet_scaled,nucleus,segapp_islet_nucleus,IsletSEM,25239_1_00076,full,5.0,25239_1 (4556ce56-3617-41fd-9a50-81c59f1edc00),20.0,0.848,0.97321,0.947819,0.997724,0.949873,0.97321,0.989552,0.999459,3184073,7264,168032,13417847,3352105,3191337,16777216,0.199801,0.957277,0.62869,ok,6,5,0.666667,0.8,0.727273,0.571429,0.333333,0.4,0.363636,0.222222,0.554785,0.762829,0.727273
nucleonet_scaled,nucleus,segapp_islet_nucleus,IsletSEM,25239_1_00077,full,5.0,25239_1 (4556ce56-3617-41fd-9a50-81c59f1edc00),20.0,0.698,0.963542,0.929649,0.999247,0.930301,0.963542,0.980133,0.999724,4404544,3320,329994,12039358,4734538,4407864,16777216,0.2822,0.932513,0.496796,ok,4,5,1.0,0.8,0.888889,0.8,1.0,0.8,0.888889,0.8,0.760575,0.855647,0.888889
nucleonet_scaled,nucleus,segapp_islet_nucleus,IsletSEM,25239_1_00078,full,5.0,25239_1 (4556ce56-3617-41fd-9a50-81c59f1edc00),20.0,0.708,0.985222,0.970874,0.999349,0.971488,0.985222,0.994982,0.999868,2806113,1827,82355,13886921,2888468,2807940,16777216,0.172166,0.989011,0.757793,ok,4,5,1.0,0.8,0.888889,0.8,1.0,0.8,0.888889,0.8,0.812403,0.913953,0.888889
nucleonet_scaled,nucleus,segapp_islet_nucleus,IsletSEM,25239_1_00079,full,5.0,25239_1 (4556ce56-3617-41fd-9a50-81c59f1edc00),20.0,0.988,0.984923,0.970293,0.982563,0.987294,0.984923,0.995553,0.996977,2437085,43250,31364,14265517,2468449,2480335,16777216,0.147131,0.968988,0.519537,ok,11,1,0.0,0.0,0.0,0.0,0.0,0.0,0.0,0.0,0.0,0.0,0.0
nucleonet_scaled,nucleus,segapp_islet_nucleus,IsletSEM,25239_1_00080,full,5.0,25239_1 (4556ce56-3617-41fd-9a50-81c59f1edc00),20.0,0.745,0.986398,0.973162,0.985652,0.987145,0.986398,0.995995,0.997521,2436718,35470,31731,14273297,2468449,2472188,16777216,0.147131,0.97852,0.582222,ok,8,1,0.0,0.0,0.0,0.0,0.0,0.0,0.0,0.0,0.0,0.0,0.0
nucleonet_scaled,nucleus,segapp_islet_nucleus,IsletSEM,25239_1_00081,full,5.0,25239_1 (4556ce56-3617-41fd-9a50-81c59f1edc00),20.0,0.622,0.941543,0.889542,0.961203,0.92267,0.941543,0.998316,0.999444,227560,9185,19072,16521399,246632,236745,16777216,0.0147,0.905921,0.735238,ok,2,2,1.0,1.0,1.0,1.0,1.0,1.0,1.0,1.0,0.888191,0.888191,1.0
nucleonet_scaled,nucleus,segapp_islet_nucleus,IsletSEM,25239_1_00082,full,5.0,25239_1 (4556ce56-3617-41fd-9a50-81c59f1edc00),20.0,0.53,0.978435,0.95778,0.999312,0.958411,0.978435,0.992003,0.999846,3043544,2094,132070,13599508,3175614,3045638,16777216,0.189281,0.952826,0.59553,ok,2,3,1.0,0.666667,0.8,0.666667,0.5,0.333333,0.4,0.25,0.5596,0.6995,0.8
nucleonet_scaled,nucleus,segapp_islet_nucleus,IsletSEM,25239_1_00083,full,5.0,25239_1 (4556ce56-3617-41fd-9a50-81c59f1edc00),20.0,0.671,0.977807,0.956578,0.996716,0.959602,0.977807,0.992861,0.99938,2638416,8692,111074,14019034,2749490,2647108,16777216,0.163882,0.981326,0.730357,ok,4,4,0.75,0.75,0.75,0.6,0.25,0.25,0.25,0.142857,0.528587,0.704783,0.75
nucleonet_scaled,nucleus,segapp_islet_nucleus,IsletSEM,25239_1_00084,full,5.0,25239_1 (4556ce56-3617-41fd-9a50-81c59f1edc00),20.0,0.701,0.977528,0.956044,0.988902,0.966413,0.977528,0.992064,0.997642,2895942,32501,100645,13748128,2996587,2928443,16777216,0.178611,0.97715,0.688474,ok,5,4,0.8,1.0,0.888889,0.8,0.8,1.0,0.888889,0.8,0.845515,0.951205,0.888889
nucleonet_scaled,nucleus,segapp_islet_nucleus,IsletSEM,25239_1_00085,full,5.0,25239_1 (4556ce56-3617-41fd-9a50-81c59f1edc00),20.0,0.71,0.949039,0.90302,0.95952,0.938784,0.949039,0.992986,0.997039,1095658,46223,71445,15563890,1167103,1141881,16777216,0.069565,0.898232,0.598399,ok,4,3,0.5,0.666667,0.571429,0.4,0.5,0.666667,0.571429,0.4,0.538891,0.94306,0.571429
nucleonet_scaled,nucleus,segapp_islet_nucleus,IsletSEM,25239_1_00086,full,5.0,25239_1 (4556ce56-3617-41fd-9a50-81c59f1edc00),20.0,1.151,0.982658,0.965908,0.992652,0.972864,0.982658,0.992473,0.997978,3577825,26484,99797,13073110,3677622,3604309,16777216,0.219203,0.988133,0.767163,ok,2,4,1.0,0.5,0.666667,0.5,0.5,0.25,0.333333,0.2,0.496083,0.744124,0.666667
nucleonet_scaled,nucleus,segapp_islet_nucleus,IsletSEM,25239_1_00087,full,5.0,25239_1 (4556ce56-3617-41fd-9a50-81c59f1edc00),20.0,0.676,0.982562,0.965721,0.993559,0.971805,0.982562,0.994399,0.998779,2647104,17160,76801,14036151,2723905,2664264,16777216,0.162357,0.965863,0.707826,ok,4,4,0.75,0.75,0.75,0.6,0.75,0.75,0.75,0.6,0.674166,0.898888,0.75
nucleonet_scaled,nucleus,segapp_islet_nucleus,IsletSEM,25239_1_00088,full,5.0,25239_1 (4556ce56-3617-41fd-9a50-81c59f1edc00),20.0,0.688,0.977327,0.955658,0.994108,0.961102,0.977327,0.993461,0.999021,2364447,14014,95694,14303061,2460141,2378461,16777216,0.146636,0.979607,0.695104,ok,4,3,0.75,1.0,0.857143,0.75,0.75,1.0,0.857143,0.75,0.818335,0.954724,0.857143
nucleonet_scaled,nucleus,segapp_islet_nucleus,IsletSEM,25239_1_00089,full,5.0,25239_1 (4556ce56-3617-41fd-9a50-81c59f1edc00),20.0,0.753,0.966155,0.934526,0.997537,0.936688,0.966155,0.99276,0.999713,1733768,4281,117188,14921979,1850956,1738049,16777216,0.110326,0.988433,0.626709,ok,3,3,1.0,1.0,1.0,1.0,1.0,1.0,1.0,1.0,0.914582,0.914582,1.0
nucleonet_scaled,nucleus,segapp_islet_nucleus,IsletSEM,25239_1_00090,full,5.0,25239_1 (4556ce56-3617-41fd-9a50-81c59f1edc00),20.0,0.686,0.932543,0.873613,0.91007,0.956155,0.932543,0.969619,0.973408,3523250,348155,161561,12744250,3684811,3871405,16777216,0.219632,0.916471,0.473607,ok,5,4,0.8,1.0,0.888889,0.8,0.8,1.0,0.888889,0.8,0.79362,0.892822,0.888889
nucleonet_scaled,nucleus,segapp_islet_nucleus,IsletSEM,25239_1_00091,full,5.0,25239_1 (4556ce56-3617-41fd-9a50-81c59f1edc00),20.0,0.745,0.943717,0.893433,0.998697,0.894475,0.943717,0.983606,0.999788,2305845,3009,272029,14196333,2577874,2308854,16777216,0.153653,0.881662,0.565409,ok,4,3,0.75,1.0,0.857143,0.75,0.5,0.666667,0.571429,0.4,0.654523,0.76361,0.857143
nucleonet_scaled,nucleus,segapp_islet_nucleus,IsletSEM,25239_1_00092,full,5.0,25239_1 (4556ce56-3617-41fd-9a50-81c59f1edc00),20.0,0.655,0.966455,0.935088,0.990081,0.943931,0.966455,0.9849,0.997168,3649512,36562,216780,12874362,3866292,3686074,16777216,0.230449,0.863513,0.527934,ok,6,4,0.333333,0.5,0.4,0.25,0.166667,0.25,0.2,0.111111,0.295675,0.739188,0.4
nucleonet_scaled,nucleus,segapp_islet_nucleus,IsletSEM,25239_1_00093,full,5.0,25239_1 (4556ce56-3617-41fd-9a50-81c59f1edc00),20.0,0.794,0.959376,0.921925,0.952917,0.965924,0.959376,0.984793,0.989102,3012702,148854,106284,13509376,3118986,3161556,16777216,0.185906,0.87462,0.711009,ok,4,4,0.75,0.75,0.75,0.6,0.5,0.5,0.5,0.333333,0.635835,0.84778,0.75
nucleonet_scaled,nucleus,segapp_islet_nucleus,IsletSEM,25239_1_00094,full,5.0,25239_1 (4556ce56-3617-41fd-9a50-81c59f1edc00),20.0,0.585,0.979525,0.959871,0.998874,0.960911,0.979525,0.988312,0.999556,4690397,5287,190802,11890730,4881199,4695684,16777216,0.290942,0.965582,0.629282,ok,5,6,1.0,0.833333,0.909091,0.833333,0.8,0.666667,0.727273,0.571429,0.764299,0.840729,0.909091
nucleonet_scaled,nucleus,segapp_islet_nucleus,IsletSEM,25239_1_00095,full,5.0,25239_1 (4556ce56-3617-41fd-9a50-81c59f1edc00),20.0,0.828,0.981062,0.962829,0.999098,0.963667,0.981062,0.991207,0.999731,3821413,3450,144080,12808273,3965493,3824863,16777216,0.236362,0.969458,0.681954,ok,5,6,1.0,0.833333,0.909091,0.833333,1.0,0.833333,0.909091,0.833333,0.861386,0.947525,0.909091
nucleonet_scaled,nucleus,segapp_islet_nucleus,IsletSEM,25239_1_00096,full,5.0,25239_1 (4556ce56-3617-41fd-9a50-81c59f1edc00),20.0,0.615,0.960635,0.924251,0.997123,0.926723,0.960635,0.998287,0.999938,350683,1012,27729,16397792,378412,351695,16777216,0.022555,0.995489,0.518607,ok,1,1,1.0,1.0,1.0,1.0,1.0,1.0,1.0,1.0,0.924251,0.924251,1.0
nucleonet_scaled,nucleus,segapp_islet_nucleus,IsletSEM,25239_1_00097,full,5.0,25239_1 (4556ce56-3617-41fd-9a50-81c59f1edc00),20.0,0.766,0.981397,0.963473,0.999978,0.963493,0.981397,0.999482,1.0,229321,5,8689,16539201,238010,229326,16777216,0.014187,0.989601,0.583247,ok,1,1,1.0,1.0,1.0,1.0,1.0,1.0,1.0,1.0,0.963473,0.963473,1.0
nucleonet_scaled,nucleus,segapp_islet_nucleus,IsletSEM,25239_1_00098,full,5.0,25239_1 (4556ce56-3617-41fd-9a50-81c59f1edc00),20.0,0.761,0.92831,0.866211,0.940332,0.916591,0.92831,0.993426,0.997168,714095,45312,64982,15952827,779077,759407,16777216,0.046437,0.899045,0.291742,ok,3,2,0.666667,1.0,0.8,0.666667,0.666667,1.0,0.8,0.666667,0.735096,0.91887,0.8
nucleonet_scaled,nucleus,segapp_islet_nucleus,IsletSEM,25239_1_00099,full,5.0,25239_1 (4556ce56-3617-41fd-9a50-81c59f1edc00),20.0,0.575,0.931693,0.872121,0.998507,0.873259,0.931693,0.985441,0.999833,1665824,2490,241770,14867132,1907594,1668314,16777216,0.113701,0.813887,0.566918,ok,4,4,0.75,0.75,0.75,0.6,0.75,0.75,0.75,0.6,0.686678,0.91557,0.75
nucleonet_scaled,nucleus,segapp_islet_nucleus,IsletSEM,25239_1_00100,full,5.0,25239_1 (4556ce56-3617-41fd-9a50-81c59f1edc00),20.0,0.777,0.976712,0.954485,0.997145,0.9571,0.976712,0.995482,0.999699,1589589,4551,71250,15111826,1660839,1594140,16777216,0.098994,0.990009,0.796643,ok,4,4,1.0,1.0,1.0,1.0,1.0,1.0,1.0,1.0,0.949978,0.949978,1.0
nucleonet_scaled,nucleus,segapp_islet_nucleus,IsletSEM,25239_1_00101,full,5.0,25239_1 (4556ce56-3617-41fd-9a50-81c59f1edc00),20.0,0.687,0.907452,0.830583,0.997869,0.832059,0.907452,0.978725,0.999745,1749917,3737,353199,14670363,2103116,1753654,16777216,0.125355,0.726368,0.703411,ok,1,3,1.0,0.333333,0.5,0.333333,1.0,0.333333,0.5,0.333333,0.425386,0.850771,0.5
nucleonet_scaled,nucleus,segapp_islet_nucleus,IsletSEM,25239_1_00102,full,5.0,25239_1 (4556ce56-3617-41fd-9a50-81c59f1edc00),20.0,0.692,0.745576,0.594358,0.997567,0.595221,0.745576,0.912763,0.999603,2144500,5230,1458366,13169120,3602866,2149730,16777216,0.214748,0.826728,0.363148,ok,7,3,0.142857,0.333333,0.2,0.111111,0.142857,0.333333,0.2,0.111111,0.19346,0.967302,0.2
nucleonet_scaled,nucleus,segapp_islet_nucleus,IsletSEM,25239_1_00103,full,5.0,25239_1 (4556ce56-3617-41fd-9a50-81c59f1edc00),20.0,0.756,0.0,0.0,nan,0.0,0.0,0.941835,1.0,0,0,975845,15801371,975845,0,16777216,0.058165,0.0,0.0,ok,0,1,nan,0.0,0.0,0.0,nan,0.0,0.0,0.0,0.0,0.0,0.0
nucleonet_scaled,nucleus,segapp_islet_nucleus,IsletSEM,25239_1_00104,full,5.0,25239_1 (4556ce56-3617-41fd-9a50-81c59f1edc00),20.0,0.502,0.967648,0.937323,0.996633,0.940301,0.967648,0.996658,0.999822,838523,2833,53237,15882623,891760,841356,16777216,0.053153,0.956851,0.640963,ok,3,3,1.0,1.0,1.0,1.0,1.0,1.0,1.0,1.0,0.91074,0.91074,1.0
nucleonet_scaled,nucleus,segapp_islet_nucleus,IsletSEM,25239_1_00105,full,5.0,25239_1 (4556ce56-3617-41fd-9a50-81c59f1edc00),20.0,0.604,0.980414,0.961581,0.998825,0.962669,0.980414,0.995742,0.999859,1788145,2103,69341,14917627,1857486,1790248,16777216,0.110715,0.973684,0.71674,ok,4,4,0.75,0.75,0.75,0.6,0.5,0.5,0.5,0.333333,0.601226,0.801635,0.75
nucleonet_scaled,nucleus,segapp_islet_nucleus,IsletSEM,25239_1_00106,full,5.0,25239_1 (4556ce56-3617-41fd-9a50-81c59f1edc00),20.0,0.674,0.973222,0.94784,0.999146,0.948609,0.973222,0.994268,0.9999,1747666,1494,94680,14933376,1842346,1749160,16777216,0.109812,0.955446,0.593916,ok,4,4,1.0,1.0,1.0,1.0,1.0,1.0,1.0,1.0,0.870672,0.870672,1.0
nucleonet_scaled,nucleus,segapp_islet_nucleus,IsletSEM,25239_1_00107,full,5.0,25239_1 (4556ce56-3617-41fd-9a50-81c59f1edc00),20.0,0.704,0.809461,0.679911,0.918225,0.723734,0.809461,0.96558,0.992757,1226611,109239,468226,14973140,1694837,1335850,16777216,0.10102,0.786835,0.325466,ok,3,3,0.666667,0.666667,0.666667,0.5,0.666667,0.666667,0.666667,0.5,0.535096,0.802645,0.666667
nucleonet_scaled,nucleus,segapp_islet_nucleus,IsletSEM,25239_1_00108,full,5.0,25239_1 (4556ce56-3617-41fd-9a50-81c59f1edc00),20.0,0.616,3.1e-05,1.6e-05,1.0,1.6e-05,3.1e-05,0.980894,1.0,5,0,320538,16456673,320543,5,16777216,0.019106,0.0,0.0,ok,1,1,0.0,0.0,0.0,0.0,0.0,0.0,0.0,0.0,0.0,0.0,0.0
nucleonet_scaled,nucleus,segapp_islet_nucleus,IsletSEM,25399_1_00109,full,5.0,25399_1 (7235239e-159d-425c-9f35-e6b9fe391b2a),20.0,0.675,0.948389,0.901843,0.98636,0.913233,0.948389,0.997454,0.999668,392512,5428,37293,16341983,429805,397940,16777216,0.025618,0.925707,0.495262,ok,3,1,0.333333,1.0,0.5,0.333333,0.333333,1.0,0.5,0.333333,0.455969,0.911938,0.5
nucleonet_scaled,nucleus,segapp_islet_nucleus,IsletSEM,25399_1_00110,full,5.0,25399_1 (7235239e-159d-425c-9f35-e6b9fe391b2a),20.0,0.514,0.727858,0.572151,0.577405,0.984346,0.727858,0.94555,0.942451,1221627,894092,19428,14642069,1241055,2115719,16777216,0.073973,0.399171,0.496295,ok,5,2,0.4,1.0,0.571429,0.4,0.4,1.0,0.571429,0.4,0.54713,0.957478,0.571429
nucleonet_scaled,nucleus,segapp_islet_nucleus,IsletSEM,25399_1_00111,full,5.0,25399_1 (7235239e-159d-425c-9f35-e6b9fe391b2a),20.0,0.552,0.897214,0.813588,0.90088,0.893577,0.897214,0.99782,0.998942,159626,17563,19011,16581016,178637,177189,16777216,0.010648,0.779221,0.37183,ok,2,1,0.5,1.0,0.666667,0.5,0.5,1.0,0.666667,0.5,0.590899,0.886348,0.666667
nucleonet_scaled,nucleus,segapp_islet_nucleus,IsletSEM,25399_1_00112,full,5.0,25399_1 (7235239e-159d-425c-9f35-e6b9fe391b2a),20.0,0.525,0.98299,0.966549,0.982978,0.983002,0.98299,0.993414,0.995914,3192668,55287,55206,13474055,3247874,3247955,16777216,0.193588,0.929102,0.719689,ok,3,2,0.666667,1.0,0.8,0.666667,0.666667,1.0,0.8,0.666667,0.744846,0.931057,0.8
nucleonet_scaled,nucleus,segapp_islet_nucleus,IsletSEM,25399_1_00113,full,5.0,25399_1 (7235239e-159d-425c-9f35-e6b9fe391b2a),20.0,0.701,0.968162,0.938288,1.0,0.938288,0.968162,0.997236,1.0,705178,0,46380,16025658,751558,705178,16777216,0.044796,0.973129,0.57548,ok,1,1,1.0,1.0,1.0,1.0,1.0,1.0,1.0,1.0,0.938288,0.938288,1.0
nucleonet_scaled,nucleus,segapp_islet_nucleus,IsletSEM,25399_1_00114,full,5.0,25399_1 (7235239e-159d-425c-9f35-e6b9fe391b2a),20.0,1.129,0.98431,0.969105,0.982179,0.98645,0.98431,0.996486,0.997749,1849052,33549,25398,14869217,1874450,1882601,16777216,0.111726,0.966865,0.870995,ok,6,5,0.5,0.6,0.545455,0.375,0.5,0.6,0.545455,0.375,0.504285,0.924522,0.545455
nucleonet_scaled,nucleus,segapp_islet_nucleus,IsletSEM,25399_1_00115,full,5.0,25399_1 (7235239e-159d-425c-9f35-e6b9fe391b2a),20.0,0.742,0.982325,0.965263,0.985664,0.979008,0.982325,0.993102,0.996533,3216084,46778,68959,13445395,3285043,3262862,16777216,0.195804,0.983415,0.767331,ok,5,6,1.0,0.833333,0.909091,0.833333,0.6,0.5,0.545455,0.375,0.739419,0.81336,0.909091
nucleonet_scaled,nucleus,segapp_islet_nucleus,IsletSEM,25399_1_00116,full,5.0,25399_1 (7235239e-159d-425c-9f35-e6b9fe391b2a),20.0,0.728,0.979459,0.959746,0.979107,0.979812,0.979459,0.988927,0.992289,4429265,94517,91259,12162175,4520524,4523782,16777216,0.269444,0.978389,0.786147,ok,7,5,0.571429,0.8,0.666667,0.5,0.428571,0.6,0.5,0.333333,0.577257,0.865885,0.666667
nucleonet_scaled,nucleus,segapp_islet_nucleus,IsletSEM,25399_1_00117,full,5.0,25399_1 (7235239e-159d-425c-9f35-e6b9fe391b2a),20.0,0.743,0.938196,0.883587,0.887834,0.994615,0.938196,0.983675,0.982118,2078816,262630,11254,14424516,2090070,2341446,16777216,0.124578,0.69258,0.720536,ok,9,6,0.666667,1.0,0.8,0.666667,0.444444,0.666667,0.533333,0.363636,0.673045,0.841306,0.8
nucleonet_scaled,nucleus,segapp_islet_nucleus,IsletSEM,25399_1_00118,full,5.0,25399_1 (7235239e-159d-425c-9f35-e6b9fe391b2a),20.0,0.678,0.982331,0.965276,0.982629,0.982033,0.982331,0.997523,0.998691,1154987,20418,21131,15580680,1176118,1175405,16777216,0.070102,0.958019,0.700066,ok,3,1,0.333333,1.0,0.5,0.333333,0.333333,1.0,0.5,0.333333,0.489708,0.979415,0.5
nucleonet_scaled,nucleus,segapp_islet_nucleus,IsletSEM,25399_1_00119,full,5.0,25399_1 (7235239e-159d-425c-9f35-e6b9fe391b2a),20.0,0.669,0.984851,0.970154,0.987437,0.982278,0.984851,0.995738,0.997948,2324207,29571,41932,14381506,2366139,2353778,16777216,0.141033,0.939078,0.739132,ok,4,4,0.75,0.75,0.75,0.6,0.75,0.75,0.75,0.6,0.715664,0.954219,0.75
nucleonet_scaled,nucleus,segapp_islet_nucleus,IsletSEM,25399_1_00120,full,5.0,25399_1 (7235239e-159d-425c-9f35-e6b9fe391b2a),20.0,0.704,0.981685,0.964029,0.991872,0.971706,0.981685,0.992523,0.997931,3362022,27550,97896,13289748,3459918,3389572,16777216,0.206227,0.945014,0.734798,ok,4,5,1.0,0.8,0.888889,0.8,1.0,0.8,0.888889,0.8,0.836822,0.941424,0.888889
nucleonet_scaled,nucleus,segapp_islet_nucleus,IsletSEM,25399_1_00121,full,5.0,25399_1 (7235239e-159d-425c-9f35-e6b9fe391b2a),20.0,0.695,0.985752,0.971904,0.996665,0.975076,0.985752,0.997587,0.999694,1400549,4687,35800,15336180,1436349,1405236,16777216,0.085613,0.992716,0.760238,ok,3,1,0.333333,1.0,0.5,0.333333,0.333333,1.0,0.5,0.333333,0.486015,0.97203,0.5
nucleonet_scaled,nucleus,segapp_islet_nucleus,IsletSEM,25399_1_00122,full,5.0,25399_1 (7235239e-159d-425c-9f35-e6b9fe391b2a),20.0,0.544,0.974025,0.949365,0.997864,0.951298,0.974025,0.994021,0.999728,1880824,4026,96289,14796077,1977113,1884850,16777216,0.117845,1.0,0.675992,ok,3,2,0.666667,1.0,0.8,0.666667,0.333333,0.5,0.4,0.25,0.607502,0.759377,0.8
nucleonet_scaled,nucleus,segapp_islet_nucleus,IsletSEM,25399_1_00123,full,5.0,25399_1 (7235239e-159d-425c-9f35-e6b9fe391b2a),20.0,0.688,0.956995,0.917536,0.935694,0.979288,0.956995,0.983245,0.984175,3127774,214958,66151,13368333,3193925,3342732,16777216,0.190373,0.819277,0.729326,ok,4,3,0.75,1.0,0.857143,0.75,0.75,1.0,0.857143,0.75,0.775964,0.905291,0.857143
nucleonet_scaled,nucleus,segapp_islet_nucleus,IsletSEM,25399_1_00124,full,5.0,25399_1 (7235239e-159d-425c-9f35-e6b9fe391b2a),20.0,0.685,0.991681,0.9835,0.992415,0.990949,0.991681,0.996916,0.998275,3083865,23571,28167,13641613,3112032,3107436,16777216,0.185492,0.998369,0.900883,ok,3,4,1.0,0.75,0.857143,0.75,0.666667,0.5,0.571429,0.4,0.707407,0.825308,0.857143
nucleonet_scaled,nucleus,segapp_islet_nucleus,IsletSEM,25399_1_00125,full,5.0,25399_1 (7235239e-159d-425c-9f35-e6b9fe391b2a),20.0,1.072,0.700101,0.538581,0.552144,0.956382,0.700101,0.907635,0.901442,1808765,1467129,82493,13418829,1891258,3275894,16777216,0.112728,0.568779,0.455473,ok,33,2,0.060606,1.0,0.114286,0.060606,0.060606,1.0,0.114286,0.060606,0.109115,0.954757,0.114286
nucleonet_scaled,nucleus,segapp_islet_nucleus,IsletSEM,25399_1_00126,full,5.0,25399_1 (7235239e-159d-425c-9f35-e6b9fe391b2a),20.0,0.655,0.990436,0.981053,0.990416,0.990456,0.990436,0.997852,0.998788,1865854,18055,17980,14875327,1883834,1883909,16777216,0.112285,0.995995,0.683253,ok,2,2,0.5,0.5,0.5,0.333333,0.5,0.5,0.5,0.333333,0.439093,0.878187,0.5
nucleonet_scaled,nucleus,segapp_islet_nucleus,IsletSEM,25399_1_00127,full,5.0,25399_1 (7235239e-159d-425c-9f35-e6b9fe391b2a),20.0,0.856,0.976484,0.954048,0.987812,0.965413,0.976484,0.986422,0.995087,4729579,58355,169444,11819838,4899023,4787934,16777216,0.292005,0.931432,0.696253,ok,5,5,0.6,0.6,0.6,0.428571,0.2,0.2,0.2,0.111111,0.451052,0.751753,0.6
nucleonet_scaled,nucleus,segapp_islet_nucleus,IsletSEM,25399_1_00128,full,5.0,25399_1 (7235239e-159d-425c-9f35-e6b9fe391b2a),20.0,0.732,0.979451,0.959729,0.969578,0.989527,0.979451,0.994205,0.994964,2316894,72697,24522,14363103,2341416,2389591,16777216,0.139559,0.899374,0.873848,ok,3,3,1.0,1.0,1.0,1.0,1.0,1.0,1.0,1.0,0.966429,0.966429,1.0
nucleonet_scaled,nucleus,segapp_islet_nucleus,IsletSEM,25399_1_00129,full,5.0,25399_1 (7235239e-159d-425c-9f35-e6b9fe391b2a),20.0,0.747,0.947847,0.900864,0.92134,0.975924,0.947847,0.989551,0.99102,1593028,136005,39300,15008883,1632328,1729033,16777216,0.097294,0.915305,0.706546,ok,4,2,0.5,1.0,0.666667,0.5,0.5,1.0,0.666667,0.5,0.649174,0.973761,0.666667
nucleonet_scaled,nucleus,segapp_islet_nucleus,IsletSEM,25399_1_00130,full,5.0,25399_1 (7235239e-159d-425c-9f35-e6b9fe391b2a),20.0,0.687,0.823189,0.699508,0.731112,0.9418,0.823189,0.975831,0.977993,943923,347156,58331,15427806,1002254,1291079,16777216,0.059739,0.678598,0.537124,ok,4,2,0.5,1.0,0.666667,0.5,0.5,1.0,0.666667,0.5,0.63459,0.951885,0.666667
nucleonet_scaled,nucleus,segapp_islet_nucleus,IsletSEM,25399_1_00131,full,5.0,25399_1 (7235239e-159d-425c-9f35-e6b9fe391b2a),20.0,0.769,0.977645,0.956268,0.982507,0.972831,0.977645,0.997244,0.998856,1011119,18002,28238,15719857,1039357,1029121,16777216,0.061951,0.902326,0.785193,ok,5,3,0.6,1.0,0.75,0.6,0.6,1.0,0.75,0.6,0.728855,0.971807,0.75
nucleonet_scaled,nucleus,segapp_islet_nucleus,IsletSEM,25399_1_00132,full,5.0,25399_1 (7235239e-159d-425c-9f35-e6b9fe391b2a),20.0,0.731,0.934596,0.877222,0.885869,0.988995,0.934596,0.975103,0.972056,2984402,384494,33210,13375110,3017612,3368896,16777216,0.179864,0.876495,0.7951,ok,5,5,0.8,0.8,0.8,0.666667,0.8,0.8,0.8,0.666667,0.747281,0.934101,0.8
nucleonet_scaled,nucleus,segapp_islet_nucleus,IsletSEM,25399_1_00133,full,5.0,25399_1 (7235239e-159d-425c-9f35-e6b9fe391b2a),20.0,0.724,0.954959,0.9138,0.937267,0.973331,0.954959,0.999232,0.999451,136572,9141,3742,16627761,140314,145713,16777216,0.008363,0.877624,0.712727,ok,2,1,0.5,1.0,0.666667,0.5,0.5,1.0,0.666667,0.5,0.64536,0.96804,0.666667
nucleonet_scaled,nucleus,segapp_islet_nucleus,IsletSEM,25399_1_00134,full,5.0,25399_1 (7235239e-159d-425c-9f35-e6b9fe391b2a),20.0,0.851,0.988382,0.977031,0.990705,0.98607,0.988382,0.993546,0.99643,4606113,43216,65068,12062819,4671181,4649329,16777216,0.278424,0.97789,0.78972,ok,4,5,0.75,0.6,0.666667,0.5,0.5,0.4,0.444444,0.285714,0.598202,0.897302,0.666667
nucleonet_scaled,nucleus,segapp_islet_nucleus,IsletSEM,25399_1_00135,full,5.0,25399_1 (7235239e-159d-425c-9f35-e6b9fe391b2a),20.0,0.658,0.987628,0.975558,0.995217,0.980153,0.987628,0.994177,0.998536,3899461,18739,78961,12780055,3978422,3918200,16777216,0.237132,0.999629,0.74405,ok,1,3,0.0,0.0,0.0,0.0,0.0,0.0,0.0,0.0,0.0,0.0,0.0
nucleonet_scaled,nucleus,segapp_islet_nucleus,IsletSEM,25399_1_00136,full,5.0,25399_1 (7235239e-159d-425c-9f35-e6b9fe391b2a),20.0,0.765,0.989351,0.978927,0.993996,0.984749,0.989351,0.99611,0.998663,3031356,18309,46947,13680604,3078303,3049665,16777216,0.183481,0.982636,0.893553,ok,5,5,0.8,0.8,0.8,0.666667,0.8,0.8,0.8,0.666667,0.767714,0.959642,0.8
nucleonet_scaled,nucleus,segapp_islet_nucleus,IsletSEM,25399_1_00137,full,5.0,25399_1 (7235239e-159d-425c-9f35-e6b9fe391b2a),20.0,0.717,0.981969,0.964576,0.995783,0.968533,0.981969,0.995335,0.999381,2131244,9026,69243,14567703,2200487,2140270,16777216,0.131159,0.994475,0.791459,ok,4,4,1.0,1.0,1.0,1.0,1.0,1.0,1.0,1.0,0.964104,0.964104,1.0
nucleonet_scaled,nucleus,segapp_islet_nucleus,IsletSEM,25399_1_00138,full,5.0,25399_1 (7235239e-159d-425c-9f35-e6b9fe391b2a),20.0,0.78,0.973781,0.948903,0.955039,0.993274,0.973781,0.99544,0.995642,1420772,66886,9621,15279937,1430393,1487658,16777216,0.085258,0.87313,0.873868,ok,7,4,0.571429,1.0,0.727273,0.571429,0.571429,1.0,0.727273,0.571429,0.71139,0.978161,0.727273
nucleonet_scaled,nucleus,segapp_islet_nucleus,IsletSEM,25399_1_00139,full,5.0,25399_1 (7235239e-159d-425c-9f35-e6b9fe391b2a),20.0,0.734,0.919103,0.850315,0.885498,0.955358,0.919103,0.991765,0.993639,784848,101487,36674,15854207,821522,886335,16777216,0.048967,0.702622,0.58711,ok,6,3,0.5,1.0,0.666667,0.5,0.5,1.0,0.666667,0.5,0.632684,0.949026,0.666667
nucleonet_scaled,nucleus,segapp_islet_nucleus,IsletSEM,25399_1_00140,full,5.0,25399_1 (7235239e-159d-425c-9f35-e6b9fe391b2a),20.0,0.69,0.979049,0.958958,0.993967,0.964572,0.979049,0.992234,0.998644,3044224,18476,111811,13602705,3156035,3062700,16777216,0.188114,0.944304,0.798001,ok,2,3,1.0,0.666667,0.8,0.666667,0.5,0.333333,0.4,0.25,0.611677,0.764597,0.8
nucleonet_scaled,nucleus,segapp_islet_nucleus,IsletSEM,25399_1_00141,full,5.0,25399_1 (7235239e-159d-425c-9f35-e6b9fe391b2a),20.0,0.71,0.989703,0.979616,0.980431,0.999152,0.989703,0.997627,0.997431,1913293,38188,1624,14824111,1914917,1951481,16777216,0.114138,0.927533,0.934162,ok,2,2,0.5,0.5,0.5,0.333333,0.0,0.0,0.0,0.0,0.366952,0.733903,0.5
nucleonet_scaled,nucleus,segapp_islet_nucleus,IsletSEM,25399_1_00142,full,5.0,25399_1 (7235239e-159d-425c-9f35-e6b9fe391b2a),20.0,0.719,0.954983,0.913844,0.91857,0.994402,0.954983,0.990686,0.990277,1657391,146926,9331,14963568,1666722,1804317,16777216,0.099344,0.84985,0.812391,ok,4,2,0.5,1.0,0.666667,0.5,0.5,1.0,0.666667,0.5,0.655823,0.983735,0.666667
nucleonet_scaled,nucleus,segapp_islet_nucleus,IsletSEM,25399_1_00143,full,5.0,25399_1 (7235239e-159d-425c-9f35-e6b9fe391b2a),20.0,0.736,0.982831,0.966242,0.977253,0.988473,0.982831,0.997954,0.998551,982292,22864,11455,15760605,993747,1005156,16777216,0.059232,0.936692,0.755446,ok,2,1,0.5,1.0,0.666667,0.5,0.5,1.0,0.666667,0.5,0.653619,0.980428,0.666667
nucleonet_scaled,nucleus,segapp_islet_nucleus,IsletSEM,25399_1_00144,full,5.0,25399_1 (7235239e-159d-425c-9f35-e6b9fe391b2a),20.0,0.721,0.974712,0.950671,0.993527,0.956595,0.974712,0.991703,0.998749,2682531,17477,121717,13955491,2804248,2700008,16777216,0.167146,0.989909,0.668115,ok,5,3,0.6,1.0,0.75,0.6,0.4,0.666667,0.5,0.333333,0.619254,0.825672,0.75
nucleonet_scaled,nucleus,segapp_islet_nucleus,IsletSEM,25399_1_00145,full,5.0,25399_1 (7235239e-159d-425c-9f35-e6b9fe391b2a),20.0,0.761,0.85267,0.743177,0.769107,0.956604,0.85267,0.978373,0.979897,1049963,315209,47631,15364413,1097594,1365172,16777216,0.065422,0.421022,0.463853,ok,4,3,0.75,1.0,0.857143,0.75,0.5,0.666667,0.571429,0.4,0.736765,0.859559,0.857143
nucleonet_scaled,nucleus,segapp_islet_nucleus,IsletSEM,25399_1_00146,full,5.0,25399_1 (7235239e-159d-425c-9f35-e6b9fe391b2a),20.0,0.698,0.91904,0.850208,0.86945,0.974629,0.91904,0.992244,0.993077,738578,110899,19226,15908513,757804,849477,16777216,0.045169,0.719554,0.566378,ok,3,1,0.333333,1.0,0.5,0.333333,0.333333,1.0,0.5,0.333333,0.439788,0.879576,0.5
nucleonet_scaled,nucleus,segapp_islet_nucleus,IsletSEM,25399_1_00147,full,5.0,25399_1 (7235239e-159d-425c-9f35-e6b9fe391b2a),20.0,0.735,0.970118,0.941969,0.972464,0.967782,0.970118,0.9863,0.991825,3730855,105640,124202,12816519,3855057,3836495,16777216,0.229779,0.935946,0.681076,ok,4,3,0.75,1.0,0.857143,0.75,0.75,1.0,0.857143,0.75,0.827062,0.964906,0.857143
nucleonet_scaled,nucleus,segapp_islet_nucleus,IsletSEM,25399_1_00148,full,5.0,25399_1 (7235239e-159d-425c-9f35-e6b9fe391b2a),20.0,0.648,0.971086,0.943798,0.993708,0.949471,0.971086,0.992537,0.999086,2102651,13313,111898,14549354,2214549,2115964,16777216,0.131997,0.858977,0.655309,ok,2,5,1.0,0.4,0.571429,0.4,1.0,0.4,0.571429,0.4,0.509144,0.891003,0.571429
nucleonet_scaled,nucleus,segapp_islet_nucleus,IsletSEM,25399_1_00149,full,5.0,25399_1 (7235239e-159d-425c-9f35-e6b9fe391b2a),20.0,0.687,0.989874,0.979951,0.993669,0.986108,0.989874,0.995553,0.998224,3646394,23231,51370,13056221,3697764,3669625,16777216,0.220404,0.998816,0.839974,ok,2,3,1.0,0.666667,0.8,0.666667,1.0,0.666667,0.8,0.666667,0.713956,0.892445,0.8
nucleonet_scaled,nucleus,segapp_islet_nucleus,IsletSEM,25399_1_00150,full,5.0,25399_1 (7235239e-159d-425c-9f35-e6b9fe391b2a),20.0,0.755,0.81813,0.692234,0.816841,0.819423,0.81813,0.997375,0.998666,99060,22212,21830,16634114,120890,121272,16777216,0.007206,0.652538,0.552482,ok,3,1,0.333333,1.0,0.5,0.333333,0.333333,1.0,0.5,0.333333,0.409711,0.819423,0.5
nucleonet_scaled,nucleus,segapp_islet_nucleus,IsletSEM,25399_1_00151,full,5.0,25399_1 (7235239e-159d-425c-9f35-e6b9fe391b2a),20.0,0.52,0.984134,0.968763,0.996305,0.972257,0.984134,0.995942,0.999464,2111314,7831,60246,14597825,2171560,2119145,16777216,0.129435,0.999427,0.510909,ok,2,1,0.5,1.0,0.666667,0.5,0.5,1.0,0.666667,0.5,0.645402,0.968102,0.666667
nucleonet_scaled,nucleus,segapp_islet_nucleus,IsletSEM,25399_1_00152,full,5.0,25399_1 (7235239e-159d-425c-9f35-e6b9fe391b2a),20.0,0.699,0.535966,0.366089,0.366104,0.999888,0.535966,0.993569,0.993546,62309,107886,7,16607014,62316,170195,16777216,0.003714,0.46108,0.44695,ok,2,1,0.5,1.0,0.666667,0.5,0.5,1.0,0.666667,0.5,0.622014,0.933021,0.666667
nucleonet_scaled,nucleus,segapp_islet_nucleus,IsletSEM,25399_1_00153,full,5.0,25399_1 (7235239e-159d-425c-9f35-e6b9fe391b2a),20.0,0.552,0.96642,0.935021,0.999216,0.935708,0.96642,0.995682,0.999948,1042488,818,71629,15662281,1114117,1043306,16777216,0.066407,1.0,0.531682,ok,3,1,0.0,0.0,0.0,0.0,0.0,0.0,0.0,0.0,0.0,0.0,0.0
nucleonet_scaled,nucleus,zenodo_3675220_platynereis,Platynereis,nucleus_00000,sparse,80,nuclei.zip:train_data_nuclei_01,20.0,0.119,0.944639,0.895086,0.96075,0.929059,0.944639,0.999564,0.999847,62443,2551,4768,16707454,67211,64994,140625,0.477945,0.923745,0.893163,ok,40,45,0.9,0.8,0.847059,0.734694,0.775,0.688889,0.729412,0.574074,0.733113,0.865481,0.847059
nucleonet_scaled,nucleus,zenodo_3675220_platynereis,Platynereis,nucleus_00001,sparse,80,nuclei.zip:train_data_nuclei_01,20.0,0.244,0.94528,0.896239,0.962765,0.92842,0.94528,0.999587,0.999862,59806,2313,4611,16710486,64417,62119,140625,0.458076,0.936158,0.895107,ok,43,48,0.906977,0.8125,0.857143,0.75,0.767442,0.6875,0.725275,0.568966,0.744938,0.869094,0.857143
nucleonet_scaled,nucleus,zenodo_3675220_platynereis,Platynereis,nucleus_00002,sparse,80,nuclei.zip:train_data_nuclei_01,20.0,0.191,0.950107,0.904955,0.965207,0.935471,0.950107,0.999594,0.99986,64888,2339,4476,16705513,69364,67227,140625,0.493255,0.946231,0.89262,ok,40,50,0.975,0.78,0.866667,0.764706,0.875,0.7,0.777778,0.636364,0.76872,0.886985,0.866667
nucleonet_scaled,nucleus,zenodo_3675220_platynereis,Platynereis,nucleus_00003,sparse,80,nuclei.zip:train_data_nuclei_01,20.0,0.274,0.954925,0.913738,0.953482,0.956372,0.954925,0.999585,0.999784,73830,3602,3368,16696416,77198,77432,140625,0.548964,0.947383,0.91533,ok,50,49,0.86,0.877551,0.868687,0.767857,0.82,0.836735,0.828283,0.706897,0.772523,0.8893,0.868687
nucleonet_scaled,nucleus,zenodo_3675220_platynereis,Platynereis,nucleus_00004,sparse,80,nuclei.zip:train_data_nuclei_01,20.0,0.085,0.958968,0.92117,0.956511,0.961437,0.958968,0.99961,0.999792,76540,3480,3070,16694126,79610,80020,140625,0.566116,0.950991,0.921114,ok,45,47,0.933333,0.893617,0.913043,0.84,0.844444,0.808511,0.826087,0.703704,0.811334,0.888604,0.913043
nucleonet_scaled,nucleus,zenodo_3675220_platynereis,Platynereis,nucleus_00005,sparse,80,nuclei.zip:train_data_nuclei_01,20.0,0.195,0.962034,0.926845,0.963477,0.960594,0.962034,0.999636,0.999824,77373,2933,3174,16693736,80547,80306,140625,0.572779,0.959902,0.924342,ok,46,48,0.913043,0.875,0.893617,0.807692,0.826087,0.791667,0.808511,0.678571,0.795481,0.890182,0.893617
nucleonet_scaled,nucleus,zenodo_3675220_platynereis,Platynereis,nucleus_00006,sparse,80,nuclei.zip:train_data_nuclei_01,20.0,0.214,0.955173,0.914193,0.953845,0.956506,0.955173,0.999574,0.999779,76113,3683,3461,16693959,79574,79796,140625,0.56586,0.95824,0.905965,ok,49,48,0.918367,0.9375,0.927835,0.865385,0.816327,0.833333,0.824742,0.701754,0.813015,0.87625,0.927835
nucleonet_scaled,nucleus,zenodo_3675220_platynereis,Platynereis,nucleus_00007,sparse,80,nuclei.zip:train_data_nuclei_01,20.0,0.336,0.962264,0.927272,0.963422,0.961108,0.962264,0.999654,0.999832,74013,2810,2995,16697398,77008,76823,140625,0.547612,0.959802,0.938512,ok,46,50,0.978261,0.9,0.9375,0.882353,0.934783,0.86,0.895833,0.811321,0.833048,0.888584,0.9375
nucleonet_scaled,nucleus,zenodo_3675220_platynereis,Platynereis,nucleus_00008,sparse,80,nuclei.zip:train_data_nuclei_01,20.0,0.103,0.958371,0.92007,0.961365,0.955397,0.958371,0.999639,0.999832,69722,2802,3255,16701437,72977,72524,140625,0.518948,0.957353,0.922697,ok,45,50,0.955556,0.86,0.905263,0.826923,0.822222,0.74,0.778947,0.637931,0.787436,0.869842,0.905263
nucleonet_scaled,nucleus,zenodo_3675220_platynereis,Platynereis,nucleus_00009,sparse,80,nuclei.zip:train_data_nuclei_01,20.0,0.188,0.951858,0.908138,0.965686,0.938419,0.951858,0.999607,0.999861,65207,2317,4279,16705413,69486,67524,140625,0.494123,0.939735,0.911936,ok,44,46,0.909091,0.869565,0.888889,0.8,0.818182,0.782609,0.8,0.666667,0.786504,0.884817,0.888889
nucleonet_scaled,nucleus,zenodo_3675220_platynereis,Platynereis,nucleus_00010,sparse,80,nuclei.zip:train_data_nuclei_01,20.0,0.272,0.945544,0.896713,0.960813,0.930754,0.945544,0.99958,0.999851,61198,2496,4553,16708969,65751,63694,140625,0.467563,0.935471,0.907157,ok,47,51,0.93617,0.862745,0.897959,0.814815,0.808511,0.745098,0.77551,0.633333,0.78002,0.868659,0.897959
nucleonet_scaled,nucleus,zenodo_3675220_platynereis,Platynereis,nucleus_00011,sparse,80,nuclei.zip:train_data_nuclei_01,20.0,0.111,0.937329,0.882051,0.964742,0.911432,0.937329,0.999561,0.99988,55107,2014,5355,16714740,60462,57121,140625,0.429952,0.91369,0.875078,ok,38,50,0.947368,0.72,0.818182,0.692308,0.815789,0.62,0.704545,0.54386,0.708707,0.866198,0.818182
nucleonet_scaled,nucleus,zenodo_3675220_platynereis,Platynereis,nucleus_00012,sparse,80,nuclei.zip:train_data_nuclei_01,20.0,0.174,0.945421,0.896491,0.965172,0.926461,0.945421,0.999607,0.999877,57171,2063,4538,16713444,61709,59234,140625,0.43882,0.928752,0.878756,ok,36,41,0.944444,0.829268,0.883117,0.790698,0.888889,0.780488,0.831169,0.711111,0.787212,0.891401,0.883117
nucleonet_scaled,nucleus,zenodo_3675220_platynereis,Platynereis,nucleus_00013,sparse,80,nuclei.zip:train_data_nuclei_01,20.0,0.151,0.955225,0.914287,0.957613,0.952848,0.955225,0.999652,0.999835,62241,2755,3080,16709140,65321,64996,140625,0.464505,0.941556,0.905417,ok,37,40,0.918919,0.85,0.883117,0.790698,0.891892,0.825,0.857143,0.75,0.801167,0.907203,0.883117
nucleonet_scaled,nucleus,zenodo_3675220_platynereis,Platynereis,nucleus_00014,sparse,80,nuclei.zip:train_data_nuclei_01,20.0,0.141,0.958006,0.919397,0.957045,0.958968,0.958006,0.999663,0.999827,64435,2892,2757,16707132,67192,67327,140625,0.47781,0.933088,0.908825,ok,39,41,0.923077,0.878049,0.9,0.818182,0.820513,0.780488,0.8,0.666667,0.799285,0.888095,0.9
nucleonet_scaled,nucleus,zenodo_3675220_platynereis,Platynereis,nucleus_00015,sparse,80,nuclei.zip:train_data_nuclei_01,20.0,0.28,0.954521,0.912998,0.952982,0.956064,0.954521,0.999641,0.999813,63258,3121,2907,16707930,66165,66379,140625,0.470507,0.948049,0.893789,ok,41,43,0.902439,0.860465,0.880952,0.787234,0.780488,0.744186,0.761905,0.615385,0.764804,0.868156,0.880952
nucleonet_scaled,nucleus,zenodo_3675220_platynereis,Platynereis,nucleus_00016,sparse,80,nuclei.zip:train_data_nuclei_01,20.0,0.467,0.952426,0.909173,0.945316,0.959643,0.952426,0.999639,0.99979,60660,3509,2551,16710496,63211,64169,140625,0.4495,0.94359,0.902423,ok,38,39,0.842105,0.820513,0.831169,0.711111,0.736842,0.717949,0.727273,0.571429,0.728787,0.876822,0.831169
nucleonet_scaled,nucleus,zenodo_3675220_platynereis,Platynereis,nucleus_00017,sparse,80,nuclei.zip:train_data_nuclei_01,20.0,0.066,0.953193,0.910571,0.954453,0.951936,0.953193,0.999666,0.999837,57040,2722,2880,16714574,59920,59762,140625,0.426098,0.949756,0.919585,ok,33,33,0.909091,0.909091,0.909091,0.833333,0.787879,0.787879,0.787879,0.65,0.798367,0.878204,0.909091
nucleonet_scaled,nucleus,zenodo_3675220_platynereis,Platynereis,nucleus_00018,sparse,80,nuclei.zip:train_data_nuclei_01,20.0,0.075,0.953759,0.911605,0.955674,0.951851,0.953759,0.999689,0.999851,53771,2494,2720,16718231,56491,56265,140625,0.401714,0.933386,0.908755,ok,37,40,0.783784,0.725,0.753247,0.604167,0.621622,0.575,0.597403,0.425926,0.647704,0.859882,0.753247
nucleonet_scaled,nucleus,zenodo_3675220_platynereis,Platynereis,nucleus_00019,sparse,80,nuclei.zip:train_data_nuclei_01,20.0,0.094,0.956457,0.916547,0.952104,0.96085,0.956457,0.999718,0.999844,51883,2610,2114,16720609,53997,54493,140625,0.383979,0.94,0.917062,ok,37,38,0.864865,0.842105,0.853333,0.744186,0.72973,0.710526,0.72,0.5625,0.71342,0.836039,0.853333
nucleonet_scaled,nucleus,zenodo_3675220_platynereis,Platynereis,nucleus_00020,sparse,80,nuclei.zip:train_data_nuclei_01,20.0,0.171,0.953664,0.911431,0.954565,0.952764,0.953664,0.999719,0.999862,48469,2307,2403,16724037,50872,50776,140625,0.361756,0.959942,0.921807,ok,36,37,0.944444,0.918919,0.931507,0.871795,0.805556,0.783784,0.794521,0.659091,0.801459,0.86039,0.931507
nucleonet_scaled,nucleus,zenodo_3675220_platynereis,Platynereis,nucleus_00021,sparse,80,nuclei.zip:train_data_nuclei_01,20.0,0.283,0.948148,0.901409,0.947765,0.948531,0.948148,0.999709,0.999853,44599,2458,2420,16727739,47019,47057,140625,0.334357,0.953508,0.907057,ok,34,37,0.911765,0.837838,0.873239,0.775,0.911765,0.837838,0.873239,0.775,0.787218,0.901492,0.873239
nucleonet_scaled,nucleus,zenodo_3675220_platynereis,Platynereis,nucleus_00022,sparse,80,nuclei.zip:train_data_nuclei_01,20.0,0.076,0.945934,0.897414,0.953019,0.938953,0.945934,0.999704,0.999872,43512,2145,2829,16728730,46341,45657,140625,0.329536,0.95664,0.895287,ok,33,35,0.969697,0.914286,0.941176,0.888889,0.878788,0.828571,0.852941,0.74359,0.814169,0.865054,0.941176
nucleonet_scaled,nucleus,zenodo_3675220_platynereis,Platynereis,nucleus_00023,sparse,80,nuclei.zip:train_data_nuclei_01,20.0,0.164,0.955242,0.914318,0.948081,0.962511,0.955242,0.999743,0.999849,46035,2521,1793,16726867,47828,48556,140625,0.34011,0.964177,0.900363,ok,30,36,0.966667,0.805556,0.878788,0.783784,0.833333,0.694444,0.757576,0.609756,0.754234,0.858266,0.878788
nucleonet_scaled,nucleus,zenodo_3675220_platynereis,Platynereis,nucleus_00024,sparse,80,nuclei.zip:train_data_nuclei_01,20.0,0.167,0.955511,0.914812,0.953561,0.957469,0.955511,0.999737,0.999862,47433,2310,2107,16725366,49540,49743,140625,0.352284,0.954418,0.899669,ok,27,30,0.962963,0.866667,0.912281,0.83871,0.925926,0.833333,0.877193,0.78125,0.797344,0.874011,0.912281
nucleonet_scaled,nucleus,zenodo_3675220_platynereis,Platynereis,nucleus_00025,sparse,80,nuclei.zip:train_data_nuclei_02,20.0,0.117,0.948151,0.901413,0.973059,0.924486,0.948151,0.99983,0.999957,26150,724,2136,16748206,28286,26874,65142,0.434221,0.951843,0.884024,ok,21,22,0.904762,0.863636,0.883721,0.791667,0.904762,0.863636,0.883721,0.791667,0.789828,0.893753,0.883721
nucleonet_scaled,nucleus,zenodo_3675220_platynereis,Platynereis,nucleus_00026,sparse,80,nuclei.zip:train_data_nuclei_02,20.0,0.086,0.957499,0.918463,0.975514,0.940137,0.957499,0.999854,0.999959,27609,693,1758,16747156,29367,28302,66000,0.444955,0.961204,0.921515,ok,19,21,0.947368,0.857143,0.9,0.818182,0.947368,0.857143,0.9,0.818182,0.828193,0.920215,0.9
nucleonet_scaled,nucleus,zenodo_3675220_platynereis,Platynereis,nucleus_00027,sparse,80,nuclei.zip:train_data_nuclei_02,20.0,0.153,0.956456,0.916545,0.972671,0.940772,0.956456,0.999839,0.99995,29576,831,1862,16744947,31438,30407,71659,0.438717,0.943047,0.883865,ok,19,21,0.894737,0.809524,0.85,0.73913,0.894737,0.809524,0.85,0.73913,0.776608,0.913656,0.85
nucleonet_scaled,nucleus,zenodo_3675220_platynereis,Platynereis,nucleus_00028,sparse,80,nuclei.zip:train_data_nuclei_02,20.0,0.133,0.95035,0.905397,0.965804,0.935382,0.95035,0.999809,0.999935,30616,1084,2115,16743401,32731,31700,73800,0.443509,0.958475,0.882022,ok,19,20,0.947368,0.9,0.923077,0.857143,0.947368,0.9,0.923077,0.857143,0.832419,0.901787,0.923077
nucleonet_scaled,nucleus,zenodo_3675220_platynereis,Platynereis,nucleus_00029,sparse,80,nuclei.zip:train_data_nuclei_02,20.0,0.12,0.961158,0.925221,0.967475,0.954923,0.961158,0.999848,0.999937,31501,1059,1487,16743169,32988,32560,75658,0.436015,0.987201,0.911943,ok,20,22,1.0,0.909091,0.952381,0.909091,1.0,0.909091,0.952381,0.909091,0.855889,0.898684,0.952381
nucleonet_scaled,nucleus,zenodo_3675220_platynereis,Platynereis,nucleus_00030,sparse,80,nuclei.zip:train_data_nuclei_02,20.0,0.062,0.957855,0.919119,0.966668,0.949202,0.957855,0.999836,0.999936,31205,1076,1670,16743265,32875,32281,78538,0.418587,0.959944,0.901725,ok,22,24,0.954545,0.875,0.913043,0.84,0.863636,0.791667,0.826087,0.703704,0.805484,0.882196,0.913043
nucleonet_scaled,nucleus,zenodo_3675220_platynereis,Platynereis,nucleus_00031,sparse,80,nuclei.zip:train_data_nuclei_02,20.0,0.176,0.949903,0.904586,0.965865,0.93446,0.949903,0.999805,0.999934,31068,1098,2179,16742871,33247,32166,82125,0.404834,0.934048,0.878283,ok,21,23,0.952381,0.869565,0.909091,0.833333,0.904762,0.826087,0.863636,0.76,0.804396,0.884836,0.909091
nucleonet_scaled,nucleus,zenodo_3675220_platynereis,Platynereis,nucleus_00032,sparse,80,nuclei.zip:train_data_nuclei_02,20.0,0.129,0.948695,0.902397,0.968487,0.929695,0.948695,0.999808,0.999942,29780,969,2252,16744215,32032,30749,82125,0.39004,0.934987,0.884041,ok,21,24,1.0,0.875,0.933333,0.875,0.857143,0.75,0.8,0.666667,0.802222,0.859523,0.933333
nucleonet_scaled,nucleus,zenodo_3675220_platynereis,Platynereis,nucleus_00033,sparse,80,nuclei.zip:train_data_nuclei_02,20.0,0.136,0.956784,0.917149,0.973048,0.941055,0.956784,0.999839,0.99995,29966,830,1877,16744543,31843,30796,83625,0.380783,0.95979,0.913262,ok,23,25,1.0,0.92,0.958333,0.92,0.956522,0.88,0.916667,0.846154,0.851765,0.888799,0.958333
nucleonet_scaled,nucleus,zenodo_3675220_platynereis,Platynereis,nucleus_00034,sparse,80,nuclei.zip:train_data_nuclei_02,20.0,0.122,0.960364,0.92375,0.975758,0.945447,0.960364,0.999848,0.999954,30953,769,1786,16743708,32739,31722,84000,0.38975,0.965559,0.92106,ok,19,22,1.0,0.863636,0.926829,0.863636,1.0,0.863636,0.926829,0.863636,0.839027,0.905266,0.926829
nucleonet_scaled,nucleus,zenodo_3675220_platynereis,Platynereis,nucleus_00035,sparse,80,nuclei.zip:train_data_nuclei_02,20.0,0.237,0.953308,0.910782,0.973712,0.933742,0.953308,0.999821,0.999951,30595,826,2171,16743624,32766,31421,83625,0.391821,0.965474,0.901378,ok,19,21,0.947368,0.857143,0.9,0.818182,0.894737,0.809524,0.85,0.73913,0.805674,0.895194,0.9
nucleonet_scaled,nucleus,zenodo_3675220_platynereis,Platynereis,nucleus_00036,sparse,80,nuclei.zip:train_data_nuclei_02,20.0,0.052,0.95261,0.909509,0.96992,0.935907,0.95261,0.999818,0.999943,30665,951,2100,16743500,32765,31616,86250,0.379884,0.959733,0.908621,ok,19,26,1.0,0.730769,0.844444,0.730769,0.947368,0.692308,0.8,0.666667,0.75713,0.896601,0.844444
nucleonet_scaled,nucleus,zenodo_3675220_platynereis,Platynereis,nucleus_00037,sparse,80,nuclei.zip:train_data_nuclei_02,20.0,0.122,0.922654,0.856414,0.965901,0.883113,0.922654,0.99972,0.999941,28015,989,3708,16744504,31723,29004,89250,0.35544,0.875538,0.830163,ok,25,28,0.8,0.714286,0.754717,0.606061,0.68,0.607143,0.641509,0.472222,0.646952,0.857211,0.754717
nucleonet_scaled,nucleus,zenodo_3675220_platynereis,Platynereis,nucleus_00038,sparse,80,nuclei.zip:train_data_nuclei_02,20.0,0.196,0.940444,0.887583,0.969635,0.912959,0.940444,0.999772,0.999944,30208,946,2880,16743182,33088,31154,90750,0.364606,0.923371,0.868308,ok,25,28,0.84,0.75,0.792453,0.65625,0.76,0.678571,0.716981,0.558824,0.685102,0.864533,0.792453
nucleonet_scaled,nucleus,zenodo_3675220_platynereis,Platynereis,nucleus_00039,sparse,80,nuclei.zip:train_data_nuclei_02,20.0,0.136,0.954843,0.913589,0.967843,0.942188,0.954843,0.999818,0.999936,32204,1070,1976,16741966,34180,33274,91875,0.372027,0.941064,0.899312,ok,21,26,1.0,0.807692,0.893617,0.807692,0.904762,0.730769,0.808511,0.678571,0.78677,0.880433,0.893617
nucleonet_scaled,nucleus,zenodo_3675220_platynereis,Platynereis,nucleus_00040,sparse,80,nuclei.zip:train_data_nuclei_02,20.0,0.723,0.944778,0.895337,0.963342,0.926917,0.944778,0.999776,0.999927,32139,1223,2534,16741320,34673,33362,92625,0.374337,0.927181,0.853178,ok,20,26,1.0,0.769231,0.869565,0.769231,0.9,0.692308,0.782609,0.642857,0.762153,0.876476,0.869565
nucleonet_scaled,nucleus,zenodo_3675220_platynereis,Platynereis,nucleus_00041,sparse,80,nuclei.zip:train_data_nuclei_02,20.0,0.062,0.950559,0.905777,0.966302,0.935321,0.950559,0.999791,0.99993,33665,1174,2328,16740049,35993,34839,92250,0.390168,0.960969,0.890208,ok,21,22,1.0,0.954545,0.976744,0.954545,0.761905,0.727273,0.744186,0.592593,0.836688,0.856609,0.976744
nucleonet_scaled,nucleus,zenodo_3675220_platynereis,Platynereis,nucleus_00042,sparse,80,nuclei.zip:train_data_nuclei_02,20.0,0.155,0.954131,0.912285,0.968999,0.939712,0.954131,0.999797,0.999932,35414,1133,2272,16738397,37686,36547,96000,0.392562,0.950694,0.895687,ok,20,24,0.9,0.75,0.818182,0.692308,0.8,0.666667,0.727273,0.571429,0.734631,0.897882,0.818182
nucleonet_scaled,nucleus,zenodo_3675220_platynereis,Platynereis,nucleus_00043,sparse,80,nuclei.zip:train_data_nuclei_02,20.0,0.339,0.952641,0.909566,0.958864,0.946499,0.952641,0.999778,0.999904,37435,1606,2116,16736059,39551,39041,97500,0.405651,0.956258,0.900493,ok,23,24,0.956522,0.916667,0.93617,0.88,0.869565,0.833333,0.851064,0.740741,0.819204,0.875058,0.93617
nucleonet_scaled,nucleus,zenodo_3675220_platynereis,Platynereis,nucleus_00044,sparse,80,nuclei.zip:train_data_nuclei_02,20.0,0.053,0.957506,0.918476,0.963327,0.951755,0.957506,0.999792,0.999911,39297,1496,1992,16734431,41289,40793,98250,0.420244,0.969688,0.911757,ok,20,21,1.0,0.952381,0.97561,0.952381,0.95,0.904762,0.926829,0.863636,0.865943,0.887592,0.97561
nucleonet_scaled,nucleus,zenodo_3675220_platynereis,Platynereis,nucleus_00045,sparse,80,nuclei.zip:train_data_nuclei_02,20.0,0.151,0.954186,0.912386,0.963615,0.94494,0.954186,0.999773,0.999911,39593,1495,2307,16733821,41900,41088,99750,0.42005,0.949537,0.898042,ok,22,23,0.954545,0.913043,0.933333,0.875,0.909091,0.869565,0.888889,0.8,0.819106,0.877613,0.933333
nucleonet_scaled,nucleus,zenodo_3675220_platynereis,Platynereis,nucleus_00046,sparse,80,nuclei.zip:train_data_nuclei_02,20.0,0.131,0.955291,0.914409,0.967497,0.943389,0.955291,0.999783,0.999922,38845,1305,2331,16734735,41176,40150,101625,0.405176,0.957467,0.893226,ok,22,25,1.0,0.88,0.93617,0.88,0.909091,0.8,0.851064,0.740741,0.816904,0.872602,0.93617
nucleonet_scaled,nucleus,zenodo_3675220_platynereis,Platynereis,nucleus_00047,sparse,80,nuclei.zip:train_data_nuclei_02,20.0,0.127,0.948729,0.902459,0.965483,0.932546,0.948729,0.999752,0.999918,38461,1375,2782,16734598,41243,39836,102000,0.404343,0.960221,0.870376,ok,22,29,0.954545,0.724138,0.823529,0.7,0.909091,0.689655,0.784314,0.645161,0.716701,0.870279,0.823529
nucleonet_scaled,nucleus,zenodo_3675220_platynereis,Platynereis,nucleus_00048,sparse,80,nuclei.zip:train_data_nuclei_02,20.0,0.213,0.941696,0.889816,0.963359,0.920985,0.941696,0.999727,0.999916,37019,1408,3176,16735613,40195,38427,102000,0.394069,0.936851,0.861053,ok,27,30,0.814815,0.733333,0.77193,0.628571,0.703704,0.633333,0.666667,0.5,0.664693,0.86108,0.77193
nucleonet_scaled,nucleus,zenodo_3675220_platynereis,Platynereis,nucleus_00049,sparse,80,nuclei.zip:train_data_nuclei_02,20.0,0.15,0.942491,0.891236,0.956993,0.928421,0.942491,0.999746,0.999906,34891,1568,2690,16738067,37581,36459,101250,0.37117,0.929596,0.871449,ok,24,27,1.0,0.888889,0.941176,0.888889,0.791667,0.703704,0.745098,0.59375,0.806925,0.857357,0.941176
nucleonet_scaled,nucleus,zenodo_3675220_platynereis,Platynereis,nucleus_00050,sparse,80,nuclei.zip:train_data_nuclei_03,20.0,0.263,0.888677,0.799657,0.963026,0.824986,0.888677,0.999526,0.999927,31724,1218,6730,16737544,38454,32942,140625,0.273451,0.87025,0.774517,ok,31,35,0.774194,0.685714,0.727273,0.571429,0.612903,0.542857,0.575758,0.404255,0.617668,0.849294,0.727273
nucleonet_scaled,nucleus,zenodo_3675220_platynereis,Platynereis,nucleus_00051,sparse,80,nuclei.zip:train_data_nuclei_03,20.0,0.067,0.928134,0.865905,0.959829,0.898465,0.928134,0.99966,0.999908,36820,1541,4161,16734694,40981,38361,140625,0.29142,0.924833,0.828803,ok,33,37,0.848485,0.756757,0.8,0.666667,0.69697,0.621622,0.657143,0.489362,0.666973,0.833716,0.8
nucleonet_scaled,nucleus,zenodo_3675220_platynereis,Platynereis,nucleus_00052,sparse,80,nuclei.zip:train_data_nuclei_03,20.0,0.171,0.938956,0.884936,0.966756,0.91271,0.938956,0.999705,0.999922,38008,1307,3635,16734266,41643,39315,140625,0.296128,0.925225,0.840472,ok,30,34,0.766667,0.676471,0.71875,0.560976,0.666667,0.588235,0.625,0.454545,0.626856,0.872147,0.71875
nucleonet_scaled,nucleus,zenodo_3675220_platynereis,Platynereis,nucleus_00053,sparse,80,nuclei.zip:train_data_nuclei_03,20.0,0.143,0.946841,0.899049,0.975977,0.919395,0.946841,0.999745,0.999944,38108,938,3341,16734829,41449,39046,140625,0.294748,0.967657,0.888923,ok,31,33,0.903226,0.848485,0.875,0.777778,0.677419,0.636364,0.65625,0.488372,0.716052,0.818345,0.875
nucleonet_scaled,nucleus,zenodo_3675220_platynereis,Platynereis,nucleus_00054,sparse,80,nuclei.zip:train_data_nuclei_03,20.0,0.125,0.930283,0.869653,0.968825,0.89469,0.930283,0.999693,0.999934,34340,1105,4042,16737729,38382,35445,140625,0.272939,0.93602,0.849877,ok,32,32,0.875,0.875,0.875,0.777778,0.71875,0.71875,0.71875,0.560976,0.736366,0.841561,0.875
nucleonet_scaled,nucleus,zenodo_3675220_platynereis,Platynereis,nucleus_00055,sparse,80,nuclei.zip:train_data_nuclei_03,20.0,0.064,0.937297,0.881994,0.97275,0.904338,0.937297,0.999742,0.999946,32378,907,3425,16740506,35803,33285,140625,0.254599,0.935259,0.871991,ok,28,34,1.0,0.823529,0.903226,0.823529,0.75,0.617647,0.677419,0.512195,0.766061,0.848139,0.903226
nucleonet_scaled,nucleus,zenodo_3675220_platynereis,Platynereis,nucleus_00056,sparse,80,nuclei.zip:train_data_nuclei_03,20.0,0.174,0.927774,0.865278,0.982093,0.879148,0.927774,0.999695,0.999964,32852,599,4516,16739249,37368,33451,140625,0.265728,0.913794,0.837473,ok,29,35,0.965517,0.8,0.875,0.777778,0.758621,0.628571,0.6875,0.52381,0.747879,0.854719,0.875
nucleonet_scaled,nucleus,zenodo_3675220_platynereis,Platynereis,nucleus_00057,sparse,80,nuclei.zip:train_data_nuclei_03,20.0,0.132,0.902194,0.821816,0.916536,0.888295,0.902194,0.999569,0.999818,33383,3040,4198,16736595,37581,36423,140625,0.267243,0.902284,0.813257,ok,28,34,0.928571,0.764706,0.83871,0.722222,0.75,0.617647,0.677419,0.512195,0.705506,0.84118,0.83871
nucleonet_scaled,nucleus,zenodo_3675220_platynereis,Platynereis,nucleus_00058,sparse,80,nuclei.zip:train_data_nuclei_03,20.0,0.126,0.939623,0.886122,0.974528,0.907133,0.939623,0.999719,0.999943,36728,960,3760,16735768,40488,37688,140625,0.287915,0.919331,0.866722,ok,29,33,0.862069,0.757576,0.806452,0.675676,0.793103,0.69697,0.741935,0.589744,0.706945,0.876612,0.806452
nucleonet_scaled,nucleus,zenodo_3675220_platynereis,Platynereis,nucleus_00059,sparse,80,nuclei.zip:train_data_nuclei_03,20.0,0.072,0.934387,0.876854,0.982339,0.890899,0.934387,0.999676,0.999958,38657,695,4734,16733130,43391,39352,140625,0.308558,0.903322,0.857212,ok,29,32,0.827586,0.75,0.786885,0.648649,0.758621,0.6875,0.721311,0.564103,0.687711,0.873966,0.786885
nucleonet_scaled,nucleus,zenodo_3675220_platynereis,Platynereis,nucleus_00060,sparse,80,nuclei.zip:train_data_nuclei_03,20.0,0.163,0.943494,0.893032,0.98282,0.907194,0.943494,0.999718,0.999959,39472,690,4038,16733016,43510,40162,139500,0.3119,0.934207,0.879653,ok,27,29,0.962963,0.896552,0.928571,0.866667,0.814815,0.758621,0.785714,0.647059,0.794549,0.855668,0.928571
nucleonet_scaled,nucleus,zenodo_3675220_platynereis,Platynereis,nucleus_00061,sparse,80,nuclei.zip:train_data_nuclei_03,20.0,0.144,0.928389,0.866348,0.951701,0.906191,0.928389,0.999645,0.999883,38640,1961,4000,16732615,42640,40601,140625,0.303218,0.92511,0.862188,ok,29,29,0.896552,0.896552,0.896552,0.8125,0.655172,0.655172,0.655172,0.487179,0.76022,0.847938,0.896552
nucleonet_scaled,nucleus,zenodo_3675220_platynereis,Platynereis,nucleus_00062,sparse,80,nuclei.zip:train_data_nuclei_03,20.0,0.131,0.93488,0.877723,0.967704,0.90421,0.93488,0.999685,0.999924,37994,1268,4025,16733929,42019,39262,140625,0.298802,0.933343,0.848121,ok,30,31,0.866667,0.83871,0.852459,0.742857,0.766667,0.741935,0.754098,0.605263,0.736576,0.86406,0.852459
nucleonet_scaled,nucleus,zenodo_3675220_platynereis,Platynereis,nucleus_00063,sparse,80,nuclei.zip:train_data_nuclei_03,20.0,0.067,0.938783,0.884629,0.974539,0.905558,0.938783,0.999708,0.999941,37587,982,3920,16734727,41507,38569,140625,0.295161,0.943255,0.897324,ok,31,32,0.870968,0.84375,0.857143,0.75,0.806452,0.78125,0.793651,0.657895,0.757446,0.883687,0.857143
nucleonet_scaled,nucleus,zenodo_3675220_platynereis,Platynereis,nucleus_00064,sparse,80,nuclei.zip:train_data_nuclei_03,20.0,0.165,0.941296,0.889103,0.958846,0.924378,0.941296,0.999705,0.999898,39678,1703,3246,16732589,42924,41381,140625,0.305237,0.927562,0.88892,ok,30,34,0.933333,0.823529,0.875,0.777778,0.9,0.794118,0.84375,0.72973,0.772838,0.883244,0.875
nucleonet_scaled,nucleus,zenodo_3675220_platynereis,Platynereis,nucleus_00065,sparse,80,nuclei.zip:train_data_nuclei_03,20.0,0.574,0.939683,0.886229,0.974044,0.907665,0.939683,0.999707,0.999939,38239,1019,3890,16734068,42129,39258,140625,0.299584,0.943207,0.879608,ok,29,33,0.896552,0.787879,0.83871,0.722222,0.793103,0.69697,0.741935,0.589744,0.715855,0.85352,0.83871
nucleonet_scaled,nucleus,zenodo_3675220_platynereis,Platynereis,nucleus_00066,sparse,80,nuclei.zip:train_data_nuclei_03,20.0,0.138,0.897575,0.814182,0.965274,0.83875,0.897575,0.999538,0.999927,33940,1221,6525,16735530,40465,35161,140625,0.287751,0.89802,0.853966,ok,29,33,0.896552,0.787879,0.83871,0.722222,0.689655,0.606061,0.645161,0.47619,0.690958,0.823835,0.83871
nucleonet_scaled,nucleus,zenodo_3675220_platynereis,Platynereis,nucleus_00067,sparse,80,nuclei.zip:train_data_nuclei_03,20.0,0.124,0.9269,0.86376,0.936671,0.917332,0.9269,0.99968,0.999863,34033,2301,3067,16737815,37100,36334,140625,0.263822,0.887381,0.848544,ok,27,29,0.851852,0.793103,0.821429,0.69697,0.777778,0.724138,0.75,0.6,0.715466,0.871003,0.821429
nucleonet_scaled,nucleus,zenodo_3675220_platynereis,Platynereis,nucleus_00068,sparse,80,nuclei.zip:train_data_nuclei_03,20.0,0.113,0.938145,0.883496,0.970382,0.907981,0.938145,0.999715,0.999934,36203,1105,3669,16736239,39872,37308,140625,0.283534,0.940021,0.864808,ok,28,31,0.857143,0.774194,0.813559,0.685714,0.785714,0.709677,0.745763,0.594595,0.696735,0.856404,0.813559
nucleonet_scaled,nucleus,zenodo_3675220_platynereis,Platynereis,nucleus_00069,sparse,80,nuclei.zip:train_data_nuclei_03,20.0,0.184,0.938307,0.883784,0.947349,0.929436,0.938307,0.999701,0.999873,38145,2120,2896,16734055,41041,40265,140625,0.291847,0.938967,0.886146,ok,28,28,0.857143,0.857143,0.857143,0.75,0.75,0.75,0.75,0.6,0.749178,0.874041,0.857143
nucleonet_scaled,nucleus,zenodo_3675220_platynereis,Platynereis,nucleus_00070,sparse,80,nuclei.zip:train_data_nuclei_03,20.0,0.286,0.950225,0.90517,0.961258,0.939442,0.950225,0.999747,0.999902,40567,1635,2615,16732399,43182,42202,140625,0.307072,0.915763,0.888544,ok,26,26,0.846154,0.846154,0.846154,0.733333,0.807692,0.807692,0.807692,0.677419,0.756696,0.894277,0.846154
nucleonet_scaled,nucleus,zenodo_3675220_platynereis,Platynereis,nucleus_00071,sparse,80,nuclei.zip:train_data_nuclei_03,20.0,0.058,0.925885,0.861998,0.957381,0.896395,0.925885,0.999634,0.999898,38346,1707,4432,16732731,42778,40053,140625,0.304199,0.903244,0.8118,ok,26,31,0.846154,0.709677,0.77193,0.628571,0.846154,0.709677,0.77193,0.628571,0.673681,0.872723,0.77193
nucleonet_scaled,nucleus,zenodo_3675220_platynereis,Platynereis,nucleus_00072,sparse,80,nuclei.zip:train_data_nuclei_03,20.0,0.12,0.908264,0.831945,0.919452,0.897346,0.908264,0.999555,0.999807,36950,3237,4227,16732802,41177,40187,140625,0.292814,0.911403,0.825114,ok,29,31,0.793103,0.741935,0.766667,0.621622,0.655172,0.612903,0.633333,0.463415,0.636964,0.830823,0.766667
nucleonet_scaled,nucleus,zenodo_3675220_platynereis,Platynereis,nucleus_00073,sparse,80,nuclei.zip:train_data_nuclei_03,20.0,0.173,0.88291,0.790366,0.900573,0.865927,0.88291,0.999475,0.999781,33178,3663,5137,16735238,38315,36841,140625,0.272462,0.870166,0.765358,ok,28,28,0.785714,0.785714,0.785714,0.647059,0.714286,0.714286,0.714286,0.555556,0.678121,0.863063,0.785714
nucleonet_scaled,nucleus,zenodo_3675220_platynereis,Platynereis,nucleus_00074,sparse,80,nuclei.zip:train_data_nuclei_03,20.0,0.164,0.882417,0.789576,0.914894,0.852167,0.882417,0.99951,0.999828,30874,2872,5356,16738114,36230,33746,140625,0.257636,0.839936,0.739994,ok,28,30,0.785714,0.733333,0.758621,0.611111,0.535714,0.5,0.517241,0.348837,0.610593,0.804872,0.758621
nucleonet_scaled,nucleus,zenodo_3675220_platynereis,Platynereis,nucleus_00075,sparse,80,nuclei.zip:train_data_nuclei_04,20.0,0.279,0.927876,0.865455,0.941998,0.91417,0.927876,0.999797,0.999919,21909,1349,2057,16751901,23966,23258,88040,0.272217,0.924804,0.789568,ok,12,11,0.666667,0.727273,0.695652,0.533333,0.5,0.545455,0.521739,0.352941,0.589158,0.846914,0.695652
nucleonet_scaled,nucleus,zenodo_3675220_platynereis,Platynereis,nucleus_00076,sparse,80,nuclei.zip:train_data_nuclei_04,20.0,0.046,0.940723,0.88808,0.958666,0.923439,0.940723,0.99983,0.999942,22567,973,1871,16751805,24438,23540,107780,0.22674,0.917233,0.843604,ok,12,14,0.75,0.642857,0.692308,0.529412,0.666667,0.571429,0.615385,0.444444,0.600328,0.86714,0.692308
nucleonet_scaled,nucleus,zenodo_3675220_platynereis,Platynereis,nucleus_00077,sparse,80,nuclei.zip:train_data_nuclei_04,20.0,0.144,0.950752,0.906126,0.957401,0.944194,0.950752,0.999861,0.99994,22452,999,1327,16752438,23779,23451,113505,0.209497,0.974229,0.857221,ok,13,13,0.846154,0.846154,0.846154,0.733333,0.769231,0.769231,0.769231,0.625,0.744159,0.87946,0.846154
nucleonet_scaled,nucleus,zenodo_3675220_platynereis,Platynereis,nucleus_00078,sparse,80,nuclei.zip:train_data_nuclei_04,20.0,0.121,0.920966,0.853509,0.926557,0.915441,0.920966,0.999806,0.99991,18924,1500,1748,16755044,20672,20424,119021,0.173684,0.939103,0.841174,ok,17,14,0.823529,1.0,0.903226,0.823529,0.764706,0.928571,0.83871,0.722222,0.760246,0.841701,0.903226
nucleonet_scaled,nucleus,zenodo_3675220_platynereis,Platynereis,nucleus_00079,sparse,80,nuclei.zip:train_data_nuclei_04,20.0,0.112,0.910085,0.835006,0.929033,0.891894,0.910085,0.999772,0.999912,19388,1481,2350,16753997,21738,20869,128800,0.168773,0.920874,0.786032,ok,18,16,0.777778,0.875,0.823529,0.7,0.722222,0.8125,0.764706,0.619048,0.703159,0.853836,0.823529
nucleonet_scaled,nucleus,zenodo_3675220_platynereis,Platynereis,nucleus_00080,sparse,80,nuclei.zip:train_data_nuclei_04,20.0,0.054,0.91093,0.83643,0.946,0.878369,0.91093,0.999733,0.999922,22914,1308,3173,16749821,26087,24222,132375,0.197069,0.895543,0.758852,ok,16,19,0.8125,0.684211,0.742857,0.590909,0.625,0.526316,0.571429,0.4,0.615594,0.828685,0.742857
nucleonet_scaled,nucleus,zenodo_3675220_platynereis,Platynereis,nucleus_00081,sparse,80,nuclei.zip:train_data_nuclei_04,20.0,0.106,0.9439,0.893761,0.954083,0.933933,0.9439,0.999795,0.999917,28965,1394,2049,16744808,31014,30359,132750,0.233627,0.931141,0.841484,ok,18,17,0.722222,0.764706,0.742857,0.590909,0.611111,0.647059,0.628571,0.458333,0.636545,0.856887,0.742857
nucleonet_scaled,nucleus,zenodo_3675220_platynereis,Platynereis,nucleus_00082,sparse,80,nuclei.zip:train_data_nuclei_04,20.0,0.151,0.933766,0.87576,0.940016,0.927598,0.933766,0.999733,0.99988,31530,2012,2461,16741213,33991,33542,133125,0.255331,0.949145,0.823146,ok,17,16,0.882353,0.9375,0.909091,0.833333,0.647059,0.6875,0.666667,0.5,0.746015,0.820617,0.909091
nucleonet_scaled,nucleus,zenodo_3675220_platynereis,Platynereis,nucleus_00083,sparse,80,nuclei.zip:train_data_nuclei_04,20.0,0.268,0.919063,0.850247,0.945057,0.894461,0.919063,0.999676,0.999893,30858,1794,3641,16740923,34499,32652,133500,0.258419,0.900323,0.765268,ok,16,18,0.875,0.777778,0.823529,0.7,0.625,0.555556,0.588235,0.416667,0.664149,0.806467,0.823529
nucleonet_scaled,nucleus,zenodo_3675220_platynereis,Platynereis,nucleus_00084,sparse,80,nuclei.zip:train_data_nuclei_04,20.0,0.052,0.90875,0.83276,0.934204,0.884645,0.90875,0.999646,0.999876,29533,2080,3851,16741752,33384,31613,135375,0.246604,0.868495,0.770754,ok,20,20,0.75,0.75,0.75,0.6,0.6,0.6,0.6,0.428571,0.628281,0.837708,0.75
nucleonet_scaled,nucleus,zenodo_3675220_platynereis,Platynereis,nucleus_00085,sparse,80,nuclei.zip:train_data_nuclei_04,20.0,0.103,0.92871,0.866908,0.959642,0.89971,0.92871,0.999702,0.999918,32529,1368,3626,16739693,36155,33897,137625,0.262707,0.92707,0.825229,ok,18,24,0.888889,0.666667,0.761905,0.615385,0.777778,0.583333,0.666667,0.5,0.65318,0.857299,0.761905
nucleonet_scaled,nucleus,zenodo_3675220_platynereis,Platynereis,nucleus_00086,sparse,80,nuclei.zip:train_data_nuclei_04,20.0,0.161,0.929788,0.868788,0.960724,0.900782,0.929788,0.999708,0.999921,32484,1328,3578,16739826,36062,33812,138000,0.261319,0.926636,0.814934,ok,16,22,1.0,0.727273,0.842105,0.727273,0.875,0.636364,0.736842,0.583333,0.728546,0.865149,0.842105
nucleonet_scaled,nucleus,zenodo_3675220_platynereis,Platynereis,nucleus_00087,sparse,80,nuclei.zip:train_data_nuclei_04,20.0,0.127,0.888804,0.799863,0.954195,0.831802,0.888804,0.999582,0.99992,28060,1347,5674,16742135,33734,29407,138000,0.244449,0.837582,0.761156,ok,16,20,0.875,0.7,0.777778,0.636364,0.75,0.6,0.666667,0.5,0.663392,0.852933,0.777778
nucleonet_scaled,nucleus,zenodo_3675220_platynereis,Platynereis,nucleus_00088,sparse,80,nuclei.zip:train_data_nuclei_04,20.0,0.118,0.926858,0.863685,0.955752,0.899659,0.926858,0.999744,0.999925,27194,1259,3033,16745730,30227,28453,137250,0.220233,0.927459,0.827705,ok,15,24,0.8,0.5,0.615385,0.444444,0.8,0.5,0.615385,0.444444,0.558078,0.906877,0.615385
nucleonet_scaled,nucleus,zenodo_3675220_platynereis,Platynereis,nucleus_00089,sparse,80,nuclei.zip:train_data_nuclei_04,20.0,0.294,0.931115,0.871109,0.955273,0.90815,0.931115,0.999774,0.999928,25608,1199,2590,16747819,28198,26807,134625,0.209456,0.921876,0.85149,ok,13,19,0.923077,0.631579,0.75,0.6,0.923077,0.631579,0.75,0.6,0.661565,0.882087,0.75
nucleonet_scaled,nucleus,zenodo_3675220_platynereis,Platynereis,nucleus_00090,sparse,80,nuclei.zip:train_data_nuclei_04,20.0,0.057,0.921779,0.854907,0.954088,0.891586,0.921779,0.999789,0.99994,20864,1004,2537,16752811,23401,21868,134250,0.174309,0.862861,0.816953,ok,14,17,0.928571,0.764706,0.83871,0.722222,0.928571,0.764706,0.83871,0.722222,0.745244,0.88856,0.83871
nucleonet_scaled,nucleus,zenodo_3675220_platynereis,Platynereis,nucleus_00091,sparse,80,nuclei.zip:train_data_nuclei_04,20.0,0.237,0.935724,0.879211,0.953476,0.918621,0.935724,0.999844,0.999945,18998,927,1683,16755608,20681,19925,137625,0.150271,0.933875,0.8646,ok,11,15,1.0,0.733333,0.846154,0.733333,1.0,0.733333,0.846154,0.733333,0.742307,0.877272,0.846154
nucleonet_scaled,nucleus,zenodo_3675220_platynereis,Platynereis,nucleus_00092,sparse,80,nuclei.zip:train_data_nuclei_04,20.0,0.116,0.94957,0.903982,0.95188,0.947271,0.94957,0.999864,0.999935,21522,1088,1198,16753408,22720,22610,126140,0.180117,0.960976,0.902661,ok,12,15,1.0,0.8,0.888889,0.8,1.0,0.8,0.888889,0.8,0.785536,0.883728,0.888889
nucleonet_scaled,nucleus,zenodo_3675220_platynereis,Platynereis,nucleus_00093,sparse,80,nuclei.zip:train_data_nuclei_04,20.0,0.108,0.938535,0.884188,0.953659,0.923883,0.938535,0.999822,0.999934,22843,1110,1882,16751381,24725,23953,125250,0.197405,0.924896,0.836032,ok,10,13,1.0,0.769231,0.869565,0.769231,1.0,0.769231,0.869565,0.769231,0.780257,0.897296,0.869565
nucleonet_scaled,nucleus,zenodo_3675220_platynereis,Platynereis,nucleus_00094,sparse,80,nuclei.zip:train_data_nuclei_04,20.0,0.108,0.944621,0.895054,0.967052,0.923207,0.944621,0.999829,0.99995,24537,836,2041,16749802,26578,25373,126000,0.210937,0.928348,0.876982,ok,12,14,1.0,0.857143,0.923077,0.857143,0.833333,0.714286,0.769231,0.625,0.814068,0.881907,0.923077
nucleonet_scaled,nucleus,zenodo_3675220_platynereis,Platynereis,nucleus_00095,sparse,80,nuclei.zip:train_data_nuclei_04,20.0,0.136,0.939173,0.885322,0.958725,0.920404,0.939173,0.999794,0.999932,26642,1147,2304,16747123,28946,27789,140625,0.205838,0.918447,0.853511,ok,13,16,1.0,0.8125,0.896552,0.8125,0.846154,0.6875,0.758621,0.611111,0.780022,0.870025,0.896552
nucleonet_scaled,nucleus,zenodo_3675220_platynereis,Platynereis,nucleus_00096,sparse,80,nuclei.zip:train_data_nuclei_04,20.0,0.064,0.913656,0.841038,0.965253,0.867296,0.913656,0.999709,0.999944,25835,930,3953,16746498,29788,26765,140625,0.211826,0.915591,0.837552,ok,16,14,0.75,0.857143,0.8,0.666667,0.625,0.714286,0.666667,0.5,0.671896,0.839869,0.8
nucleonet_scaled,nucleus,zenodo_3675220_platynereis,Platynereis,nucleus_00097,sparse,80,nuclei.zip:train_data_nuclei_04,20.0,0.154,0.943727,0.893449,0.960622,0.927416,0.943727,0.99982,0.999938,25273,1036,1978,16748929,27251,26309,140625,0.193785,0.909274,0.853328,ok,13,14,0.769231,0.714286,0.740741,0.588235,0.615385,0.571429,0.592593,0.421053,0.639227,0.862956,0.740741
nucleonet_scaled,nucleus,zenodo_3675220_platynereis,Platynereis,nucleus_00098,sparse,80,nuclei.zip:train_data_nuclei_04,20.0,0.111,0.946636,0.898679,0.965623,0.928382,0.946636,0.999843,0.99995,23398,833,1805,16751180,25203,24231,140625,0.179221,0.928406,0.867435,ok,10,12,0.9,0.75,0.818182,0.692308,0.8,0.666667,0.727273,0.571429,0.724464,0.885456,0.818182
nucleonet_scaled,nucleus,zenodo_3675220_platynereis,Platynereis,nucleus_00099,sparse,80,nuclei.zip:train_data_nuclei_04,20.0,0.109,0.935694,0.879158,0.964485,0.908571,0.935694,0.999838,0.999957,19716,726,1984,16754790,21700,20442,137625,0.157675,0.915856,0.831302,ok,10,12,0.9,0.75,0.818182,0.692308,0.7,0.583333,0.636364,0.466667,0.693316,0.847386,0.818182
nucleonet_scaled,nucleus,zenodo_3675220_platynereis,Platynereis,nucleus_00100,sparse,80,nuclei.zip:train_data_nuclei_05,20.0,0.149,0.924547,0.859682,0.946521,0.90357,0.924547,0.999554,0.999845,45858,2591,4894,16723873,50752,48449,90000,0.563911,0.932436,0.816283,ok,42,49,0.833333,0.714286,0.769231,0.625,0.785714,0.673469,0.725275,0.568966,0.660245,0.858319,0.769231
nucleonet_scaled,nucleus,zenodo_3675220_platynereis,Platynereis,nucleus_00101,sparse,80,nuclei.zip:train_data_nuclei_05,20.0,0.073,0.932793,0.87405,0.94867,0.917438,0.932793,0.999601,0.99985,46482,2515,4183,16724036,50665,48997,90000,0.562944,0.943269,0.864524,ok,43,51,0.860465,0.72549,0.787234,0.649123,0.697674,0.588235,0.638298,0.46875,0.666631,0.846802,0.787234
nucleonet_scaled,nucleus,zenodo_3675220_platynereis,Platynereis,nucleus_00102,sparse,80,nuclei.zip:train_data_nuclei_05,20.0,0.166,0.931439,0.871677,0.946403,0.916942,0.931439,0.999588,0.999841,46952,2659,4253,16723352,51205,49611,90000,0.568944,0.95115,0.856307,ok,42,47,0.809524,0.723404,0.764045,0.618182,0.714286,0.638298,0.674157,0.508475,0.647454,0.847403,0.764045
nucleonet_scaled,nucleus,zenodo_3675220_platynereis,Platynereis,nucleus_00103,sparse,80,nuclei.zip:train_data_nuclei_05,20.0,0.162,0.915545,0.844245,0.942107,0.890441,0.915545,0.999522,0.99984,43482,2672,5350,16725712,48832,46154,90000,0.542578,0.924453,0.828881,ok,41,47,0.853659,0.744681,0.795455,0.660377,0.707317,0.617021,0.659091,0.491525,0.661649,0.831788,0.795455
nucleonet_scaled,nucleus,zenodo_3675220_platynereis,Platynereis,nucleus_00104,sparse,80,nuclei.zip:train_data_nuclei_05,20.0,0.138,0.914728,0.842856,0.929207,0.900693,0.914728,0.999528,0.999806,42501,3238,4686,16726791,47187,45739,90000,0.5243,0.922915,0.813311,ok,40,48,0.875,0.729167,0.795455,0.660377,0.725,0.604167,0.659091,0.491525,0.662353,0.832672,0.795455
nucleonet_scaled,nucleus,zenodo_3675220_platynereis,Platynereis,nucleus_00105,sparse,80,nuclei.zip:train_data_nuclei_05,20.0,0.101,0.896462,0.812353,0.943382,0.853988,0.896462,0.999464,0.99986,38906,2335,6652,16729323,45558,41241,90000,0.5062,0.897012,0.795145,ok,37,43,0.864865,0.744186,0.8,0.666667,0.72973,0.627907,0.675,0.509434,0.671583,0.839479,0.8
nucleonet_scaled,nucleus,zenodo_3675220_platynereis,Platynereis,nucleus_00106,sparse,80,nuclei.zip:train_data_nuclei_05,20.0,0.154,0.90671,0.829342,0.946164,0.870416,0.90671,0.999529,0.999869,38401,2185,5717,16730913,44118,40586,90000,0.4902,0.912797,0.800896,ok,37,40,0.837838,0.775,0.805195,0.673913,0.72973,0.675,0.701299,0.54,0.67625,0.839859,0.805195
nucleonet_scaled,nucleus,zenodo_3675220_platynereis,Platynereis,nucleus_00107,sparse,80,nuclei.zip:train_data_nuclei_05,20.0,0.16,0.912887,0.839735,0.945213,0.882698,0.912887,0.999559,0.999866,38784,2248,5154,16731030,43938,41032,90000,0.4882,0.920645,0.84259,ok,37,39,0.918919,0.871795,0.894737,0.809524,0.837838,0.794872,0.815789,0.688889,0.764315,0.854234,0.894737
nucleonet_scaled,nucleus,zenodo_3675220_platynereis,Platynereis,nucleus_00108,sparse,80,nuclei.zip:train_data_nuclei_05,20.0,0.066,0.917241,0.847133,0.947617,0.888752,0.917241,0.999558,0.999864,41119,2273,5147,16728677,46266,43392,90000,0.514067,0.940649,0.837198,ok,36,37,0.888889,0.864865,0.876712,0.780488,0.861111,0.837838,0.849315,0.738095,0.762255,0.869447,0.876712
nucleonet_scaled,nucleus,zenodo_3675220_platynereis,Platynereis,nucleus_00109,sparse,80,nuclei.zip:train_data_nuclei_05,20.0,0.056,0.897252,0.813652,0.943606,0.85524,0.897252,0.999456,0.999858,39873,2383,6749,16728211,46622,42256,90000,0.518022,0.91438,0.806062,ok,33,36,0.909091,0.833333,0.869565,0.769231,0.848485,0.777778,0.811594,0.682927,0.748858,0.861187,0.869565
nucleonet_scaled,nucleus,zenodo_3675220_platynereis,Platynereis,nucleus_00110,sparse,80,nuclei.zip:train_data_nuclei_05,20.0,0.075,0.903991,0.824802,0.937766,0.872564,0.903991,0.999494,0.999842,39946,2651,5834,16728785,45780,42597,90000,0.508667,0.921457,0.823129,ok,36,37,0.861111,0.837838,0.849315,0.738095,0.75,0.72973,0.739726,0.586957,0.731102,0.860813,0.849315
nucleonet_scaled,nucleus,zenodo_3675220_platynereis,Platynereis,nucleus_00111,sparse,80,nuclei.zip:train_data_nuclei_05,20.0,0.144,0.890618,0.802805,0.940579,0.845696,0.890618,0.999438,0.999855,38354,2423,6998,16729441,45352,40777,90000,0.503911,0.90696,0.77951,ok,31,37,0.903226,0.756757,0.823529,0.7,0.870968,0.72973,0.794118,0.658537,0.72,0.874285,0.823529
nucleonet_scaled,nucleus,zenodo_3675220_platynereis,Platynereis,nucleus_00112,sparse,80,nuclei.zip:train_data_nuclei_05,20.0,0.164,0.898058,0.814978,0.928856,0.869237,0.898058,0.999474,0.999822,38894,2979,5851,16729492,44745,41873,90000,0.497167,0.910025,0.808069,ok,34,38,0.911765,0.815789,0.861111,0.756098,0.735294,0.657895,0.694444,0.531915,0.716649,0.832238,0.861111
nucleonet_scaled,nucleus,zenodo_3675220_platynereis,Platynereis,nucleus_00113,sparse,80,nuclei.zip:train_data_nuclei_05,20.0,0.125,0.898225,0.815252,0.926577,0.871556,0.898225,0.999488,0.999821,37897,3003,5585,16730731,43482,40900,90000,0.483133,0.906864,0.822071,ok,34,38,0.941176,0.842105,0.888889,0.8,0.823529,0.736842,0.777778,0.636364,0.747213,0.840614,0.888889
nucleonet_scaled,nucleus,zenodo_3675220_platynereis,Platynereis,nucleus_00114,sparse,80,nuclei.zip:train_data_nuclei_05,20.0,0.519,0.886401,0.795978,0.935775,0.841975,0.886401,0.999443,0.99985,36455,2502,6842,16731417,43297,38957,90000,0.481078,0.885884,0.778237,ok,31,36,0.870968,0.75,0.80597,0.675,0.806452,0.694444,0.746269,0.595238,0.690252,0.856423,0.80597
nucleonet_scaled,nucleus,zenodo_3675220_platynereis,Platynereis,nucleus_00115,sparse,80,nuclei.zip:train_data_nuclei_05,20.0,0.067,0.894863,0.80973,0.933659,0.859162,0.894863,0.999488,0.999845,36535,2596,5989,16732096,42524,39131,90000,0.472489,0.904145,0.816656,ok,34,41,0.882353,0.731707,0.8,0.666667,0.823529,0.682927,0.746667,0.595745,0.674847,0.843559,0.8
nucleonet_scaled,nucleus,zenodo_3675220_platynereis,Platynereis,nucleus_00116,sparse,80,nuclei.zip:train_data_nuclei_05,20.0,0.439,0.888044,0.798632,0.95215,0.832026,0.888044,0.999461,0.999892,35857,1802,7239,16732318,43096,37659,90000,0.478844,0.88679,0.790773,ok,31,39,0.870968,0.692308,0.771429,0.627907,0.806452,0.641026,0.714286,0.555556,0.665347,0.862487,0.771429
nucleonet_scaled,nucleus,zenodo_3675220_platynereis,Platynereis,nucleus_00117,sparse,80,nuclei.zip:train_data_nuclei_05,20.0,0.134,0.887079,0.797073,0.948707,0.832969,0.887079,0.999479,0.999889,34310,1855,6880,16734171,41190,36165,89100,0.46229,0.903445,0.763203,ok,27,39,0.888889,0.615385,0.727273,0.571429,0.814815,0.564103,0.666667,0.5,0.622755,0.856288,0.727273
nucleonet_scaled,nucleus,zenodo_3675220_platynereis,Platynereis,nucleus_00118,sparse,80,nuclei.zip:train_data_nuclei_05,20.0,0.138,0.874138,0.776417,0.897316,0.852128,0.874138,0.999393,0.999758,35365,4047,6137,16731667,41502,39412,90000,0.461133,0.861361,0.781318,ok,29,35,0.862069,0.714286,0.78125,0.641026,0.827586,0.685714,0.75,0.6,0.677709,0.867467,0.78125
nucleonet_scaled,nucleus,zenodo_3675220_platynereis,Platynereis,nucleus_00119,sparse,80,nuclei.zip:train_data_nuclei_05,20.0,0.212,0.898834,0.816257,0.949283,0.853477,0.898834,0.999506,0.999882,36854,1969,6327,16732066,43181,38823,90000,0.479789,0.902691,0.785198,ok,29,35,0.896552,0.742857,0.8125,0.684211,0.862069,0.714286,0.78125,0.641026,0.706131,0.869084,0.8125
nucleonet_scaled,nucleus,zenodo_3675220_platynereis,Platynereis,nucleus_00120,sparse,80,nuclei.zip:train_data_nuclei_05,20.0,0.067,0.874368,0.776779,0.916911,0.835597,0.874368,0.999378,0.999803,36295,3289,7141,16730491,43436,39584,90000,0.482622,0.872197,0.752128,ok,28,35,0.928571,0.742857,0.825397,0.702703,0.892857,0.714286,0.793651,0.657895,0.71597,0.867425,0.825397
nucleonet_scaled,nucleus,zenodo_3675220_platynereis,Platynereis,nucleus_00121,sparse,80,nuclei.zip:train_data_nuclei_05,20.0,0.149,0.903511,0.824004,0.936494,0.872773,0.903511,0.999564,0.999861,34286,2325,4998,16735607,39284,36611,90000,0.436489,0.895577,0.801517,ok,28,35,0.928571,0.742857,0.825397,0.702703,0.714286,0.571429,0.634921,0.465116,0.690132,0.836122,0.825397
nucleonet_scaled,nucleus,zenodo_3675220_platynereis,Platynereis,nucleus_00122,sparse,80,nuclei.zip:train_data_nuclei_05,20.0,0.31,0.915647,0.844417,0.95802,0.876863,0.915647,0.999641,0.999915,32657,1431,4586,16738542,37243,34088,90000,0.413811,0.908448,0.800255,ok,27,34,0.962963,0.764706,0.852459,0.742857,0.740741,0.588235,0.655738,0.487805,0.705412,0.827502,0.852459
nucleonet_scaled,nucleus,zenodo_3675220_platynereis,Platynereis,nucleus_00123,sparse,80,nuclei.zip:train_data_nuclei_05,20.0,0.051,0.925857,0.86195,0.949704,0.903179,0.925857,0.999687,0.999896,32761,1735,3512,16739208,36273,34496,90000,0.403033,0.942611,0.839826,ok,28,30,0.964286,0.9,0.931034,0.870968,0.821429,0.766667,0.793103,0.657143,0.781917,0.839837,0.931034
nucleonet_scaled,nucleus,zenodo_3675220_platynereis,Platynereis,nucleus_00124,sparse,80,nuclei.zip:train_data_nuclei_05,20.0,0.154,0.927962,0.865605,0.937002,0.919094,0.927962,0.999699,0.999869,32558,2189,2866,16739603,35424,34747,90000,0.3936,0.954019,0.834881,ok,28,29,0.964286,0.931034,0.947368,0.9,0.857143,0.827586,0.842105,0.727273,0.816762,0.862138,0.947368
nucleonet_scaled,nucleus,zenodo_3675220_platynereis,Platynereis,nucleus_00125,sparse,80,nuclei.zip:train_data_nuclei_06,20.0,0.111,0.923447,0.857781,0.915987,0.931029,0.923447,0.999877,0.999932,12473,1144,924,16762675,13397,13617,108777,0.12316,0.932328,0.798001,ok,8,7,0.875,1.0,0.933333,0.875,0.75,0.857143,0.8,0.666667,0.769146,0.824085,0.933333
nucleonet_scaled,nucleus,zenodo_3675220_platynereis,Platynereis,nucleus_00126,sparse,80,nuclei.zip:train_data_nuclei_06,20.0,0.1,0.951825,0.908078,0.962309,0.941566,0.951825,0.999913,0.999966,14502,568,900,16761246,15402,15070,128366,0.119985,0.924616,0.902847,ok,8,8,0.875,0.875,0.875,0.777778,0.75,0.75,0.75,0.6,0.774005,0.884577,0.875
nucleonet_scaled,nucleus,zenodo_3675220_platynereis,Platynereis,nucleus_00127,sparse,80,nuclei.zip:train_data_nuclei_06,20.0,0.046,0.958394,0.920112,0.966082,0.950828,0.958394,0.999924,0.999969,14754,518,763,16761181,15517,15272,130875,0.118564,0.941304,0.909645,ok,8,11,0.875,0.636364,0.736842,0.583333,0.875,0.636364,0.736842,0.583333,0.673592,0.91416,0.736842
nucleonet_scaled,nucleus,zenodo_3675220_platynereis,Platynereis,nucleus_00128,sparse,80,nuclei.zip:train_data_nuclei_06,20.0,0.148,0.932139,0.872903,0.966772,0.899902,0.932139,0.99988,0.999972,13791,474,1534,16761417,15325,14265,130875,0.117096,0.904014,0.879997,ok,9,11,1.0,0.818182,0.9,0.818182,1.0,0.818182,0.9,0.818182,0.795305,0.883673,0.9
nucleonet_scaled,nucleus,zenodo_3675220_platynereis,Platynereis,nucleus_00129,sparse,80,nuclei.zip:train_data_nuclei_06,20.0,0.116,0.928719,0.866924,0.953647,0.905061,0.928719,0.999879,0.999962,13270,645,1392,16761909,14662,13915,130500,0.112352,0.919286,0.837279,ok,9,11,1.0,0.818182,0.9,0.818182,0.888889,0.727273,0.8,0.666667,0.772922,0.858802,0.9
nucleonet_scaled,nucleus,zenodo_3675220_platynereis,Platynereis,nucleus_00130,sparse,80,nuclei.zip:train_data_nuclei_06,20.0,0.11,0.913305,0.840444,0.943411,0.885062,0.913305,0.999832,0.999947,14854,891,1929,16759542,16783,15745,130125,0.128976,0.874168,0.773543,ok,11,12,0.909091,0.833333,0.869565,0.769231,0.727273,0.666667,0.695652,0.533333,0.708835,0.81516,0.869565
nucleonet_scaled,nucleus,zenodo_3675220_platynereis,Platynereis,nucleus_00131,sparse,80,nuclei.zip:train_data_nuclei_06,20.0,0.113,0.927838,0.86539,0.954983,0.902194,0.927838,0.99984,0.999951,17268,814,1872,16757262,19140,18082,129750,0.147514,0.925537,0.828816,ok,12,13,1.0,0.923077,0.96,0.923077,0.916667,0.846154,0.88,0.785714,0.809759,0.843499,0.96
nucleonet_scaled,nucleus,zenodo_3675220_platynereis,Platynereis,nucleus_00132,sparse,80,nuclei.zip:train_data_nuclei_06,20.0,0.053,0.914592,0.842625,0.918559,0.910659,0.914592,0.999794,0.999902,18531,1643,1818,16755224,20349,20174,129375,0.157287,0.89496,0.832946,ok,11,14,1.0,0.785714,0.88,0.785714,0.909091,0.714286,0.8,0.666667,0.758718,0.86218,0.88
nucleonet_scaled,nucleus,zenodo_3675220_platynereis,Platynereis,nucleus_00133,sparse,80,nuclei.zip:train_data_nuclei_06,20.0,0.138,0.937069,0.88159,0.961859,0.913525,0.937069,0.999851,0.999956,18561,736,1757,16756162,20318,19297,128250,0.158425,0.951966,0.865189,ok,13,14,0.923077,0.857143,0.888889,0.8,0.923077,0.857143,0.888889,0.8,0.780193,0.877717,0.888889
nucleonet_scaled,nucleus,zenodo_3675220_platynereis,Platynereis,nucleus_00134,sparse,80,nuclei.zip:train_data_nuclei_06,20.0,0.119,0.934911,0.877778,0.964168,0.907377,0.934911,0.999847,0.999959,18486,687,1887,16756156,20373,19173,126375,0.161211,0.964499,0.850394,ok,12,12,0.916667,0.916667,0.916667,0.846154,0.833333,0.833333,0.833333,0.714286,0.790791,0.862681,0.916667
nucleonet_scaled,nucleus,zenodo_3675220_platynereis,Platynereis,nucleus_00135,sparse,80,nuclei.zip:train_data_nuclei_06,20.0,0.116,0.897267,0.813675,0.940216,0.85807,0.897267,0.999769,0.999936,16922,1076,2799,16756419,19721,17998,126038,0.156469,0.861137,0.760225,ok,12,14,0.666667,0.571429,0.615385,0.444444,0.666667,0.571429,0.615385,0.444444,0.538724,0.875427,0.615385
nucleonet_scaled,nucleus,zenodo_3675220_platynereis,Platynereis,nucleus_00136,sparse,80,nuclei.zip:train_data_nuclei_06,20.0,0.114,0.922544,0.856225,0.943949,0.902089,0.922544,0.999831,0.99994,16925,1005,1837,16757449,18762,17930,126375,0.148463,0.933619,0.798962,ok,10,12,1.0,0.833333,0.909091,0.833333,1.0,0.833333,0.909091,0.833333,0.790108,0.869118,0.909091
nucleonet_scaled,nucleus,zenodo_3675220_platynereis,Platynereis,nucleus_00137,sparse,80,nuclei.zip:train_data_nuclei_06,20.0,0.054,0.931789,0.87229,0.951986,0.912432,0.931789,0.999856,0.99995,16536,834,1587,16758259,18123,17370,125625,0.144263,0.9288,0.846448,ok,10,11,1.0,0.909091,0.952381,0.909091,1.0,0.909091,0.952381,0.909091,0.83349,0.875164,0.952381
nucleonet_scaled,nucleus,zenodo_3675220_platynereis,Platynereis,nucleus_00138,sparse,80,nuclei.zip:train_data_nuclei_06,20.0,0.137,0.910474,0.83566,0.931361,0.890503,0.910474,0.999822,0.999933,15143,1116,1862,16759095,17005,16259,123750,0.137414,0.910324,0.786965,ok,11,10,0.818182,0.9,0.857143,0.75,0.727273,0.8,0.761905,0.615385,0.739961,0.863287,0.857143
nucleonet_scaled,nucleus,zenodo_3675220_platynereis,Platynereis,nucleus_00139,sparse,80,nuclei.zip:train_data_nuclei_06,20.0,0.118,0.926276,0.862676,0.953374,0.900676,0.926276,0.99987,0.99996,13720,671,1513,16761312,15233,14391,123750,0.123095,0.932678,0.802675,ok,8,10,1.0,0.8,0.888889,0.8,0.875,0.7,0.777778,0.636364,0.763139,0.858531,0.888889
nucleonet_scaled,nucleus,zenodo_3675220_platynereis,Platynereis,nucleus_00140,sparse,80,nuclei.zip:train_data_nuclei_06,20.0,0.273,0.906771,0.829442,0.911591,0.902001,0.906771,0.99986,0.999934,11404,1106,1239,16763467,12643,12510,121875,0.103737,0.848315,0.748771,ok,10,9,0.7,0.777778,0.736842,0.583333,0.5,0.555556,0.526316,0.357143,0.597396,0.810751,0.736842
nucleonet_scaled,nucleus,zenodo_3675220_platynereis,Platynereis,nucleus_00141,sparse,80,nuclei.zip:train_data_nuclei_06,20.0,0.037,0.908465,0.832282,0.945572,0.87416,0.908465,0.999888,0.999968,9364,539,1348,16765965,10712,9903,111750,0.095857,0.867729,0.776011,ok,6,6,0.833333,0.833333,0.833333,0.714286,0.666667,0.666667,0.666667,0.5,0.706765,0.848117,0.833333
nucleonet_scaled,nucleus,zenodo_3675220_platynereis,Platynereis,nucleus_00142,sparse,80,nuclei.zip:train_data_nuclei_06,20.0,0.123,0.901802,0.821166,0.931468,0.873968,0.901802,0.999894,0.999964,8155,600,1176,16767285,9331,8755,105750,0.088236,0.799964,0.711676,ok,5,6,0.8,0.666667,0.727273,0.571429,0.6,0.5,0.545455,0.375,0.610733,0.839759,0.727273
nucleonet_scaled,nucleus,zenodo_3675220_platynereis,Platynereis,nucleus_00143,sparse,80,nuclei.zip:train_data_nuclei_06,20.0,0.239,0.895971,0.811546,0.936654,0.858675,0.895971,0.999901,0.999971,7127,482,1173,16768434,8300,7609,99050,0.083796,0.887507,0.755536,ok,8,5,0.375,0.6,0.461538,0.3,0.25,0.4,0.307692,0.181818,0.372021,0.806045,0.461538
nucleonet_scaled,nucleus,zenodo_3675220_platynereis,Platynereis,nucleus_00144,sparse,80,nuclei.zip:train_data_nuclei_06,20.0,0.033,0.849266,0.738022,0.931697,0.780236,0.849266,0.999874,0.999974,5961,437,1679,16769139,7640,6398,99814,0.076542,0.73794,0.622086,ok,4,7,0.75,0.428571,0.545455,0.375,0.5,0.285714,0.363636,0.222222,0.45562,0.835304,0.545455
nucleonet_scaled,nucleus,zenodo_3675220_platynereis,Platynereis,nucleus_00145,sparse,80,nuclei.zip:train_data_nuclei_06,20.0,0.073,0.928917,0.867268,0.954457,0.904707,0.928917,0.999928,0.999978,7880,376,830,16768130,8710,8256,104880,0.083047,0.907586,0.870182,ok,6,7,1.0,0.857143,0.923077,0.857143,0.833333,0.714286,0.769231,0.625,0.800129,0.866806,0.923077
nucleonet_scaled,nucleus,zenodo_3675220_platynereis,Platynereis,nucleus_00146,sparse,80,nuclei.zip:train_data_nuclei_06,20.0,0.088,0.866248,0.764055,0.966068,0.785125,0.866248,0.999856,0.999984,7801,274,2135,16767006,9936,8075,107625,0.092321,0.840491,0.721051,ok,5,7,0.8,0.571429,0.666667,0.5,0.8,0.571429,0.666667,0.5,0.576845,0.865268,0.666667
nucleonet_scaled,nucleus,zenodo_3675220_platynereis,Platynereis,nucleus_00147,sparse,80,nuclei.zip:train_data_nuclei_06,20.0,0.14,0.905766,0.827762,0.968238,0.850867,0.905766,0.999895,0.999983,8444,277,1480,16767015,9924,8721,107250,0.092531,0.864499,0.757504,ok,5,7,1.0,0.714286,0.833333,0.714286,1.0,0.714286,0.833333,0.714286,0.714301,0.857161,0.833333
nucleonet_scaled,nucleus,zenodo_3675220_platynereis,Platynereis,nucleus_00148,sparse,80,nuclei.zip:train_data_nuclei_06,20.0,0.257,0.920365,0.852477,0.967033,0.877993,0.920365,0.999905,0.999981,9240,315,1284,16766377,10524,9555,106506,0.098811,0.886311,0.825113,ok,6,7,0.833333,0.714286,0.769231,0.625,0.833333,0.714286,0.769231,0.625,0.690719,0.897934,0.769231
nucleonet_scaled,nucleus,zenodo_3675220_platynereis,Platynereis,nucleus_00149,sparse,80,nuclei.zip:train_data_nuclei_06,20.0,0.035,0.922703,0.856499,0.939957,0.906072,0.922703,0.999892,0.999959,10833,692,1123,16764568,11956,11525,107310,0.111416,0.922794,0.779206,ok,8,7,0.875,1.0,0.933333,0.875,0.625,0.714286,0.666667,0.5,0.731825,0.784098,0.933333
nucleonet_scaled,nucleus,zenodo_3675220_platynereis,Platynereis,nucleus_00150,sparse,80,nuclei.zip:train_data_nuclei_07,20.0,0.44,0.871666,0.772525,0.899671,0.845352,0.871666,0.999674,0.999876,18580,2072,3399,16753165,21979,20652,140625,0.156295,0.854333,0.75897,ok,20,21,0.8,0.761905,0.780488,0.64,0.65,0.619048,0.634146,0.464286,0.655095,0.839341,0.780488
nucleonet_scaled,nucleus,zenodo_3675220_platynereis,Platynereis,nucleus_00151,sparse,80,nuclei.zip:train_data_nuclei_07,20.0,0.111,0.901888,0.821308,0.936802,0.869483,0.901888,0.999786,0.999933,16528,1115,2481,16757092,19009,17643,140625,0.135175,0.883038,0.812961,ok,15,22,0.933333,0.636364,0.756757,0.608696,0.8,0.545455,0.648649,0.48,0.663699,0.877031,0.756757
nucleonet_scaled,nucleus,zenodo_3675220_platynereis,Platynereis,nucleus_00152,sparse,80,nuclei.zip:train_data_nuclei_07,20.0,0.252,0.896002,0.811597,0.956602,0.842622,0.896002,0.999786,0.999958,15452,701,2886,16758177,18338,16153,140625,0.130404,0.849917,0.780072,ok,13,19,1.0,0.684211,0.8125,0.684211,0.923077,0.631579,0.75,0.6,0.703312,0.865615,0.8125
nucleonet_scaled,nucleus,zenodo_3675220_platynereis,Platynereis,nucleus_00153,sparse,80,nuclei.zip:train_data_nuclei_07,20.0,0.066,0.917424,0.847446,0.941276,0.894751,0.917424,0.999827,0.99994,16093,1004,1893,16758226,17986,17097,140625,0.1279,0.902563,0.80372,ok,15,19,0.8,0.631579,0.705882,0.545455,0.666667,0.526316,0.588235,0.416667,0.5874,0.83215,0.705882
nucleonet_scaled,nucleus,zenodo_3675220_platynereis,Platynereis,nucleus_00154,sparse,80,nuclei.zip:train_data_nuclei_07,20.0,0.078,0.937652,0.882622,0.953521,0.922302,0.937652,0.999867,0.999951,16761,817,1412,16758226,18173,17578,140625,0.12923,0.939454,0.863614,ok,15,17,0.866667,0.764706,0.8125,0.684211,0.733333,0.647059,0.6875,0.52381,0.697737,0.858754,0.8125
nucleonet_scaled,nucleus,zenodo_3675220_platynereis,Platynereis,nucleus_00155,sparse,80,nuclei.zip:train_data_nuclei_07,20.0,0.14,0.890318,0.802319,0.937268,0.847848,0.890318,0.999804,0.999947,13357,894,2397,16760568,15754,14251,140625,0.112028,0.818315,0.774875,ok,11,14,0.818182,0.642857,0.72,0.5625,0.727273,0.571429,0.64,0.470588,0.627905,0.872091,0.72
nucleonet_scaled,nucleus,zenodo_3675220_platynereis,Platynereis,nucleus_00156,sparse,80,nuclei.zip:train_data_nuclei_07,20.0,0.114,0.866589,0.764584,0.942379,0.802082,0.866589,0.999789,0.999958,11481,702,2833,16762200,14314,12183,140625,0.101788,0.790995,0.698621,ok,10,14,0.7,0.5,0.583333,0.411765,0.6,0.428571,0.5,0.333333,0.500807,0.858527,0.583333
nucleonet_scaled,nucleus,zenodo_3675220_platynereis,Platynereis,nucleus_00157,sparse,80,nuclei.zip:train_data_nuclei_07,20.0,0.109,0.924494,0.85959,0.956106,0.894905,0.924494,0.999867,0.999962,13701,629,1609,16761277,15310,14330,140250,0.109162,0.863863,0.81144,ok,9,12,1.0,0.75,0.857143,0.75,0.777778,0.583333,0.666667,0.5,0.715249,0.834457,0.857143
nucleonet_scaled,nucleus,zenodo_3675220_platynereis,Platynereis,nucleus_00158,sparse,80,nuclei.zip:train_data_nuclei_07,20.0,0.103,0.946847,0.89906,0.973608,0.921518,0.946847,0.999906,0.999977,14055,381,1197,16761583,15252,14436,121125,0.12592,0.923545,0.881822,ok,10,11,0.9,0.818182,0.857143,0.75,0.7,0.636364,0.666667,0.5,0.733264,0.855475,0.857143
nucleonet_scaled,nucleus,zenodo_3675220_platynereis,Platynereis,nucleus_00159,sparse,80,nuclei.zip:train_data_nuclei_07,20.0,0.045,0.876666,0.780415,0.966721,0.80196,0.876666,0.999812,0.999977,11213,386,2769,16762848,13982,11599,121125,0.115434,0.854772,0.833592,ok,9,10,0.888889,0.8,0.842105,0.727273,0.777778,0.7,0.736842,0.583333,0.736209,0.874249,0.842105
nucleonet_scaled,nucleus,zenodo_3675220_platynereis,Platynereis,nucleus_00160,sparse,80,nuclei.zip:train_data_nuclei_07,20.0,0.097,0.908568,0.832456,0.967186,0.85665,0.908568,0.999875,0.999979,10434,354,1746,16764682,12180,10788,120750,0.10087,0.868596,0.819332,ok,10,11,0.9,0.818182,0.857143,0.75,0.6,0.545455,0.571429,0.4,0.686998,0.801497,0.857143
nucleonet_scaled,nucleus,zenodo_3675220_platynereis,Platynereis,nucleus_00161,sparse,80,nuclei.zip:train_data_nuclei_07,20.0,0.142,0.864646,0.761566,0.962695,0.784724,0.864646,0.999836,0.99998,8774,340,2407,16765695,11181,9114,131250,0.085189,0.776523,0.7425,ok,8,12,0.875,0.583333,0.7,0.538462,0.875,0.583333,0.7,0.538462,0.623997,0.891425,0.7
nucleonet_scaled,nucleus,zenodo_3675220_platynereis,Platynereis,nucleus_00162,sparse,80,nuclei.zip:train_data_nuclei_07,20.0,0.268,0.82755,0.70583,0.924096,0.749269,0.82755,0.999783,0.999957,8717,716,2917,16764866,11634,9433,138375,0.084076,0.773058,0.675599,ok,10,13,0.8,0.615385,0.695652,0.533333,0.5,0.384615,0.434783,0.277778,0.556659,0.800198,0.695652
nucleonet_scaled,nucleus,zenodo_3675220_platynereis,Platynereis,nucleus_00163,sparse,80,nuclei.zip:train_data_nuclei_07,20.0,0.037,0.888846,0.799931,0.946075,0.838147,0.888846,0.999861,0.999968,9316,531,1799,16765570,11115,9847,140625,0.07904,0.867114,0.781733,ok,10,14,0.9,0.642857,0.75,0.6,0.6,0.428571,0.5,0.333333,0.609235,0.812314,0.75
nucleonet_scaled,nucleus,zenodo_3675220_platynereis,Platynereis,nucleus_00164,sparse,80,nuclei.zip:train_data_nuclei_07,20.0,0.077,0.91695,0.846636,0.913846,0.920074,0.91695,0.999882,0.999939,10936,1031,950,16764299,11886,11967,140625,0.084523,0.874412,0.848759,ok,11,12,0.909091,0.833333,0.869565,0.769231,0.909091,0.833333,0.869565,0.769231,0.769336,0.884737,0.869565
nucleonet_scaled,nucleus,zenodo_3675220_platynereis,Platynereis,nucleus_00165,sparse,80,nuclei.zip:train_data_nuclei_07,20.0,0.141,0.943475,0.892998,0.959862,0.927637,0.943475,0.999912,0.999969,12268,513,957,16763478,13225,12781,140625,0.094044,0.946985,0.891334,ok,12,12,0.75,0.75,0.75,0.6,0.75,0.75,0.75,0.6,0.676762,0.90235,0.75
nucleonet_scaled,nucleus,zenodo_3675220_platynereis,Platynereis,nucleus_00166,sparse,80,nuclei.zip:train_data_nuclei_07,20.0,0.218,0.934338,0.876768,0.959648,0.910329,0.934338,0.999893,0.999968,12771,537,1258,16762650,14029,13308,140625,0.099762,0.93412,0.832426,ok,10,13,1.0,0.769231,0.869565,0.769231,0.7,0.538462,0.608696,0.4375,0.712571,0.819457,0.869565
nucleonet_scaled,nucleus,zenodo_3675220_platynereis,Platynereis,nucleus_00167,sparse,80,nuclei.zip:train_data_nuclei_07,20.0,0.054,0.912869,0.839705,0.944068,0.883667,0.912869,0.999857,0.999956,12541,743,1651,16762281,14192,13284,140625,0.100921,0.815368,0.766053,ok,12,15,0.75,0.6,0.666667,0.5,0.75,0.6,0.666667,0.5,0.590929,0.886393,0.666667
nucleonet_scaled,nucleus,zenodo_3675220_platynereis,Platynereis,nucleus_00168,sparse,80,nuclei.zip:train_data_nuclei_07,20.0,0.085,0.927426,0.864673,0.959751,0.897207,0.927426,0.999871,0.999965,13878,582,1590,16761166,15468,14460,140625,0.109995,0.877797,0.848448,ok,14,14,0.714286,0.714286,0.714286,0.555556,0.571429,0.571429,0.571429,0.4,0.575093,0.80513,0.714286
nucleonet_scaled,nucleus,zenodo_3675220_platynereis,Platynereis,nucleus_00169,sparse,80,nuclei.zip:train_data_nuclei_07,20.0,0.141,0.898774,0.816158,0.921892,0.876788,0.898774,0.999797,0.999923,15143,1283,2128,16758662,17271,16426,140625,0.122816,0.854834,0.792166,ok,14,13,0.785714,0.846154,0.814815,0.6875,0.571429,0.615385,0.592593,0.421053,0.673714,0.82683,0.814815
nucleonet_scaled,nucleus,zenodo_3675220_platynereis,Platynereis,nucleus_00170,sparse,80,nuclei.zip:train_data_nuclei_07,20.0,0.263,0.939498,0.885899,0.958159,0.92155,0.939498,0.999868,0.999955,17221,752,1466,16757777,18687,17973,140625,0.132885,0.937874,0.872715,ok,16,12,0.75,1.0,0.857143,0.75,0.625,0.833333,0.714286,0.555556,0.742373,0.866102,0.857143
nucleonet_scaled,nucleus,zenodo_3675220_platynereis,Platynereis,nucleus_00171,sparse,80,nuclei.zip:train_data_nuclei_07,20.0,0.038,0.93543,0.878692,0.970055,0.903191,0.93543,0.999856,0.999968,17493,540,1875,16757308,19368,18033,140625,0.137728,0.953969,0.870837,ok,11,12,0.818182,0.75,0.782609,0.642857,0.818182,0.75,0.782609,0.642857,0.712043,0.909833,0.782609
nucleonet_scaled,nucleus,zenodo_3675220_platynereis,Platynereis,nucleus_00172,sparse,80,nuclei.zip:train_data_nuclei_07,20.0,0.143,0.918534,0.849341,0.965013,0.876326,0.918534,0.999826,0.999964,16439,596,2320,16757861,18759,17035,140625,0.133397,0.939643,0.795293,ok,11,11,0.818182,0.818182,0.818182,0.692308,0.727273,0.727273,0.727273,0.571429,0.714185,0.872892,0.818182
nucleonet_scaled,nucleus,zenodo_3675220_platynereis,Platynereis,nucleus_00173,sparse,80,nuclei.zip:train_data_nuclei_07,20.0,0.141,0.8757,0.778884,0.853782,0.898772,0.8757,0.999693,0.999815,18148,3108,2044,16753916,20192,21256,140625,0.143588,0.870559,0.778144,ok,13,10,0.769231,1.0,0.869565,0.769231,0.615385,0.8,0.695652,0.533333,0.747181,0.859258,0.869565
nucleonet_scaled,nucleus,zenodo_3675220_platynereis,Platynereis,nucleus_00174,sparse,80,nuclei.zip:train_data_nuclei_07,20.0,0.243,0.825849,0.703358,0.801677,0.851524,0.825849,0.999596,0.999763,16064,3974,2801,16754377,18865,20038,140625,0.134151,0.771727,0.639402,ok,11,11,0.727273,0.727273,0.727273,0.571429,0.636364,0.636364,0.636364,0.466667,0.618979,0.851097,0.727273
nucleonet_scaled,nucleus,zenodo_3675220_platynereis,Platynereis,nucleus_00175,sparse,80,nuclei.zip:train_data_nuclei_08,20.0,0.081,0.938455,0.884046,0.965412,0.912963,0.938455,0.999645,0.999903,45356,1625,4324,16725911,49680,46981,187500,0.26496,0.936578,0.846401,ok,31,36,0.935484,0.805556,0.865672,0.763158,0.709677,0.611111,0.656716,0.488889,0.731872,0.845439,0.865672
nucleonet_scaled,nucleus,zenodo_3675220_platynereis,Platynereis,nucleus_00176,sparse,80,nuclei.zip:train_data_nuclei_08,20.0,0.157,0.947914,0.900985,0.961726,0.934493,0.947914,0.99969,0.999887,47390,1886,3322,16724618,50712,49276,187500,0.270464,0.922856,0.879188,ok,32,35,0.9375,0.857143,0.895522,0.810811,0.875,0.8,0.835821,0.717949,0.78937,0.881463,0.895522
nucleonet_scaled,nucleus,zenodo_3675220_platynereis,Platynereis,nucleus_00177,sparse,80,nuclei.zip:train_data_nuclei_08,20.0,0.138,0.952374,0.909079,0.971473,0.934012,0.952374,0.999707,0.999914,49073,1441,3467,16723235,52540,50514,187500,0.280213,0.927796,0.884091,ok,29,35,0.965517,0.8,0.875,0.777778,0.931034,0.771429,0.84375,0.72973,0.77513,0.885863,0.875
nucleonet_scaled,nucleus,zenodo_3675220_platynereis,Platynereis,nucleus_00178,sparse,80,nuclei.zip:train_data_nuclei_08,20.0,0.183,0.940352,0.887419,0.967416,0.914761,0.940352,0.99963,0.999901,48958,1649,4562,16722047,53520,50607,187500,0.28544,0.905461,0.845499,ok,33,37,0.909091,0.810811,0.857143,0.75,0.787879,0.702703,0.742857,0.590909,0.734273,0.856652,0.857143
nucleonet_scaled,nucleus,zenodo_3675220_platynereis,Platynereis,nucleus_00179,sparse,80,nuclei.zip:train_data_nuclei_08,20.0,0.322,0.926006,0.862207,0.980828,0.876987,0.926006,0.999557,0.999946,46504,909,6523,16723280,53027,47413,187500,0.282811,0.889024,0.830736,ok,29,36,0.896552,0.722222,0.8,0.666667,0.793103,0.638889,0.707692,0.547619,0.697019,0.871274,0.8
nucleonet_scaled,nucleus,zenodo_3675220_platynereis,Platynereis,nucleus_00180,sparse,80,nuclei.zip:train_data_nuclei_08,20.0,0.063,0.942516,0.891281,0.976452,0.910859,0.942516,0.999647,0.99993,48516,1170,4748,16722782,53264,49686,187500,0.284075,0.901172,0.844304,ok,29,36,0.896552,0.722222,0.8,0.666667,0.896552,0.722222,0.8,0.666667,0.71609,0.895113,0.8
nucleonet_scaled,nucleus,zenodo_3675220_platynereis,Platynereis,nucleus_00181,sparse,80,nuclei.zip:train_data_nuclei_08,20.0,0.17,0.940294,0.887315,0.964805,0.916997,0.940294,0.999612,0.999888,51317,1872,4645,16719382,55962,53189,187500,0.298464,0.923878,0.847761,ok,34,34,0.882353,0.882353,0.882353,0.789474,0.794118,0.794118,0.794118,0.658537,0.761566,0.863108,0.882353
nucleonet_scaled,nucleus,zenodo_3675220_platynereis,Platynereis,nucleus_00182,sparse,80,nuclei.zip:train_data_nuclei_08,20.0,0.173,0.955899,0.915524,0.976443,0.936202,0.955899,0.999702,0.999922,54134,1306,3689,16718087,57823,55440,187500,0.308389,0.970625,0.902274,ok,33,33,1.0,1.0,1.0,1.0,0.939394,0.939394,0.939394,0.885714,0.87625,0.87625,1.0
nucleonet_scaled,nucleus,zenodo_3675220_platynereis,Platynereis,nucleus_00183,sparse,80,nuclei.zip:train_data_nuclei_08,20.0,0.149,0.949328,0.903543,0.974834,0.925122,0.949328,0.99965,0.999915,55005,1420,4452,16716339,59457,56425,187500,0.317104,0.951224,0.872932,ok,33,36,0.939394,0.861111,0.898551,0.815789,0.909091,0.833333,0.869565,0.769231,0.802518,0.893125,0.898551
nucleonet_scaled,nucleus,zenodo_3675220_platynereis,Platynereis,nucleus_00184,sparse,80,nuclei.zip:train_data_nuclei_08,20.0,0.277,0.945692,0.896979,0.971951,0.920815,0.945692,0.999612,0.999902,56655,1635,4872,16714054,61527,58290,187500,0.328144,0.944227,0.849822,ok,31,36,1.0,0.861111,0.925373,0.861111,0.935484,0.805556,0.865672,0.763158,0.812394,0.87791,0.925373
nucleonet_scaled,nucleus,zenodo_3675220_platynereis,Platynereis,nucleus_00185,sparse,80,nuclei.zip:train_data_nuclei_08,20.0,0.085,0.950284,0.905278,0.970084,0.931276,0.950284,0.999638,0.999893,58012,1789,4281,16713134,62293,59801,187500,0.332229,0.933782,0.878165,ok,35,37,0.942857,0.891892,0.916667,0.846154,0.828571,0.783784,0.805556,0.674419,0.803043,0.876047,0.916667
nucleonet_scaled,nucleus,zenodo_3675220_platynereis,Platynereis,nucleus_00186,sparse,80,nuclei.zip:train_data_nuclei_08,20.0,0.182,0.947677,0.900557,0.974151,0.922603,0.947677,0.999622,0.999909,57397,1523,4815,16713481,62212,58920,187500,0.331797,0.932205,0.855513,ok,32,37,0.96875,0.837838,0.898551,0.815789,0.84375,0.72973,0.782609,0.642857,0.778997,0.866948,0.898551
nucleonet_scaled,nucleus,zenodo_3675220_platynereis,Platynereis,nucleus_00187,sparse,80,nuclei.zip:train_data_nuclei_08,20.0,0.242,0.956286,0.916233,0.976685,0.936721,0.956286,0.999686,0.999918,57599,1375,3891,16714351,61490,58974,187500,0.327947,0.955775,0.899491,ok,31,35,1.0,0.885714,0.939394,0.885714,0.935484,0.828571,0.878788,0.783784,0.837161,0.891171,0.939394
nucleonet_scaled,nucleus,zenodo_3675220_platynereis,Platynereis,nucleus_00188,sparse,80,nuclei.zip:train_data_nuclei_08,20.0,0.326,0.941134,0.888813,0.975721,0.908915,0.941134,0.999594,0.999919,54494,1356,5461,16715905,59955,55850,187500,0.31976,0.913755,0.86294,ok,31,39,1.0,0.794872,0.885714,0.794872,0.903226,0.717949,0.8,0.666667,0.775312,0.875352,0.885714
nucleonet_scaled,nucleus,zenodo_3675220_platynereis,Platynereis,nucleus_00189,sparse,80,nuclei.zip:train_data_nuclei_08,20.0,0.121,0.946115,0.89774,0.969839,0.923524,0.946115,0.999632,0.999899,54149,1684,4484,16716899,58633,55833,187500,0.312709,0.922823,0.873876,ok,33,39,0.939394,0.794872,0.861111,0.756098,0.909091,0.769231,0.833333,0.714286,0.769809,0.893972,0.861111
nucleonet_scaled,nucleus,zenodo_3675220_platynereis,Platynereis,nucleus_00190,sparse,80,nuclei.zip:train_data_nuclei_08,20.0,0.518,0.942839,0.89186,0.972773,0.914692,0.942839,0.999615,0.999911,53236,1490,4965,16717525,58201,54726,187500,0.310405,0.934212,0.864668,ok,35,38,0.914286,0.842105,0.876712,0.780488,0.857143,0.789474,0.821918,0.697674,0.773503,0.882276,0.876712
nucleonet_scaled,nucleus,zenodo_3675220_platynereis,Platynereis,nucleus_00191,sparse,80,nuclei.zip:train_data_nuclei_08,20.0,0.299,0.940726,0.888085,0.967392,0.915491,0.940726,0.999595,0.999891,53905,1817,4976,16716518,58881,55722,187500,0.314032,0.940821,0.850396,ok,37,39,0.945946,0.897436,0.921053,0.853659,0.891892,0.846154,0.868421,0.767442,0.803092,0.871929,0.921053
nucleonet_scaled,nucleus,zenodo_3675220_platynereis,Platynereis,nucleus_00192,sparse,80,nuclei.zip:train_data_nuclei_08,20.0,0.13,0.952796,0.909848,0.972295,0.934065,0.952796,0.999658,0.999901,57870,1649,4085,16713612,61955,59519,187500,0.330427,0.930026,0.899259,ok,41,41,0.926829,0.926829,0.926829,0.863636,0.853659,0.853659,0.853659,0.744681,0.810113,0.874069,0.926829
nucleonet_scaled,nucleus,zenodo_3675220_platynereis,Platynereis,nucleus_00193,sparse,80,nuclei.zip:train_data_nuclei_08,20.0,0.175,0.953323,0.91081,0.965073,0.941856,0.953323,0.999652,0.999871,59546,2155,3676,16711839,63222,61701,187500,0.337184,0.932662,0.889386,ok,39,43,0.923077,0.837209,0.878049,0.782609,0.923077,0.837209,0.878049,0.782609,0.793943,0.904213,0.878049
nucleonet_scaled,nucleus,zenodo_3675220_platynereis,Platynereis,nucleus_00194,sparse,80,nuclei.zip:train_data_nuclei_08,20.0,0.175,0.947682,0.900566,0.965216,0.930774,0.947682,0.999611,0.999872,59160,2132,4400,16711524,63560,61292,187500,0.338987,0.930662,0.874372,ok,38,41,0.894737,0.829268,0.860759,0.755556,0.868421,0.804878,0.835443,0.717391,0.775137,0.900527,0.860759
nucleonet_scaled,nucleus,zenodo_3675220_platynereis,Platynereis,nucleus_00195,sparse,80,nuclei.zip:train_data_nuclei_08,20.0,0.141,0.941605,0.889653,0.969012,0.915705,0.941605,0.99957,0.999889,58226,1862,5360,16711768,63586,60088,187000,0.340032,0.945886,0.856638,ok,39,41,0.897436,0.853659,0.875,0.777778,0.871795,0.829268,0.85,0.73913,0.766601,0.876115,0.875
nucleonet_scaled,nucleus,zenodo_3675220_platynereis,Platynereis,nucleus_00196,sparse,80,nuclei.zip:train_data_nuclei_08,20.0,0.279,0.940232,0.887205,0.964336,0.917304,0.940232,0.99955,0.999869,59378,2196,5353,16710289,64731,61574,187500,0.345232,0.932104,0.845949,ok,39,42,0.948718,0.880952,0.91358,0.840909,0.897436,0.833333,0.864198,0.76087,0.798007,0.873495,0.91358
nucleonet_scaled,nucleus,zenodo_3675220_platynereis,Platynereis,nucleus_00197,sparse,80,nuclei.zip:train_data_nuclei_08,20.0,0.081,0.940245,0.887229,0.949452,0.931214,0.940245,0.999542,0.999807,60501,3221,4469,16709025,64970,63722,187500,0.346507,0.921642,0.852799,ok,40,40,0.9,0.9,0.9,0.818182,0.825,0.825,0.825,0.702128,0.782139,0.869043,0.9
nucleonet_scaled,nucleus,zenodo_3675220_platynereis,Platynereis,nucleus_00198,sparse,80,nuclei.zip:train_data_nuclei_08,20.0,0.121,0.940442,0.88758,0.949858,0.931211,0.940442,0.999545,0.999809,60335,3185,4457,16709239,64792,63520,187500,0.345557,0.913479,0.859634,ok,38,38,0.894737,0.894737,0.894737,0.809524,0.842105,0.842105,0.842105,0.727273,0.781119,0.873015,0.894737
nucleonet_scaled,nucleus,zenodo_3675220_platynereis,Platynereis,nucleus_00199,sparse,80,nuclei.zip:train_data_nuclei_08,20.0,0.482,0.933913,0.876019,0.959532,0.909626,0.933913,0.999501,0.999851,59183,2496,5880,16709657,65063,61679,187500,0.347003,0.92274,0.821239,ok,35,37,0.914286,0.864865,0.888889,0.8,0.857143,0.810811,0.833333,0.714286,0.771777,0.868249,0.888889
nucleonet_scaled,nucleus,zenodo_3675220_platynereis,Platynereis,nucleus_00200,sparse,80,nuclei.zip:train_data_nuclei_09,20.0,0.198,0.927094,0.864097,0.953016,0.902546,0.927094,0.999752,0.999922,26450,1304,2856,16746606,29306,27754,106875,0.274208,0.89091,0.824113,ok,18,18,0.777778,0.777778,0.777778,0.636364,0.722222,0.722222,0.722222,0.565217,0.680768,0.875273,0.777778
nucleonet_scaled,nucleus,zenodo_3675220_platynereis,Platynereis,nucleus_00201,sparse,80,nuclei.zip:train_data_nuclei_09,20.0,0.054,0.944176,0.894255,0.954693,0.933888,0.944176,0.999794,0.999917,29184,1385,2066,16744581,31250,30569,105750,0.295508,0.958536,0.877328,ok,21,20,0.857143,0.9,0.878049,0.782609,0.619048,0.65,0.634146,0.464286,0.733074,0.83489,0.878049
nucleonet_scaled,nucleus,zenodo_3675220_platynereis,Platynereis,nucleus_00202,sparse,80,nuclei.zip:train_data_nuclei_09,20.0,0.097,0.929551,0.868376,0.971954,0.890694,0.929551,0.999741,0.999951,28626,826,3513,16744251,32139,29452,104250,0.308288,0.913641,0.83316,ok,18,20,0.833333,0.75,0.789474,0.652174,0.722222,0.65,0.684211,0.52,0.672613,0.851976,0.789474
nucleonet_scaled,nucleus,zenodo_3675220_platynereis,Platynereis,nucleus_00203,sparse,80,nuclei.zip:train_data_nuclei_09,20.0,0.158,0.934711,0.877424,0.964822,0.906422,0.934711,0.999767,0.999939,28003,1021,2891,16745301,30894,29024,108000,0.286056,0.936917,0.840086,ok,20,22,0.9,0.818182,0.857143,0.75,0.8,0.727273,0.761905,0.615385,0.731913,0.853899,0.857143
nucleonet_scaled,nucleus,zenodo_3675220_platynereis,Platynereis,nucleus_00204,sparse,80,nuclei.zip:train_data_nuclei_09,20.0,0.123,0.929364,0.868048,0.969817,0.892151,0.929364,0.999771,0.999953,25255,786,3053,16748122,28308,26041,109875,0.257638,0.899867,0.829615,ok,19,23,1.0,0.826087,0.904762,0.826087,0.842105,0.695652,0.761905,0.615385,0.760094,0.840104,0.904762
nucleonet_scaled,nucleus,zenodo_3675220_platynereis,Platynereis,nucleus_00205,sparse,80,nuclei.zip:train_data_nuclei_09,20.0,0.277,0.918748,0.849708,0.972851,0.870346,0.918748,0.999765,0.999963,22253,621,3315,16751027,25568,22874,110625,0.231123,0.906723,0.828064,ok,20,23,0.9,0.782609,0.837209,0.72,0.8,0.695652,0.744186,0.592593,0.722535,0.863028,0.837209
nucleonet_scaled,nucleus,zenodo_3675220_platynereis,Platynereis,nucleus_00206,sparse,80,nuclei.zip:train_data_nuclei_09,20.0,0.057,0.923313,0.85755,0.972308,0.879018,0.923313,0.999788,0.999964,21383,609,2943,16752281,24326,21992,110250,0.220644,0.922195,0.836467,ok,16,20,1.0,0.8,0.888889,0.8,0.8125,0.65,0.722222,0.565217,0.768411,0.864462,0.888889
nucleonet_scaled,nucleus,zenodo_3675220_platynereis,Platynereis,nucleus_00207,sparse,80,nuclei.zip:train_data_nuclei_09,20.0,0.131,0.934407,0.87689,0.971858,0.899735,0.934407,0.999815,0.999962,22102,640,2463,16752011,24565,22742,112875,0.21763,0.927119,0.854553,ok,16,18,0.9375,0.833333,0.882353,0.789474,0.8125,0.722222,0.764706,0.619048,0.748462,0.848257,0.882353
nucleonet_scaled,nucleus,zenodo_3675220_platynereis,Platynereis,nucleus_00208,sparse,80,nuclei.zip:train_data_nuclei_09,20.0,0.142,0.918814,0.84982,0.968772,0.873756,0.918814,0.999751,0.999955,23608,761,3411,16749436,27019,24369,114750,0.23546,0.904182,0.80443,ok,19,19,0.894737,0.894737,0.894737,0.809524,0.789474,0.789474,0.789474,0.652174,0.737715,0.824505,0.894737
nucleonet_scaled,nucleus,zenodo_3675220_platynereis,Platynereis,nucleus_00209,sparse,80,nuclei.zip:train_data_nuclei_09,20.0,0.147,0.923975,0.858693,0.979429,0.874464,0.923975,0.999748,0.999968,25711,540,3691,16747274,29402,26251,115500,0.254563,0.944508,0.832091,ok,18,19,0.944444,0.894737,0.918919,0.85,0.833333,0.789474,0.810811,0.681818,0.77473,0.843088,0.918919
nucleonet_scaled,nucleus,zenodo_3675220_platynereis,Platynereis,nucleus_00210,sparse,80,nuclei.zip:train_data_nuclei_09,20.0,0.138,0.880272,0.786147,0.905704,0.856228,0.880272,0.999584,0.99984,25674,2673,4311,16744558,29985,28347,116250,0.257935,0.853577,0.750474,ok,16,19,0.9375,0.789474,0.857143,0.75,0.75,0.631579,0.685714,0.521739,0.710456,0.828865,0.857143
nucleonet_scaled,nucleus,zenodo_3675220_platynereis,Platynereis,nucleus_00211,sparse,80,nuclei.zip:train_data_nuclei_09,20.0,0.108,0.875337,0.778311,0.89189,0.859388,0.875337,0.999584,0.999823,24502,2970,4009,16745735,28511,27472,113712,0.25073,0.887387,0.723958,ok,17,19,0.764706,0.684211,0.722222,0.565217,0.647059,0.578947,0.611111,0.44,0.598373,0.828517,0.722222
nucleonet_scaled,nucleus,zenodo_3675220_platynereis,Platynereis,nucleus_00212,sparse,80,nuclei.zip:train_data_nuclei_09,20.0,0.204,0.910708,0.836056,0.96524,0.862009,0.910708,0.999706,0.999946,25131,905,4023,16747157,29154,26036,122250,0.238479,0.881431,0.776192,ok,16,20,0.9375,0.75,0.833333,0.714286,0.75,0.6,0.666667,0.5,0.69422,0.833064,0.833333
nucleonet_scaled,nucleus,zenodo_3675220_platynereis,Platynereis,nucleus_00213,sparse,80,nuclei.zip:train_data_nuclei_09,20.0,0.114,0.90982,0.83456,0.944657,0.877461,0.90982,0.9997,0.999911,25399,1488,3547,16746782,28946,26887,128625,0.225042,0.908762,0.790154,ok,17,20,0.882353,0.75,0.810811,0.681818,0.705882,0.6,0.648649,0.48,0.667817,0.82364,0.810811
nucleonet_scaled,nucleus,zenodo_3675220_platynereis,Platynereis,nucleus_00214,sparse,80,nuclei.zip:train_data_nuclei_09,20.0,0.448,0.893136,0.806907,0.954602,0.839106,0.893136,0.999652,0.999931,24371,1159,4673,16747013,29044,25530,130500,0.222559,0.871476,0.758251,ok,16,20,0.9375,0.75,0.833333,0.714286,0.8125,0.65,0.722222,0.565217,0.694619,0.833543,0.833333
nucleonet_scaled,nucleus,zenodo_3675220_platynereis,Platynereis,nucleus_00215,sparse,80,nuclei.zip:train_data_nuclei_09,20.0,0.047,0.906279,0.82862,0.962357,0.856377,0.906279,0.999708,0.999945,23648,925,3966,16748677,27614,24573,133500,0.206846,0.884662,0.803357,ok,18,23,0.833333,0.652174,0.731707,0.576923,0.666667,0.521739,0.585366,0.413793,0.61739,0.843767,0.731707
nucleonet_scaled,nucleus,zenodo_3675220_platynereis,Platynereis,nucleus_00216,sparse,80,nuclei.zip:train_data_nuclei_09,20.0,0.057,0.91757,0.847694,0.970993,0.869719,0.91757,0.99975,0.999958,23365,698,3500,16749653,26865,24063,134625,0.199554,0.893786,0.814836,ok,17,21,0.823529,0.666667,0.736842,0.583333,0.823529,0.666667,0.736842,0.583333,0.639621,0.868057,0.736842
nucleonet_scaled,nucleus,zenodo_3675220_platynereis,Platynereis,nucleus_00217,sparse,80,nuclei.zip:train_data_nuclei_09,20.0,0.135,0.928699,0.866888,0.962247,0.897411,0.928699,0.999797,0.999948,22149,869,2532,16751666,24681,23018,135000,0.182822,0.901775,0.808233,ok,14,21,1.0,0.666667,0.8,0.666667,0.928571,0.619048,0.742857,0.590909,0.691983,0.864979,0.8
nucleonet_scaled,nucleus,zenodo_3675220_platynereis,Platynereis,nucleus_00218,sparse,80,nuclei.zip:train_data_nuclei_09,20.0,0.116,0.926435,0.862952,0.96935,0.887159,0.926435,0.999815,0.999963,19545,618,2486,16754567,22031,20163,135375,0.162741,0.875335,0.802746,ok,12,19,0.916667,0.578947,0.709677,0.55,0.916667,0.578947,0.709677,0.55,0.632448,0.891176,0.709677
nucleonet_scaled,nucleus,zenodo_3675220_platynereis,Platynereis,nucleus_00219,sparse,80,nuclei.zip:train_data_nuclei_09,20.0,0.111,0.929268,0.867881,0.974178,0.888317,0.929268,0.999839,0.999972,17769,471,2234,16756742,20003,18240,135375,0.14776,0.903715,0.819657,ok,12,16,1.0,0.75,0.857143,0.75,0.916667,0.6875,0.785714,0.647059,0.741333,0.864888,0.857143
nucleonet_scaled,nucleus,zenodo_3675220_platynereis,Platynereis,nucleus_00220,sparse,80,nuclei.zip:train_data_nuclei_09,20.0,0.112,0.906182,0.828457,0.966334,0.853079,0.906182,0.999819,0.999969,14696,512,2531,16759477,17227,15208,133125,0.129405,0.84034,0.761096,ok,12,15,0.916667,0.733333,0.814815,0.6875,0.583333,0.466667,0.518519,0.35,0.656296,0.805454,0.814815
nucleonet_scaled,nucleus,zenodo_3675220_platynereis,Platynereis,nucleus_00221,sparse,80,nuclei.zip:train_data_nuclei_09,20.0,0.052,0.89212,0.80525,0.963443,0.83063,0.89212,0.999806,0.99997,13467,511,2746,16760492,16213,13978,131250,0.123528,0.790788,0.747207,ok,9,15,1.0,0.6,0.75,0.6,0.888889,0.533333,0.666667,0.5,0.652675,0.870233,0.75
nucleonet_scaled,nucleus,zenodo_3675220_platynereis,Platynereis,nucleus_00222,sparse,80,nuclei.zip:train_data_nuclei_09,20.0,0.046,0.898828,0.816247,0.96582,0.840527,0.898828,0.999814,0.999971,13846,490,2627,16760253,16473,14336,131250,0.125509,0.877286,0.750906,ok,12,15,1.0,0.8,0.888889,0.8,0.583333,0.466667,0.518519,0.35,0.703736,0.791703,0.888889
nucleonet_scaled,nucleus,zenodo_3675220_platynereis,Platynereis,nucleus_00223,sparse,80,nuclei.zip:train_data_nuclei_09,20.0,0.124,0.869346,0.768888,0.980972,0.780529,0.869346,0.999775,0.999985,12579,244,3537,16760856,16116,12823,121800,0.132315,0.812479,0.716814,ok,12,15,0.833333,0.666667,0.740741,0.588235,0.75,0.6,0.666667,0.5,0.601043,0.811408,0.740741
nucleonet_scaled,nucleus,zenodo_3675220_platynereis,Platynereis,nucleus_00224,sparse,80,nuclei.zip:train_data_nuclei_09,20.0,0.137,0.866063,0.763767,0.975039,0.778998,0.866063,0.999772,0.999981,12344,316,3502,16761054,15846,12660,119370,0.132747,0.809862,0.720702,ok,9,15,0.888889,0.533333,0.666667,0.5,0.777778,0.466667,0.583333,0.411765,0.56501,0.847515,0.666667
nucleonet_scaled,nucleus,zenodo_3675220_platynereis,Platynereis,nucleus_00225,sparse,80,nuclei.zip:train_data_nuclei_10,20.0,0.273,0.904929,0.826366,0.981871,0.83917,0.904929,0.999898,0.999991,8124,150,1557,16767385,9681,8274,127500,0.075929,0.847328,0.77463,ok,6,6,0.666667,0.666667,0.666667,0.5,0.666667,0.666667,0.666667,0.5,0.600818,0.901227,0.666667
nucleonet_scaled,nucleus,zenodo_3675220_platynereis,Platynereis,nucleus_00226,sparse,80,nuclei.zip:train_data_nuclei_10,20.0,0.035,0.951265,0.907059,0.980691,0.923553,0.951265,0.999941,0.999989,9701,191,803,16766521,10504,9892,82472,0.127364,0.984291,0.863816,ok,5,5,1.0,1.0,1.0,1.0,0.8,0.8,0.8,0.666667,0.862827,0.862827,1.0
nucleonet_scaled,nucleus,zenodo_3675220_platynereis,Platynereis,nucleus_00227,sparse,80,nuclei.zip:train_data_nuclei_10,20.0,0.118,0.93215,0.872923,0.976559,0.891605,0.93215,0.999916,0.999986,9665,232,1175,16766144,10840,9897,82420,0.131521,0.917251,0.820412,ok,4,5,1.0,0.8,0.888889,0.8,1.0,0.8,0.888889,0.8,0.814028,0.915782,0.888889
nucleonet_scaled,nucleus,zenodo_3675220_platynereis,Platynereis,nucleus_00228,sparse,80,nuclei.zip:train_data_nuclei_10,20.0,0.116,0.939259,0.885475,0.940385,0.938136,0.939259,0.999915,0.999958,10979,696,724,16764817,11703,11675,113803,0.102836,0.975669,0.852466,ok,6,7,1.0,0.857143,0.923077,0.857143,1.0,0.857143,0.923077,0.857143,0.829024,0.89811,0.923077
nucleonet_scaled,nucleus,zenodo_3675220_platynereis,Platynereis,nucleus_00229,sparse,80,nuclei.zip:train_data_nuclei_10,20.0,0.102,0.917569,0.847693,0.946494,0.89036,0.917569,0.999873,0.99996,11905,673,1466,16763172,13371,12578,132750,0.100723,0.912081,0.813403,ok,7,9,1.0,0.777778,0.875,0.777778,0.857143,0.666667,0.75,0.6,0.7494,0.856458,0.875
nucleonet_scaled,nucleus,zenodo_3675220_platynereis,Platynereis,nucleus_00230,sparse,80,nuclei.zip:train_data_nuclei_10,20.0,0.278,0.9351,0.878111,0.952416,0.918403,0.9351,0.999892,0.999961,13090,654,1163,16762309,14253,13744,134625,0.105872,0.956305,0.868779,ok,7,9,1.0,0.777778,0.875,0.777778,1.0,0.777778,0.875,0.777778,0.779409,0.890753,0.875
nucleonet_scaled,nucleus,zenodo_3675220_platynereis,Platynereis,nucleus_00231,sparse,80,nuclei.zip:train_data_nuclei_10,20.0,0.044,0.880556,0.786601,0.959009,0.813969,0.880556,0.999797,0.999968,12540,536,2866,16761274,15406,13076,140625,0.109554,0.801579,0.700817,ok,8,11,0.75,0.545455,0.631579,0.461538,0.625,0.454545,0.526316,0.357143,0.519906,0.823185,0.631579
nucleonet_scaled,nucleus,zenodo_3675220_platynereis,Platynereis,nucleus_00232,sparse,80,nuclei.zip:train_data_nuclei_10,20.0,0.119,0.868058,0.766875,0.948478,0.800209,0.868058,0.99975,0.999955,13770,748,3438,16759260,17208,14518,135750,0.126762,0.848784,0.691655,ok,7,11,1.0,0.636364,0.777778,0.636364,1.0,0.636364,0.777778,0.636364,0.666755,0.857257,0.777778
nucleonet_scaled,nucleus,zenodo_3675220_platynereis,Platynereis,nucleus_00233,sparse,80,nuclei.zip:train_data_nuclei_10,20.0,0.119,0.918945,0.850045,0.929178,0.908936,0.918945,0.999832,0.999927,15980,1218,1601,16758417,17581,17198,100875,0.174285,0.888969,0.819542,ok,8,9,1.0,0.888889,0.941176,0.888889,0.75,0.666667,0.705882,0.545455,0.77846,0.827114,0.941176
nucleonet_scaled,nucleus,zenodo_3675220_platynereis,Platynereis,nucleus_00234,sparse,80,nuclei.zip:train_data_nuclei_10,20.0,0.125,0.93211,0.872852,0.948913,0.915891,0.93211,0.999849,0.999944,17423,938,1600,16757255,19023,18361,136500,0.139363,0.885549,0.817337,ok,11,10,0.818182,0.9,0.857143,0.75,0.727273,0.8,0.761905,0.615385,0.749099,0.873949,0.857143
nucleonet_scaled,nucleus,zenodo_3675220_platynereis,Platynereis,nucleus_00235,sparse,80,nuclei.zip:train_data_nuclei_10,20.0,0.099,0.905773,0.827774,0.958065,0.858894,0.905773,0.999793,0.999956,16678,730,2740,16757068,19418,17408,140625,0.138084,0.867938,0.780602,ok,10,12,0.9,0.75,0.818182,0.692308,0.7,0.583333,0.636364,0.466667,0.670636,0.819666,0.818182
nucleonet_scaled,nucleus,zenodo_3675220_platynereis,Platynereis,nucleus_00236,sparse,80,nuclei.zip:train_data_nuclei_10,20.0,0.05,0.912124,0.838445,0.953447,0.874234,0.912124,0.999798,0.999949,17552,857,2525,16756282,20077,18409,140625,0.14277,0.882053,0.77693,ok,11,11,0.909091,0.909091,0.909091,0.833333,0.727273,0.727273,0.727273,0.571429,0.751082,0.82619,0.909091
nucleonet_scaled,nucleus,zenodo_3675220_platynereis,Platynereis,nucleus_00237,sparse,80,nuclei.zip:train_data_nuclei_10,20.0,0.436,0.897424,0.813935,0.969986,0.834963,0.897424,0.999766,0.999968,17161,531,3392,16756132,20553,17692,140625,0.146155,0.866946,0.747978,ok,11,12,0.818182,0.75,0.782609,0.642857,0.636364,0.583333,0.608696,0.4375,0.663023,0.847195,0.782609
nucleonet_scaled,nucleus,zenodo_3675220_platynereis,Platynereis,nucleus_00238,sparse,80,nuclei.zip:train_data_nuclei_10,20.0,0.045,0.922067,0.855403,0.953302,0.892814,0.922067,0.999814,0.999946,18475,905,2218,16755618,20693,19380,140625,0.14715,0.901955,0.840137,ok,12,12,1.0,1.0,1.0,1.0,0.666667,0.666667,0.666667,0.5,0.831493,0.831493,1.0
nucleonet_scaled,nucleus,zenodo_3675220_platynereis,Platynereis,nucleus_00239,sparse,80,nuclei.zip:train_data_nuclei_10,20.0,0.054,0.942289,0.890876,0.969223,0.916813,0.942289,0.999855,0.999962,19871,631,1803,16754911,21674,20502,140625,0.154126,0.88877,0.829808,ok,10,11,1.0,0.909091,0.952381,0.909091,0.9,0.818182,0.857143,0.75,0.823427,0.864598,0.952381
nucleonet_scaled,nucleus,zenodo_3675220_platynereis,Platynereis,nucleus_00240,sparse,80,nuclei.zip:train_data_nuclei_10,20.0,0.053,0.945436,0.896517,0.968306,0.923621,0.945436,0.999857,0.999959,20775,680,1718,16754043,22493,21455,140625,0.15995,0.933025,0.856421,ok,11,12,0.909091,0.833333,0.869565,0.769231,0.818182,0.75,0.782609,0.642857,0.751655,0.864403,0.869565
nucleonet_scaled,nucleus,zenodo_3675220_platynereis,Platynereis,nucleus_00241,sparse,80,nuclei.zip:train_data_nuclei_10,20.0,0.131,0.951116,0.906788,0.970387,0.932595,0.951116,0.999874,0.999963,20546,627,1485,16754558,22031,21173,127875,0.172285,0.891247,0.868926,ok,9,11,1.0,0.818182,0.9,0.818182,0.888889,0.727273,0.8,0.666667,0.795187,0.883541,0.9
nucleonet_scaled,nucleus,zenodo_3675220_platynereis,Platynereis,nucleus_00242,sparse,80,nuclei.zip:train_data_nuclei_10,20.0,0.126,0.943415,0.892891,0.961737,0.925778,0.943415,0.999858,0.999953,19907,792,1596,16754921,21503,20699,125250,0.171681,0.915567,0.796652,ok,9,14,1.0,0.642857,0.782609,0.642857,0.666667,0.428571,0.521739,0.352941,0.640151,0.817971,0.782609
nucleonet_scaled,nucleus,zenodo_3675220_platynereis,Platynereis,nucleus_00243,sparse,80,nuclei.zip:train_data_nuclei_10,20.0,0.108,0.938452,0.88404,0.966105,0.912337,0.938452,0.999852,0.99996,18983,666,1824,16755743,20807,19649,97300,0.213844,0.942199,0.875669,ok,12,11,0.75,0.818182,0.782609,0.642857,0.583333,0.636364,0.608696,0.4375,0.645109,0.824306,0.782609
nucleonet_scaled,nucleus,zenodo_3675220_platynereis,Platynereis,nucleus_00244,sparse,80,nuclei.zip:train_data_nuclei_10,20.0,0.103,0.920006,0.851862,0.957859,0.885031,0.920006,0.999811,0.999952,18252,803,2371,16755790,20623,19055,127875,0.161275,0.895815,0.804682,ok,11,12,1.0,0.916667,0.956522,0.916667,0.727273,0.666667,0.695652,0.533333,0.792548,0.828573,0.956522
nucleonet_scaled,nucleus,zenodo_3675220_platynereis,Platynereis,nucleus_00245,sparse,80,nuclei.zip:train_data_nuclei_10,20.0,0.226,0.93109,0.871065,0.969847,0.895312,0.93109,0.999844,0.999967,17626,548,2061,16756981,19687,18174,140625,0.139996,0.909251,0.833849,ok,12,14,0.916667,0.785714,0.846154,0.733333,0.833333,0.714286,0.769231,0.625,0.733637,0.867026,0.846154
nucleonet_scaled,nucleus,zenodo_3675220_platynereis,Platynereis,nucleus_00246,sparse,80,nuclei.zip:train_data_nuclei_10,20.0,0.059,0.864597,0.76149,0.946212,0.795944,0.864597,0.999718,0.999949,15111,859,3874,16757372,18985,15970,140625,0.135004,0.870372,0.733098,ok,11,13,0.909091,0.769231,0.833333,0.714286,0.727273,0.615385,0.666667,0.5,0.687005,0.824406,0.833333
nucleonet_scaled,nucleus,zenodo_3675220_platynereis,Platynereis,nucleus_00247,sparse,80,nuclei.zip:train_data_nuclei_10,20.0,0.129,0.926525,0.863108,0.954555,0.900095,0.926525,0.999865,0.999959,14262,679,1583,16760692,15845,14941,140625,0.112676,0.960009,0.847554,ok,12,11,0.833333,0.909091,0.869565,0.769231,0.833333,0.909091,0.869565,0.769231,0.767074,0.882135,0.869565
nucleonet_scaled,nucleus,zenodo_3675220_platynereis,Platynereis,nucleus_00248,sparse,80,nuclei.zip:train_data_nuclei_10,20.0,0.105,0.948913,0.902793,0.947219,0.950614,0.948913,0.999908,0.999952,14321,798,744,16761353,15065,15119,140625,0.107129,0.981688,0.924804,ok,10,10,1.0,1.0,1.0,1.0,1.0,1.0,1.0,1.0,0.891905,0.891905,1.0
nucleonet_scaled,nucleus,zenodo_3675220_platynereis,Platynereis,nucleus_00249,sparse,80,nuclei.zip:train_data_nuclei_10,20.0,0.266,0.866473,0.764405,0.919532,0.819204,0.866473,0.99978,0.999938,11953,1046,2638,16761579,14591,12999,140625,0.103758,0.928433,0.791752,ok,10,11,0.9,0.818182,0.857143,0.75,0.8,0.727273,0.761905,0.615385,0.74296,0.866787,0.857143
nucleonet_scaled,nucleus,zenodo_3675220_platynereis,Platynereis,nucleus_00250,sparse,80,nuclei.zip:train_data_nuclei_11,20.0,0.099,0.932423,0.873402,0.953752,0.912028,0.932423,0.999868,0.999956,15302,742,1476,16759696,16778,16044,128625,0.130441,0.907555,0.797728,ok,9,10,0.888889,0.8,0.842105,0.727273,0.777778,0.7,0.736842,0.583333,0.717725,0.852298,0.842105
nucleonet_scaled,nucleus,zenodo_3675220_platynereis,Platynereis,nucleus_00251,sparse,80,nuclei.zip:train_data_nuclei_11,20.0,0.116,0.93168,0.872098,0.979534,0.888284,0.93168,0.99987,0.999982,14837,310,1866,16760203,16703,15147,126750,0.131779,0.891839,0.817085,ok,10,11,0.9,0.818182,0.857143,0.75,0.6,0.545455,0.571429,0.4,0.698843,0.815317,0.857143
nucleonet_scaled,nucleus,zenodo_3675220_platynereis,Platynereis,nucleus_00252,sparse,80,nuclei.zip:train_data_nuclei_11,20.0,0.108,0.930907,0.870744,0.975131,0.89052,0.930907,0.999874,0.999978,14194,362,1745,16760915,15939,14556,124875,0.12764,0.892966,0.811186,ok,9,12,1.0,0.75,0.857143,0.75,1.0,0.75,0.857143,0.75,0.762778,0.889907,0.857143
nucleonet_scaled,nucleus,zenodo_3675220_platynereis,Platynereis,nucleus_00253,sparse,80,nuclei.zip:train_data_nuclei_11,20.0,0.103,0.900836,0.819564,0.972553,0.838969,0.900836,0.999832,0.999978,12827,362,2462,16761565,15289,13189,140625,0.108722,0.91507,0.777383,ok,9,13,1.0,0.692308,0.818182,0.692308,0.888889,0.615385,0.727273,0.571429,0.694281,0.848566,0.818182
nucleonet_scaled,nucleus,zenodo_3675220_platynereis,Platynereis,nucleus_00254,sparse,80,nuclei.zip:train_data_nuclei_11,20.0,0.112,0.90256,0.822422,0.977238,0.838484,0.90256,0.999843,0.999983,12236,285,2357,16762338,14593,12521,140625,0.103772,0.895437,0.818683,ok,11,11,0.909091,0.909091,0.909091,0.833333,0.909091,0.909091,0.909091,0.833333,0.78829,0.867119,0.909091
nucleonet_scaled,nucleus,zenodo_3675220_platynereis,Platynereis,nucleus_00255,sparse,80,nuclei.zip:train_data_nuclei_11,20.0,0.05,0.940658,0.887964,0.971847,0.911408,0.940658,0.99991,0.999979,11944,346,1161,16763765,13105,12290,140625,0.093191,0.886291,0.866406,ok,8,11,1.0,0.727273,0.842105,0.727273,1.0,0.727273,0.842105,0.727273,0.767449,0.911345,0.842105
nucleonet_scaled,nucleus,zenodo_3675220_platynereis,Platynereis,nucleus_00256,sparse,80,nuclei.zip:train_data_nuclei_11,20.0,0.138,0.938689,0.884462,0.952206,0.925551,0.938689,0.999903,0.999963,12432,624,1000,16763160,13432,13056,140625,0.095516,0.891299,0.837314,ok,9,9,0.888889,0.888889,0.888889,0.8,0.777778,0.777778,0.777778,0.636364,0.770338,0.86663,0.888889
nucleonet_scaled,nucleus,zenodo_3675220_platynereis,Platynereis,nucleus_00257,sparse,80,nuclei.zip:train_data_nuclei_11,20.0,0.113,0.930964,0.870844,0.930605,0.931323,0.930964,0.999872,0.999936,14483,1080,1068,16760585,15551,15563,140625,0.110585,0.872962,0.849362,ok,9,8,0.888889,1.0,0.941176,0.888889,0.777778,0.875,0.823529,0.7,0.823616,0.875091,0.941176
nucleonet_scaled,nucleus,zenodo_3675220_platynereis,Platynereis,nucleus_00258,sparse,80,nuclei.zip:train_data_nuclei_11,20.0,0.101,0.95506,0.913985,0.981756,0.929776,0.95506,0.999911,0.999982,15875,295,1199,16759847,17074,16170,140625,0.121415,0.96162,0.90549,ok,10,9,0.8,0.888889,0.842105,0.727273,0.6,0.666667,0.631579,0.461538,0.714033,0.847915,0.842105
nucleonet_scaled,nucleus,zenodo_3675220_platynereis,Platynereis,nucleus_00259,sparse,80,nuclei.zip:train_data_nuclei_11,20.0,0.097,0.945305,0.896282,0.981554,0.911637,0.945305,0.999881,0.999981,17188,323,1666,16758039,18854,17511,140625,0.134073,0.883582,0.864189,ok,8,10,0.875,0.7,0.777778,0.636364,0.875,0.7,0.777778,0.636364,0.708358,0.910746,0.777778
nucleonet_scaled,nucleus,zenodo_3675220_platynereis,Platynereis,nucleus_00260,sparse,80,nuclei.zip:train_data_nuclei_11,20.0,0.103,0.944493,0.894824,0.964457,0.925338,0.944493,0.999875,0.999961,17909,660,1445,16757202,19354,18569,140625,0.137628,0.934489,0.885145,ok,9,9,1.0,1.0,1.0,1.0,0.888889,0.888889,0.888889,0.8,0.861603,0.861603,1.0
nucleonet_scaled,nucleus,zenodo_3675220_platynereis,Platynereis,nucleus_00261,sparse,80,nuclei.zip:train_data_nuclei_11,20.0,0.048,0.918429,0.849162,0.972167,0.870321,0.918429,0.99983,0.999973,16067,460,2394,16758295,18461,16527,138375,0.133413,0.868905,0.847729,ok,8,9,0.875,0.777778,0.823529,0.7,0.875,0.777778,0.823529,0.7,0.759031,0.92168,0.823529
nucleonet_scaled,nucleus,zenodo_3675220_platynereis,Platynereis,nucleus_00262,sparse,80,nuclei.zip:train_data_nuclei_11,20.0,0.162,0.875665,0.778829,0.968003,0.799409,0.875665,0.99979,0.999975,12434,411,3120,16761251,15554,12845,135000,0.115215,0.847188,0.723512,ok,8,10,0.875,0.7,0.777778,0.636364,0.5,0.4,0.444444,0.285714,0.592714,0.762061,0.777778
nucleonet_scaled,nucleus,zenodo_3675220_platynereis,Platynereis,nucleus_00263,sparse,80,nuclei.zip:train_data_nuclei_11,20.0,0.268,0.909819,0.834558,0.965988,0.859823,0.909819,0.999874,0.999978,10679,376,1741,16764420,12420,11055,129375,0.096,0.89495,0.821086,ok,9,10,0.777778,0.7,0.736842,0.583333,0.777778,0.7,0.736842,0.583333,0.644862,0.87517,0.736842
nucleonet_scaled,nucleus,zenodo_3675220_platynereis,Platynereis,nucleus_00264,sparse,80,nuclei.zip:train_data_nuclei_11,20.0,0.116,0.836634,0.71915,0.820466,0.853453,0.836634,0.999802,0.999889,8491,1858,1458,16765409,9949,10349,129000,0.077124,0.820798,0.69897,ok,9,9,0.666667,0.666667,0.666667,0.5,0.666667,0.666667,0.666667,0.5,0.56865,0.852975,0.666667
nucleonet_scaled,nucleus,zenodo_3675220_platynereis,Platynereis,nucleus_00265,sparse,80,nuclei.zip:train_data_nuclei_11,20.0,0.106,0.924734,0.860004,0.968537,0.884721,0.924734,0.999919,0.999984,8373,272,1091,16767480,9464,8645,65750,0.143939,0.921122,0.854302,ok,7,7,0.857143,0.857143,0.857143,0.75,0.857143,0.857143,0.857143,0.75,0.755655,0.881598,0.857143
nucleonet_scaled,nucleus,zenodo_3675220_platynereis,Platynereis,nucleus_00266,sparse,80,nuclei.zip:train_data_nuclei_11,20.0,0.095,0.89118,0.803719,0.956252,0.8344,0.89118,0.999888,0.999979,7694,352,1527,16767643,9221,8046,104625,0.088134,0.913493,0.783966,ok,8,8,0.75,0.75,0.75,0.6,0.5,0.5,0.5,0.333333,0.589944,0.786592,0.75
nucleonet_scaled,nucleus,zenodo_3675220_platynereis,Platynereis,nucleus_00267,sparse,80,nuclei.zip:train_data_nuclei_11,20.0,0.041,0.952795,0.909846,0.973044,0.933372,0.952795,0.999943,0.999984,9638,267,688,16766623,10326,9905,107250,0.09628,0.993225,0.933545,ok,8,7,0.875,1.0,0.933333,0.875,0.875,1.0,0.933333,0.875,0.842204,0.902361,0.933333
nucleonet_scaled,nucleus,zenodo_3675220_platynereis,Platynereis,nucleus_00268,sparse,80,nuclei.zip:train_data_nuclei_11,20.0,0.107,0.928495,0.866534,0.961716,0.897493,0.928495,0.999912,0.999977,9596,382,1096,16766142,10692,9978,105000,0.101829,0.965336,0.885896,ok,7,7,0.857143,0.857143,0.857143,0.75,0.857143,0.857143,0.857143,0.75,0.743889,0.86787,0.857143
nucleonet_scaled,nucleus,zenodo_3675220_platynereis,Platynereis,nucleus_00269,sparse,80,nuclei.zip:train_data_nuclei_11,20.0,0.135,0.936713,0.880959,0.955159,0.918965,0.936713,0.999922,0.999973,9628,452,849,16766287,10477,10080,102000,0.102716,0.960387,0.886813,ok,8,7,0.875,1.0,0.933333,0.875,0.75,0.857143,0.8,0.666667,0.814417,0.87259,0.933333
nucleonet_scaled,nucleus,zenodo_3675220_platynereis,Platynereis,nucleus_00270,sparse,80,nuclei.zip:train_data_nuclei_11,20.0,0.246,0.816951,0.690546,0.763181,0.878871,0.816951,0.999769,0.99984,8656,2686,1193,16764681,9849,11342,100125,0.098367,0.804245,0.713163,ok,8,8,0.625,0.625,0.625,0.454545,0.625,0.625,0.625,0.454545,0.556187,0.8899,0.625
nucleonet_scaled,nucleus,zenodo_3675220_platynereis,Platynereis,nucleus_00271,sparse,80,nuclei.zip:train_data_nuclei_11,20.0,0.033,0.7957,0.660716,0.854431,0.744524,0.7957,0.999796,0.999932,6662,1135,2286,16767133,8948,7797,98250,0.091074,0.818452,0.699666,ok,5,8,0.8,0.5,0.615385,0.444444,0.8,0.5,0.615385,0.444444,0.53773,0.873811,0.615385
nucleonet_scaled,nucleus,zenodo_3675220_platynereis,Platynereis,nucleus_00272,sparse,80,nuclei.zip:train_data_nuclei_11,20.0,0.083,0.787792,0.649881,0.931745,0.682367,0.787792,0.999833,0.999977,5201,381,2421,16769213,7622,5582,95625,0.079707,0.821896,0.627646,ok,7,8,0.571429,0.5,0.533333,0.363636,0.428571,0.375,0.4,0.25,0.438906,0.822948,0.533333
nucleonet_scaled,nucleus,zenodo_3675220_platynereis,Platynereis,nucleus_00273,sparse,80,nuclei.zip:train_data_nuclei_11,20.0,0.083,0.770765,0.627028,0.976744,0.636531,0.770765,0.999829,0.999993,4830,115,2758,16769513,7588,4945,62250,0.121896,0.773266,0.701375,ok,6,7,0.666667,0.571429,0.615385,0.444444,0.666667,0.571429,0.615385,0.444444,0.542049,0.88083,0.615385
nucleonet_scaled,nucleus,zenodo_3675220_platynereis,Platynereis,nucleus_00274,sparse,80,nuclei.zip:train_data_nuclei_11,20.0,0.134,0.867309,0.765707,0.980064,0.777822,0.867309,0.999893,0.999993,5850,119,1671,16769576,7521,5969,59500,0.126403,0.830252,0.768892,ok,5,7,1.0,0.714286,0.833333,0.714286,1.0,0.714286,0.833333,0.714286,0.729949,0.875939,0.833333
nucleonet_scaled,nucleus,zenodo_3675220_platynereis,Platynereis,nucleus_00275,sparse,80,nuclei.zip:train_data_nuclei_12,20.0,0.262,0.956659,0.916919,0.972266,0.941545,0.956659,0.999897,0.999968,19071,544,1184,16756417,20255,19615,105375,0.192218,0.926667,0.879525,ok,8,10,0.875,0.7,0.777778,0.636364,0.875,0.7,0.777778,0.636364,0.721609,0.927783,0.777778
nucleonet_scaled,nucleus,zenodo_3675220_platynereis,Platynereis,nucleus_00276,sparse,80,nuclei.zip:train_data_nuclei_12,20.0,0.049,0.945901,0.897354,0.977028,0.916695,0.945901,0.999873,0.999974,18586,437,1689,16756504,20275,19023,105000,0.193095,0.883629,0.872376,ok,8,11,1.0,0.727273,0.842105,0.727273,1.0,0.727273,0.842105,0.727273,0.750475,0.891189,0.842105
nucleonet_scaled,nucleus,zenodo_3675220_platynereis,Platynereis,nucleus_00277,sparse,80,nuclei.zip:train_data_nuclei_12,20.0,0.079,0.95954,0.922226,0.982491,0.937637,0.95954,0.999909,0.999981,18012,321,1198,16757685,19210,18333,105000,0.182952,0.959924,0.901364,ok,11,11,1.0,1.0,1.0,1.0,0.636364,0.636364,0.636364,0.466667,0.825521,0.825521,1.0
nucleonet_scaled,nucleus,zenodo_3675220_platynereis,Platynereis,nucleus_00278,sparse,80,nuclei.zip:train_data_nuclei_12,20.0,0.137,0.965959,0.934159,0.980919,0.951448,0.965959,0.999919,0.999978,19381,377,989,16756469,20370,19758,104625,0.194695,0.970438,0.936053,ok,8,10,1.0,0.8,0.888889,0.8,0.875,0.7,0.777778,0.636364,0.781204,0.878854,0.888889
nucleonet_scaled,nucleus,zenodo_3675220_platynereis,Platynereis,nucleus_00279,sparse,80,nuclei.zip:train_data_nuclei_12,20.0,0.154,0.956836,0.917245,0.979826,0.934901,0.956836,0.999893,0.999975,19962,411,1390,16755453,21352,20373,105750,0.20191,0.945369,0.886532,ok,10,10,0.9,0.9,0.9,0.818182,0.9,0.9,0.9,0.818182,0.818204,0.909116,0.9
nucleonet_scaled,nucleus,zenodo_3675220_platynereis,Platynereis,nucleus_00280,sparse,80,nuclei.zip:train_data_nuclei_12,20.0,0.223,0.958722,0.920716,0.987004,0.932015,0.958722,0.999902,0.999985,19138,252,1396,16756430,20534,19390,103875,0.19768,0.973631,0.894152,ok,9,10,1.0,0.9,0.947368,0.9,1.0,0.9,0.947368,0.9,0.846779,0.893822,0.947368
nucleonet_scaled,nucleus,zenodo_3675220_platynereis,Platynereis,nucleus_00281,sparse,80,nuclei.zip:train_data_nuclei_12,20.0,0.039,0.929514,0.86831,0.952918,0.907232,0.929514,0.99984,0.999948,17750,877,1815,16756774,19565,18627,103875,0.188351,0.88447,0.785556,ok,10,10,0.7,0.7,0.7,0.538462,0.6,0.6,0.6,0.428571,0.606242,0.866061,0.7
nucleonet_scaled,nucleus,zenodo_3675220_platynereis,Platynereis,nucleus_00282,sparse,80,nuclei.zip:train_data_nuclei_12,20.0,0.137,0.936824,0.881156,0.960232,0.91453,0.936824,0.99986,0.999957,17409,721,1627,16757459,19036,18130,104625,0.181945,0.863874,0.81714,ok,11,9,0.727273,0.888889,0.8,0.666667,0.727273,0.888889,0.8,0.666667,0.708797,0.885996,0.8
nucleonet_scaled,nucleus,zenodo_3675220_platynereis,Platynereis,nucleus_00283,sparse,80,nuclei.zip:train_data_nuclei_12,20.0,0.26,0.955781,0.915308,0.966184,0.945601,0.955781,0.999904,0.999964,17400,609,1001,16758206,18401,18009,76725,0.239831,0.91648,0.86856,ok,9,8,0.888889,1.0,0.941176,0.888889,0.777778,0.875,0.823529,0.7,0.838766,0.891189,0.941176
nucleonet_scaled,nucleus,zenodo_3675220_platynereis,Platynereis,nucleus_00284,sparse,80,nuclei.zip:train_data_nuclei_12,20.0,0.035,0.958375,0.920077,0.974512,0.942764,0.958375,0.999918,0.999975,15829,414,961,16760012,16790,16243,74790,0.224495,0.973755,0.887016,ok,7,8,1.0,0.875,0.933333,0.875,1.0,0.875,0.933333,0.875,0.840416,0.900446,0.933333
nucleonet_scaled,nucleus,zenodo_3675220_platynereis,Platynereis,nucleus_00285,sparse,80,nuclei.zip:train_data_nuclei_12,20.0,0.119,0.956736,0.917061,0.969075,0.944708,0.956736,0.999922,0.999972,14540,464,851,16761361,15391,15004,73158,0.21038,0.942512,0.903682,ok,8,7,0.875,1.0,0.933333,0.875,0.875,1.0,0.933333,0.875,0.81732,0.8757,0.933333
nucleonet_scaled,nucleus,zenodo_3675220_platynereis,Platynereis,nucleus_00286,sparse,80,nuclei.zip:train_data_nuclei_12,20.0,0.109,0.912497,0.839075,0.940941,0.885722,0.912497,0.999849,0.999951,13176,827,1700,16761513,14876,14003,87957,0.169128,0.873347,0.791947,ok,8,8,0.75,0.75,0.75,0.6,0.75,0.75,0.75,0.6,0.68034,0.90712,0.75
nucleonet_scaled,nucleus,zenodo_3675220_platynereis,Platynereis,nucleus_00287,sparse,80,nuclei.zip:train_data_nuclei_12,20.0,0.11,0.906034,0.828211,0.934135,0.879575,0.906034,0.999843,0.999947,12665,893,1734,16761924,14399,13558,85158,0.169086,0.898006,0.778683,ok,7,10,0.857143,0.6,0.705882,0.545455,0.714286,0.5,0.588235,0.416667,0.623441,0.883208,0.705882
nucleonet_scaled,nucleus,zenodo_3675220_platynereis,Platynereis,nucleus_00288,sparse,80,nuclei.zip:train_data_nuclei_12,20.0,0.149,0.914474,0.842425,0.944967,0.885888,0.914474,0.999841,0.99995,14269,831,1838,16760278,16107,15100,87538,0.184,0.918959,0.811657,ok,10,11,0.8,0.727273,0.761905,0.615385,0.5,0.454545,0.47619,0.3125,0.631115,0.828338,0.761905
nucleonet_scaled,nucleus,zenodo_3675220_platynereis,Platynereis,nucleus_00289,sparse,80,nuclei.zip:train_data_nuclei_12,20.0,0.051,0.906134,0.828377,0.923261,0.889631,0.906134,0.999809,0.999923,15460,1285,1918,16758553,17378,16745,89088,0.195066,0.834192,0.75863,ok,9,12,0.777778,0.583333,0.666667,0.5,0.777778,0.583333,0.666667,0.5,0.565008,0.847512,0.666667
nucleonet_scaled,nucleus,zenodo_3675220_platynereis,Platynereis,nucleus_00290,sparse,80,nuclei.zip:train_data_nuclei_12,20.0,0.134,0.923651,0.858134,0.951315,0.897551,0.923651,0.99984,0.999951,16199,829,1849,16758339,18048,17028,89436,0.201798,0.851204,0.773595,ok,8,12,1.0,0.666667,0.8,0.666667,0.5,0.333333,0.4,0.25,0.647572,0.809464,0.8
nucleonet_scaled,nucleus,zenodo_3675220_platynereis,Platynereis,nucleus_00291,sparse,80,nuclei.zip:train_data_nuclei_12,20.0,0.274,0.935173,0.87824,0.943173,0.927308,0.935173,0.999858,0.999938,17145,1033,1344,16757694,18489,18178,87720,0.210773,0.909518,0.82819,ok,9,10,0.888889,0.8,0.842105,0.727273,0.666667,0.6,0.631579,0.461538,0.705536,0.837824,0.842105
nucleonet_scaled,nucleus,zenodo_3675220_platynereis,Platynereis,nucleus_00292,sparse,80,nuclei.zip:train_data_nuclei_12,20.0,0.038,0.926294,0.862708,0.917373,0.93539,0.926294,0.999838,0.999908,17098,1540,1181,16757397,18279,18638,87122,0.209809,0.833256,0.791707,ok,8,9,0.875,0.777778,0.823529,0.7,0.625,0.555556,0.588235,0.416667,0.690575,0.838556,0.823529
nucleonet_scaled,nucleus,zenodo_3675220_platynereis,Platynereis,nucleus_00293,sparse,80,nuclei.zip:train_data_nuclei_12,20.0,0.131,0.958502,0.92031,0.970143,0.947136,0.958502,0.999914,0.999969,16734,515,934,16759033,17668,17249,85340,0.207031,0.961924,0.907726,ok,9,9,0.777778,0.777778,0.777778,0.636364,0.555556,0.555556,0.555556,0.384615,0.652656,0.839129,0.777778
nucleonet_scaled,nucleus,zenodo_3675220_platynereis,Platynereis,nucleus_00294,sparse,80,nuclei.zip:train_data_nuclei_12,20.0,0.284,0.93717,0.881769,0.970498,0.906056,0.93717,0.999884,0.999974,14573,443,1511,16760689,16084,15016,83239,0.193227,0.918372,0.841688,ok,8,9,1.0,0.888889,0.941176,0.888889,0.75,0.666667,0.705882,0.545455,0.776497,0.825028,0.941176
nucleonet_scaled,nucleus,zenodo_3675220_platynereis,Platynereis,nucleus_00295,sparse,80,nuclei.zip:train_data_nuclei_12,20.0,0.056,0.947708,0.900613,0.973851,0.922932,0.947708,0.999913,0.999979,13221,355,1104,16762536,14325,13576,75999,0.188489,0.924456,0.898984,ok,7,8,1.0,0.875,0.933333,0.875,0.714286,0.625,0.666667,0.5,0.795286,0.852092,0.933333
nucleonet_scaled,nucleus,zenodo_3675220_platynereis,Platynereis,nucleus_00296,sparse,80,nuclei.zip:train_data_nuclei_12,20.0,0.124,0.903409,0.823835,0.906979,0.899868,0.903409,0.999852,0.999929,11593,1189,1290,16763144,12883,12782,72900,0.176722,0.837139,0.754786,ok,9,9,0.777778,0.777778,0.777778,0.636364,0.555556,0.555556,0.555556,0.384615,0.63488,0.816274,0.777778
nucleonet_scaled,nucleus,zenodo_3675220_platynereis,Platynereis,nucleus_00297,sparse,80,nuclei.zip:train_data_nuclei_12,20.0,0.109,0.928484,0.866514,0.927273,0.929698,0.928484,0.999892,0.999945,11730,920,887,16763679,12617,12650,67410,0.187168,0.890636,0.822118,ok,11,9,0.727273,0.888889,0.8,0.666667,0.636364,0.777778,0.7,0.538462,0.696885,0.871106,0.8
nucleonet_scaled,nucleus,zenodo_3675220_platynereis,Platynereis,nucleus_00298,sparse,80,nuclei.zip:train_data_nuclei_12,20.0,0.104,0.92426,0.859185,0.915653,0.93303,0.92426,0.999884,0.999935,11898,1096,854,16763368,12752,12994,56875,0.224211,0.933572,0.84339,ok,7,8,1.0,0.875,0.933333,0.875,0.857143,0.75,0.8,0.666667,0.801605,0.858863,0.933333
nucleonet_scaled,nucleus,zenodo_3675220_platynereis,Platynereis,nucleus_00299,sparse,80,nuclei.zip:train_data_nuclei_12,20.0,0.101,0.923895,0.858555,0.913133,0.934914,0.923895,0.999874,0.999927,12856,1223,895,16762242,13751,14079,60454,0.227462,0.900803,0.799412,ok,10,8,0.8,1.0,0.888889,0.8,0.5,0.625,0.555556,0.384615,0.718956,0.808826,0.888889
