model,organelle,dataset,dataset_label,crop_id,coverage,voxel_nm,source_image,infer_s,dice,iou,precision,recall,f1,accuracy,specificity,tp,fp,fn,tn,gt_area,pred_area,eval_area,gt_frac,cldice,boundary_f1,status
orgsegnet,nucleus,orgsegnet_plant,PlantHunter,te_00210,partial,7.41,image/A_165.tif,2.858,0.984338,0.969158,0.990254,0.978491,0.984338,0.99591,0.998544,2156458,21223,47402,14552133,2203860,2177681,13223620,0.166661,nan,0.353924,ok
orgsegnet,nucleus,orgsegnet_plant,PlantHunter,te_00211,partial,7.41,image/A_165.tif,0.475,0.987716,0.975729,0.990543,0.984904,0.987716,0.99731,0.99884,1814226,17321,27807,14917862,1842033,1831547,13210700,0.139435,nan,0.413499,ok
orgsegnet,nucleus,orgsegnet_plant,PlantHunter,te_00294,partial,3.7,image/A_207.tif,0.487,0.979904,0.9606,0.970413,0.989583,0.979904,0.998169,0.998575,748930,22834,7884,15997568,756814,771764,13230080,0.057204,nan,0.731079,ok
orgsegnet,nucleus,orgsegnet_plant,PlantHunter,te_00295,partial,3.7,image/A_207.tif,0.457,0.975257,0.951709,0.956944,0.994285,0.975257,0.997724,0.997887,752489,33857,4325,15986545,756814,786346,12202940,0.062019,nan,0.685419,ok
orgsegnet,nucleus,orgsegnet_plant,PlantHunter,te_00309,partial,5.29,image/A_214.tif,0.508,0.95717,0.917859,0.964368,0.95008,0.95717,0.997269,0.998835,512057,18920,26905,16219334,538962,530977,13223620,0.040758,nan,0.387734,ok
orgsegnet,nucleus,orgsegnet_plant,PlantHunter,te_00326,partial,12.34,image/A_223.tif,0.5,0.968176,0.938315,0.991589,0.945843,0.968176,0.99743,0.999654,655870,5563,37554,16078229,693424,661433,13230080,0.052413,nan,0.15825,ok
orgsegnet,nucleus,orgsegnet_plant,PlantHunter,te_00327,partial,12.34,image/A_223.tif,0.481,0.966244,0.934692,0.991274,0.942446,0.966244,0.997278,0.999642,653515,5753,39909,16078039,693424,659268,13226850,0.052425,nan,0.16496,ok
orgsegnet,nucleus,orgsegnet_plant,PlantHunter,te_00346,partial,14.81,image/A_233.tif,0.462,0.936492,0.880569,0.957133,0.916723,0.936492,0.998962,0.999654,128453,5753,11669,16631341,140122,134206,13230080,0.010591,nan,0.184449,ok
orgsegnet,nucleus,orgsegnet_plant,PlantHunter,te_00347,partial,14.81,image/A_233.tif,0.446,0.940658,0.887964,0.954354,0.927349,0.940658,0.999023,0.999626,129942,6215,10180,16630879,140122,136157,13230080,0.010591,nan,0.147505,ok
orgsegnet,nucleus,orgsegnet_plant,PlantHunter,te_00356,partial,24.68,image/A_238.tif,0.459,0.955691,0.915142,0.978218,0.934178,0.955691,0.999054,0.99977,171105,3810,12056,16590245,183161,174915,13226850,0.013848,nan,0.170667,ok
orgsegnet,nucleus,orgsegnet_plant,PlantHunter,te_00357,partial,24.68,image/A_238.tif,0.482,0.931943,0.87256,0.924718,0.939283,0.931943,0.998502,0.999156,172040,14006,11121,16580049,183161,186046,13230080,0.013844,nan,0.302724,ok
orgsegnet,nucleus,orgsegnet_plant,PlantHunter,te_00396,partial,4.63,image/A_258.tif,0.46,0.948705,0.902415,0.997829,0.90419,0.948705,0.996377,0.999924,562071,1223,59558,16154364,621629,563294,13230080,0.046986,nan,0.528213,ok
orgsegnet,nucleus,orgsegnet_plant,PlantHunter,te_00397,partial,4.63,image/A_258.tif,0.522,0.982447,0.9655,0.986264,0.97866,0.982447,0.996317,0.998395,1729266,24084,37707,14986159,1766973,1753350,13217160,0.133688,nan,0.607785,ok
orgsegnet,nucleus,orgsegnet_plant,PlantHunter,te_00564,partial,18.51,image/C076.tif,0.452,0.822199,0.69808,0.999768,0.698193,0.822199,0.988007,0.999993,465238,108,201108,16110762,666346,465346,13230080,0.050366,nan,0.237112,ok
orgsegnet,nucleus,orgsegnet_plant,PlantHunter,te_00565,partial,18.51,image/C076.tif,0.538,0.989628,0.979469,0.996363,0.982983,0.989628,0.997241,0.999445,2208434,8061,38231,14522490,2246665,2216495,13230080,0.169815,nan,0.598822,ok
orgsegnet,nucleus,orgsegnet_plant,PlantHunter,te_00630,partial,12.34,image/C171.tif,0.471,0.985292,0.971011,0.989253,0.981363,0.985292,0.998445,0.999403,873675,9491,16592,15877458,890267,883166,13225984,0.067312,nan,0.335302,ok
orgsegnet,nucleus,orgsegnet_plant,PlantHunter,te_00631,partial,12.34,image/C171.tif,0.418,0.984786,0.970028,0.989212,0.9804,0.984786,0.998393,0.999401,872818,9519,17449,15877430,890267,882337,13226850,0.067308,nan,0.298397,ok
orgsegnet,nucleus,orgsegnet_plant,PlantHunter,te_00646,partial,3.7,image/C179.tif,0.464,0.994589,0.989236,0.993228,0.995953,0.994589,0.997689,0.998159,3563958,24298,14482,13174478,3578440,3588256,10821632,0.330675,nan,0.856186,ok
orgsegnet,nucleus,orgsegnet_plant,PlantHunter,te_00647,partial,3.7,image/C179.tif,0.454,0.995803,0.99164,0.992392,0.999236,0.995803,0.998589,0.998458,2809088,21534,2147,13944447,2811235,2830622,11725216,0.23976,nan,0.79612,ok
orgsegnet,nucleus,orgsegnet_plant,PlantHunter,te_00662,partial,14.81,image/C187.tif,0.446,0.980793,0.96231,0.98954,0.972199,0.980793,0.998863,0.999684,486920,5147,13924,16271225,500844,492067,13230080,0.037856,nan,0.1733,ok
orgsegnet,nucleus,orgsegnet_plant,PlantHunter,te_00663,partial,14.81,image/C187.tif,0.471,0.984941,0.970329,0.986524,0.983364,0.984941,0.999102,0.999587,492512,6728,8332,16269644,500844,499240,13226850,0.037866,nan,0.18737,ok
orgsegnet,nucleus,orgsegnet_plant,PlantHunter,te_00686,partial,3.09,image/C199.tif,0.438,0.01215,0.006112,1.0,0.006112,0.01215,0.960718,1.0,4053,0,659044,16114119,663097,4053,13223620,0.050145,nan,0.0,ok
orgsegnet,nucleus,orgsegnet_plant,PlantHunter,te_00687,partial,3.09,image/C199.tif,0.606,0.15542,0.084258,1.0,0.084258,0.15542,0.963349,1.0,56577,0,614899,16105740,671476,56577,13223620,0.050779,nan,0.051304,ok
orgsegnet,nucleus,orgsegnet_plant,PlantHunter,te_00696,partial,5.29,image/C204.tif,0.744,0.889007,0.800191,1.0,0.800191,0.889007,0.997801,1.0,147764,0,36897,16592555,184661,147764,13230080,0.013958,nan,0.475594,ok
orgsegnet,nucleus,orgsegnet_plant,PlantHunter,te_00697,partial,5.29,image/C204.tif,0.6,0.979711,0.96023,0.990524,0.969133,0.979711,0.996222,0.999037,1530494,14642,48747,15183333,1579241,1545136,13223620,0.119426,nan,0.53697,ok
orgsegnet,nucleus,orgsegnet_plant,PlantHunter,te_00768,partial,5.29,image/C240.tif,0.642,0.97998,0.960747,0.995625,0.96482,0.97998,0.993299,0.999132,2751592,12092,100330,13913202,2851922,2763684,11898351,0.239691,nan,0.454267,ok
orgsegnet,nucleus,orgsegnet_plant,PlantHunter,te_00769,partial,5.29,image/C240.tif,0.609,0.984994,0.970432,0.995236,0.974961,0.984994,0.997138,0.999502,1575836,7543,40471,15153366,1616307,1583379,11863467,0.136242,nan,0.579345,ok
orgsegnet,nucleus,orgsegnet_plant,PlantHunter,te_00772,partial,18.51,image/C242.tif,0.561,0.963087,0.928802,0.958318,0.967904,0.963087,0.998303,0.999014,371465,16157,12318,16377276,383783,387622,13230080,0.029008,nan,0.404167,ok
orgsegnet,nucleus,orgsegnet_plant,PlantHunter,te_00773,partial,18.51,image/C242.tif,0.536,0.970221,0.942164,0.980655,0.960006,0.970221,0.998652,0.999557,368434,7268,15349,16386165,383783,375702,13226850,0.029015,nan,0.38093,ok
orgsegnet,nucleus,orgsegnet_plant,PlantHunter,te_00852,sparse,,image/Figure 4_Original_009.tif,0.105,0.913118,0.840126,0.987257,0.849336,0.913118,0.998902,0.999925,96764,1249,17165,16662038,113929,98013,1046529,0.108864,nan,0.326223,ok
orgsegnet,nucleus,orgsegnet_plant,PlantHunter,te_00913,partial,4.63,image/L1_014.tif,0.599,0.993565,0.987213,0.998293,0.988882,0.993565,0.999246,0.999894,976625,1670,10980,15787941,987605,978295,5999753,0.164608,nan,0.890323,ok
orgsegnet,nucleus,orgsegnet_plant,PlantHunter,te_00914,partial,4.63,image/L1_014.tif,0.595,0.994192,0.988451,0.998065,0.990348,0.994192,0.999382,0.999892,886652,1719,8641,15880204,895293,888371,4477352,0.19996,nan,0.894922,ok
orgsegnet,nucleus,orgsegnet_plant,PlantHunter,te_00955,partial,3.7,image/L8_002.tif,0.556,0.991689,0.983516,0.997312,0.98613,0.991689,0.997707,0.999572,2295245,6187,32283,14443501,2327528,2301432,9090270,0.256046,nan,0.707633,ok
orgsegnet,nucleus,orgsegnet_plant,PlantHunter,te_00956,partial,3.7,image/L8_002.tif,0.734,0.990659,0.981491,0.997671,0.983745,0.990659,0.998163,0.999748,1633927,3814,26998,15112477,1660925,1637741,7145118,0.232456,nan,0.707166,ok
orgsegnet,nucleus,orgsegnet_plant,PlantHunter,te_00964,sparse,7.41,image/M4HD-5000X-0002.tif,0.147,0.982642,0.965876,0.99856,0.967223,0.982642,0.999852,0.999994,70054,101,2374,16704687,72428,70155,621693,0.116501,nan,0.541068,ok
orgsegnet,nucleus,orgsegnet_plant,PlantHunter,te_00970,sparse,,image/Protoplasma_Original_131.tif,0.103,0.885222,0.79408,0.841993,0.933131,0.885222,0.999915,0.999938,5526,1037,396,16770257,5922,6563,696192,0.008506,nan,0.331457,ok
orgsegnet,nucleus,orgsegnet_plant,PlantHunter,te_00972,sparse,7.41,image/S2-5000X-0007.tif,0.139,0.979463,0.959753,0.996165,0.963313,0.979463,0.999916,0.999992,33767,130,1286,16742033,35053,33897,578445,0.060599,nan,0.631504,ok
orgsegnet,nucleus,orgsegnet_plant,PlantHunter,te_00973,sparse,7.41,image/S2H-5000X-0003.tif,0.138,0.984498,0.969468,0.99044,0.978626,0.984498,0.999831,0.999948,90242,871,1971,16684132,92213,91113,965472,0.095511,nan,0.939173,ok
orgsegnet,nucleus,orgsegnet_plant,PlantHunter,te_00974,sparse,7.41,image/S2H-5000X-0004.tif,0.155,0.986884,0.974108,0.978184,0.99574,0.986884,0.999911,0.999925,55869,1246,239,16719862,56108,57115,526824,0.106502,nan,0.736563,ok
orgsegnet,nucleus,orgsegnet_plant,PlantHunter,te_01015,partial,14.81,image/g-l_004.tif,0.615,0.914266,0.842071,0.858526,0.977746,0.914266,0.992368,0.993003,682765,112511,15540,15966400,698305,795276,13230080,0.052782,nan,0.272964,ok
orgsegnet,nucleus,orgsegnet_plant,PlantHunter,te_01016,partial,14.81,image/g-l_004.tif,0.559,0.9138,0.841282,0.857687,0.97777,0.9138,0.992322,0.992954,682782,113292,15523,15965619,698305,796074,13226850,0.052795,nan,0.310701,ok
orgsegnet,nucleus,orgsegnet_plant,PlantHunter,te_01055,partial,14.81,image/n-l_001.tif,0.629,0.97045,0.942597,0.988622,0.952935,0.97045,0.997572,0.999521,668779,7697,33031,16067709,701810,676476,13230080,0.053047,nan,0.567381,ok
orgsegnet,nucleus,orgsegnet_plant,PlantHunter,te_01056,partial,14.81,image/n-l_001.tif,0.607,0.968354,0.93865,0.987643,0.949804,0.968354,0.997403,0.999481,666582,8340,35228,16067066,701810,674922,13217160,0.053098,nan,0.53312,ok
orgsegnet,nucleus,orgsegnet_plant,PlantHunter,te_01073,partial,5.29,image/n-o_007.tif,0.573,0.982318,0.965251,0.968673,0.996354,0.982318,0.997654,0.997745,1093246,35356,4001,15644613,1097247,1128602,8385024,0.130858,nan,0.642606,ok
orgsegnet,nucleus,orgsegnet_plant,PlantHunter,te_01074,partial,5.29,image/n-o_007.tif,0.561,0.987919,0.976126,0.980221,0.995738,0.987919,0.996644,0.996789,2302076,46451,9854,14418835,2311930,2348527,10194944,0.226772,nan,0.644776,ok
orgsegnet,nucleus,orgsegnet_plant,PlantHunter,te_01107,partial,12.34,image/p3_004.tif,0.575,0.945349,0.896361,0.989498,0.904971,0.945349,0.994301,0.999447,826930,8777,86834,15854675,913764,835707,13230080,0.069067,nan,0.241752,ok
orgsegnet,nucleus,orgsegnet_plant,PlantHunter,te_01108,partial,12.34,image/p3_004.tif,0.54,0.882794,0.790179,0.996651,0.792283,0.882794,0.988542,0.999847,723960,2433,189804,15861019,913764,726393,11344212,0.080549,nan,0.150844,ok
orgsegnet,nucleus,orgsegnet_plant,PlantHunter,te_01121,partial,,image/xc0_001.tif,0.977,0.879861,0.785493,0.978239,0.799462,0.879861,0.992907,0.999403,435789,9694,109314,16222419,545103,445483,13225984,0.041215,nan,0.425003,ok
orgsegnet,nucleus,orgsegnet_plant,PlantHunter,te_01122,partial,,image/xc0_001.tif,0.588,0.936775,0.88107,0.955975,0.918332,0.936775,0.997408,0.999097,322195,14838,28653,16411530,350848,337033,13205504,0.026568,nan,0.133913,ok
orgsegnet,nucleus,orgsegnet_plant,PlantHunter,te_01195,partial,14.81,image/z046.tif,0.539,0.979506,0.959835,0.994765,0.964707,0.979506,0.997236,0.999627,1108225,5832,40543,15622616,1148768,1114057,13217792,0.086911,nan,0.257503,ok
orgsegnet,nucleus,orgsegnet_plant,PlantHunter,te_01196,partial,14.81,image/z046.tif,0.555,0.981199,0.963091,0.995021,0.967755,0.981199,0.997461,0.999644,1111726,5563,37042,15622885,1148768,1117289,13222755,0.086878,nan,0.288555,ok
orgsegnet,nucleus,orgsegnet_plant,PlantHunter,te_01199,partial,18.51,image/z052.tif,0.52,0.960763,0.924488,0.964956,0.956606,0.960763,0.9981,0.999134,390256,14173,17703,16355084,407959,404429,13225984,0.030845,nan,0.237962,ok
orgsegnet,nucleus,orgsegnet_plant,PlantHunter,te_01200,partial,18.51,image/z052.tif,0.54,0.961171,0.925245,0.953179,0.969298,0.961171,0.998096,0.998813,395434,19424,12525,16349833,407959,414858,13197312,0.030912,nan,0.19993,ok
orgsegnet,nucleus,orgsegnet_plant,PlantHunter,te_01285,partial,14.81,image/z099.tif,0.606,0.986534,0.973426,0.98134,0.991784,0.986534,0.998497,0.998892,923646,17563,7652,15828355,931298,941209,10134465,0.091894,nan,0.431611,ok
orgsegnet,nucleus,orgsegnet_plant,PlantHunter,te_01286,partial,14.81,image/z099.tif,0.534,0.986412,0.973189,0.978816,0.994128,0.986412,0.99848,0.998736,925829,20037,5469,15825881,931298,945866,10726320,0.086824,nan,0.464893,ok
orgsegnet,nucleus,orgsegnet_plant,PlantHunter,te_01359,partial,14.81,image/z198.tif,0.889,0.95469,0.913308,0.959853,0.949582,0.95469,0.998249,0.999213,309543,12947,16435,16438291,325978,322490,12826330,0.025415,nan,0.117269,ok
orgsegnet,nucleus,orgsegnet_plant,PlantHunter,te_01360,partial,14.81,image/z198.tif,0.75,0.954305,0.912604,0.964346,0.944472,0.954305,0.998243,0.999308,307877,11383,18101,16439855,325978,319260,10519642,0.030988,nan,0.101958,ok
orgsegnet,nucleus,orgsegnet_plant,PlantHunter,te_01367,partial,3.7,image/z202.tif,0.572,0.974799,0.950836,0.951433,0.999341,0.974799,0.99758,0.997493,785345,40089,518,15951264,785863,825434,10526720,0.074654,nan,0.38563,ok
orgsegnet,nucleus,orgsegnet_plant,PlantHunter,te_01368,partial,3.7,image/z202.tif,0.612,0.0,0.0,nan,0.0,0.0,0.997376,1.0,0,0,44029,16733187,44029,0,9963890,0.004419,nan,0.0,ok
orgsegnet,nucleus,orgsegnet_plant,PlantHunter,te_01391,partial,4.63,image/z214.tif,0.501,0.978138,0.957212,0.963089,0.993666,0.978138,0.99518,0.995364,1809249,69341,11533,14887093,1820782,1878590,13230080,0.137624,nan,0.163287,ok
orgsegnet,nucleus,orgsegnet_plant,PlantHunter,te_01392,partial,4.63,image/z214.tif,0.562,0.978506,0.957916,0.976192,0.980831,0.978506,0.998041,0.998861,748173,18247,14622,15996174,762795,766420,13192608,0.05782,nan,0.54734,ok
orgsegnet,nucleus,orgsegnet_plant,PlantHunter,te_01395,partial,14.81,image/z216.tif,0.547,0.922542,0.856221,0.858415,0.997024,0.922542,0.996305,0.996288,369199,60895,1102,16346020,370301,430094,13222755,0.028005,nan,0.133594,ok
orgsegnet,nucleus,orgsegnet_plant,PlantHunter,te_01396,partial,14.81,image/z216.tif,0.541,0.918969,0.850085,0.850224,0.999808,0.918969,0.996108,0.996025,370230,65220,71,16341695,370301,435450,13222755,0.028005,nan,0.068041,ok
orgsegnet,nucleus,orgsegnet_plant,PlantHunter,te_01475,partial,4.63,image/z256.tif,0.607,0.969215,0.94027,0.968209,0.970224,0.969215,0.994872,0.997109,1354373,44471,41565,15336807,1395938,1398844,13190250,0.105831,nan,0.45579,ok
orgsegnet,nucleus,orgsegnet_plant,PlantHunter,te_01476,partial,4.63,image/z256.tif,0.585,0.96937,0.940561,0.970334,0.968408,0.96937,0.994908,0.997313,1351837,41329,44101,15339949,1395938,1393166,13217792,0.105611,nan,0.523335,ok
orgsegnet,nucleus,sbiad2822_nuclei,NucleiNet,id10_00164,partial,10,id_10/img_87356f94.tif,0.428,0.0,0.0,nan,0.0,0.0,0.886401,1.0,0,0,1905880,14871336,1905880,0,7073792,0.269428,nan,0.0,ok
orgsegnet,nucleus,sbiad2822_nuclei,NucleiNet,id10_00165,partial,10,id_10/img_87356f94.tif,0.349,0.0,0.0,nan,0.0,0.0,0.921804,1.0,0,0,1311916,15465300,1311916,0,7004160,0.187305,nan,0.0,ok
orgsegnet,nucleus,sbiad2822_nuclei,NucleiNet,id10_00166,partial,10,id_10/img_87356f94.tif,0.41,0.0,0.0,nan,0.0,0.0,0.916778,1.0,0,0,1396230,15380986,1396230,0,6924560,0.201634,nan,0.0,ok
orgsegnet,nucleus,sbiad2822_nuclei,NucleiNet,id11_00167,sparse,18,id_11/img_4808a925.tif,0.136,0.0,0.0,nan,0.0,0.0,0.99941,1.0,0,0,9900,16767316,9900,0,13860,0.714286,nan,0.0,ok
orgsegnet,nucleus,sbiad2822_nuclei,NucleiNet,id11_00168,sparse,18,id_11/img_4808a925.tif,0.123,0.0,0.0,nan,0.0,0.0,0.998039,1.0,0,0,32908,16744308,32908,0,52432,0.627632,nan,0.0,ok
orgsegnet,nucleus,sbiad2822_nuclei,NucleiNet,id11_00169,sparse,18,id_11/img_4808a925.tif,0.441,0.0,0.0,nan,0.0,0.0,0.996766,1.0,0,0,54252,16722964,54252,0,81216,0.667996,nan,0.0,ok
orgsegnet,nucleus,sbiad2822_nuclei,NucleiNet,id11_00170,sparse,18,id_11/img_4808a925.tif,0.128,0.0,0.0,nan,0.0,0.0,0.995239,1.0,0,0,79884,16697332,79884,0,136940,0.58335,nan,0.0,ok
orgsegnet,nucleus,sbiad2822_nuclei,NucleiNet,id11_00171,sparse,18,id_11/img_4808a925.tif,0.121,0.0,0.0,nan,0.0,0.0,0.994392,1.0,0,0,94092,16683124,94092,0,162176,0.580184,nan,0.0,ok
orgsegnet,nucleus,sbiad2822_nuclei,NucleiNet,id11_00172,sparse,18,id_11/img_4808a925.tif,0.141,0.0,0.0,nan,0.0,0.0,0.994459,1.0,0,0,92960,16684256,92960,0,155232,0.598846,nan,0.0,ok
orgsegnet,nucleus,sbiad2822_nuclei,NucleiNet,id11_00173,sparse,18,id_11/img_4808a925.tif,0.129,0.0,0.0,nan,0.0,0.0,0.994512,1.0,0,0,92068,16685148,92068,0,162932,0.56507,nan,0.0,ok
orgsegnet,nucleus,sbiad2822_nuclei,NucleiNet,id11_00174,sparse,18,id_11/img_4808a925.tif,0.155,0.56756,0.396219,1.0,0.396219,0.56756,0.995253,1.0,52266,0,79646,16645304,131912,52266,198320,0.665147,nan,0.037596,ok
orgsegnet,nucleus,sbiad2822_nuclei,NucleiNet,id11_00175,sparse,18,id_11/img_4808a925.tif,0.124,0.0,0.0,nan,0.0,0.0,0.991081,1.0,0,0,149644,16627572,149644,0,226032,0.662048,nan,0.0,ok
orgsegnet,nucleus,sbiad2822_nuclei,NucleiNet,id11_00176,sparse,18,id_11/img_4808a925.tif,0.139,0.291779,0.170808,1.0,0.170808,0.291779,0.991615,1.0,28978,0,140674,16607564,169652,28978,251136,0.675538,nan,0.006864,ok
orgsegnet,nucleus,sbiad2822_nuclei,NucleiNet,id11_00177,sparse,18,id_11/img_4808a925.tif,0.135,0.349685,0.21189,0.99332,0.212192,0.349685,0.99156,0.999985,38069,256,141339,16597552,179408,38325,261356,0.686451,nan,0.013157,ok
orgsegnet,nucleus,sbiad2822_nuclei,NucleiNet,id11_00178,sparse,18,id_11/img_4808a925.tif,0.141,0.701051,0.539706,0.988428,0.543138,0.701051,0.994894,0.999929,100448,1176,84492,16591100,184940,101624,267300,0.691882,nan,0.071158,ok
orgsegnet,nucleus,sbiad2822_nuclei,NucleiNet,id11_00179,sparse,18,id_11/img_4808a925.tif,0.139,0.69508,0.532661,0.993924,0.534401,0.69508,0.994765,0.999963,100104,612,87216,16589284,187320,100716,276624,0.677165,nan,0.010948,ok
orgsegnet,nucleus,sbiad2822_nuclei,NucleiNet,id11_00180,sparse,18,id_11/img_4808a925.tif,0.132,0.0,0.0,nan,0.0,0.0,0.989204,1.0,0,0,181128,16596088,181128,0,280572,0.645567,nan,0.0,ok
orgsegnet,nucleus,sbiad2822_nuclei,NucleiNet,id11_00181,sparse,18,id_11/img_4808a925.tif,0.132,0.066253,0.034262,1.0,0.034262,0.066253,0.990088,1.0,5900,0,166304,16605012,172204,5900,270816,0.635871,nan,0.0,ok
orgsegnet,nucleus,sbiad2822_nuclei,NucleiNet,id11_00182,sparse,18,id_11/img_4808a925.tif,0.133,0.531061,0.361527,0.999713,0.361565,0.531061,0.994133,0.999999,55733,16,98411,16623056,154144,55749,236680,0.651276,nan,0.018323,ok
orgsegnet,nucleus,sbiad2822_nuclei,NucleiNet,id11_00183,sparse,18,id_11/img_4808a925.tif,0.139,0.705379,0.544854,0.998796,0.545212,0.705379,0.996116,0.999994,77998,94,65062,16634062,143060,78092,217248,0.65851,nan,0.177077,ok
orgsegnet,nucleus,sbiad2822_nuclei,NucleiNet,id11_00184,sparse,18,id_11/img_4808a925.tif,0.14,0.812484,0.684188,0.99385,0.687097,0.812484,0.997537,0.999967,89526,554,40770,16646366,130296,90080,199824,0.652054,nan,0.111422,ok
orgsegnet,nucleus,sbiad2822_nuclei,NucleiNet,id11_00185,sparse,18,id_11/img_4808a925.tif,0.313,0.624894,0.454434,0.998893,0.454663,0.624894,0.996192,0.999996,53221,59,63835,16660101,117056,53280,189688,0.617098,nan,0.011682,ok
orgsegnet,nucleus,sbiad2822_nuclei,NucleiNet,id11_00186,sparse,18,id_11/img_4808a925.tif,0.139,0.046734,0.023926,0.998211,0.023927,0.046734,0.994573,1.0,2232,4,91052,16683928,93284,2236,141912,0.657337,nan,0.018773,ok
orgsegnet,nucleus,sbiad2822_nuclei,NucleiNet,id11_00187,sparse,18,id_11/img_4808a925.tif,0.126,0.008932,0.004486,1.0,0.004486,0.008932,0.995542,1.0,337,0,74787,16702092,75124,337,117504,0.639331,nan,0.0,ok
orgsegnet,nucleus,sbiad2822_nuclei,NucleiNet,id11_00188,sparse,18,id_11/img_4808a925.tif,0.146,0.0,0.0,nan,0.0,0.0,0.996874,1.0,0,0,52444,16724772,52444,0,81220,0.645703,nan,0.0,ok
orgsegnet,nucleus,sbiad2822_nuclei,NucleiNet,id11_00189,sparse,18,id_11/img_4808a925.tif,0.127,0.0,0.0,nan,0.0,0.0,0.998196,1.0,0,0,30268,16746948,30268,0,44748,0.67641,nan,0.0,ok
orgsegnet,nucleus,sbiad2822_nuclei,NucleiNet,id11_00190,sparse,18,id_11/img_4808a925.tif,0.175,0.0,0.0,nan,0.0,0.0,0.999317,1.0,0,0,11456,16765760,11456,0,20700,0.55343,nan,0.0,ok
orgsegnet,nucleus,sbiad2822_nuclei,NucleiNet,id12_00191,sparse,18,id_12/img_596d5ecb.tif,0.12,0.0,0.0,nan,0.0,0.0,0.999996,1.0,0,0,72,16777144,72,0,15300,0.004706,nan,0.0,ok
orgsegnet,nucleus,sbiad2822_nuclei,NucleiNet,id12_00192,sparse,18,id_12/img_596d5ecb.tif,0.121,0.0,0.0,nan,0.0,0.0,0.998575,1.0,0,0,23912,16753304,23912,0,67392,0.35482,nan,0.0,ok
orgsegnet,nucleus,sbiad2822_nuclei,NucleiNet,id12_00193,sparse,18,id_12/img_596d5ecb.tif,0.136,0.0,0.0,nan,0.0,0.0,0.997561,1.0,0,0,40912,16736304,40912,0,92000,0.444696,nan,0.0,ok
orgsegnet,nucleus,sbiad2822_nuclei,NucleiNet,id12_00194,sparse,18,id_12/img_596d5ecb.tif,0.131,0.0,0.0,nan,0.0,0.0,0.996491,1.0,0,0,58864,16718352,58864,0,118320,0.497498,nan,0.0,ok
orgsegnet,nucleus,sbiad2822_nuclei,NucleiNet,id12_00195,sparse,18,id_12/img_596d5ecb.tif,0.123,0.0,0.0,nan,0.0,0.0,0.995515,1.0,0,0,75252,16701964,75252,0,141192,0.532976,nan,0.0,ok
orgsegnet,nucleus,sbiad2822_nuclei,NucleiNet,id12_00196,sparse,18,id_12/img_596d5ecb.tif,0.131,0.0,0.0,nan,0.0,0.0,0.994739,1.0,0,0,88272,16688944,88272,0,163560,0.539692,nan,0.0,ok
orgsegnet,nucleus,sbiad2822_nuclei,NucleiNet,id12_00197,sparse,18,id_12/img_596d5ecb.tif,0.127,0.0,0.0,nan,0.0,0.0,0.994173,1.0,0,0,97768,16679448,97768,0,179340,0.545154,nan,0.0,ok
orgsegnet,nucleus,sbiad2822_nuclei,NucleiNet,id12_00198,sparse,18,id_12/img_596d5ecb.tif,0.119,0.0,0.0,nan,0.0,0.0,0.993645,1.0,0,0,106612,16670604,106612,0,196860,0.541563,nan,0.0,ok
orgsegnet,nucleus,sbiad2822_nuclei,NucleiNet,id12_00199,sparse,18,id_12/img_596d5ecb.tif,0.158,0.0,0.0,nan,0.0,0.0,0.993624,1.0,0,0,106964,16670252,106964,0,206456,0.518096,nan,0.0,ok
orgsegnet,nucleus,sbiad2822_nuclei,NucleiNet,id12_00200,sparse,18,id_12/img_596d5ecb.tif,0.151,0.0,0.0,nan,0.0,0.0,0.993231,1.0,0,0,113564,16663652,113564,0,209088,0.54314,nan,0.0,ok
orgsegnet,nucleus,sbiad2822_nuclei,NucleiNet,id12_00201,sparse,18,id_12/img_596d5ecb.tif,0.122,0.0,0.0,nan,0.0,0.0,0.992457,1.0,0,0,126544,16650672,126544,0,207200,0.610734,nan,0.0,ok
orgsegnet,nucleus,sbiad2822_nuclei,NucleiNet,id12_00202,sparse,18,id_12/img_596d5ecb.tif,0.125,0.0,0.0,nan,0.0,0.0,0.991985,1.0,0,0,134464,16642752,134464,0,210308,0.639367,nan,0.0,ok
orgsegnet,nucleus,sbiad2822_nuclei,NucleiNet,id12_00203,sparse,18,id_12/img_596d5ecb.tif,0.144,0.008853,0.004446,1.0,0.004446,0.008853,0.991539,1.0,634,0,141954,16634628,142588,634,217300,0.65618,nan,0.0,ok
orgsegnet,nucleus,sbiad2822_nuclei,NucleiNet,id12_00204,sparse,18,id_12/img_596d5ecb.tif,0.123,0.0,0.0,nan,0.0,0.0,0.99135,1.0,0,0,145124,16632092,145124,0,235320,0.616709,nan,0.0,ok
orgsegnet,nucleus,sbiad2822_nuclei,NucleiNet,id12_00205,sparse,18,id_12/img_596d5ecb.tif,0.126,0.0,0.0,nan,0.0,0.0,0.991442,1.0,0,0,143576,16633640,143576,0,239856,0.598592,nan,0.0,ok
orgsegnet,nucleus,sbiad2822_nuclei,NucleiNet,id12_00206,sparse,18,id_12/img_596d5ecb.tif,0.129,0.0,0.0,nan,0.0,0.0,0.990931,1.0,0,0,152152,16625064,152152,0,264196,0.575906,nan,0.0,ok
orgsegnet,nucleus,sbiad2822_nuclei,NucleiNet,id12_00207,sparse,18,id_12/img_596d5ecb.tif,0.137,0.002209,0.001106,1.0,0.001106,0.002209,0.990094,1.0,184,0,166192,16610840,166376,184,256320,0.649095,nan,0.0,ok
orgsegnet,nucleus,sbiad2822_nuclei,NucleiNet,id12_00208,sparse,18,id_12/img_596d5ecb.tif,0.119,0.0,0.0,nan,0.0,0.0,0.989574,1.0,0,0,174924,16602292,174924,0,254740,0.686677,nan,0.0,ok
orgsegnet,nucleus,sbiad2822_nuclei,NucleiNet,id12_00209,sparse,18,id_12/img_596d5ecb.tif,0.127,0.0,0.0,nan,0.0,0.0,0.989698,1.0,0,0,172832,16604384,172832,0,253116,0.682817,nan,0.0,ok
orgsegnet,nucleus,sbiad2822_nuclei,NucleiNet,id12_00210,sparse,18,id_12/img_596d5ecb.tif,0.139,0.012414,0.006246,1.0,0.006246,0.012414,0.990715,1.0,979,0,155769,16620468,156748,979,224664,0.6977,nan,0.0,ok
orgsegnet,nucleus,sbiad2822_nuclei,NucleiNet,id12_00211,sparse,18,id_12/img_596d5ecb.tif,0.122,0.0,0.0,nan,0.0,0.0,0.9921,1.0,0,0,132548,16644668,132548,0,201880,0.656568,nan,0.0,ok
orgsegnet,nucleus,sbiad2822_nuclei,NucleiNet,id12_00212,sparse,18,id_12/img_596d5ecb.tif,0.133,0.0,0.0,nan,0.0,0.0,0.992976,1.0,0,0,117836,16659380,117836,0,179536,0.656336,nan,0.0,ok
orgsegnet,nucleus,sbiad2822_nuclei,NucleiNet,id12_00213,sparse,18,id_12/img_596d5ecb.tif,0.122,0.0,0.0,nan,0.0,0.0,0.993716,1.0,0,0,105432,16671784,105432,0,156240,0.674808,nan,0.0,ok
orgsegnet,nucleus,sbiad2822_nuclei,NucleiNet,id12_00214,sparse,18,id_12/img_596d5ecb.tif,0.139,0.0,0.0,nan,0.0,0.0,0.995127,1.0,0,0,81756,16695460,81756,0,123032,0.66451,nan,0.0,ok
orgsegnet,nucleus,sbiad2822_nuclei,NucleiNet,id12_00215,sparse,18,id_12/img_596d5ecb.tif,0.116,0.0,0.0,nan,0.0,0.0,0.99605,1.0,0,0,66276,16710940,66276,0,96720,0.685236,nan,0.0,ok
orgsegnet,nucleus,sbiad2822_nuclei,NucleiNet,id12_00216,sparse,18,id_12/img_596d5ecb.tif,0.116,0.0,0.0,nan,0.0,0.0,0.996885,1.0,0,0,52268,16724948,52268,0,77792,0.671894,nan,0.0,ok
orgsegnet,nucleus,sbiad2822_nuclei,NucleiNet,id12_00217,sparse,18,id_12/img_596d5ecb.tif,0.288,0.0,0.0,nan,0.0,0.0,0.997782,1.0,0,0,37208,16740008,37208,0,57912,0.642492,nan,0.0,ok
orgsegnet,nucleus,sbiad2822_nuclei,NucleiNet,id12_00218,sparse,18,id_12/img_596d5ecb.tif,0.131,0.0,0.0,nan,0.0,0.0,0.999537,1.0,0,0,7768,16769448,7768,0,14152,0.548898,nan,0.0,ok
orgsegnet,nucleus,sbiad2822_nuclei,NucleiNet,id1_00000,full,5,id_1/img_2bf732c1.tif,0.686,0.013557,0.006825,1.0,0.006825,0.013557,0.788991,1.0,24327,0,3540139,13212750,3564466,24327,16777216,0.212459,nan,0.0,ok
orgsegnet,nucleus,sbiad2822_nuclei,NucleiNet,id1_00001,full,5,id_1/img_2bf732c1.tif,0.747,0.042126,0.021516,0.99888,0.021516,0.042126,0.881594,0.999997,43682,49,1986481,14747004,2030163,43731,16777216,0.121007,nan,0.005145,ok
orgsegnet,nucleus,sbiad2822_nuclei,NucleiNet,id1_00002,full,5,id_1/img_2bf732c1.tif,0.623,0.0,0.0,nan,0.0,0.0,0.879765,1.0,0,0,2017211,14760005,2017211,0,16777216,0.120235,nan,0.0,ok
orgsegnet,nucleus,sbiad2822_nuclei,NucleiNet,id1_00003,full,5,id_1/img_2bf732c1.tif,0.673,0.0,0.0,nan,0.0,0.0,0.894403,1.0,0,0,1771631,15005585,1771631,0,16777216,0.105597,nan,0.0,ok
orgsegnet,nucleus,sbiad2822_nuclei,NucleiNet,id1_00004,full,5,id_1/img_2bf732c1.tif,0.608,0.0,0.0,nan,0.0,0.0,0.876481,1.0,0,0,2072303,14704913,2072303,0,16777216,0.123519,nan,0.0,ok
orgsegnet,nucleus,sbiad2822_nuclei,NucleiNet,id1_00005,full,5,id_1/img_2bf732c1.tif,0.877,0.0,0.0,0.0,0.0,0.0,0.906268,0.999979,0,326,1572243,15204647,1572243,326,16777216,0.093713,nan,0.0,ok
orgsegnet,nucleus,sbiad2822_nuclei,NucleiNet,id1_00006,full,5,id_1/img_2bf732c1.tif,0.666,0.0,0.0,nan,0.0,0.0,0.893935,1.0,0,0,1779479,14997737,1779479,0,16777216,0.106065,nan,0.0,ok
orgsegnet,nucleus,sbiad2822_nuclei,NucleiNet,id1_00007,full,5,id_1/img_2bf732c1.tif,0.708,0.0,0.0,0.0,0.0,0.0,0.911326,0.999738,0,4009,1483692,15289515,1483692,4009,16777216,0.088435,nan,0.0,ok
orgsegnet,nucleus,sbiad2822_nuclei,NucleiNet,id1_00008,full,5,id_1/img_2bf732c1.tif,0.726,0.0,0.0,nan,0.0,0.0,0.88924,1.0,0,0,1858243,14918973,1858243,0,16777216,0.11076,nan,0.0,ok
orgsegnet,nucleus,sbiad2822_nuclei,NucleiNet,id1_00009,full,5,id_1/img_2bf732c1.tif,0.865,0.0,0.0,nan,0.0,0.0,0.928161,1.0,0,0,1205262,15571954,1205262,0,16777216,0.071839,nan,0.0,ok
orgsegnet,nucleus,sbiad2822_nuclei,NucleiNet,id1_00010,full,5,id_1/img_2bf732c1.tif,0.671,0.0,0.0,nan,0.0,0.0,0.819433,1.0,0,0,3029415,13747801,3029415,0,16777216,0.180567,nan,0.0,ok
orgsegnet,nucleus,sbiad2822_nuclei,NucleiNet,id1_00011,full,5,id_1/img_2bf732c1.tif,0.782,0.0,0.0,nan,0.0,0.0,0.87772,1.0,0,0,2051526,14725690,2051526,0,16777216,0.12228,nan,0.0,ok
orgsegnet,nucleus,sbiad2822_nuclei,NucleiNet,id1_00012,full,5,id_1/img_2bf732c1.tif,0.605,0.0,0.0,nan,0.0,0.0,0.913691,1.0,0,0,1448030,15329186,1448030,0,16777216,0.086309,nan,0.0,ok
orgsegnet,nucleus,sbiad2822_nuclei,NucleiNet,id1_00013,full,5,id_1/img_2bf732c1.tif,0.851,0.0,0.0,nan,0.0,0.0,0.912068,1.0,0,0,1475261,15301955,1475261,0,16777216,0.087932,nan,0.0,ok
orgsegnet,nucleus,sbiad2822_nuclei,NucleiNet,id1_00014,full,5,id_1/img_2bf732c1.tif,0.722,0.0,0.0,nan,0.0,0.0,0.893339,1.0,0,0,1789473,14987743,1789473,0,16777216,0.106661,nan,0.0,ok
orgsegnet,nucleus,sbiad2822_nuclei,NucleiNet,id1_00015,full,5,id_1/img_2bf732c1.tif,1.093,0.0,0.0,nan,0.0,0.0,0.837665,1.0,0,0,2723527,14053689,2723527,0,16777216,0.162335,nan,0.0,ok
orgsegnet,nucleus,sbiad2822_nuclei,NucleiNet,id1_00016,full,5,id_1/img_2bf732c1.tif,0.845,0.0,0.0,nan,0.0,0.0,0.844258,1.0,0,0,2612922,14164294,2612922,0,16777216,0.155742,nan,0.0,ok
orgsegnet,nucleus,sbiad2822_nuclei,NucleiNet,id1_00017,full,5,id_1/img_2bf732c1.tif,0.822,0.0,0.0,nan,0.0,0.0,0.853531,1.0,0,0,2457341,14319875,2457341,0,16777216,0.146469,nan,0.0,ok
orgsegnet,nucleus,sbiad2822_nuclei,NucleiNet,id1_00018,full,5,id_1/img_2bf732c1.tif,0.678,0.069176,0.035827,1.0,0.035827,0.069176,0.947693,1.0,32609,0,877569,15867038,910178,32609,16777216,0.054251,nan,0.0,ok
orgsegnet,nucleus,sbiad2822_nuclei,NucleiNet,id1_00019,full,5,id_1/img_2bf732c1.tif,0.713,0.0,0.0,nan,0.0,0.0,0.848597,1.0,0,0,2540125,14237091,2540125,0,16777216,0.151403,nan,0.0,ok
orgsegnet,nucleus,sbiad2822_nuclei,NucleiNet,id1_00020,full,5,id_1/img_2bf732c1.tif,0.912,0.0,0.0,nan,0.0,0.0,0.976456,1.0,0,0,395006,16382210,395006,0,16777216,0.023544,nan,0.0,ok
orgsegnet,nucleus,sbiad2822_nuclei,NucleiNet,id1_00021,full,5,id_1/img_2bf732c1.tif,0.6,0.0,0.0,nan,0.0,0.0,0.891836,1.0,0,0,1814689,14962527,1814689,0,16777216,0.108164,nan,0.0,ok
orgsegnet,nucleus,sbiad2822_nuclei,NucleiNet,id1_00022,full,5,id_1/img_2bf732c1.tif,0.7,0.0,0.0,0.0,0.0,0.0,0.843986,0.999999,0,14,2617473,14159729,2617473,14,16777216,0.156014,nan,0.0,ok
orgsegnet,nucleus,sbiad2822_nuclei,NucleiNet,id1_00023,full,5,id_1/img_2bf732c1.tif,0.692,0.0,0.0,0.0,0.0,0.0,0.88803,0.998365,0,24403,1854146,14898667,1854146,24403,16777216,0.110516,nan,0.0,ok
orgsegnet,nucleus,sbiad2822_nuclei,NucleiNet,id1_00024,full,5,id_1/img_2bf732c1.tif,0.821,0.0,0.0,nan,0.0,0.0,0.76475,1.0,0,0,3946834,12830382,3946834,0,16777216,0.23525,nan,0.0,ok
orgsegnet,nucleus,sbiad2822_nuclei,NucleiNet,id1_00025,full,5,id_1/img_2bf732c1.tif,0.851,0.0,0.0,nan,0.0,0.0,0.811785,1.0,0,0,3157729,13619487,3157729,0,16777216,0.188215,nan,0.0,ok
orgsegnet,nucleus,sbiad2822_nuclei,NucleiNet,id2_00026,full,5,id_2/img_97dde2ee.tiff,0.704,0.343714,0.207521,0.862325,0.214632,0.343714,0.857991,0.992819,623893,99608,2282914,13770801,2906807,723501,16777216,0.173259,nan,0.083595,ok
orgsegnet,nucleus,sbiad2822_nuclei,NucleiNet,id2_00027,full,5,id_2/img_97dde2ee.tiff,0.75,0.0,0.0,0.0,0.0,0.0,0.724051,0.962656,0,471235,4158417,12147564,4158417,471235,16777216,0.247861,nan,0.0,ok
orgsegnet,nucleus,sbiad2822_nuclei,NucleiNet,id2_00028,full,5,id_2/img_97dde2ee.tiff,0.789,0.0,0.0,0.0,0.0,0.0,0.695922,0.999308,0,8081,5093509,11675626,5093509,8081,16777216,0.303597,nan,0.0,ok
orgsegnet,nucleus,sbiad2822_nuclei,NucleiNet,id2_00029,full,5,id_2/img_97dde2ee.tiff,0.715,0.0,0.0,0.0,0.0,0.0,0.747991,0.999998,0,26,4227984,12549206,4227984,26,16777216,0.252007,nan,0.0,ok
orgsegnet,nucleus,sbiad2822_nuclei,NucleiNet,id2_00030,full,5,id_2/img_97dde2ee.tiff,0.96,0.0,0.0,0.0,0.0,0.0,0.718636,0.997128,0,34721,4685783,12056712,4685783,34721,16777216,0.279294,nan,0.0,ok
orgsegnet,nucleus,sbiad2822_nuclei,NucleiNet,id2_00031,full,5,id_2/img_97dde2ee.tiff,0.795,0.0,0.0,nan,0.0,0.0,0.867127,1.0,0,0,2229234,14547982,2229234,0,16777216,0.132873,nan,0.0,ok
orgsegnet,nucleus,sbiad2822_nuclei,NucleiNet,id2_00032,full,5,id_2/img_97dde2ee.tiff,1.298,0.0,0.0,0.0,0.0,0.0,0.730497,0.999732,0,3286,4518224,12255706,4518224,3286,16777216,0.269307,nan,0.0,ok
orgsegnet,nucleus,sbiad2822_nuclei,NucleiNet,id2_00033,full,5,id_2/img_97dde2ee.tiff,1.13,0.0,0.0,nan,0.0,0.0,0.749039,1.0,0,0,4210419,12566797,4210419,0,16777216,0.250961,nan,0.0,ok
orgsegnet,nucleus,sbiad2822_nuclei,NucleiNet,id2_00034,full,5,id_2/img_97dde2ee.tiff,0.706,0.024613,0.01246,0.997698,0.01246,0.024613,0.682679,0.999986,67169,155,5323601,11386291,5390770,67324,16777216,0.321315,nan,0.022685,ok
orgsegnet,nucleus,sbiad2822_nuclei,NucleiNet,id2_00035,full,5,id_2/img_97dde2ee.tiff,1.2,0.0,0.0,nan,0.0,0.0,0.754774,1.0,0,0,4114205,12663011,4114205,0,16777216,0.245226,nan,0.0,ok
orgsegnet,nucleus,sbiad2822_nuclei,NucleiNet,id2_00036,full,5,id_2/img_97dde2ee.tiff,0.653,0.0,0.0,0.0,0.0,0.0,0.845041,0.979769,0,292745,2307034,14177437,2307034,292745,16777216,0.13751,nan,0.0,ok
orgsegnet,nucleus,sbiad2822_nuclei,NucleiNet,id2_00037,full,5,id_2/img_97dde2ee.tiff,0.902,0.199097,0.110554,1.0,0.110554,0.199097,0.813137,1.0,389670,0,3135035,13252511,3524705,389670,16777216,0.210089,nan,0.059336,ok
orgsegnet,nucleus,sbiad2822_nuclei,NucleiNet,id2_00038,full,5,id_2/img_97dde2ee.tiff,0.651,0.0,0.0,nan,0.0,0.0,0.770639,1.0,0,0,3848035,12929181,3848035,0,16777216,0.229361,nan,0.0,ok
orgsegnet,nucleus,sbiad2822_nuclei,NucleiNet,id2_00039,full,5,id_2/img_97dde2ee.tiff,0.693,0.06379,0.032946,0.195247,0.038123,0.06379,0.830915,0.972031,96644,398340,2438443,13843789,2535087,494984,16777216,0.151103,nan,0.063835,ok
orgsegnet,nucleus,sbiad2822_nuclei,NucleiNet,id2_00040,full,5,id_2/img_97dde2ee.tiff,0.677,0.007898,0.003965,1.0,0.003965,0.007898,0.59601,1.0,26979,0,6777833,9972404,6804812,26979,16777216,0.405598,nan,0.0,ok
orgsegnet,nucleus,sbiad2822_nuclei,NucleiNet,id2_00041,full,5,id_2/img_97dde2ee.tiff,0.676,0.0,0.0,0.0,0.0,0.0,0.67994,0.99973,0,3082,5366635,11407499,5366635,3082,16777216,0.319876,nan,0.0,ok
orgsegnet,nucleus,sbiad2822_nuclei,NucleiNet,id2_00042,full,5,id_2/img_97dde2ee.tiff,0.71,0.047919,0.024548,0.773503,0.024726,0.047919,0.752319,0.99756,104573,30621,4124770,12517252,4229343,135194,16777216,0.252088,nan,0.044748,ok
orgsegnet,nucleus,sbiad2822_nuclei,NucleiNet,id2_00043,full,5,id_2/img_97dde2ee.tiff,0.679,0.064303,0.03322,1.0,0.03322,0.064303,0.719573,1.0,161661,0,4704787,11910768,4866448,161661,16777216,0.290063,nan,0.003191,ok
orgsegnet,nucleus,sbiad2822_nuclei,NucleiNet,id2_00044,full,5,id_2/img_97dde2ee.tiff,0.694,0.0,0.0,nan,0.0,0.0,0.655791,1.0,0,0,5774872,11002344,5774872,0,16777216,0.344209,nan,0.0,ok
orgsegnet,nucleus,sbiad2822_nuclei,NucleiNet,id2_00045,full,5,id_2/img_97dde2ee.tiff,0.615,0.0,0.0,nan,0.0,0.0,0.760992,1.0,0,0,4009892,12767324,4009892,0,16777216,0.239008,nan,0.0,ok
orgsegnet,nucleus,sbiad2822_nuclei,NucleiNet,id2_00046,full,5,id_2/img_97dde2ee.tiff,0.654,0.0,0.0,nan,0.0,0.0,0.809501,1.0,0,0,3196036,13581180,3196036,0,16777216,0.190499,nan,0.0,ok
orgsegnet,nucleus,sbiad2822_nuclei,NucleiNet,id2_00047,full,5,id_2/img_97dde2ee.tiff,0.768,0.0,0.0,0.0,0.0,0.0,0.829583,0.997588,0,33650,2825465,13918101,2825465,33650,16777216,0.168411,nan,0.0,ok
orgsegnet,nucleus,sbiad2822_nuclei,NucleiNet,id3_00048,full,5,id_3/img_626dde70.tif,0.789,0.076175,0.039596,0.604565,0.040648,0.076175,0.831019,0.994501,116883,76451,2758574,13825308,2875457,193334,16777216,0.171391,nan,0.030838,ok
orgsegnet,nucleus,sbiad2822_nuclei,NucleiNet,id3_00049,full,5,id_3/img_626dde70.tif,0.741,0.0,0.0,0.0,0.0,0.0,0.79756,0.99473,0,70894,3325479,13380843,3325479,70894,16777216,0.198214,nan,0.0,ok
orgsegnet,nucleus,sbiad2822_nuclei,NucleiNet,id3_00050,full,5,id_3/img_626dde70.tif,0.7,0.0,0.0,0.0,0.0,0.0,0.879195,0.997702,0,33970,1992806,14750440,1992806,33970,16777216,0.11878,nan,0.0,ok
orgsegnet,nucleus,sbiad2822_nuclei,NucleiNet,id3_00051,full,5,id_3/img_626dde70.tif,0.79,0.0,0.0,0.0,0.0,0.0,0.88543,0.999941,0,876,1921294,14855046,1921294,876,16777216,0.114518,nan,0.0,ok
orgsegnet,nucleus,sbiad2822_nuclei,NucleiNet,id3_00052,full,5,id_3/img_626dde70.tif,0.976,0.0099,0.004975,0.024775,0.006186,0.0099,0.813058,0.956664,15680,617211,2519163,13625162,2534843,632891,16777216,0.151088,nan,0.010777,ok
orgsegnet,nucleus,sbiad2822_nuclei,NucleiNet,id3_00053,full,5,id_3/img_626dde70.tif,0.728,0.0,0.0,nan,0.0,0.0,0.876763,1.0,0,0,2067580,14709636,2067580,0,16777216,0.123237,nan,0.0,ok
orgsegnet,nucleus,sbiad2822_nuclei,NucleiNet,id3_00054,full,5,id_3/img_626dde70.tif,0.766,0.0,0.0,nan,0.0,0.0,0.758547,1.0,0,0,4050916,12726300,4050916,0,16777216,0.241453,nan,0.0,ok
orgsegnet,nucleus,sbiad2822_nuclei,NucleiNet,id3_00055,full,5,id_3/img_626dde70.tif,0.738,0.0,0.0,nan,0.0,0.0,0.919754,1.0,0,0,1346305,15430911,1346305,0,16777216,0.080246,nan,0.0,ok
orgsegnet,nucleus,sbiad2822_nuclei,NucleiNet,id3_00056,full,5,id_3/img_626dde70.tif,0.684,0.211132,0.118026,0.949586,0.11877,0.211132,0.852962,0.998748,330118,17526,2449358,13980214,2779476,347644,16777216,0.16567,nan,0.01486,ok
orgsegnet,nucleus,sbiad2822_nuclei,NucleiNet,id3_00057,full,5,id_3/img_626dde70.tif,0.718,0.0,0.0,nan,0.0,0.0,0.925916,1.0,0,0,1242916,15534300,1242916,0,16777216,0.074084,nan,0.0,ok
orgsegnet,nucleus,sbiad2822_nuclei,NucleiNet,id3_00058,full,5,id_3/img_626dde70.tif,0.705,0.043886,0.022436,0.580599,0.022805,0.043886,0.912379,0.998407,33738,24371,1445665,15273442,1479403,58109,16777216,0.088179,nan,0.016722,ok
orgsegnet,nucleus,sbiad2822_nuclei,NucleiNet,id3_00059,full,5,id_3/img_626dde70.tif,0.735,0.168568,0.092042,0.653465,0.096765,0.168568,0.889252,0.993265,188354,99885,1758155,14730822,1946509,288239,16777216,0.116021,nan,0.037648,ok
orgsegnet,nucleus,sbiad2822_nuclei,NucleiNet,id3_00060,full,5,id_3/img_626dde70.tif,0.703,0.0,0.0,nan,0.0,0.0,0.781912,1.0,0,0,3658912,13118304,3658912,0,16777216,0.218088,nan,0.0,ok
orgsegnet,nucleus,sbiad2822_nuclei,NucleiNet,id3_00061,full,5,id_3/img_626dde70.tif,0.73,0.0,0.0,0.0,0.0,0.0,0.903364,0.999074,0,14048,1607230,15155938,1607230,14048,16777216,0.095798,nan,0.0,ok
orgsegnet,nucleus,sbiad2822_nuclei,NucleiNet,id3_00062,full,5,id_3/img_626dde70.tif,0.71,0.0,0.0,0.0,0.0,0.0,0.830619,0.999541,0,6402,2835335,13935479,2835335,6402,16777216,0.168999,nan,0.0,ok
orgsegnet,nucleus,sbiad2822_nuclei,NucleiNet,id3_00063,full,5,id_3/img_626dde70.tif,0.837,0.0,0.0,0.0,0.0,0.0,0.87624,0.984569,0,230402,1845945,14700869,1845945,230402,16777216,0.110027,nan,0.0,ok
orgsegnet,nucleus,sbiad2822_nuclei,NucleiNet,id3_00064,full,5,id_3/img_626dde70.tif,0.814,0.0,0.0,nan,0.0,0.0,0.837726,1.0,0,0,2722510,14054706,2722510,0,16777216,0.162274,nan,0.0,ok
orgsegnet,nucleus,sbiad2822_nuclei,NucleiNet,id3_00065,full,5,id_3/img_626dde70.tif,0.691,0.0,0.0,nan,0.0,0.0,0.884662,1.0,0,0,1935050,14842166,1935050,0,16777216,0.115338,nan,0.0,ok
orgsegnet,nucleus,sbiad2822_nuclei,NucleiNet,id3_00066,full,5,id_3/img_626dde70.tif,1.329,0.0,0.0,0.0,0.0,0.0,0.895379,0.999997,0,50,1755206,15021960,1755206,50,16777216,0.104618,nan,0.0,ok
orgsegnet,nucleus,sbiad2822_nuclei,NucleiNet,id3_00067,full,5,id_3/img_626dde70.tif,0.698,0.0,0.0,nan,0.0,0.0,0.82496,1.0,0,0,2936678,13840538,2936678,0,16777216,0.17504,nan,0.0,ok
orgsegnet,nucleus,sbiad2822_nuclei,NucleiNet,id3_00068,full,5,id_3/img_626dde70.tif,0.678,0.0,0.0,nan,0.0,0.0,0.988676,1.0,0,0,189979,16587237,189979,0,16777216,0.011324,nan,0.0,ok
orgsegnet,nucleus,sbiad2822_nuclei,NucleiNet,id3_00069,full,5,id_3/img_626dde70.tif,0.66,0.0,0.0,nan,0.0,0.0,0.996069,1.0,0,0,65950,16711266,65950,0,16777216,0.003931,nan,0.0,ok
orgsegnet,nucleus,sbiad2822_nuclei,NucleiNet,id4_00070,full,5,id_4/img_57f48663.tif,0.623,0.0,0.0,nan,0.0,0.0,0.873778,1.0,0,0,2117655,14659561,2117655,0,16777216,0.126222,nan,0.0,ok
orgsegnet,nucleus,sbiad2822_nuclei,NucleiNet,id4_00071,full,5,id_4/img_57f48663.tif,0.762,0.0,0.0,0.0,0.0,0.0,0.842403,0.999042,0,13556,2630478,14133182,2630478,13556,16777216,0.156789,nan,0.0,ok
orgsegnet,nucleus,sbiad2822_nuclei,NucleiNet,id4_00072,full,5,id_4/img_57f48663.tif,0.612,0.0,0.0,0.0,0.0,0.0,0.852913,0.998136,0,26728,2440985,14309503,2440985,26728,16777216,0.145494,nan,0.0,ok
orgsegnet,nucleus,sbiad2822_nuclei,NucleiNet,id4_00073,full,5,id_4/img_57f48663.tif,0.755,0.0,0.0,nan,0.0,0.0,0.824118,1.0,0,0,2950810,13826406,2950810,0,16777216,0.175882,nan,0.0,ok
orgsegnet,nucleus,sbiad2822_nuclei,NucleiNet,id4_00074,full,5,id_4/img_57f48663.tif,0.708,0.0,0.0,nan,0.0,0.0,0.711231,1.0,0,0,4844738,11932478,4844738,0,16777216,0.288769,nan,0.0,ok
orgsegnet,nucleus,sbiad2822_nuclei,NucleiNet,id4_00075,full,5,id_4/img_57f48663.tif,0.672,0.0,0.0,nan,0.0,0.0,0.783221,1.0,0,0,3636944,13140272,3636944,0,16777216,0.216779,nan,0.0,ok
orgsegnet,nucleus,sbiad2822_nuclei,NucleiNet,id4_00076,full,5,id_4/img_57f48663.tif,0.796,0.0,0.0,nan,0.0,0.0,0.930029,1.0,0,0,1173919,15603297,1173919,0,16777216,0.069971,nan,0.0,ok
orgsegnet,nucleus,sbiad2822_nuclei,NucleiNet,id4_00077,full,5,id_4/img_57f48663.tif,0.647,0.411603,0.259131,1.0,0.259131,0.411603,0.88655,1.0,665734,0,1903369,14208113,2569103,665734,16777216,0.15313,nan,0.013898,ok
orgsegnet,nucleus,sbiad2822_nuclei,NucleiNet,id4_00078,full,5,id_4/img_57f48663.tif,0.69,0.0,0.0,nan,0.0,0.0,0.809926,1.0,0,0,3188909,13588307,3188909,0,16777216,0.190074,nan,0.0,ok
orgsegnet,nucleus,sbiad2822_nuclei,NucleiNet,id4_00079,full,5,id_4/img_57f48663.tif,0.801,0.0,0.0,nan,0.0,0.0,0.703369,1.0,0,0,4976649,11800567,4976649,0,16777216,0.296631,nan,0.0,ok
orgsegnet,nucleus,sbiad2822_nuclei,NucleiNet,id4_00080,full,5,id_4/img_57f48663.tif,0.822,0.0,0.0,nan,0.0,0.0,0.903216,1.0,0,0,1623773,15153443,1623773,0,16777216,0.096784,nan,0.0,ok
orgsegnet,nucleus,sbiad2822_nuclei,NucleiNet,id4_00081,full,5,id_4/img_57f48663.tif,0.633,0.0,0.0,nan,0.0,0.0,0.737949,1.0,0,0,4396484,12380732,4396484,0,16777216,0.262051,nan,0.0,ok
orgsegnet,nucleus,sbiad2822_nuclei,NucleiNet,id4_00082,full,5,id_4/img_57f48663.tif,0.786,0.0,0.0,0.0,0.0,0.0,0.769105,0.999166,0,10770,3862998,12903448,3862998,10770,16777216,0.230253,nan,0.0,ok
orgsegnet,nucleus,sbiad2822_nuclei,NucleiNet,id4_00083,full,5,id_4/img_57f48663.tif,0.682,0.0,0.0,nan,0.0,0.0,0.750137,1.0,0,0,4192000,12585216,4192000,0,16777216,0.249863,nan,0.0,ok
orgsegnet,nucleus,sbiad2822_nuclei,NucleiNet,id4_00084,full,5,id_4/img_57f48663.tif,0.937,0.0,0.0,0.0,0.0,0.0,0.891104,0.998279,0,25778,1801198,14950240,1801198,25778,16777216,0.10736,nan,0.0,ok
orgsegnet,nucleus,sbiad2822_nuclei,NucleiNet,id4_00085,full,5,id_4/img_57f48663.tif,0.707,0.003481,0.001743,1.0,0.001743,0.003481,0.715791,1.0,8327,0,4768236,12000653,4776563,8327,16777216,0.284705,nan,0.0,ok
orgsegnet,nucleus,sbiad2822_nuclei,NucleiNet,id5_00086,full,5,id_5/img_22668234.tiff,0.859,0.026529,0.013443,0.65343,0.013539,0.026529,0.787947,0.998052,48476,25711,3531952,13171077,3580428,74187,16777216,0.21341,nan,0.053541,ok
orgsegnet,nucleus,sbiad2822_nuclei,NucleiNet,id5_00087,full,5,id_5/img_22668234.tiff,0.77,0.016045,0.008087,0.060466,0.009249,0.016045,0.736172,0.956449,36088,560747,3865544,12314837,3901632,596835,16777216,0.232555,nan,0.004466,ok
orgsegnet,nucleus,sbiad2822_nuclei,NucleiNet,id5_00088,full,5,id_5/img_22668234.tiff,0.67,0.038537,0.019647,0.995105,0.019649,0.038537,0.662043,0.999949,113630,559,5669421,10993606,5783051,114189,16777216,0.344697,nan,0.0,ok
orgsegnet,nucleus,sbiad2822_nuclei,NucleiNet,id5_00089,full,5,id_5/img_22668234.tiff,0.755,0.0,0.0,0.0,0.0,0.0,0.734899,0.99557,0,54858,4392805,12329553,4392805,54858,16777216,0.261832,nan,0.0,ok
orgsegnet,nucleus,sbiad2822_nuclei,NucleiNet,id5_00090,full,5,id_5/img_22668234.tiff,0.642,0.013499,0.006795,0.804388,0.006807,0.013499,0.683171,0.999227,36368,8844,5306668,11425336,5343036,45212,16777216,0.31847,nan,0.023294,ok
orgsegnet,nucleus,sbiad2822_nuclei,NucleiNet,id5_00091,full,5,id_5/img_22668234.tiff,0.872,0.380861,0.235224,0.934441,0.239172,0.380861,0.792459,0.993891,1070959,75137,3406827,12224293,4477786,1146096,16777216,0.266897,nan,0.107752,ok
orgsegnet,nucleus,sbiad2822_nuclei,NucleiNet,id5_00092,full,5,id_5/img_22668234.tiff,0.663,0.065244,0.033722,0.655509,0.03433,0.065244,0.69419,0.991861,179053,94098,5036539,11467526,5215592,273151,16777216,0.310874,nan,0.016178,ok
orgsegnet,nucleus,sbiad2822_nuclei,NucleiNet,id5_00093,full,5,id_5/img_22668234.tiff,0.806,0.653256,0.485064,0.994921,0.486268,0.653256,0.842274,0.998908,2492686,12725,2633472,11638333,5126158,2505411,16777216,0.305543,nan,0.101445,ok
orgsegnet,nucleus,sbiad2822_nuclei,NucleiNet,id5_00094,full,5,id_5/img_22668234.tiff,0.931,0.012707,0.006394,0.641101,0.006417,0.012707,0.716024,0.99857,30660,17164,4747157,11982235,4777817,47824,16777216,0.28478,nan,0.0,ok
orgsegnet,nucleus,sbiad2822_nuclei,NucleiNet,id5_00095,full,5,id_5/img_22668234.tiff,0.659,0.486429,0.321378,0.986795,0.322766,0.486429,0.782944,0.997982,1724568,23077,3618520,11411051,5343088,1747645,16777216,0.318473,nan,0.121039,ok
orgsegnet,nucleus,sbiad2822_nuclei,NucleiNet,id5_00096,full,5,id_5/img_22668234.tiff,0.845,0.069635,0.036073,0.468087,0.037615,0.069635,0.726611,0.98403,171650,195055,4391657,12018854,4563307,366705,16777216,0.271994,nan,0.030786,ok
orgsegnet,nucleus,sbiad2822_nuclei,NucleiNet,id5_00097,full,5,id_5/img_22668234.tiff,0.936,0.0,0.0,nan,0.0,0.0,0.827975,1.0,0,0,2886107,13891109,2886107,0,16777216,0.172025,nan,0.0,ok
orgsegnet,nucleus,sbiad2822_nuclei,NucleiNet,id5_00098,full,5,id_5/img_22668234.tiff,0.648,0.216733,0.121537,1.0,0.121537,0.216733,0.721534,1.0,646363,0,4671888,11458965,5318251,646363,16777216,0.316992,nan,0.042496,ok
orgsegnet,nucleus,sbiad2822_nuclei,NucleiNet,id5_00099,full,5,id_5/img_22668234.tiff,0.674,0.14365,0.077383,0.974873,0.077538,0.14365,0.762937,0.999311,333585,8598,3968655,12466378,4302240,342183,16777216,0.256433,nan,0.030889,ok
orgsegnet,nucleus,sbiad2822_nuclei,NucleiNet,id5_00100,full,5,id_5/img_22668234.tiff,0.844,0.546004,0.37552,0.993838,0.376396,0.546004,0.927241,0.999693,734047,4551,1216150,14822468,1950197,738598,16777216,0.116241,nan,0.036099,ok
orgsegnet,nucleus,sbiad2822_nuclei,NucleiNet,id5_00101,full,5,id_5/img_22668234.tiff,0.638,0.300625,0.176903,0.996205,0.177023,0.300625,0.776054,0.999748,807511,3076,3754113,12212516,4561624,810587,16777216,0.271894,nan,0.052543,ok
orgsegnet,nucleus,sbiad2822_nuclei,NucleiNet,id5_00102,full,5,id_5/img_22668234.tiff,0.743,0.0,0.0,0.0,0.0,0.0,0.763833,0.977698,0,292313,3669914,12814989,3669914,292313,16777216,0.218744,nan,0.0,ok
orgsegnet,nucleus,sbiad2822_nuclei,NucleiNet,id5_00103,full,5,id_5/img_22668234.tiff,0.843,0.0,0.0,nan,0.0,0.0,0.664627,1.0,0,0,5626627,11150589,5626627,0,16777216,0.335373,nan,0.0,ok
orgsegnet,nucleus,sbiad2822_nuclei,NucleiNet,id5_00104,full,5,id_5/img_22668234.tiff,0.939,0.372701,0.229031,0.612423,0.267855,0.372701,0.825842,0.95942,868000,549320,2372565,12987331,3240565,1417320,16777216,0.193153,nan,0.04922,ok
orgsegnet,nucleus,sbiad2822_nuclei,NucleiNet,id5_00105,full,5,id_5/img_22668234.tiff,0.803,0.156795,0.085067,0.995174,0.085102,0.156795,0.857763,0.999924,221872,1076,2385262,14169006,2607134,222948,16777216,0.155397,nan,0.011423,ok
orgsegnet,nucleus,sbiad2822_nuclei,NucleiNet,id6_00106,full,10,id_6/img_c69fbe8a.tif,0.692,0.0,0.0,nan,0.0,0.0,0.898685,1.0,0,0,1699789,15077427,1699789,0,16777216,0.101315,nan,0.0,ok
orgsegnet,nucleus,sbiad2822_nuclei,NucleiNet,id6_00107,full,10,id_6/img_c69fbe8a.tif,0.654,0.0,0.0,nan,0.0,0.0,0.867279,1.0,0,0,2226688,14550528,2226688,0,16777216,0.132721,nan,0.0,ok
orgsegnet,nucleus,sbiad2822_nuclei,NucleiNet,id6_00108,full,10,id_6/img_c69fbe8a.tif,0.688,0.0,0.0,nan,0.0,0.0,0.879427,1.0,0,0,2022875,14754341,2022875,0,16777216,0.120573,nan,0.0,ok
orgsegnet,nucleus,sbiad2822_nuclei,NucleiNet,id6_00109,full,10,id_6/img_c69fbe8a.tif,0.686,0.0,0.0,nan,0.0,0.0,0.931244,1.0,0,0,1153527,15623689,1153527,0,16777216,0.068756,nan,0.0,ok
orgsegnet,nucleus,sbiad2822_nuclei,NucleiNet,id6_00110,full,10,id_6/img_c69fbe8a.tif,0.803,0.072747,0.037747,1.0,0.037747,0.072747,0.942637,1.0,37752,0,962390,15777074,1000142,37752,16777216,0.059613,nan,0.0,ok
orgsegnet,nucleus,sbiad2822_nuclei,NucleiNet,id6_00111,full,10,id_6/img_c69fbe8a.tif,0.664,0.0,0.0,nan,0.0,0.0,0.918031,1.0,0,0,1375214,15402002,1375214,0,16777216,0.081969,nan,0.0,ok
orgsegnet,nucleus,sbiad2822_nuclei,NucleiNet,id6_00112,full,10,id_6/img_c69fbe8a.tif,0.706,0.0,0.0,nan,0.0,0.0,0.88751,1.0,0,0,1887276,14889940,1887276,0,16777216,0.11249,nan,0.0,ok
orgsegnet,nucleus,sbiad2822_nuclei,NucleiNet,id6_00113,full,10,id_6/img_c69fbe8a.tif,0.635,0.0,0.0,nan,0.0,0.0,0.887498,1.0,0,0,1887462,14889754,1887462,0,16777216,0.112502,nan,0.0,ok
orgsegnet,nucleus,sbiad2822_nuclei,NucleiNet,id6_00114,full,10,id_6/img_c69fbe8a.tif,0.69,0.0,0.0,nan,0.0,0.0,0.889873,1.0,0,0,1847617,14929599,1847617,0,16777216,0.110127,nan,0.0,ok
orgsegnet,nucleus,sbiad2822_nuclei,NucleiNet,id6_00115,full,10,id_6/img_c69fbe8a.tif,0.938,0.0,0.0,nan,0.0,0.0,0.943912,1.0,0,0,940995,15836221,940995,0,16777216,0.056088,nan,0.0,ok
orgsegnet,nucleus,sbiad2822_nuclei,NucleiNet,id6_00116,full,10,id_6/img_c69fbe8a.tif,0.78,0.0,0.0,nan,0.0,0.0,0.971025,1.0,0,0,486124,16291092,486124,0,16777216,0.028975,nan,0.0,ok
orgsegnet,nucleus,sbiad2822_nuclei,NucleiNet,id6_00117,full,10,id_6/img_c69fbe8a.tif,1.384,0.0,0.0,nan,0.0,0.0,0.90181,1.0,0,0,1647361,15129855,1647361,0,16777216,0.09819,nan,0.0,ok
orgsegnet,nucleus,sbiad2822_nuclei,NucleiNet,id6_00118,full,10,id_6/img_c69fbe8a.tif,0.737,0.0,0.0,nan,0.0,0.0,0.932854,1.0,0,0,1126522,15650694,1126522,0,16777216,0.067146,nan,0.0,ok
orgsegnet,nucleus,sbiad2822_nuclei,NucleiNet,id6_00119,full,10,id_6/img_c69fbe8a.tif,0.694,0.0,0.0,nan,0.0,0.0,0.815131,1.0,0,0,3101584,13675632,3101584,0,16777216,0.184869,nan,0.0,ok
orgsegnet,nucleus,sbiad2822_nuclei,NucleiNet,id6_00120,full,10,id_6/img_c69fbe8a.tif,0.764,0.0,0.0,nan,0.0,0.0,0.902803,1.0,0,0,1630693,15146523,1630693,0,16777216,0.097197,nan,0.0,ok
orgsegnet,nucleus,sbiad2822_nuclei,NucleiNet,id6_00121,full,10,id_6/img_c69fbe8a.tif,0.691,0.0,0.0,nan,0.0,0.0,0.953907,1.0,0,0,773310,16003906,773310,0,16777216,0.046093,nan,0.0,ok
orgsegnet,nucleus,sbiad2822_nuclei,NucleiNet,id6_00122,full,10,id_6/img_c69fbe8a.tif,0.735,0.0,0.0,nan,0.0,0.0,0.885873,1.0,0,0,1914735,14862481,1914735,0,16777216,0.114127,nan,0.0,ok
orgsegnet,nucleus,sbiad2822_nuclei,NucleiNet,id6_00123,full,10,id_6/img_c69fbe8a.tif,0.616,0.0,0.0,nan,0.0,0.0,0.946624,1.0,0,0,895507,15881709,895507,0,16777216,0.053376,nan,0.0,ok
orgsegnet,nucleus,sbiad2822_nuclei,NucleiNet,id6_00124,full,10,id_6/img_c69fbe8a.tif,0.684,0.0,0.0,nan,0.0,0.0,0.869834,1.0,0,0,2183817,14593399,2183817,0,16777216,0.130166,nan,0.0,ok
orgsegnet,nucleus,sbiad2822_nuclei,NucleiNet,id6_00125,full,10,id_6/img_c69fbe8a.tif,0.702,0.0,0.0,nan,0.0,0.0,0.899291,1.0,0,0,1689611,15087605,1689611,0,16777216,0.100709,nan,0.0,ok
orgsegnet,nucleus,sbiad2822_nuclei,NucleiNet,id7_00126,full,10,id_7/img_4ff7ad90.tif,0.674,0.0,0.0,nan,0.0,0.0,0.881963,1.0,0,0,1980340,14796876,1980340,0,16777216,0.118037,nan,0.0,ok
orgsegnet,nucleus,sbiad2822_nuclei,NucleiNet,id7_00127,full,10,id_7/img_4ff7ad90.tif,0.873,0.0,0.0,nan,0.0,0.0,0.943334,1.0,0,0,950701,15826515,950701,0,16777216,0.056666,nan,0.0,ok
orgsegnet,nucleus,sbiad2822_nuclei,NucleiNet,id7_00128,full,10,id_7/img_4ff7ad90.tif,0.693,0.0,0.0,nan,0.0,0.0,0.935585,1.0,0,0,1080697,15696519,1080697,0,16777216,0.064415,nan,0.0,ok
orgsegnet,nucleus,sbiad2822_nuclei,NucleiNet,id7_00129,full,10,id_7/img_4ff7ad90.tif,0.862,0.0,0.0,nan,0.0,0.0,0.909297,1.0,0,0,1521747,15255469,1521747,0,16777216,0.090703,nan,0.0,ok
orgsegnet,nucleus,sbiad2822_nuclei,NucleiNet,id7_00130,full,10,id_7/img_4ff7ad90.tif,0.673,0.0,0.0,nan,0.0,0.0,0.907409,1.0,0,0,1553421,15223795,1553421,0,16777216,0.092591,nan,0.0,ok
orgsegnet,nucleus,sbiad2822_nuclei,NucleiNet,id7_00131,full,10,id_7/img_4ff7ad90.tif,0.718,0.0,0.0,nan,0.0,0.0,0.87047,1.0,0,0,2173147,14604069,2173147,0,16777216,0.12953,nan,0.0,ok
orgsegnet,nucleus,sbiad2822_nuclei,NucleiNet,id7_00132,full,10,id_7/img_4ff7ad90.tif,0.693,0.0,0.0,nan,0.0,0.0,0.875949,1.0,0,0,2081232,14695984,2081232,0,16777216,0.124051,nan,0.0,ok
orgsegnet,nucleus,sbiad2822_nuclei,NucleiNet,id7_00133,full,10,id_7/img_4ff7ad90.tif,0.898,0.0,0.0,nan,0.0,0.0,0.904631,1.0,0,0,1600019,15177197,1600019,0,16777216,0.095369,nan,0.0,ok
orgsegnet,nucleus,sbiad2822_nuclei,NucleiNet,id7_00134,full,10,id_7/img_4ff7ad90.tif,0.671,0.0,0.0,nan,0.0,0.0,0.902609,1.0,0,0,1633958,15143258,1633958,0,16777216,0.097391,nan,0.0,ok
orgsegnet,nucleus,sbiad2822_nuclei,NucleiNet,id8_00135,full,10,id_8/img_ee855e08.tif,1.162,0.0,0.0,nan,0.0,0.0,0.891197,1.0,0,0,1825412,14951804,1825412,0,16777216,0.108803,nan,0.0,ok
orgsegnet,nucleus,sbiad2822_nuclei,NucleiNet,id8_00136,full,10,id_8/img_ee855e08.tif,0.592,0.002251,0.001127,1.0,0.001127,0.002251,0.878268,1.0,2304,0,2042316,14732596,2044620,2304,16777216,0.121869,nan,0.0,ok
orgsegnet,nucleus,sbiad2822_nuclei,NucleiNet,id8_00137,full,10,id_8/img_ee855e08.tif,0.902,0.006666,0.003344,0.054634,0.00355,0.006666,0.903405,0.993828,5438,94097,1526490,15151191,1531928,99535,16777216,0.09131,nan,0.0,ok
orgsegnet,nucleus,sbiad2822_nuclei,NucleiNet,id8_00138,full,10,id_8/img_ee855e08.tif,0.67,0.0,0.0,nan,0.0,0.0,0.849665,1.0,0,0,2522211,14255005,2522211,0,16777216,0.150335,nan,0.0,ok
orgsegnet,nucleus,sbiad2822_nuclei,NucleiNet,id8_00139,full,10,id_8/img_ee855e08.tif,0.837,0.0,0.0,nan,0.0,0.0,0.840575,1.0,0,0,2674701,14102515,2674701,0,16777216,0.159425,nan,0.0,ok
orgsegnet,nucleus,sbiad2822_nuclei,NucleiNet,id8_00140,full,10,id_8/img_ee855e08.tif,0.609,0.004175,0.002092,0.027909,0.002256,0.004175,0.87674,0.989836,4335,150994,1916963,14704924,1921298,155329,16777216,0.114518,nan,0.0,ok
orgsegnet,nucleus,sbiad2822_nuclei,NucleiNet,id8_00141,full,10,id_8/img_ee855e08.tif,0.63,0.0,0.0,nan,0.0,0.0,0.876518,1.0,0,0,2071691,14705525,2071691,0,16777216,0.123482,nan,0.0,ok
orgsegnet,nucleus,sbiad2822_nuclei,NucleiNet,id8_00142,full,10,id_8/img_ee855e08.tif,0.806,0.0,0.0,nan,0.0,0.0,0.873971,1.0,0,0,2114423,14662793,2114423,0,16777216,0.126029,nan,0.0,ok
orgsegnet,nucleus,sbiad2822_nuclei,NucleiNet,id8_00143,full,10,id_8/img_ee855e08.tif,0.618,0.0,0.0,nan,0.0,0.0,0.866393,1.0,0,0,2241554,14535662,2241554,0,16777216,0.133607,nan,0.0,ok
orgsegnet,nucleus,sbiad2822_nuclei,NucleiNet,id8_00144,full,10,id_8/img_ee855e08.tif,0.69,0.0,0.0,nan,0.0,0.0,0.848904,1.0,0,0,2534975,14242241,2534975,0,16777216,0.151096,nan,0.0,ok
orgsegnet,nucleus,sbiad2822_nuclei,NucleiNet,id8_00145,full,10,id_8/img_ee855e08.tif,0.695,0.0,0.0,nan,0.0,0.0,0.840446,1.0,0,0,2676876,14100340,2676876,0,16777216,0.159554,nan,0.0,ok
orgsegnet,nucleus,sbiad2822_nuclei,NucleiNet,id8_00146,full,10,id_8/img_ee855e08.tif,0.622,0.0,0.0,nan,0.0,0.0,0.834841,1.0,0,0,2770914,14006302,2770914,0,16777216,0.165159,nan,0.0,ok
orgsegnet,nucleus,sbiad2822_nuclei,NucleiNet,id8_00147,full,10,id_8/img_ee855e08.tif,0.804,0.0,0.0,nan,0.0,0.0,0.858082,1.0,0,0,2380997,14396219,2380997,0,16777216,0.141918,nan,0.0,ok
orgsegnet,nucleus,sbiad2822_nuclei,NucleiNet,id8_00148,full,10,id_8/img_ee855e08.tif,0.651,0.0,0.0,nan,0.0,0.0,0.916388,1.0,0,0,1402777,15374439,1402777,0,16777216,0.083612,nan,0.0,ok
orgsegnet,nucleus,sbiad2822_nuclei,NucleiNet,id8_00149,full,10,id_8/img_ee855e08.tif,0.91,0.0,0.0,nan,0.0,0.0,0.871977,1.0,0,0,2147862,14629354,2147862,0,16777216,0.128023,nan,0.0,ok
orgsegnet,nucleus,sbiad2822_nuclei,NucleiNet,id8_00150,full,10,id_8/img_ee855e08.tif,0.623,0.0,0.0,nan,0.0,0.0,0.881381,1.0,0,0,1990089,14787127,1990089,0,16777216,0.118619,nan,0.0,ok
orgsegnet,nucleus,sbiad2822_nuclei,NucleiNet,id8_00151,full,10,id_8/img_ee855e08.tif,0.752,0.067155,0.034744,0.999227,0.034745,0.067155,0.878007,0.999996,73671,57,2046647,14656841,2120318,73728,16777216,0.126381,nan,0.020482,ok
orgsegnet,nucleus,sbiad2822_nuclei,NucleiNet,id8_00152,full,10,id_8/img_ee855e08.tif,0.687,0.46489,0.302838,0.652387,0.361108,0.46489,0.954538,0.988869,331318,176537,586187,15683174,917505,507855,16777216,0.054688,nan,0.145445,ok
orgsegnet,nucleus,sbiad2822_nuclei,NucleiNet,id8_00153,full,10,id_8/img_ee855e08.tif,0.828,0.0,0.0,nan,0.0,0.0,0.903985,1.0,0,0,1610869,15166347,1610869,0,16777216,0.096015,nan,0.0,ok
orgsegnet,nucleus,sbiad2822_nuclei,NucleiNet,id8_00154,full,10,id_8/img_ee855e08.tif,0.8,0.0,0.0,nan,0.0,0.0,0.910303,1.0,0,0,1504860,15272356,1504860,0,16777216,0.089697,nan,0.0,ok
orgsegnet,nucleus,sbiad2822_nuclei,NucleiNet,id9_00155,full,10,id_9/img_387a5d97.tif,0.586,0.019359,0.009774,1.0,0.009774,0.019359,0.885515,1.0,18959,0,1920737,14837520,1939696,18959,16777216,0.115615,nan,0.019992,ok
orgsegnet,nucleus,sbiad2822_nuclei,NucleiNet,id9_00156,full,10,id_9/img_387a5d97.tif,0.702,0.0,0.0,nan,0.0,0.0,0.854451,1.0,0,0,2441899,14335317,2441899,0,16777216,0.145549,nan,0.0,ok
orgsegnet,nucleus,sbiad2822_nuclei,NucleiNet,id9_00157,full,10,id_9/img_387a5d97.tif,0.868,0.0,0.0,nan,0.0,0.0,0.886707,1.0,0,0,1900738,14876478,1900738,0,16777216,0.113293,nan,0.0,ok
orgsegnet,nucleus,sbiad2822_nuclei,NucleiNet,id9_00158,full,10,id_9/img_387a5d97.tif,0.668,0.0,0.0,nan,0.0,0.0,0.886792,1.0,0,0,1899313,14877903,1899313,0,16777216,0.113208,nan,0.0,ok
orgsegnet,nucleus,sbiad2822_nuclei,NucleiNet,id9_00159,full,10,id_9/img_387a5d97.tif,0.867,0.087249,0.045614,0.964689,0.045691,0.087249,0.833191,0.999646,133757,4896,2793697,13844866,2927454,138653,16777216,0.17449,nan,0.011494,ok
orgsegnet,nucleus,sbiad2822_nuclei,NucleiNet,id9_00160,full,10,id_9/img_387a5d97.tif,0.776,0.033379,0.016973,0.998754,0.016973,0.033379,0.858883,0.999996,40878,51,2367496,14368791,2408374,40929,16777216,0.14355,nan,0.006917,ok
orgsegnet,nucleus,sbiad2822_nuclei,NucleiNet,id9_00161,full,10,id_9/img_387a5d97.tif,0.614,0.0,0.0,nan,0.0,0.0,0.908691,1.0,0,0,1531909,15245307,1531909,0,16777216,0.091309,nan,0.0,ok
orgsegnet,nucleus,sbiad2822_nuclei,NucleiNet,id9_00162,full,10,id_9/img_387a5d97.tif,0.806,0.0,0.0,nan,0.0,0.0,0.814853,1.0,0,0,3106259,13670957,3106259,0,16777216,0.185147,nan,0.0,ok
orgsegnet,nucleus,sbiad2822_nuclei,NucleiNet,id9_00163,full,10,id_9/img_387a5d97.tif,0.638,0.0,0.0,nan,0.0,0.0,0.873139,1.0,0,0,2128374,14648842,2128374,0,16777216,0.126861,nan,0.0,ok
orgsegnet,nucleus,segapp_islet_nucleus,IsletSEM,25237R_1_00000,full,5.0,25237R_1 (6ced5b1b-078c-43f2-9851-6ebcc2f69fd5),0.675,0.02071,0.010464,1.0,0.010464,0.02071,0.942911,1.0,10128,0,957802,15809286,967930,10128,16777216,0.057693,nan,0.0,ok
orgsegnet,nucleus,segapp_islet_nucleus,IsletSEM,25237R_1_00001,full,5.0,25237R_1 (6ced5b1b-078c-43f2-9851-6ebcc2f69fd5),0.647,0.442323,0.283963,0.998008,0.284125,0.442323,0.863657,0.999867,907154,1811,2285650,13582601,3192804,908965,16777216,0.190306,nan,0.207428,ok
orgsegnet,nucleus,segapp_islet_nucleus,IsletSEM,25237R_1_00002,full,5.0,25237R_1 (6ced5b1b-078c-43f2-9851-6ebcc2f69fd5),0.661,0.917119,0.846924,0.923516,0.91081,0.917119,0.993757,0.997026,579530,47996,56750,16092940,636280,627526,16777216,0.037925,nan,0.284342,ok
orgsegnet,nucleus,segapp_islet_nucleus,IsletSEM,25237R_1_00003,full,5.0,25237R_1 (6ced5b1b-078c-43f2-9851-6ebcc2f69fd5),0.599,0.781479,0.641334,0.992593,0.644418,0.781479,0.959615,0.999393,1211513,9041,668499,14888163,1880012,1220554,16777216,0.112057,nan,0.229267,ok
orgsegnet,nucleus,segapp_islet_nucleus,IsletSEM,25237R_1_00004,full,5.0,25237R_1 (6ced5b1b-078c-43f2-9851-6ebcc2f69fd5),0.786,0.658832,0.491238,0.854658,0.536016,0.658832,0.89036,0.977566,1776087,302039,1537407,13161683,3313494,2078126,16777216,0.1975,nan,0.408791,ok
orgsegnet,nucleus,segapp_islet_nucleus,IsletSEM,25237R_1_00005,full,5.0,25237R_1 (6ced5b1b-078c-43f2-9851-6ebcc2f69fd5),0.689,0.22596,0.12737,1.0,0.12737,0.22596,0.812908,1.0,458156,0,3138887,13180173,3597043,458156,16777216,0.2144,nan,0.028427,ok
orgsegnet,nucleus,segapp_islet_nucleus,IsletSEM,25237R_1_00006,full,5.0,25237R_1 (6ced5b1b-078c-43f2-9851-6ebcc2f69fd5),0.889,0.566779,0.395458,0.995606,0.39615,0.566779,0.889099,0.999608,1217106,5371,1855233,13699506,3072339,1222477,16777216,0.183126,nan,0.116984,ok
orgsegnet,nucleus,segapp_islet_nucleus,IsletSEM,25237R_1_00007,full,5.0,25237R_1 (6ced5b1b-078c-43f2-9851-6ebcc2f69fd5),1.277,0.0,0.0,nan,0.0,0.0,0.741997,1.0,0,0,4328573,12448643,4328573,0,16777216,0.258003,nan,0.0,ok
orgsegnet,nucleus,segapp_islet_nucleus,IsletSEM,25237R_1_00008,full,5.0,25237R_1 (6ced5b1b-078c-43f2-9851-6ebcc2f69fd5),0.634,0.738392,0.585278,0.993605,0.587491,0.738392,0.959427,0.999592,960642,6183,674518,15135873,1635160,966825,16777216,0.097463,nan,0.236717,ok
orgsegnet,nucleus,segapp_islet_nucleus,IsletSEM,25237R_1_00009,full,5.0,25237R_1 (6ced5b1b-078c-43f2-9851-6ebcc2f69fd5),0.794,0.838633,0.722108,0.957797,0.745839,0.838633,0.972792,0.996559,1186144,52264,404204,15134604,1590348,1238408,16777216,0.094792,nan,0.290624,ok
orgsegnet,nucleus,segapp_islet_nucleus,IsletSEM,25237R_1_00010,full,5.0,25237R_1 (6ced5b1b-078c-43f2-9851-6ebcc2f69fd5),0.643,0.665381,0.498555,0.997569,0.499162,0.665381,0.927918,0.999796,1202360,2930,1206398,14365528,2408758,1205290,16777216,0.143573,nan,0.255934,ok
orgsegnet,nucleus,segapp_islet_nucleus,IsletSEM,25237R_1_00011,full,5.0,25237R_1 (6ced5b1b-078c-43f2-9851-6ebcc2f69fd5),0.669,0.0,0.0,nan,0.0,0.0,0.892432,1.0,0,0,1804699,14972517,1804699,0,16777216,0.107568,nan,0.0,ok
orgsegnet,nucleus,segapp_islet_nucleus,IsletSEM,25237R_1_00012,full,5.0,25237R_1 (6ced5b1b-078c-43f2-9851-6ebcc2f69fd5),0.776,0.0,0.0,nan,0.0,0.0,0.937474,1.0,0,0,1049009,15728207,1049009,0,16777216,0.062526,nan,0.0,ok
orgsegnet,nucleus,segapp_islet_nucleus,IsletSEM,25237R_1_00013,full,5.0,25237R_1 (6ced5b1b-078c-43f2-9851-6ebcc2f69fd5),0.71,0.179208,0.098423,0.994691,0.098475,0.179208,0.900355,0.999935,182502,974,1670788,14922952,1853290,183476,16777216,0.110465,nan,0.197339,ok
orgsegnet,nucleus,segapp_islet_nucleus,IsletSEM,25237R_1_00014,full,5.0,25237R_1 (6ced5b1b-078c-43f2-9851-6ebcc2f69fd5),0.812,0.629137,0.458935,0.982754,0.462661,0.629137,0.879914,0.997708,1708883,29989,1984712,13053632,3693595,1738872,16777216,0.220155,nan,0.173098,ok
orgsegnet,nucleus,segapp_islet_nucleus,IsletSEM,25237R_1_00015,full,5.0,25237R_1 (6ced5b1b-078c-43f2-9851-6ebcc2f69fd5),0.652,0.802624,0.67032,0.982747,0.678302,0.802624,0.887114,0.99391,3850774,67602,1826306,11032534,5677080,3918376,16777216,0.33838,nan,0.365708,ok
orgsegnet,nucleus,segapp_islet_nucleus,IsletSEM,25237R_1_00016,full,5.0,25237R_1 (6ced5b1b-078c-43f2-9851-6ebcc2f69fd5),0.677,0.514926,0.346735,0.965616,0.351069,0.514926,0.898726,0.99774,901828,32113,1666976,14176299,2568804,933941,16777216,0.153113,nan,0.290777,ok
orgsegnet,nucleus,segapp_islet_nucleus,IsletSEM,25237R_1_00017,full,5.0,25237R_1 (6ced5b1b-078c-43f2-9851-6ebcc2f69fd5),0.693,0.0,0.0,nan,0.0,0.0,0.929973,1.0,0,0,1174857,15602359,1174857,0,16777216,0.070027,nan,0.0,ok
orgsegnet,nucleus,segapp_islet_nucleus,IsletSEM,25237R_1_00018,full,5.0,25237R_1 (6ced5b1b-078c-43f2-9851-6ebcc2f69fd5),0.673,0.0,0.0,nan,0.0,0.0,0.902995,1.0,0,0,1627472,15149744,1627472,0,16777216,0.097005,nan,0.0,ok
orgsegnet,nucleus,segapp_islet_nucleus,IsletSEM,25237R_1_00019,full,5.0,25237R_1 (6ced5b1b-078c-43f2-9851-6ebcc2f69fd5),0.929,0.970861,0.943373,0.975625,0.966144,0.970861,0.993707,0.997062,1758876,43943,61636,14912761,1820512,1802819,16777216,0.108511,nan,0.535259,ok
orgsegnet,nucleus,segapp_islet_nucleus,IsletSEM,25237R_1_00020,full,5.0,25237R_1 (6ced5b1b-078c-43f2-9851-6ebcc2f69fd5),0.663,0.009775,0.004912,0.499245,0.004936,0.009775,0.840284,0.999059,13226,13266,2666325,14084399,2679551,26492,16777216,0.159714,nan,0.005686,ok
orgsegnet,nucleus,segapp_islet_nucleus,IsletSEM,25237R_1_00021,full,5.0,25237R_1 (6ced5b1b-078c-43f2-9851-6ebcc2f69fd5),0.813,0.544853,0.374431,0.990775,0.375741,0.544853,0.873513,0.999117,1270176,11827,2110277,13384936,3380453,1282003,16777216,0.201491,nan,0.215782,ok
orgsegnet,nucleus,segapp_islet_nucleus,IsletSEM,25237R_1_00022,full,5.0,25237R_1 (6ced5b1b-078c-43f2-9851-6ebcc2f69fd5),0.647,0.663831,0.496816,0.990171,0.499278,0.663831,0.880489,0.998466,1979681,19652,1985403,12792480,3965084,1999333,16777216,0.236337,nan,0.369367,ok
orgsegnet,nucleus,segapp_islet_nucleus,IsletSEM,25237R_1_00023,full,5.0,25237R_1 (6ced5b1b-078c-43f2-9851-6ebcc2f69fd5),0.638,0.61705,0.446184,0.957915,0.455105,0.61705,0.868501,0.993933,1777418,78089,2128093,12793616,3905511,1855507,16777216,0.232787,nan,0.186321,ok
orgsegnet,nucleus,segapp_islet_nucleus,IsletSEM,25237R_1_00024,full,5.0,25237R_1 (6ced5b1b-078c-43f2-9851-6ebcc2f69fd5),0.831,0.005216,0.002615,1.0,0.002615,0.005216,0.911307,1.0,3901,0,1488014,15285301,1491915,3901,16777216,0.088925,nan,0.0,ok
orgsegnet,nucleus,segapp_islet_nucleus,IsletSEM,25237R_1_00025,full,5.0,25237R_1 (6ced5b1b-078c-43f2-9851-6ebcc2f69fd5),0.625,0.072287,0.037499,1.0,0.037499,0.072287,0.827682,1.0,112634,0,2891019,13773563,3003653,112634,16777216,0.179032,nan,0.055113,ok
orgsegnet,nucleus,segapp_islet_nucleus,IsletSEM,25237R_1_00026,full,5.0,25237R_1 (6ced5b1b-078c-43f2-9851-6ebcc2f69fd5),1.076,0.0,0.0,nan,0.0,0.0,0.867159,1.0,0,0,2228703,14548513,2228703,0,16777216,0.132841,nan,0.0,ok
orgsegnet,nucleus,segapp_islet_nucleus,IsletSEM,25237R_1_00027,full,5.0,25237R_1 (6ced5b1b-078c-43f2-9851-6ebcc2f69fd5),0.639,0.0,0.0,nan,0.0,0.0,0.999239,1.0,0,0,12768,16764448,12768,0,16777216,0.000761,nan,0.0,ok
orgsegnet,nucleus,segapp_islet_nucleus,IsletSEM,25237R_1_00028,full,5.0,25237R_1 (6ced5b1b-078c-43f2-9851-6ebcc2f69fd5),0.728,0.0,0.0,nan,0.0,0.0,0.944531,1.0,0,0,930616,15846600,930616,0,16777216,0.055469,nan,0.0,ok
orgsegnet,nucleus,segapp_islet_nucleus,IsletSEM,25237R_1_00029,full,5.0,25237R_1 (6ced5b1b-078c-43f2-9851-6ebcc2f69fd5),0.685,0.619025,0.448252,0.99602,0.449057,0.619025,0.90841,0.999644,1248390,4988,1531638,13992200,2780028,1253378,16777216,0.165703,nan,0.280443,ok
orgsegnet,nucleus,segapp_islet_nucleus,IsletSEM,25237R_1_00030,full,5.0,25237R_1 (6ced5b1b-078c-43f2-9851-6ebcc2f69fd5),0.884,0.126097,0.067291,0.99914,0.067295,0.126097,0.765846,0.999981,283420,244,3928202,12565350,4211622,283664,16777216,0.251032,nan,0.023957,ok
orgsegnet,nucleus,segapp_islet_nucleus,IsletSEM,25237R_1_00031,full,5.0,25237R_1 (6ced5b1b-078c-43f2-9851-6ebcc2f69fd5),0.625,0.0,0.0,nan,0.0,0.0,0.897064,1.0,0,0,1726978,15050238,1726978,0,16777216,0.102936,nan,0.0,ok
orgsegnet,nucleus,segapp_islet_nucleus,IsletSEM,25237R_1_00032,full,5.0,25237R_1 (6ced5b1b-078c-43f2-9851-6ebcc2f69fd5),0.691,0.853119,0.74386,0.999421,0.744181,0.853119,0.970829,0.999945,1421321,823,488592,14866480,1909913,1422144,16777216,0.11384,nan,0.330738,ok
orgsegnet,nucleus,segapp_islet_nucleus,IsletSEM,25237R_1_00033,full,5.0,25237R_1 (6ced5b1b-078c-43f2-9851-6ebcc2f69fd5),0.891,0.000424,0.000212,1.0,0.000212,0.000424,0.823911,1.0,626,0,2954290,13822300,2954916,626,16777216,0.176127,nan,0.0,ok
orgsegnet,nucleus,segapp_islet_nucleus,IsletSEM,25237R_1_00034,full,5.0,25237R_1 (6ced5b1b-078c-43f2-9851-6ebcc2f69fd5),0.641,0.635615,0.465862,0.99337,0.467315,0.635615,0.908858,0.999361,1333653,8901,1520210,13914452,2853863,1342554,16777216,0.170103,nan,0.251654,ok
orgsegnet,nucleus,segapp_islet_nucleus,IsletSEM,25237R_1_00035,full,5.0,25237R_1 (6ced5b1b-078c-43f2-9851-6ebcc2f69fd5),0.846,0.775516,0.633341,0.995337,0.635226,0.775516,0.943752,0.999463,1630071,7637,936056,14203452,2566127,1637708,16777216,0.152953,nan,0.29902,ok
orgsegnet,nucleus,segapp_islet_nucleus,IsletSEM,25237R_1_00036,full,5.0,25237R_1 (6ced5b1b-078c-43f2-9851-6ebcc2f69fd5),0.804,0.490798,0.325204,0.999962,0.325208,0.490798,0.847104,0.999996,1236230,47,2565124,12975815,3801354,1236277,16777216,0.226578,nan,0.110668,ok
orgsegnet,nucleus,segapp_islet_nucleus,IsletSEM,25237R_1_00037,full,5.0,25237R_1 (6ced5b1b-078c-43f2-9851-6ebcc2f69fd5),0.657,0.612859,0.441814,0.988723,0.444052,0.612859,0.934946,0.999336,863889,9853,1081580,14821894,1945469,873742,16777216,0.115959,nan,0.246849,ok
orgsegnet,nucleus,segapp_islet_nucleus,IsletSEM,25237R_1_00038,full,5.0,25237R_1 (6ced5b1b-078c-43f2-9851-6ebcc2f69fd5),0.827,0.565292,0.394012,0.987459,0.395993,0.565292,0.904642,0.999066,1040217,13211,1586637,14137151,2626854,1053428,16777216,0.156573,nan,0.303812,ok
orgsegnet,nucleus,segapp_islet_nucleus,IsletSEM,25237R_1_00039,full,5.0,25237R_1 (6ced5b1b-078c-43f2-9851-6ebcc2f69fd5),0.644,0.420216,0.265996,0.999991,0.265996,0.420216,0.868928,0.999999,796905,7,2199022,13781282,2995927,796912,16777216,0.178571,nan,0.070781,ok
orgsegnet,nucleus,segapp_islet_nucleus,IsletSEM,25237R_1_00040,full,5.0,25237R_1 (6ced5b1b-078c-43f2-9851-6ebcc2f69fd5),0.8,0.472453,0.309288,0.994161,0.309851,0.472453,0.882866,0.999629,879977,5168,1960021,13932050,2839998,885145,16777216,0.169277,nan,0.239209,ok
orgsegnet,nucleus,segapp_islet_nucleus,IsletSEM,25237R_1_00041,full,5.0,25237R_1 (6ced5b1b-078c-43f2-9851-6ebcc2f69fd5),0.655,0.919186,0.850458,0.852016,0.997854,0.919186,0.992944,0.992738,673253,116935,1448,15985580,674701,790188,16777216,0.040215,nan,0.384041,ok
orgsegnet,nucleus,segapp_islet_nucleus,IsletSEM,25237R_1_00042,full,5.0,25237R_1 (6ced5b1b-078c-43f2-9851-6ebcc2f69fd5),0.975,0.944026,0.893987,0.97159,0.917983,0.944026,0.991135,0.99762,1254154,36672,112052,15374338,1366206,1290826,16777216,0.081432,nan,0.417894,ok
orgsegnet,nucleus,segapp_islet_nucleus,IsletSEM,25237R_1_00043,full,5.0,25237R_1 (6ced5b1b-078c-43f2-9851-6ebcc2f69fd5),0.716,0.0,0.0,nan,0.0,0.0,0.91938,1.0,0,0,1352584,15424632,1352584,0,16777216,0.08062,nan,0.0,ok
orgsegnet,nucleus,segapp_islet_nucleus,IsletSEM,25237R_1_00044,full,5.0,25237R_1 (6ced5b1b-078c-43f2-9851-6ebcc2f69fd5),0.81,0.870569,0.770804,0.995975,0.773212,0.870569,0.951937,0.999174,2711827,10960,795395,13259034,3507222,2722787,16777216,0.209047,nan,0.351188,ok
orgsegnet,nucleus,segapp_islet_nucleus,IsletSEM,25237R_1_00045,full,5.0,25237R_1 (6ced5b1b-078c-43f2-9851-6ebcc2f69fd5),0.815,0.324524,0.19369,0.995857,0.193847,0.324524,0.923063,0.999915,310070,1290,1289494,15176362,1599564,311360,16777216,0.095341,nan,0.074312,ok
orgsegnet,nucleus,segapp_islet_nucleus,IsletSEM,25237R_1_00046,full,5.0,25237R_1 (6ced5b1b-078c-43f2-9851-6ebcc2f69fd5),1.041,0.973355,0.948094,0.991536,0.955829,0.973355,0.998721,0.999796,391996,3346,18115,16363759,410111,395342,16777216,0.024445,nan,0.126917,ok
orgsegnet,nucleus,segapp_islet_nucleus,IsletSEM,25237R_1_00047,full,5.0,25237R_1 (6ced5b1b-078c-43f2-9851-6ebcc2f69fd5),0.879,0.0,0.0,nan,0.0,0.0,0.957656,1.0,0,0,710412,16066804,710412,0,16777216,0.042344,nan,0.0,ok
orgsegnet,nucleus,segapp_islet_nucleus,IsletSEM,25237R_1_00048,full,5.0,25237R_1 (6ced5b1b-078c-43f2-9851-6ebcc2f69fd5),0.634,0.142015,0.076435,0.999618,0.076437,0.142015,0.877564,0.999996,170002,65,2054071,14553078,2224073,170067,16777216,0.132565,nan,0.018752,ok
orgsegnet,nucleus,segapp_islet_nucleus,IsletSEM,25237R_1_00049,full,5.0,25237R_1 (6ced5b1b-078c-43f2-9851-6ebcc2f69fd5),0.781,0.621343,0.450687,0.989109,0.452935,0.621343,0.979593,0.999809,280905,3093,339284,16153934,620189,283998,16777216,0.036966,nan,0.098935,ok
orgsegnet,nucleus,segapp_islet_nucleus,IsletSEM,25237R_1_00050,full,5.0,25237R_1 (6ced5b1b-078c-43f2-9851-6ebcc2f69fd5),0.708,0.0,0.0,0.0,0.0,0.0,0.95725,0.999576,0,6807,710412,16059997,710412,6807,16777216,0.042344,nan,0.0,ok
orgsegnet,nucleus,segapp_islet_nucleus,IsletSEM,25237R_1_00051,full,5.0,25237R_1 (6ced5b1b-078c-43f2-9851-6ebcc2f69fd5),0.813,0.219932,0.123553,1.0,0.123553,0.219932,0.923725,1.0,180396,0,1279678,15317142,1460074,180396,16777216,0.087027,nan,0.0,ok
orgsegnet,nucleus,segapp_islet_nucleus,IsletSEM,25237R_1_00052,full,5.0,25237R_1 (6ced5b1b-078c-43f2-9851-6ebcc2f69fd5),0.62,0.939988,0.886772,0.984394,0.899416,0.939988,0.996078,0.999496,515272,8169,57624,16196151,572896,523441,16777216,0.034147,nan,0.290772,ok
orgsegnet,nucleus,segapp_islet_nucleus,IsletSEM,25239_1_00053,full,5.0,25239_1 (4556ce56-3617-41fd-9a50-81c59f1edc00),0.827,0.0,0.0,nan,0.0,0.0,0.957158,1.0,0,0,718771,16058445,718771,0,16777216,0.042842,nan,0.0,ok
orgsegnet,nucleus,segapp_islet_nucleus,IsletSEM,25239_1_00054,full,5.0,25239_1 (4556ce56-3617-41fd-9a50-81c59f1edc00),0.67,0.214886,0.120376,0.973965,0.120765,0.214886,0.826324,0.999209,398752,10659,2903133,13464672,3301885,409411,16777216,0.196808,nan,0.106265,ok
orgsegnet,nucleus,segapp_islet_nucleus,IsletSEM,25239_1_00055,full,5.0,25239_1 (4556ce56-3617-41fd-9a50-81c59f1edc00),0.668,0.525202,0.356118,0.883959,0.373583,0.525202,0.890751,0.990537,1013737,133078,1699815,13930586,2713552,1146815,16777216,0.16174,nan,0.265298,ok
orgsegnet,nucleus,segapp_islet_nucleus,IsletSEM,25239_1_00056,full,5.0,25239_1 (4556ce56-3617-41fd-9a50-81c59f1edc00),0.691,0.0,0.0,nan,0.0,0.0,0.915225,1.0,0,0,1422295,15354921,1422295,0,16777216,0.084775,nan,0.0,ok
orgsegnet,nucleus,segapp_islet_nucleus,IsletSEM,25239_1_00057,full,5.0,25239_1 (4556ce56-3617-41fd-9a50-81c59f1edc00),0.683,0.0,0.0,nan,0.0,0.0,0.960697,1.0,0,0,659389,16117827,659389,0,16777216,0.039303,nan,0.0,ok
orgsegnet,nucleus,segapp_islet_nucleus,IsletSEM,25239_1_00058,full,5.0,25239_1 (4556ce56-3617-41fd-9a50-81c59f1edc00),0.852,0.0,0.0,nan,0.0,0.0,0.940699,1.0,0,0,994902,15782314,994902,0,16777216,0.059301,nan,0.0,ok
orgsegnet,nucleus,segapp_islet_nucleus,IsletSEM,25239_1_00059,full,5.0,25239_1 (4556ce56-3617-41fd-9a50-81c59f1edc00),0.667,0.189347,0.104574,0.999609,0.104578,0.189347,0.793816,0.999988,403988,158,3459032,12914038,3863020,404146,16777216,0.230254,nan,0.0766,ok
orgsegnet,nucleus,segapp_islet_nucleus,IsletSEM,25239_1_00060,full,5.0,25239_1 (4556ce56-3617-41fd-9a50-81c59f1edc00),1.693,0.0,0.0,nan,0.0,0.0,0.980777,1.0,0,0,322513,16454703,322513,0,16777216,0.019223,nan,0.0,ok
orgsegnet,nucleus,segapp_islet_nucleus,IsletSEM,25239_1_00061,full,5.0,25239_1 (4556ce56-3617-41fd-9a50-81c59f1edc00),0.684,0.315931,0.1876,0.999563,0.187615,0.315931,0.797579,0.999973,784220,343,3395719,12596934,4179939,784563,16777216,0.249144,nan,0.02434,ok
orgsegnet,nucleus,segapp_islet_nucleus,IsletSEM,25239_1_00062,full,5.0,25239_1 (4556ce56-3617-41fd-9a50-81c59f1edc00),0.652,0.008439,0.004238,1.0,0.004238,0.008439,0.836437,1.0,11678,0,2744128,14021410,2755806,11678,16777216,0.164259,nan,0.0,ok
orgsegnet,nucleus,segapp_islet_nucleus,IsletSEM,25239_1_00063,full,5.0,25239_1 (4556ce56-3617-41fd-9a50-81c59f1edc00),0.798,0.0,0.0,nan,0.0,0.0,0.977106,1.0,0,0,384105,16393111,384105,0,16777216,0.022894,nan,0.0,ok
orgsegnet,nucleus,segapp_islet_nucleus,IsletSEM,25239_1_00064,full,5.0,25239_1 (4556ce56-3617-41fd-9a50-81c59f1edc00),0.755,0.555579,0.384638,0.881618,0.405586,0.555579,0.945217,0.994978,574494,77142,841960,15283620,1416454,651636,16777216,0.084427,nan,0.191491,ok
orgsegnet,nucleus,segapp_islet_nucleus,IsletSEM,25239_1_00065,full,5.0,25239_1 (4556ce56-3617-41fd-9a50-81c59f1edc00),0.746,0.006928,0.003476,0.99945,0.003476,0.006928,0.751681,0.999999,14533,8,4166098,12596577,4180631,14541,16777216,0.249185,nan,0.00876,ok
orgsegnet,nucleus,segapp_islet_nucleus,IsletSEM,25239_1_00066,full,5.0,25239_1 (4556ce56-3617-41fd-9a50-81c59f1edc00),0.895,0.276033,0.160115,0.989594,0.160385,0.276033,0.826653,0.999562,554432,5830,2902456,13314498,3456888,560262,16777216,0.206047,nan,0.230735,ok
orgsegnet,nucleus,segapp_islet_nucleus,IsletSEM,25239_1_00067,full,5.0,25239_1 (4556ce56-3617-41fd-9a50-81c59f1edc00),0.826,0.006167,0.003093,1.0,0.003093,0.006167,0.863927,1.0,7083,0,2282929,14487204,2290012,7083,16777216,0.136495,nan,0.0,ok
orgsegnet,nucleus,segapp_islet_nucleus,IsletSEM,25239_1_00068,full,5.0,25239_1 (4556ce56-3617-41fd-9a50-81c59f1edc00),0.808,0.258978,0.148751,0.961484,0.149642,0.258978,0.844503,0.99867,455873,18262,2590546,13712535,3046419,474135,16777216,0.181581,nan,0.207994,ok
orgsegnet,nucleus,segapp_islet_nucleus,IsletSEM,25239_1_00069,full,5.0,25239_1 (4556ce56-3617-41fd-9a50-81c59f1edc00),0.618,0.0,0.0,nan,0.0,0.0,0.752804,1.0,0,0,4147263,12629953,4147263,0,16777216,0.247196,nan,0.0,ok
orgsegnet,nucleus,segapp_islet_nucleus,IsletSEM,25239_1_00070,full,5.0,25239_1 (4556ce56-3617-41fd-9a50-81c59f1edc00),0.749,0.955096,0.914052,0.992291,0.920589,0.955096,0.993534,0.999423,1153768,8964,99525,15514959,1253293,1162732,16777216,0.074702,nan,0.153705,ok
orgsegnet,nucleus,segapp_islet_nucleus,IsletSEM,25239_1_00071,full,5.0,25239_1 (4556ce56-3617-41fd-9a50-81c59f1edc00),0.835,0.930536,0.870095,0.999252,0.870662,0.930536,0.99464,0.999972,602366,451,89482,16084917,691848,602817,16777216,0.041237,nan,0.369658,ok
orgsegnet,nucleus,segapp_islet_nucleus,IsletSEM,25239_1_00072,full,5.0,25239_1 (4556ce56-3617-41fd-9a50-81c59f1edc00),0.615,0.244613,0.13935,0.990153,0.139543,0.244613,0.922301,0.999862,211064,2099,1301471,15262582,1512535,213163,16777216,0.090154,nan,0.054186,ok
orgsegnet,nucleus,segapp_islet_nucleus,IsletSEM,25239_1_00073,full,5.0,25239_1 (4556ce56-3617-41fd-9a50-81c59f1edc00),0.708,0.529871,0.360425,0.99949,0.360491,0.529871,0.823973,0.99993,1664267,850,2952401,12159698,4616668,1665117,16777216,0.275175,nan,0.059387,ok
orgsegnet,nucleus,segapp_islet_nucleus,IsletSEM,25239_1_00074,full,5.0,25239_1 (4556ce56-3617-41fd-9a50-81c59f1edc00),0.737,0.0,0.0,nan,0.0,0.0,0.949162,1.0,0,0,852920,15924296,852920,0,16777216,0.050838,nan,0.0,ok
orgsegnet,nucleus,segapp_islet_nucleus,IsletSEM,25239_1_00075,full,5.0,25239_1 (4556ce56-3617-41fd-9a50-81c59f1edc00),0.621,0.0,0.0,nan,0.0,0.0,0.816647,1.0,0,0,3076153,13701063,3076153,0,16777216,0.183353,nan,0.0,ok
orgsegnet,nucleus,segapp_islet_nucleus,IsletSEM,25239_1_00076,full,5.0,25239_1 (4556ce56-3617-41fd-9a50-81c59f1edc00),0.712,0.557641,0.386618,0.995405,0.387309,0.557641,0.877226,0.999554,1298300,5993,2053805,13419118,3352105,1304293,16777216,0.199801,nan,0.378936,ok
orgsegnet,nucleus,segapp_islet_nucleus,IsletSEM,25239_1_00077,full,5.0,25239_1 (4556ce56-3617-41fd-9a50-81c59f1edc00),0.813,0.391876,0.243685,1.0,0.243685,0.391876,0.786568,1.0,1153736,0,3580802,12042678,4734538,1153736,16777216,0.2822,nan,0.072271,ok
orgsegnet,nucleus,segapp_islet_nucleus,IsletSEM,25239_1_00078,full,5.0,25239_1 (4556ce56-3617-41fd-9a50-81c59f1edc00),0.624,0.042016,0.021459,1.0,0.021459,0.042016,0.831528,1.0,61983,0,2826485,13888748,2888468,61983,16777216,0.172166,nan,0.005329,ok
orgsegnet,nucleus,segapp_islet_nucleus,IsletSEM,25239_1_00079,full,5.0,25239_1 (4556ce56-3617-41fd-9a50-81c59f1edc00),0.817,0.952969,0.910164,0.991048,0.917709,0.952969,0.986673,0.99857,2265317,20463,203132,14288304,2468449,2285780,16777216,0.147131,nan,0.501853,ok
orgsegnet,nucleus,segapp_islet_nucleus,IsletSEM,25239_1_00080,full,5.0,25239_1 (4556ce56-3617-41fd-9a50-81c59f1edc00),0.6,0.98688,0.9741,0.986752,0.987008,0.98688,0.996139,0.997714,2436380,32710,32069,14276057,2468449,2469090,16777216,0.147131,nan,0.26668,ok
orgsegnet,nucleus,segapp_islet_nucleus,IsletSEM,25239_1_00081,full,5.0,25239_1 (4556ce56-3617-41fd-9a50-81c59f1edc00),0.654,0.02767,0.014029,1.0,0.014029,0.02767,0.985506,1.0,3460,0,243172,16530584,246632,3460,16777216,0.0147,nan,0.0,ok
orgsegnet,nucleus,segapp_islet_nucleus,IsletSEM,25239_1_00082,full,5.0,25239_1 (4556ce56-3617-41fd-9a50-81c59f1edc00),0.636,0.47803,0.314087,0.995904,0.314493,0.47803,0.870001,0.999698,998708,4108,2176906,13597494,3175614,1002816,16777216,0.189281,nan,0.143538,ok
orgsegnet,nucleus,segapp_islet_nucleus,IsletSEM,25239_1_00083,full,5.0,25239_1 (4556ce56-3617-41fd-9a50-81c59f1edc00),0.761,0.62678,0.45643,0.988685,0.458827,0.62678,0.910451,0.998971,1261541,14438,1487949,14013288,2749490,1275979,16777216,0.163882,nan,0.28731,ok
orgsegnet,nucleus,segapp_islet_nucleus,IsletSEM,25239_1_00084,full,5.0,25239_1 (4556ce56-3617-41fd-9a50-81c59f1edc00),0.625,0.615553,0.44462,0.991933,0.446234,0.615553,0.900443,0.999211,1337178,10875,1659409,13769754,2996587,1348053,16777216,0.178611,nan,0.257973,ok
orgsegnet,nucleus,segapp_islet_nucleus,IsletSEM,25239_1_00085,full,5.0,25239_1 (4556ce56-3617-41fd-9a50-81c59f1edc00),0.745,0.014673,0.007391,1.0,0.007391,0.014673,0.930949,1.0,8626,0,1158477,15610113,1167103,8626,16777216,0.069565,nan,0.0,ok
orgsegnet,nucleus,segapp_islet_nucleus,IsletSEM,25239_1_00086,full,5.0,25239_1 (4556ce56-3617-41fd-9a50-81c59f1edc00),0.694,0.198873,0.110416,0.997515,0.110446,0.198873,0.804947,0.999923,406180,1012,3271442,13098582,3677622,407192,16777216,0.219203,nan,0.047808,ok
orgsegnet,nucleus,segapp_islet_nucleus,IsletSEM,25239_1_00087,full,5.0,25239_1 (4556ce56-3617-41fd-9a50-81c59f1edc00),0.826,0.679035,0.514044,0.971282,0.521978,0.679035,0.919884,0.997009,1421818,42039,1302087,14011272,2723905,1463857,16777216,0.162357,nan,0.0995,ok
orgsegnet,nucleus,segapp_islet_nucleus,IsletSEM,25239_1_00088,full,5.0,25239_1 (4556ce56-3617-41fd-9a50-81c59f1edc00),0.695,0.184787,0.101799,0.988204,0.101923,0.184787,0.868131,0.999791,250745,2993,2209396,14314082,2460141,253738,16777216,0.146636,nan,0.113851,ok
orgsegnet,nucleus,segapp_islet_nucleus,IsletSEM,25239_1_00089,full,5.0,25239_1 (4556ce56-3617-41fd-9a50-81c59f1edc00),0.69,0.227646,0.128443,1.0,0.128443,0.227646,0.903845,1.0,237742,0,1613214,14926260,1850956,237742,16777216,0.110326,nan,0.029435,ok
orgsegnet,nucleus,segapp_islet_nucleus,IsletSEM,25239_1_00090,full,5.0,25239_1 (4556ce56-3617-41fd-9a50-81c59f1edc00),0.603,0.0,0.0,0.0,0.0,0.0,0.779345,0.998689,0,17169,3684811,13075236,3684811,17169,16777216,0.219632,nan,0.0,ok
orgsegnet,nucleus,segapp_islet_nucleus,IsletSEM,25239_1_00091,full,5.0,25239_1 (4556ce56-3617-41fd-9a50-81c59f1edc00),0.723,0.418086,0.264291,1.0,0.264291,0.418086,0.886956,1.0,681310,0,1896564,14199342,2577874,681310,16777216,0.153653,nan,0.115556,ok
orgsegnet,nucleus,segapp_islet_nucleus,IsletSEM,25239_1_00092,full,5.0,25239_1 (4556ce56-3617-41fd-9a50-81c59f1edc00),0.833,0.63737,0.467749,0.990825,0.469784,0.63737,0.87681,0.998697,1816323,16819,2049969,12894105,3866292,1833142,16777216,0.230449,nan,0.16832,ok
orgsegnet,nucleus,segapp_islet_nucleus,IsletSEM,25239_1_00093,full,5.0,25239_1 (4556ce56-3617-41fd-9a50-81c59f1edc00),0.626,0.0,0.0,nan,0.0,0.0,0.814094,1.0,0,0,3118986,13658230,3118986,0,16777216,0.185906,nan,0.0,ok
orgsegnet,nucleus,segapp_islet_nucleus,IsletSEM,25239_1_00094,full,5.0,25239_1 (4556ce56-3617-41fd-9a50-81c59f1edc00),0.64,0.205187,0.114322,0.997087,0.11436,0.205187,0.742233,0.999863,558216,1631,4322983,11894386,4881199,559847,16777216,0.290942,nan,0.159179,ok
orgsegnet,nucleus,segapp_islet_nucleus,IsletSEM,25239_1_00095,full,5.0,25239_1 (4556ce56-3617-41fd-9a50-81c59f1edc00),0.692,0.165958,0.090487,0.977446,0.090677,0.165958,0.784576,0.999352,359578,8297,3605915,12803426,3965493,367875,16777216,0.236362,nan,0.02501,ok
orgsegnet,nucleus,segapp_islet_nucleus,IsletSEM,25239_1_00096,full,5.0,25239_1 (4556ce56-3617-41fd-9a50-81c59f1edc00),0.633,0.959672,0.922471,0.925505,0.996459,0.959672,0.998111,0.998149,377072,30351,1340,16368453,378412,407423,16777216,0.022555,nan,0.388912,ok
orgsegnet,nucleus,segapp_islet_nucleus,IsletSEM,25239_1_00097,full,5.0,25239_1 (4556ce56-3617-41fd-9a50-81c59f1edc00),0.78,0.90869,0.83266,0.832674,0.999979,0.90869,0.997149,0.997108,238005,47827,5,16491379,238010,285832,16777216,0.014187,nan,0.512701,ok
orgsegnet,nucleus,segapp_islet_nucleus,IsletSEM,25239_1_00098,full,5.0,25239_1 (4556ce56-3617-41fd-9a50-81c59f1edc00),1.017,0.0,0.0,nan,0.0,0.0,0.953563,1.0,0,0,779077,15998139,779077,0,16777216,0.046437,nan,0.0,ok
orgsegnet,nucleus,segapp_islet_nucleus,IsletSEM,25239_1_00099,full,5.0,25239_1 (4556ce56-3617-41fd-9a50-81c59f1edc00),0.617,0.817614,0.691494,0.862613,0.777076,0.817614,0.960581,0.984123,1482346,236091,425248,14633531,1907594,1718437,16777216,0.113701,nan,0.28664,ok
orgsegnet,nucleus,segapp_islet_nucleus,IsletSEM,25239_1_00100,full,5.0,25239_1 (4556ce56-3617-41fd-9a50-81c59f1edc00),0.837,0.713787,0.554952,0.744082,0.685862,0.713787,0.94555,0.974082,1139107,391783,521732,14724594,1660839,1530890,16777216,0.098994,nan,0.332184,ok
orgsegnet,nucleus,segapp_islet_nucleus,IsletSEM,25239_1_00101,full,5.0,25239_1 (4556ce56-3617-41fd-9a50-81c59f1edc00),0.656,0.650727,0.48228,1.0,0.48228,0.650727,0.935101,1.0,1014291,0,1088825,14674100,2103116,1014291,16777216,0.125355,nan,0.12242,ok
orgsegnet,nucleus,segapp_islet_nucleus,IsletSEM,25239_1_00102,full,5.0,25239_1 (4556ce56-3617-41fd-9a50-81c59f1edc00),0.79,0.208616,0.116455,0.987599,0.116625,0.208616,0.809983,0.9996,420186,5276,3182680,13169074,3602866,425462,16777216,0.214748,nan,0.013015,ok
orgsegnet,nucleus,segapp_islet_nucleus,IsletSEM,25239_1_00103,full,5.0,25239_1 (4556ce56-3617-41fd-9a50-81c59f1edc00),0.655,0.0,0.0,nan,0.0,0.0,0.941835,1.0,0,0,975845,15801371,975845,0,16777216,0.058165,nan,0.0,ok
orgsegnet,nucleus,segapp_islet_nucleus,IsletSEM,25239_1_00104,full,5.0,25239_1 (4556ce56-3617-41fd-9a50-81c59f1edc00),0.714,0.848027,0.736152,0.785341,0.921589,0.848027,0.982443,0.985859,821836,224634,69924,15660822,891760,1046470,16777216,0.053153,nan,0.309612,ok
orgsegnet,nucleus,segapp_islet_nucleus,IsletSEM,25239_1_00105,full,5.0,25239_1 (4556ce56-3617-41fd-9a50-81c59f1edc00),0.667,0.014059,0.007079,1.0,0.007079,0.014059,0.890069,1.0,13150,0,1844336,14919730,1857486,13150,16777216,0.110715,nan,0.0,ok
orgsegnet,nucleus,segapp_islet_nucleus,IsletSEM,25239_1_00106,full,5.0,25239_1 (4556ce56-3617-41fd-9a50-81c59f1edc00),0.836,0.255338,0.146354,0.981355,0.146762,0.255338,0.905998,0.999656,270386,5137,1571960,14929733,1842346,275523,16777216,0.109812,nan,0.247895,ok
orgsegnet,nucleus,segapp_islet_nucleus,IsletSEM,25239_1_00107,full,5.0,25239_1 (4556ce56-3617-41fd-9a50-81c59f1edc00),0.635,0.0,0.0,nan,0.0,0.0,0.89898,1.0,0,0,1694837,15082379,1694837,0,16777216,0.10102,nan,0.0,ok
orgsegnet,nucleus,segapp_islet_nucleus,IsletSEM,25239_1_00108,full,5.0,25239_1 (4556ce56-3617-41fd-9a50-81c59f1edc00),0.688,0.0,0.0,0.0,0.0,0.0,0.980652,0.999753,0,4068,320543,16452605,320543,4068,16777216,0.019106,nan,0.0,ok
orgsegnet,nucleus,segapp_islet_nucleus,IsletSEM,25399_1_00109,full,5.0,25399_1 (7235239e-159d-425c-9f35-e6b9fe391b2a),0.642,0.656581,0.488739,0.993149,0.490392,0.656581,0.986858,0.999911,210773,1454,219032,16345957,429805,212227,16777216,0.025618,nan,0.030844,ok
orgsegnet,nucleus,segapp_islet_nucleus,IsletSEM,25399_1_00110,full,5.0,25399_1 (7235239e-159d-425c-9f35-e6b9fe391b2a),0.619,0.964005,0.930512,0.976494,0.951832,0.964005,0.994742,0.99817,1181276,28436,59779,15507725,1241055,1209712,16777216,0.073973,nan,0.481736,ok
orgsegnet,nucleus,segapp_islet_nucleus,IsletSEM,25399_1_00111,full,5.0,25399_1 (7235239e-159d-425c-9f35-e6b9fe391b2a),0.861,0.0,0.0,nan,0.0,0.0,0.989352,1.0,0,0,178637,16598579,178637,0,16777216,0.010648,nan,0.0,ok
orgsegnet,nucleus,segapp_islet_nucleus,IsletSEM,25399_1_00112,full,5.0,25399_1 (7235239e-159d-425c-9f35-e6b9fe391b2a),0.714,0.74413,0.592522,0.608476,0.957624,0.74413,0.872511,0.852078,3110242,2001284,137632,11528058,3247874,5111526,16777216,0.193588,nan,0.241447,ok
orgsegnet,nucleus,segapp_islet_nucleus,IsletSEM,25399_1_00113,full,5.0,25399_1 (7235239e-159d-425c-9f35-e6b9fe391b2a),0.519,0.905154,0.82674,0.999155,0.827319,0.905154,0.992233,0.999967,621778,526,129780,16025132,751558,622304,16777216,0.044796,nan,0.314278,ok
orgsegnet,nucleus,segapp_islet_nucleus,IsletSEM,25399_1_00114,full,5.0,25399_1 (7235239e-159d-425c-9f35-e6b9fe391b2a),0.734,0.717376,0.559304,0.974749,0.567526,0.717376,0.950039,0.998151,1063800,27558,810650,14875208,1874450,1091358,16777216,0.111726,nan,0.157763,ok
orgsegnet,nucleus,segapp_islet_nucleus,IsletSEM,25399_1_00115,full,5.0,25399_1 (7235239e-159d-425c-9f35-e6b9fe391b2a),1.458,0.795306,0.660173,0.862407,0.737894,0.795306,0.925627,0.971336,2424012,386741,861031,13105432,3285043,2810753,16777216,0.195804,nan,0.25599,ok
orgsegnet,nucleus,segapp_islet_nucleus,IsletSEM,25399_1_00116,full,5.0,25399_1 (7235239e-159d-425c-9f35-e6b9fe391b2a),1.058,0.92606,0.862301,0.993247,0.867386,0.92606,0.962679,0.997825,3921037,26657,599487,12230035,4520524,3947694,16777216,0.269444,nan,0.446183,ok
orgsegnet,nucleus,segapp_islet_nucleus,IsletSEM,25399_1_00117,full,5.0,25399_1 (7235239e-159d-425c-9f35-e6b9fe391b2a),0.957,0.858654,0.752317,0.967266,0.771971,0.858654,0.968338,0.996282,1613473,54603,476597,14632543,2090070,1668076,16777216,0.124578,nan,0.341542,ok
orgsegnet,nucleus,segapp_islet_nucleus,IsletSEM,25399_1_00118,full,5.0,25399_1 (7235239e-159d-425c-9f35-e6b9fe391b2a),1.045,0.984163,0.96882,0.98294,0.98539,0.984163,0.997777,0.998711,1158935,20115,17183,15580983,1176118,1179050,16777216,0.070102,nan,0.526933,ok
orgsegnet,nucleus,segapp_islet_nucleus,IsletSEM,25399_1_00119,full,5.0,25399_1 (7235239e-159d-425c-9f35-e6b9fe391b2a),0.57,0.010601,0.005329,0.369701,0.005378,0.010601,0.858433,0.998495,12724,21693,2353415,14389384,2366139,34417,16777216,0.141033,nan,0.0,ok
orgsegnet,nucleus,segapp_islet_nucleus,IsletSEM,25399_1_00120,full,5.0,25399_1 (7235239e-159d-425c-9f35-e6b9fe391b2a),0.836,0.855224,0.747066,0.883749,0.828482,0.855224,0.942154,0.971686,2866481,377065,593437,12940233,3459918,3243546,16777216,0.206227,nan,0.454684,ok
orgsegnet,nucleus,segapp_islet_nucleus,IsletSEM,25399_1_00121,full,5.0,25399_1 (7235239e-159d-425c-9f35-e6b9fe391b2a),0.769,0.991892,0.983914,0.989303,0.994494,0.991892,0.998608,0.998993,1428440,15445,7909,15325422,1436349,1443885,16777216,0.085613,nan,0.597327,ok
orgsegnet,nucleus,segapp_islet_nucleus,IsletSEM,25399_1_00122,full,5.0,25399_1 (7235239e-159d-425c-9f35-e6b9fe391b2a),0.945,0.977184,0.955387,0.989796,0.96489,0.977184,0.99469,0.998671,1907697,19667,69416,14780436,1977113,1927364,16777216,0.117845,nan,0.672475,ok
orgsegnet,nucleus,segapp_islet_nucleus,IsletSEM,25399_1_00123,full,5.0,25399_1 (7235239e-159d-425c-9f35-e6b9fe391b2a),0.645,0.905644,0.827558,0.9879,0.836032,0.905644,0.966836,0.997592,2670224,32705,523701,13550586,3193925,2702929,16777216,0.190373,nan,0.535717,ok
orgsegnet,nucleus,segapp_islet_nucleus,IsletSEM,25399_1_00124,full,5.0,25399_1 (7235239e-159d-425c-9f35-e6b9fe391b2a),0.716,0.933997,0.876167,0.988065,0.885539,0.933997,0.976784,0.997564,2755825,33289,356207,13631895,3112032,2789114,16777216,0.185492,nan,0.55529,ok
orgsegnet,nucleus,segapp_islet_nucleus,IsletSEM,25399_1_00125,full,5.0,25399_1 (7235239e-159d-425c-9f35-e6b9fe391b2a),0.685,0.462746,0.301021,0.987753,0.302149,0.462746,0.920911,0.999524,571442,7085,1319816,14878873,1891258,578527,16777216,0.112728,nan,0.103722,ok
orgsegnet,nucleus,segapp_islet_nucleus,IsletSEM,25399_1_00126,full,5.0,25399_1 (7235239e-159d-425c-9f35-e6b9fe391b2a),0.798,0.788077,0.650269,0.991103,0.654087,0.788077,0.9605,0.999257,1232192,11061,651642,14882321,1883834,1243253,16777216,0.112285,nan,0.205922,ok
orgsegnet,nucleus,segapp_islet_nucleus,IsletSEM,25399_1_00127,full,5.0,25399_1 (7235239e-159d-425c-9f35-e6b9fe391b2a),0.625,0.910818,0.836241,0.993486,0.840851,0.910818,0.951918,0.997726,4119348,27009,779675,11851184,4899023,4146357,16777216,0.292005,nan,0.51749,ok
orgsegnet,nucleus,segapp_islet_nucleus,IsletSEM,25399_1_00128,full,5.0,25399_1 (7235239e-159d-425c-9f35-e6b9fe391b2a),0.825,0.750011,0.600014,0.997571,0.600892,0.750011,0.944097,0.999763,1406938,3426,934478,14432374,2341416,1410364,16777216,0.139559,nan,0.205699,ok
orgsegnet,nucleus,segapp_islet_nucleus,IsletSEM,25399_1_00129,full,5.0,25399_1 (7235239e-159d-425c-9f35-e6b9fe391b2a),0.628,0.679931,0.515073,0.999629,0.515171,0.679931,0.95281,0.999979,840928,312,791400,15144576,1632328,841240,16777216,0.097294,nan,0.338418,ok
orgsegnet,nucleus,segapp_islet_nucleus,IsletSEM,25399_1_00130,full,5.0,25399_1 (7235239e-159d-425c-9f35-e6b9fe391b2a),0.711,0.835882,0.718039,0.821114,0.851191,0.835882,0.980032,0.988218,853110,185857,149144,15589105,1002254,1038967,16777216,0.059739,nan,0.365028,ok
orgsegnet,nucleus,segapp_islet_nucleus,IsletSEM,25399_1_00131,full,5.0,25399_1 (7235239e-159d-425c-9f35-e6b9fe391b2a),0.764,0.411131,0.258757,0.999703,0.258777,0.411131,0.954076,0.999995,268962,80,770395,15737779,1039357,269042,16777216,0.061951,nan,0.248745,ok
orgsegnet,nucleus,segapp_islet_nucleus,IsletSEM,25399_1_00132,full,5.0,25399_1 (7235239e-159d-425c-9f35-e6b9fe391b2a),0.707,0.87545,0.778489,0.996294,0.78075,0.87545,0.960042,0.999363,2356000,8765,661612,13750839,3017612,2364765,16777216,0.179864,nan,0.398453,ok
orgsegnet,nucleus,segapp_islet_nucleus,IsletSEM,25399_1_00133,full,5.0,25399_1 (7235239e-159d-425c-9f35-e6b9fe391b2a),1.11,0.081958,0.04273,0.067169,0.1051,0.081958,0.980308,0.98769,14747,204805,125567,16432097,140314,219552,16777216,0.008363,nan,0.0,ok
orgsegnet,nucleus,segapp_islet_nucleus,IsletSEM,25399_1_00134,full,5.0,25399_1 (7235239e-159d-425c-9f35-e6b9fe391b2a),0.623,0.91553,0.844218,0.974883,0.862988,0.91553,0.955662,0.991421,4031174,103858,640007,12002177,4671181,4135032,16777216,0.278424,nan,0.352335,ok
orgsegnet,nucleus,segapp_islet_nucleus,IsletSEM,25399_1_00135,full,5.0,25399_1 (7235239e-159d-425c-9f35-e6b9fe391b2a),0.776,0.978376,0.957667,0.996776,0.960643,0.978376,0.98993,0.999034,3821842,12362,156580,12786432,3978422,3834204,16777216,0.237132,nan,0.555544,ok
orgsegnet,nucleus,segapp_islet_nucleus,IsletSEM,25399_1_00136,full,5.0,25399_1 (7235239e-159d-425c-9f35-e6b9fe391b2a),0.677,0.41272,0.260017,0.999669,0.26004,0.41272,0.864215,0.999981,800481,265,2277822,13698648,3078303,800746,16777216,0.183481,nan,0.1799,ok
orgsegnet,nucleus,segapp_islet_nucleus,IsletSEM,25399_1_00137,full,5.0,25399_1 (7235239e-159d-425c-9f35-e6b9fe391b2a),0.954,0.365688,0.223756,0.987304,0.224402,0.365688,0.897895,0.999564,493794,6350,1706693,14570379,2200487,500144,16777216,0.131159,nan,0.268777,ok
orgsegnet,nucleus,segapp_islet_nucleus,IsletSEM,25399_1_00138,full,5.0,25399_1 (7235239e-159d-425c-9f35-e6b9fe391b2a),0.682,0.049515,0.025386,0.999972,0.025386,0.049515,0.916906,1.0,36312,1,1394081,15346822,1430393,36313,16777216,0.085258,nan,0.036529,ok
orgsegnet,nucleus,segapp_islet_nucleus,IsletSEM,25399_1_00139,full,5.0,25399_1 (7235239e-159d-425c-9f35-e6b9fe391b2a),0.793,0.243516,0.138638,0.955198,0.139546,0.243516,0.957546,0.999663,114640,5377,706882,15950317,821522,120017,16777216,0.048967,nan,0.070004,ok
orgsegnet,nucleus,segapp_islet_nucleus,IsletSEM,25399_1_00140,full,5.0,25399_1 (7235239e-159d-425c-9f35-e6b9fe391b2a),0.85,0.829432,0.708573,0.941272,0.741348,0.829432,0.942643,0.989283,2339719,145981,816316,13475200,3156035,2485700,16777216,0.188114,nan,0.476222,ok
orgsegnet,nucleus,segapp_islet_nucleus,IsletSEM,25399_1_00141,full,5.0,25399_1 (7235239e-159d-425c-9f35-e6b9fe391b2a),0.723,0.002742,0.001373,0.003441,0.002279,0.002742,0.810778,0.914948,4365,1264071,1910552,13598228,1914917,1268436,16777216,0.114138,nan,0.0,ok
orgsegnet,nucleus,segapp_islet_nucleus,IsletSEM,25399_1_00142,full,5.0,25399_1 (7235239e-159d-425c-9f35-e6b9fe391b2a),0.718,0.0,0.0,nan,0.0,0.0,0.900656,1.0,0,0,1666722,15110494,1666722,0,16777216,0.099344,nan,0.0,ok
orgsegnet,nucleus,segapp_islet_nucleus,IsletSEM,25399_1_00143,full,5.0,25399_1 (7235239e-159d-425c-9f35-e6b9fe391b2a),0.761,0.891328,0.803959,0.992478,0.808888,0.891328,0.988317,0.999614,803830,6092,189917,15777377,993747,809922,16777216,0.059232,nan,0.297391,ok
orgsegnet,nucleus,segapp_islet_nucleus,IsletSEM,25399_1_00144,full,5.0,25399_1 (7235239e-159d-425c-9f35-e6b9fe391b2a),0.691,0.522791,0.353905,0.998939,0.354038,0.522791,0.891967,0.999925,992810,1054,1811438,13971914,2804248,993864,16777216,0.167146,nan,0.255505,ok
orgsegnet,nucleus,segapp_islet_nucleus,IsletSEM,25399_1_00145,full,5.0,25399_1 (7235239e-159d-425c-9f35-e6b9fe391b2a),0.907,0.364662,0.222988,0.983938,0.223803,0.364662,0.948981,0.999744,245645,4010,851949,15675612,1097594,249655,16777216,0.065422,nan,0.255322,ok
orgsegnet,nucleus,segapp_islet_nucleus,IsletSEM,25399_1_00146,full,5.0,25399_1 (7235239e-159d-425c-9f35-e6b9fe391b2a),0.644,0.669214,0.502871,0.502964,0.999633,0.669214,0.955364,0.953269,757526,748598,278,15270814,757804,1506124,16777216,0.045169,nan,0.171609,ok
orgsegnet,nucleus,segapp_islet_nucleus,IsletSEM,25399_1_00147,full,5.0,25399_1 (7235239e-159d-425c-9f35-e6b9fe391b2a),0.798,0.855562,0.747582,0.7911,0.93146,0.855562,0.927734,0.926622,3590831,948202,264226,11973957,3855057,4539033,16777216,0.229779,nan,0.406017,ok
orgsegnet,nucleus,segapp_islet_nucleus,IsletSEM,25399_1_00148,full,5.0,25399_1 (7235239e-159d-425c-9f35-e6b9fe391b2a),0.863,0.656549,0.488704,0.925663,0.508667,0.656549,0.929753,0.993788,1126468,90463,1088081,14472204,2214549,1216931,16777216,0.131997,nan,0.328917,ok
orgsegnet,nucleus,segapp_islet_nucleus,IsletSEM,25399_1_00149,full,5.0,25399_1 (7235239e-159d-425c-9f35-e6b9fe391b2a),0.63,0.58386,0.41229,0.997263,0.412757,0.58386,0.87032,0.99968,1526279,4189,2171485,13075263,3697764,1530468,16777216,0.220404,nan,0.314177,ok
orgsegnet,nucleus,segapp_islet_nucleus,IsletSEM,25399_1_00150,full,5.0,25399_1 (7235239e-159d-425c-9f35-e6b9fe391b2a),0.695,0.0,0.0,0.0,0.0,0.0,0.979545,0.986654,0,222290,120890,16434036,120890,222290,16777216,0.007206,nan,0.0,ok
orgsegnet,nucleus,segapp_islet_nucleus,IsletSEM,25399_1_00151,full,5.0,25399_1 (7235239e-159d-425c-9f35-e6b9fe391b2a),0.908,0.95904,0.921303,0.921825,0.999387,0.95904,0.988951,0.987399,2170228,184046,1332,14421610,2171560,2354274,16777216,0.129435,nan,0.155686,ok
orgsegnet,nucleus,segapp_islet_nucleus,IsletSEM,25399_1_00152,full,5.0,25399_1 (7235239e-159d-425c-9f35-e6b9fe391b2a),0.628,0.0,0.0,nan,0.0,0.0,0.996286,1.0,0,0,62316,16714900,62316,0,16777216,0.003714,nan,0.0,ok
orgsegnet,nucleus,segapp_islet_nucleus,IsletSEM,25399_1_00153,full,5.0,25399_1 (7235239e-159d-425c-9f35-e6b9fe391b2a),0.732,0.795184,0.660005,0.660186,0.999584,0.795184,0.965806,0.963403,1113653,573224,464,15089875,1114117,1686877,16777216,0.066407,nan,0.435984,ok
orgsegnet,nucleus,zenodo_3675220_platynereis,Platynereis,nucleus_00000,sparse,80,nuclei.zip:train_data_nuclei_01,0.101,0.0,0.0,nan,0.0,0.0,0.995994,1.0,0,0,67211,16710005,67211,0,140625,0.477945,nan,0.0,ok
orgsegnet,nucleus,zenodo_3675220_platynereis,Platynereis,nucleus_00001,sparse,80,nuclei.zip:train_data_nuclei_01,0.079,0.0,0.0,nan,0.0,0.0,0.99616,1.0,0,0,64417,16712799,64417,0,140625,0.458076,nan,0.0,ok
orgsegnet,nucleus,zenodo_3675220_platynereis,Platynereis,nucleus_00002,sparse,80,nuclei.zip:train_data_nuclei_01,0.108,0.0,0.0,nan,0.0,0.0,0.995866,1.0,0,0,69364,16707852,69364,0,140625,0.493255,nan,0.0,ok
orgsegnet,nucleus,zenodo_3675220_platynereis,Platynereis,nucleus_00003,sparse,80,nuclei.zip:train_data_nuclei_01,0.086,0.0,0.0,nan,0.0,0.0,0.995399,1.0,0,0,77198,16700018,77198,0,140625,0.548964,nan,0.0,ok
orgsegnet,nucleus,zenodo_3675220_platynereis,Platynereis,nucleus_00004,sparse,80,nuclei.zip:train_data_nuclei_01,0.1,0.0,0.0,nan,0.0,0.0,0.995255,1.0,0,0,79610,16697606,79610,0,140625,0.566116,nan,0.0,ok
orgsegnet,nucleus,zenodo_3675220_platynereis,Platynereis,nucleus_00005,sparse,80,nuclei.zip:train_data_nuclei_01,0.094,0.0,0.0,nan,0.0,0.0,0.995199,1.0,0,0,80547,16696669,80547,0,140625,0.572779,nan,0.0,ok
orgsegnet,nucleus,zenodo_3675220_platynereis,Platynereis,nucleus_00006,sparse,80,nuclei.zip:train_data_nuclei_01,0.108,0.0,0.0,nan,0.0,0.0,0.995257,1.0,0,0,79574,16697642,79574,0,140625,0.56586,nan,0.0,ok
orgsegnet,nucleus,zenodo_3675220_platynereis,Platynereis,nucleus_00007,sparse,80,nuclei.zip:train_data_nuclei_01,0.092,0.0,0.0,nan,0.0,0.0,0.99541,1.0,0,0,77008,16700208,77008,0,140625,0.547612,nan,0.0,ok
orgsegnet,nucleus,zenodo_3675220_platynereis,Platynereis,nucleus_00008,sparse,80,nuclei.zip:train_data_nuclei_01,0.091,0.0,0.0,nan,0.0,0.0,0.99565,1.0,0,0,72977,16704239,72977,0,140625,0.518948,nan,0.0,ok
orgsegnet,nucleus,zenodo_3675220_platynereis,Platynereis,nucleus_00009,sparse,80,nuclei.zip:train_data_nuclei_01,0.094,0.0,0.0,0.0,0.0,0.0,0.995848,0.99999,0,171,69486,16707559,69486,171,140625,0.494123,nan,0.0,ok
orgsegnet,nucleus,zenodo_3675220_platynereis,Platynereis,nucleus_00010,sparse,80,nuclei.zip:train_data_nuclei_01,0.105,0.0,0.0,nan,0.0,0.0,0.996081,1.0,0,0,65751,16711465,65751,0,140625,0.467563,nan,0.0,ok
orgsegnet,nucleus,zenodo_3675220_platynereis,Platynereis,nucleus_00011,sparse,80,nuclei.zip:train_data_nuclei_01,0.182,0.0,0.0,nan,0.0,0.0,0.996396,1.0,0,0,60462,16716754,60462,0,140625,0.429952,nan,0.0,ok
orgsegnet,nucleus,zenodo_3675220_platynereis,Platynereis,nucleus_00012,sparse,80,nuclei.zip:train_data_nuclei_01,0.101,0.0,0.0,nan,0.0,0.0,0.996322,1.0,0,0,61709,16715507,61709,0,140625,0.43882,nan,0.0,ok
orgsegnet,nucleus,zenodo_3675220_platynereis,Platynereis,nucleus_00013,sparse,80,nuclei.zip:train_data_nuclei_01,0.104,0.0,0.0,nan,0.0,0.0,0.996107,1.0,0,0,65321,16711895,65321,0,140625,0.464505,nan,0.0,ok
orgsegnet,nucleus,zenodo_3675220_platynereis,Platynereis,nucleus_00014,sparse,80,nuclei.zip:train_data_nuclei_01,0.086,0.0,0.0,nan,0.0,0.0,0.995995,1.0,0,0,67192,16710024,67192,0,140625,0.47781,nan,0.0,ok
orgsegnet,nucleus,zenodo_3675220_platynereis,Platynereis,nucleus_00015,sparse,80,nuclei.zip:train_data_nuclei_01,0.112,0.0,0.0,nan,0.0,0.0,0.996056,1.0,0,0,66165,16711051,66165,0,140625,0.470507,nan,0.0,ok
orgsegnet,nucleus,zenodo_3675220_platynereis,Platynereis,nucleus_00016,sparse,80,nuclei.zip:train_data_nuclei_01,0.121,0.0,0.0,nan,0.0,0.0,0.996232,1.0,0,0,63211,16714005,63211,0,140625,0.4495,nan,0.0,ok
orgsegnet,nucleus,zenodo_3675220_platynereis,Platynereis,nucleus_00017,sparse,80,nuclei.zip:train_data_nuclei_01,0.138,0.0,0.0,nan,0.0,0.0,0.996428,1.0,0,0,59920,16717296,59920,0,140625,0.426098,nan,0.0,ok
orgsegnet,nucleus,zenodo_3675220_platynereis,Platynereis,nucleus_00018,sparse,80,nuclei.zip:train_data_nuclei_01,0.242,0.0,0.0,nan,0.0,0.0,0.996633,1.0,0,0,56491,16720725,56491,0,140625,0.401714,nan,0.0,ok
orgsegnet,nucleus,zenodo_3675220_platynereis,Platynereis,nucleus_00019,sparse,80,nuclei.zip:train_data_nuclei_01,0.072,0.0,0.0,nan,0.0,0.0,0.996782,1.0,0,0,53997,16723219,53997,0,140625,0.383979,nan,0.0,ok
orgsegnet,nucleus,zenodo_3675220_platynereis,Platynereis,nucleus_00020,sparse,80,nuclei.zip:train_data_nuclei_01,0.085,0.0,0.0,nan,0.0,0.0,0.996968,1.0,0,0,50872,16726344,50872,0,140625,0.361756,nan,0.0,ok
orgsegnet,nucleus,zenodo_3675220_platynereis,Platynereis,nucleus_00021,sparse,80,nuclei.zip:train_data_nuclei_01,0.064,0.0,0.0,nan,0.0,0.0,0.997197,1.0,0,0,47019,16730197,47019,0,140625,0.334357,nan,0.0,ok
orgsegnet,nucleus,zenodo_3675220_platynereis,Platynereis,nucleus_00022,sparse,80,nuclei.zip:train_data_nuclei_01,0.097,0.0,0.0,nan,0.0,0.0,0.997238,1.0,0,0,46341,16730875,46341,0,140625,0.329536,nan,0.0,ok
orgsegnet,nucleus,zenodo_3675220_platynereis,Platynereis,nucleus_00023,sparse,80,nuclei.zip:train_data_nuclei_01,0.111,0.0,0.0,nan,0.0,0.0,0.997149,1.0,0,0,47828,16729388,47828,0,140625,0.34011,nan,0.0,ok
orgsegnet,nucleus,zenodo_3675220_platynereis,Platynereis,nucleus_00024,sparse,80,nuclei.zip:train_data_nuclei_01,0.129,0.0,0.0,nan,0.0,0.0,0.997047,1.0,0,0,49540,16727676,49540,0,140625,0.352284,nan,0.0,ok
orgsegnet,nucleus,zenodo_3675220_platynereis,Platynereis,nucleus_00025,sparse,80,nuclei.zip:train_data_nuclei_02,0.126,0.0,0.0,nan,0.0,0.0,0.998314,1.0,0,0,28286,16748930,28286,0,65142,0.434221,nan,0.0,ok
orgsegnet,nucleus,zenodo_3675220_platynereis,Platynereis,nucleus_00026,sparse,80,nuclei.zip:train_data_nuclei_02,0.103,0.0,0.0,nan,0.0,0.0,0.99825,1.0,0,0,29367,16747849,29367,0,66000,0.444955,nan,0.0,ok
orgsegnet,nucleus,zenodo_3675220_platynereis,Platynereis,nucleus_00027,sparse,80,nuclei.zip:train_data_nuclei_02,0.108,0.0,0.0,nan,0.0,0.0,0.998126,1.0,0,0,31438,16745778,31438,0,71659,0.438717,nan,0.0,ok
orgsegnet,nucleus,zenodo_3675220_platynereis,Platynereis,nucleus_00028,sparse,80,nuclei.zip:train_data_nuclei_02,0.091,0.0,0.0,nan,0.0,0.0,0.998049,1.0,0,0,32731,16744485,32731,0,73800,0.443509,nan,0.0,ok
orgsegnet,nucleus,zenodo_3675220_platynereis,Platynereis,nucleus_00029,sparse,80,nuclei.zip:train_data_nuclei_02,0.103,0.0,0.0,nan,0.0,0.0,0.998034,1.0,0,0,32988,16744228,32988,0,75658,0.436015,nan,0.0,ok
orgsegnet,nucleus,zenodo_3675220_platynereis,Platynereis,nucleus_00030,sparse,80,nuclei.zip:train_data_nuclei_02,0.11,0.0,0.0,nan,0.0,0.0,0.99804,1.0,0,0,32875,16744341,32875,0,78538,0.418587,nan,0.0,ok
orgsegnet,nucleus,zenodo_3675220_platynereis,Platynereis,nucleus_00031,sparse,80,nuclei.zip:train_data_nuclei_02,0.188,0.0,0.0,nan,0.0,0.0,0.998018,1.0,0,0,33247,16743969,33247,0,82125,0.404834,nan,0.0,ok
orgsegnet,nucleus,zenodo_3675220_platynereis,Platynereis,nucleus_00032,sparse,80,nuclei.zip:train_data_nuclei_02,0.07,0.0,0.0,nan,0.0,0.0,0.998091,1.0,0,0,32032,16745184,32032,0,82125,0.39004,nan,0.0,ok
orgsegnet,nucleus,zenodo_3675220_platynereis,Platynereis,nucleus_00033,sparse,80,nuclei.zip:train_data_nuclei_02,0.073,0.0,0.0,nan,0.0,0.0,0.998102,1.0,0,0,31843,16745373,31843,0,83625,0.380783,nan,0.0,ok
orgsegnet,nucleus,zenodo_3675220_platynereis,Platynereis,nucleus_00034,sparse,80,nuclei.zip:train_data_nuclei_02,0.066,0.0,0.0,nan,0.0,0.0,0.998049,1.0,0,0,32739,16744477,32739,0,84000,0.38975,nan,0.0,ok
orgsegnet,nucleus,zenodo_3675220_platynereis,Platynereis,nucleus_00035,sparse,80,nuclei.zip:train_data_nuclei_02,0.106,0.0,0.0,nan,0.0,0.0,0.998047,1.0,0,0,32766,16744450,32766,0,83625,0.391821,nan,0.0,ok
orgsegnet,nucleus,zenodo_3675220_platynereis,Platynereis,nucleus_00036,sparse,80,nuclei.zip:train_data_nuclei_02,0.089,0.0,0.0,nan,0.0,0.0,0.998047,1.0,0,0,32765,16744451,32765,0,86250,0.379884,nan,0.0,ok
orgsegnet,nucleus,zenodo_3675220_platynereis,Platynereis,nucleus_00037,sparse,80,nuclei.zip:train_data_nuclei_02,0.088,0.0,0.0,nan,0.0,0.0,0.998109,1.0,0,0,31723,16745493,31723,0,89250,0.35544,nan,0.0,ok
orgsegnet,nucleus,zenodo_3675220_platynereis,Platynereis,nucleus_00038,sparse,80,nuclei.zip:train_data_nuclei_02,0.128,0.0,0.0,nan,0.0,0.0,0.998028,1.0,0,0,33088,16744128,33088,0,90750,0.364606,nan,0.0,ok
orgsegnet,nucleus,zenodo_3675220_platynereis,Platynereis,nucleus_00039,sparse,80,nuclei.zip:train_data_nuclei_02,0.11,0.0,0.0,nan,0.0,0.0,0.997963,1.0,0,0,34180,16743036,34180,0,91875,0.372027,nan,0.0,ok
orgsegnet,nucleus,zenodo_3675220_platynereis,Platynereis,nucleus_00040,sparse,80,nuclei.zip:train_data_nuclei_02,0.105,0.0,0.0,nan,0.0,0.0,0.997933,1.0,0,0,34673,16742543,34673,0,92625,0.374337,nan,0.0,ok
orgsegnet,nucleus,zenodo_3675220_platynereis,Platynereis,nucleus_00041,sparse,80,nuclei.zip:train_data_nuclei_02,0.089,0.0,0.0,nan,0.0,0.0,0.997855,1.0,0,0,35993,16741223,35993,0,92250,0.390168,nan,0.0,ok
orgsegnet,nucleus,zenodo_3675220_platynereis,Platynereis,nucleus_00042,sparse,80,nuclei.zip:train_data_nuclei_02,0.102,0.0,0.0,nan,0.0,0.0,0.997754,1.0,0,0,37686,16739530,37686,0,96000,0.392562,nan,0.0,ok
orgsegnet,nucleus,zenodo_3675220_platynereis,Platynereis,nucleus_00043,sparse,80,nuclei.zip:train_data_nuclei_02,0.102,0.0,0.0,nan,0.0,0.0,0.997643,1.0,0,0,39551,16737665,39551,0,97500,0.405651,nan,0.0,ok
orgsegnet,nucleus,zenodo_3675220_platynereis,Platynereis,nucleus_00044,sparse,80,nuclei.zip:train_data_nuclei_02,0.115,0.0,0.0,nan,0.0,0.0,0.997539,1.0,0,0,41289,16735927,41289,0,98250,0.420244,nan,0.0,ok
orgsegnet,nucleus,zenodo_3675220_platynereis,Platynereis,nucleus_00045,sparse,80,nuclei.zip:train_data_nuclei_02,0.117,0.0,0.0,nan,0.0,0.0,0.997503,1.0,0,0,41900,16735316,41900,0,99750,0.42005,nan,0.0,ok
orgsegnet,nucleus,zenodo_3675220_platynereis,Platynereis,nucleus_00046,sparse,80,nuclei.zip:train_data_nuclei_02,0.17,0.0,0.0,nan,0.0,0.0,0.997546,1.0,0,0,41176,16736040,41176,0,101625,0.405176,nan,0.0,ok
orgsegnet,nucleus,zenodo_3675220_platynereis,Platynereis,nucleus_00047,sparse,80,nuclei.zip:train_data_nuclei_02,0.097,0.0,0.0,0.0,0.0,0.0,0.997532,0.99999,0,171,41243,16735802,41243,171,102000,0.404343,nan,0.0,ok
orgsegnet,nucleus,zenodo_3675220_platynereis,Platynereis,nucleus_00048,sparse,80,nuclei.zip:train_data_nuclei_02,0.25,0.0,0.0,nan,0.0,0.0,0.997604,1.0,0,0,40195,16737021,40195,0,102000,0.394069,nan,0.0,ok
orgsegnet,nucleus,zenodo_3675220_platynereis,Platynereis,nucleus_00049,sparse,80,nuclei.zip:train_data_nuclei_02,0.101,0.0,0.0,nan,0.0,0.0,0.99776,1.0,0,0,37581,16739635,37581,0,101250,0.37117,nan,0.0,ok
orgsegnet,nucleus,zenodo_3675220_platynereis,Platynereis,nucleus_00050,sparse,80,nuclei.zip:train_data_nuclei_03,0.092,0.0,0.0,nan,0.0,0.0,0.997708,1.0,0,0,38454,16738762,38454,0,140625,0.273451,nan,0.0,ok
orgsegnet,nucleus,zenodo_3675220_platynereis,Platynereis,nucleus_00051,sparse,80,nuclei.zip:train_data_nuclei_03,0.09,0.0,0.0,nan,0.0,0.0,0.997557,1.0,0,0,40981,16736235,40981,0,140625,0.29142,nan,0.0,ok
orgsegnet,nucleus,zenodo_3675220_platynereis,Platynereis,nucleus_00052,sparse,80,nuclei.zip:train_data_nuclei_03,0.122,0.0,0.0,nan,0.0,0.0,0.997518,1.0,0,0,41643,16735573,41643,0,140625,0.296128,nan,0.0,ok
orgsegnet,nucleus,zenodo_3675220_platynereis,Platynereis,nucleus_00053,sparse,80,nuclei.zip:train_data_nuclei_03,0.146,0.0,0.0,0.0,0.0,0.0,0.997528,0.999999,0,23,41449,16735744,41449,23,140625,0.294748,nan,0.0,ok
orgsegnet,nucleus,zenodo_3675220_platynereis,Platynereis,nucleus_00054,sparse,80,nuclei.zip:train_data_nuclei_03,0.098,0.0,0.0,nan,0.0,0.0,0.997712,1.0,0,0,38382,16738834,38382,0,140625,0.272939,nan,0.0,ok
orgsegnet,nucleus,zenodo_3675220_platynereis,Platynereis,nucleus_00055,sparse,80,nuclei.zip:train_data_nuclei_03,0.167,0.0,0.0,0.0,0.0,0.0,0.997719,0.999852,0,2474,35803,16738939,35803,2474,140625,0.254599,nan,0.0,ok
orgsegnet,nucleus,zenodo_3675220_platynereis,Platynereis,nucleus_00056,sparse,80,nuclei.zip:train_data_nuclei_03,0.084,0.0,0.0,0.0,0.0,0.0,0.997772,0.999999,0,18,37368,16739830,37368,18,140625,0.265728,nan,0.0,ok
orgsegnet,nucleus,zenodo_3675220_platynereis,Platynereis,nucleus_00057,sparse,80,nuclei.zip:train_data_nuclei_03,0.093,0.0,0.0,nan,0.0,0.0,0.99776,1.0,0,0,37581,16739635,37581,0,140625,0.267243,nan,0.0,ok
orgsegnet,nucleus,zenodo_3675220_platynereis,Platynereis,nucleus_00058,sparse,80,nuclei.zip:train_data_nuclei_03,0.095,0.0,0.0,0.0,0.0,0.0,0.997541,0.999954,0,764,40488,16735964,40488,764,140625,0.287915,nan,0.0,ok
orgsegnet,nucleus,zenodo_3675220_platynereis,Platynereis,nucleus_00059,sparse,80,nuclei.zip:train_data_nuclei_03,0.116,0.0,0.0,0.0,0.0,0.0,0.997413,0.999999,0,20,43391,16733805,43391,20,140625,0.308558,nan,0.0,ok
orgsegnet,nucleus,zenodo_3675220_platynereis,Platynereis,nucleus_00060,sparse,80,nuclei.zip:train_data_nuclei_03,0.109,0.0,0.0,nan,0.0,0.0,0.997407,1.0,0,0,43510,16733706,43510,0,139500,0.3119,nan,0.0,ok
orgsegnet,nucleus,zenodo_3675220_platynereis,Platynereis,nucleus_00061,sparse,80,nuclei.zip:train_data_nuclei_03,0.1,0.0,0.0,nan,0.0,0.0,0.997458,1.0,0,0,42640,16734576,42640,0,140625,0.303218,nan,0.0,ok
orgsegnet,nucleus,zenodo_3675220_platynereis,Platynereis,nucleus_00062,sparse,80,nuclei.zip:train_data_nuclei_03,0.12,0.0,0.0,0.0,0.0,0.0,0.997205,0.999709,0,4878,42019,16730319,42019,4878,140625,0.298802,nan,0.0,ok
orgsegnet,nucleus,zenodo_3675220_platynereis,Platynereis,nucleus_00063,sparse,80,nuclei.zip:train_data_nuclei_03,0.096,0.0,0.0,nan,0.0,0.0,0.997526,1.0,0,0,41507,16735709,41507,0,140625,0.295161,nan,0.0,ok
orgsegnet,nucleus,zenodo_3675220_platynereis,Platynereis,nucleus_00064,sparse,80,nuclei.zip:train_data_nuclei_03,0.102,0.0,0.0,nan,0.0,0.0,0.997442,1.0,0,0,42924,16734292,42924,0,140625,0.305237,nan,0.0,ok
orgsegnet,nucleus,zenodo_3675220_platynereis,Platynereis,nucleus_00065,sparse,80,nuclei.zip:train_data_nuclei_03,0.101,0.0,0.0,nan,0.0,0.0,0.997489,1.0,0,0,42129,16735087,42129,0,140625,0.299584,nan,0.0,ok
orgsegnet,nucleus,zenodo_3675220_platynereis,Platynereis,nucleus_00066,sparse,80,nuclei.zip:train_data_nuclei_03,0.108,0.0,0.0,nan,0.0,0.0,0.997588,1.0,0,0,40465,16736751,40465,0,140625,0.287751,nan,0.0,ok
orgsegnet,nucleus,zenodo_3675220_platynereis,Platynereis,nucleus_00067,sparse,80,nuclei.zip:train_data_nuclei_03,0.098,0.0,0.0,0.0,0.0,0.0,0.997787,0.999998,0,26,37100,16740090,37100,26,140625,0.263822,nan,0.0,ok
orgsegnet,nucleus,zenodo_3675220_platynereis,Platynereis,nucleus_00068,sparse,80,nuclei.zip:train_data_nuclei_03,0.112,0.0,0.0,nan,0.0,0.0,0.997623,1.0,0,0,39872,16737344,39872,0,140625,0.283534,nan,0.0,ok
orgsegnet,nucleus,zenodo_3675220_platynereis,Platynereis,nucleus_00069,sparse,80,nuclei.zip:train_data_nuclei_03,0.102,0.0,0.0,nan,0.0,0.0,0.997554,1.0,0,0,41041,16736175,41041,0,140625,0.291847,nan,0.0,ok
orgsegnet,nucleus,zenodo_3675220_platynereis,Platynereis,nucleus_00070,sparse,80,nuclei.zip:train_data_nuclei_03,0.106,0.0,0.0,0.0,0.0,0.0,0.997411,0.999985,0,258,43182,16733776,43182,258,140625,0.307072,nan,0.0,ok
orgsegnet,nucleus,zenodo_3675220_platynereis,Platynereis,nucleus_00071,sparse,80,nuclei.zip:train_data_nuclei_03,0.167,0.0,0.0,nan,0.0,0.0,0.99745,1.0,0,0,42778,16734438,42778,0,140625,0.304199,nan,0.0,ok
orgsegnet,nucleus,zenodo_3675220_platynereis,Platynereis,nucleus_00072,sparse,80,nuclei.zip:train_data_nuclei_03,0.24,0.0,0.0,0.0,0.0,0.0,0.997466,0.99992,0,1342,41177,16734697,41177,1342,140625,0.292814,nan,0.0,ok
orgsegnet,nucleus,zenodo_3675220_platynereis,Platynereis,nucleus_00073,sparse,80,nuclei.zip:train_data_nuclei_03,0.074,0.0,0.0,nan,0.0,0.0,0.997716,1.0,0,0,38315,16738901,38315,0,140625,0.272462,nan,0.0,ok
orgsegnet,nucleus,zenodo_3675220_platynereis,Platynereis,nucleus_00074,sparse,80,nuclei.zip:train_data_nuclei_03,0.064,0.0,0.0,0.0,0.0,0.0,0.997837,0.999996,0,65,36230,16740921,36230,65,140625,0.257636,nan,0.0,ok
orgsegnet,nucleus,zenodo_3675220_platynereis,Platynereis,nucleus_00075,sparse,80,nuclei.zip:train_data_nuclei_04,0.089,0.0,0.0,nan,0.0,0.0,0.998572,1.0,0,0,23966,16753250,23966,0,88040,0.272217,nan,0.0,ok
orgsegnet,nucleus,zenodo_3675220_platynereis,Platynereis,nucleus_00076,sparse,80,nuclei.zip:train_data_nuclei_04,0.109,0.0,0.0,nan,0.0,0.0,0.998543,1.0,0,0,24438,16752778,24438,0,107780,0.22674,nan,0.0,ok
orgsegnet,nucleus,zenodo_3675220_platynereis,Platynereis,nucleus_00077,sparse,80,nuclei.zip:train_data_nuclei_04,0.099,0.0,0.0,nan,0.0,0.0,0.998583,1.0,0,0,23779,16753437,23779,0,113505,0.209497,nan,0.0,ok
orgsegnet,nucleus,zenodo_3675220_platynereis,Platynereis,nucleus_00078,sparse,80,nuclei.zip:train_data_nuclei_04,0.113,0.0,0.0,nan,0.0,0.0,0.998768,1.0,0,0,20672,16756544,20672,0,119021,0.173684,nan,0.0,ok
orgsegnet,nucleus,zenodo_3675220_platynereis,Platynereis,nucleus_00079,sparse,80,nuclei.zip:train_data_nuclei_04,0.11,0.0,0.0,0.0,0.0,0.0,0.998702,0.999997,0,42,21738,16755436,21738,42,128800,0.168773,nan,0.0,ok
orgsegnet,nucleus,zenodo_3675220_platynereis,Platynereis,nucleus_00080,sparse,80,nuclei.zip:train_data_nuclei_04,0.127,0.0,0.0,nan,0.0,0.0,0.998445,1.0,0,0,26087,16751129,26087,0,132375,0.197069,nan,0.0,ok
orgsegnet,nucleus,zenodo_3675220_platynereis,Platynereis,nucleus_00081,sparse,80,nuclei.zip:train_data_nuclei_04,0.096,0.0,0.0,nan,0.0,0.0,0.998151,1.0,0,0,31014,16746202,31014,0,132750,0.233627,nan,0.0,ok
orgsegnet,nucleus,zenodo_3675220_platynereis,Platynereis,nucleus_00082,sparse,80,nuclei.zip:train_data_nuclei_04,0.096,0.0,0.0,nan,0.0,0.0,0.997974,1.0,0,0,33991,16743225,33991,0,133125,0.255331,nan,0.0,ok
orgsegnet,nucleus,zenodo_3675220_platynereis,Platynereis,nucleus_00083,sparse,80,nuclei.zip:train_data_nuclei_04,0.087,0.0,0.0,0.0,0.0,0.0,0.997941,0.999998,0,41,34499,16742676,34499,41,133500,0.258419,nan,0.0,ok
orgsegnet,nucleus,zenodo_3675220_platynereis,Platynereis,nucleus_00084,sparse,80,nuclei.zip:train_data_nuclei_04,0.099,0.0,0.0,nan,0.0,0.0,0.99801,1.0,0,0,33384,16743832,33384,0,135375,0.246604,nan,0.0,ok
orgsegnet,nucleus,zenodo_3675220_platynereis,Platynereis,nucleus_00085,sparse,80,nuclei.zip:train_data_nuclei_04,0.569,0.0,0.0,nan,0.0,0.0,0.997845,1.0,0,0,36155,16741061,36155,0,137625,0.262707,nan,0.0,ok
orgsegnet,nucleus,zenodo_3675220_platynereis,Platynereis,nucleus_00086,sparse,80,nuclei.zip:train_data_nuclei_04,0.359,0.0,0.0,0.0,0.0,0.0,0.997848,0.999997,0,42,36062,16741112,36062,42,138000,0.261319,nan,0.0,ok
orgsegnet,nucleus,zenodo_3675220_platynereis,Platynereis,nucleus_00087,sparse,80,nuclei.zip:train_data_nuclei_04,0.094,0.0,0.0,0.0,0.0,0.0,0.997989,1.0,0,7,33734,16743475,33734,7,138000,0.244449,nan,0.0,ok
orgsegnet,nucleus,zenodo_3675220_platynereis,Platynereis,nucleus_00088,sparse,80,nuclei.zip:train_data_nuclei_04,0.132,0.0,0.0,nan,0.0,0.0,0.998198,1.0,0,0,30227,16746989,30227,0,137250,0.220233,nan,0.0,ok
orgsegnet,nucleus,zenodo_3675220_platynereis,Platynereis,nucleus_00089,sparse,80,nuclei.zip:train_data_nuclei_04,0.158,0.0,0.0,nan,0.0,0.0,0.998319,1.0,0,0,28198,16749018,28198,0,134625,0.209456,nan,0.0,ok
orgsegnet,nucleus,zenodo_3675220_platynereis,Platynereis,nucleus_00090,sparse,80,nuclei.zip:train_data_nuclei_04,0.111,0.0,0.0,0.0,0.0,0.0,0.998603,0.999998,0,32,23401,16753783,23401,32,134250,0.174309,nan,0.0,ok
orgsegnet,nucleus,zenodo_3675220_platynereis,Platynereis,nucleus_00091,sparse,80,nuclei.zip:train_data_nuclei_04,0.125,0.0,0.0,nan,0.0,0.0,0.998767,1.0,0,0,20681,16756535,20681,0,137625,0.150271,nan,0.0,ok
orgsegnet,nucleus,zenodo_3675220_platynereis,Platynereis,nucleus_00092,sparse,80,nuclei.zip:train_data_nuclei_04,0.105,0.0,0.0,nan,0.0,0.0,0.998646,1.0,0,0,22720,16754496,22720,0,126140,0.180117,nan,0.0,ok
orgsegnet,nucleus,zenodo_3675220_platynereis,Platynereis,nucleus_00093,sparse,80,nuclei.zip:train_data_nuclei_04,0.107,0.0,0.0,nan,0.0,0.0,0.998526,1.0,0,0,24725,16752491,24725,0,125250,0.197405,nan,0.0,ok
orgsegnet,nucleus,zenodo_3675220_platynereis,Platynereis,nucleus_00094,sparse,80,nuclei.zip:train_data_nuclei_04,0.108,0.0,0.0,nan,0.0,0.0,0.998416,1.0,0,0,26578,16750638,26578,0,126000,0.210937,nan,0.0,ok
orgsegnet,nucleus,zenodo_3675220_platynereis,Platynereis,nucleus_00095,sparse,80,nuclei.zip:train_data_nuclei_04,0.411,0.0,0.0,nan,0.0,0.0,0.998275,1.0,0,0,28946,16748270,28946,0,140625,0.205838,nan,0.0,ok
orgsegnet,nucleus,zenodo_3675220_platynereis,Platynereis,nucleus_00096,sparse,80,nuclei.zip:train_data_nuclei_04,0.09,0.0,0.0,nan,0.0,0.0,0.998224,1.0,0,0,29788,16747428,29788,0,140625,0.211826,nan,0.0,ok
orgsegnet,nucleus,zenodo_3675220_platynereis,Platynereis,nucleus_00097,sparse,80,nuclei.zip:train_data_nuclei_04,0.139,0.0,0.0,nan,0.0,0.0,0.998376,1.0,0,0,27251,16749965,27251,0,140625,0.193785,nan,0.0,ok
orgsegnet,nucleus,zenodo_3675220_platynereis,Platynereis,nucleus_00098,sparse,80,nuclei.zip:train_data_nuclei_04,0.118,0.0,0.0,nan,0.0,0.0,0.998498,1.0,0,0,25203,16752013,25203,0,140625,0.179221,nan,0.0,ok
orgsegnet,nucleus,zenodo_3675220_platynereis,Platynereis,nucleus_00099,sparse,80,nuclei.zip:train_data_nuclei_04,0.116,0.0,0.0,nan,0.0,0.0,0.998707,1.0,0,0,21700,16755516,21700,0,137625,0.157675,nan,0.0,ok
orgsegnet,nucleus,zenodo_3675220_platynereis,Platynereis,nucleus_00100,sparse,80,nuclei.zip:train_data_nuclei_05,0.223,0.0,0.0,nan,0.0,0.0,0.996975,1.0,0,0,50752,16726464,50752,0,90000,0.563911,nan,0.0,ok
orgsegnet,nucleus,zenodo_3675220_platynereis,Platynereis,nucleus_00101,sparse,80,nuclei.zip:train_data_nuclei_05,0.062,0.0,0.0,nan,0.0,0.0,0.99698,1.0,0,0,50665,16726551,50665,0,90000,0.562944,nan,0.0,ok
orgsegnet,nucleus,zenodo_3675220_platynereis,Platynereis,nucleus_00102,sparse,80,nuclei.zip:train_data_nuclei_05,0.063,0.0,0.0,nan,0.0,0.0,0.996948,1.0,0,0,51205,16726011,51205,0,90000,0.568944,nan,0.0,ok
orgsegnet,nucleus,zenodo_3675220_platynereis,Platynereis,nucleus_00103,sparse,80,nuclei.zip:train_data_nuclei_05,0.067,0.0,0.0,nan,0.0,0.0,0.997089,1.0,0,0,48832,16728384,48832,0,90000,0.542578,nan,0.0,ok
orgsegnet,nucleus,zenodo_3675220_platynereis,Platynereis,nucleus_00104,sparse,80,nuclei.zip:train_data_nuclei_05,0.092,0.0,0.0,nan,0.0,0.0,0.997187,1.0,0,0,47187,16730029,47187,0,90000,0.5243,nan,0.0,ok
orgsegnet,nucleus,zenodo_3675220_platynereis,Platynereis,nucleus_00105,sparse,80,nuclei.zip:train_data_nuclei_05,0.104,0.0,0.0,nan,0.0,0.0,0.997285,1.0,0,0,45558,16731658,45558,0,90000,0.5062,nan,0.0,ok
orgsegnet,nucleus,zenodo_3675220_platynereis,Platynereis,nucleus_00106,sparse,80,nuclei.zip:train_data_nuclei_05,0.186,0.0,0.0,nan,0.0,0.0,0.99737,1.0,0,0,44118,16733098,44118,0,90000,0.4902,nan,0.0,ok
orgsegnet,nucleus,zenodo_3675220_platynereis,Platynereis,nucleus_00107,sparse,80,nuclei.zip:train_data_nuclei_05,0.073,0.0,0.0,nan,0.0,0.0,0.997381,1.0,0,0,43938,16733278,43938,0,90000,0.4882,nan,0.0,ok
orgsegnet,nucleus,zenodo_3675220_platynereis,Platynereis,nucleus_00108,sparse,80,nuclei.zip:train_data_nuclei_05,0.082,0.0,0.0,nan,0.0,0.0,0.997242,1.0,0,0,46266,16730950,46266,0,90000,0.514067,nan,0.0,ok
orgsegnet,nucleus,zenodo_3675220_platynereis,Platynereis,nucleus_00109,sparse,80,nuclei.zip:train_data_nuclei_05,0.101,0.0,0.0,nan,0.0,0.0,0.997221,1.0,0,0,46622,16730594,46622,0,90000,0.518022,nan,0.0,ok
orgsegnet,nucleus,zenodo_3675220_platynereis,Platynereis,nucleus_00110,sparse,80,nuclei.zip:train_data_nuclei_05,0.114,0.0,0.0,0.0,0.0,0.0,0.997271,1.0,0,2,45780,16731434,45780,2,90000,0.508667,nan,0.0,ok
orgsegnet,nucleus,zenodo_3675220_platynereis,Platynereis,nucleus_00111,sparse,80,nuclei.zip:train_data_nuclei_05,0.118,0.0,0.0,nan,0.0,0.0,0.997297,1.0,0,0,45352,16731864,45352,0,90000,0.503911,nan,0.0,ok
orgsegnet,nucleus,zenodo_3675220_platynereis,Platynereis,nucleus_00112,sparse,80,nuclei.zip:train_data_nuclei_05,0.117,0.0,0.0,0.0,0.0,0.0,0.997319,0.999986,0,230,44745,16732241,44745,230,90000,0.497167,nan,0.0,ok
orgsegnet,nucleus,zenodo_3675220_platynereis,Platynereis,nucleus_00113,sparse,80,nuclei.zip:train_data_nuclei_05,0.104,0.0,0.0,0.0,0.0,0.0,0.997369,0.999961,0,653,43482,16733081,43482,653,90000,0.483133,nan,0.0,ok
orgsegnet,nucleus,zenodo_3675220_platynereis,Platynereis,nucleus_00114,sparse,80,nuclei.zip:train_data_nuclei_05,0.09,0.0,0.0,0.0,0.0,0.0,0.997403,0.999984,0,271,43297,16733648,43297,271,90000,0.481078,nan,0.0,ok
orgsegnet,nucleus,zenodo_3675220_platynereis,Platynereis,nucleus_00115,sparse,80,nuclei.zip:train_data_nuclei_05,0.094,0.002233,0.001118,0.103448,0.001129,0.002233,0.997443,0.999975,48,416,42476,16734276,42524,464,90000,0.472489,nan,0.010325,ok
orgsegnet,nucleus,zenodo_3675220_platynereis,Platynereis,nucleus_00116,sparse,80,nuclei.zip:train_data_nuclei_05,0.107,0.0,0.0,0.0,0.0,0.0,0.997424,0.999993,0,115,43096,16734005,43096,115,90000,0.478844,nan,0.0,ok
orgsegnet,nucleus,zenodo_3675220_platynereis,Platynereis,nucleus_00117,sparse,80,nuclei.zip:train_data_nuclei_05,0.088,0.0,0.0,nan,0.0,0.0,0.997545,1.0,0,0,41190,16736026,41190,0,89100,0.46229,nan,0.0,ok
orgsegnet,nucleus,zenodo_3675220_platynereis,Platynereis,nucleus_00118,sparse,80,nuclei.zip:train_data_nuclei_05,0.106,0.0,0.0,nan,0.0,0.0,0.997526,1.0,0,0,41502,16735714,41502,0,90000,0.461133,nan,0.0,ok
orgsegnet,nucleus,zenodo_3675220_platynereis,Platynereis,nucleus_00119,sparse,80,nuclei.zip:train_data_nuclei_05,0.105,0.0,0.0,nan,0.0,0.0,0.997426,1.0,0,0,43181,16734035,43181,0,90000,0.479789,nan,0.0,ok
orgsegnet,nucleus,zenodo_3675220_platynereis,Platynereis,nucleus_00120,sparse,80,nuclei.zip:train_data_nuclei_05,0.122,0.0,0.0,nan,0.0,0.0,0.997411,1.0,0,0,43436,16733780,43436,0,90000,0.482622,nan,0.0,ok
orgsegnet,nucleus,zenodo_3675220_platynereis,Platynereis,nucleus_00121,sparse,80,nuclei.zip:train_data_nuclei_05,0.107,0.0,0.0,0.0,0.0,0.0,0.99765,0.999991,0,149,39284,16737783,39284,149,90000,0.436489,nan,0.0,ok
orgsegnet,nucleus,zenodo_3675220_platynereis,Platynereis,nucleus_00122,sparse,80,nuclei.zip:train_data_nuclei_05,0.094,0.0,0.0,nan,0.0,0.0,0.99778,1.0,0,0,37243,16739973,37243,0,90000,0.413811,nan,0.0,ok
orgsegnet,nucleus,zenodo_3675220_platynereis,Platynereis,nucleus_00123,sparse,80,nuclei.zip:train_data_nuclei_05,0.088,0.0,0.0,0.0,0.0,0.0,0.997828,0.99999,0,165,36273,16740778,36273,165,90000,0.403033,nan,0.0,ok
orgsegnet,nucleus,zenodo_3675220_platynereis,Platynereis,nucleus_00124,sparse,80,nuclei.zip:train_data_nuclei_05,0.097,0.0,0.0,nan,0.0,0.0,0.997889,1.0,0,0,35424,16741792,35424,0,90000,0.3936,nan,0.0,ok
orgsegnet,nucleus,zenodo_3675220_platynereis,Platynereis,nucleus_00125,sparse,80,nuclei.zip:train_data_nuclei_06,0.101,0.0,0.0,nan,0.0,0.0,0.999201,1.0,0,0,13397,16763819,13397,0,108777,0.12316,nan,0.0,ok
orgsegnet,nucleus,zenodo_3675220_platynereis,Platynereis,nucleus_00126,sparse,80,nuclei.zip:train_data_nuclei_06,0.228,0.0,0.0,nan,0.0,0.0,0.999082,1.0,0,0,15402,16761814,15402,0,128366,0.119985,nan,0.0,ok
orgsegnet,nucleus,zenodo_3675220_platynereis,Platynereis,nucleus_00127,sparse,80,nuclei.zip:train_data_nuclei_06,0.079,0.0,0.0,nan,0.0,0.0,0.999075,1.0,0,0,15517,16761699,15517,0,130875,0.118564,nan,0.0,ok
orgsegnet,nucleus,zenodo_3675220_platynereis,Platynereis,nucleus_00128,sparse,80,nuclei.zip:train_data_nuclei_06,0.08,0.0,0.0,nan,0.0,0.0,0.999087,1.0,0,0,15325,16761891,15325,0,130875,0.117096,nan,0.0,ok
orgsegnet,nucleus,zenodo_3675220_platynereis,Platynereis,nucleus_00129,sparse,80,nuclei.zip:train_data_nuclei_06,0.062,0.0,0.0,nan,0.0,0.0,0.999126,1.0,0,0,14662,16762554,14662,0,130500,0.112352,nan,0.0,ok
orgsegnet,nucleus,zenodo_3675220_platynereis,Platynereis,nucleus_00130,sparse,80,nuclei.zip:train_data_nuclei_06,0.111,0.0,0.0,nan,0.0,0.0,0.999,1.0,0,0,16783,16760433,16783,0,130125,0.128976,nan,0.0,ok
orgsegnet,nucleus,zenodo_3675220_platynereis,Platynereis,nucleus_00131,sparse,80,nuclei.zip:train_data_nuclei_06,0.087,0.0,0.0,nan,0.0,0.0,0.998859,1.0,0,0,19140,16758076,19140,0,129750,0.147514,nan,0.0,ok
orgsegnet,nucleus,zenodo_3675220_platynereis,Platynereis,nucleus_00132,sparse,80,nuclei.zip:train_data_nuclei_06,0.101,0.0,0.0,nan,0.0,0.0,0.998787,1.0,0,0,20349,16756867,20349,0,129375,0.157287,nan,0.0,ok
orgsegnet,nucleus,zenodo_3675220_platynereis,Platynereis,nucleus_00133,sparse,80,nuclei.zip:train_data_nuclei_06,0.475,0.0,0.0,nan,0.0,0.0,0.998789,1.0,0,0,20318,16756898,20318,0,128250,0.158425,nan,0.0,ok
orgsegnet,nucleus,zenodo_3675220_platynereis,Platynereis,nucleus_00134,sparse,80,nuclei.zip:train_data_nuclei_06,0.108,0.0,0.0,nan,0.0,0.0,0.998786,1.0,0,0,20373,16756843,20373,0,126375,0.161211,nan,0.0,ok
orgsegnet,nucleus,zenodo_3675220_platynereis,Platynereis,nucleus_00135,sparse,80,nuclei.zip:train_data_nuclei_06,0.094,0.0,0.0,nan,0.0,0.0,0.998825,1.0,0,0,19721,16757495,19721,0,126038,0.156469,nan,0.0,ok
orgsegnet,nucleus,zenodo_3675220_platynereis,Platynereis,nucleus_00136,sparse,80,nuclei.zip:train_data_nuclei_06,0.103,0.0,0.0,nan,0.0,0.0,0.998882,1.0,0,0,18762,16758454,18762,0,126375,0.148463,nan,0.0,ok
orgsegnet,nucleus,zenodo_3675220_platynereis,Platynereis,nucleus_00137,sparse,80,nuclei.zip:train_data_nuclei_06,0.108,0.0,0.0,nan,0.0,0.0,0.99892,1.0,0,0,18123,16759093,18123,0,125625,0.144263,nan,0.0,ok
orgsegnet,nucleus,zenodo_3675220_platynereis,Platynereis,nucleus_00138,sparse,80,nuclei.zip:train_data_nuclei_06,0.126,0.0,0.0,nan,0.0,0.0,0.998986,1.0,0,0,17005,16760211,17005,0,123750,0.137414,nan,0.0,ok
orgsegnet,nucleus,zenodo_3675220_platynereis,Platynereis,nucleus_00139,sparse,80,nuclei.zip:train_data_nuclei_06,0.112,0.0,0.0,nan,0.0,0.0,0.999092,1.0,0,0,15233,16761983,15233,0,123750,0.123095,nan,0.0,ok
orgsegnet,nucleus,zenodo_3675220_platynereis,Platynereis,nucleus_00140,sparse,80,nuclei.zip:train_data_nuclei_06,0.106,0.0,0.0,nan,0.0,0.0,0.999246,1.0,0,0,12643,16764573,12643,0,121875,0.103737,nan,0.0,ok
orgsegnet,nucleus,zenodo_3675220_platynereis,Platynereis,nucleus_00141,sparse,80,nuclei.zip:train_data_nuclei_06,0.098,0.0,0.0,nan,0.0,0.0,0.999362,1.0,0,0,10712,16766504,10712,0,111750,0.095857,nan,0.0,ok
orgsegnet,nucleus,zenodo_3675220_platynereis,Platynereis,nucleus_00142,sparse,80,nuclei.zip:train_data_nuclei_06,0.217,0.0,0.0,nan,0.0,0.0,0.999444,1.0,0,0,9331,16767885,9331,0,105750,0.088236,nan,0.0,ok
orgsegnet,nucleus,zenodo_3675220_platynereis,Platynereis,nucleus_00143,sparse,80,nuclei.zip:train_data_nuclei_06,0.139,0.0,0.0,nan,0.0,0.0,0.999505,1.0,0,0,8300,16768916,8300,0,99050,0.083796,nan,0.0,ok
orgsegnet,nucleus,zenodo_3675220_platynereis,Platynereis,nucleus_00144,sparse,80,nuclei.zip:train_data_nuclei_06,0.189,0.0,0.0,nan,0.0,0.0,0.999545,1.0,0,0,7640,16769576,7640,0,99814,0.076542,nan,0.0,ok
orgsegnet,nucleus,zenodo_3675220_platynereis,Platynereis,nucleus_00145,sparse,80,nuclei.zip:train_data_nuclei_06,0.076,0.0,0.0,nan,0.0,0.0,0.999481,1.0,0,0,8710,16768506,8710,0,104880,0.083047,nan,0.0,ok
orgsegnet,nucleus,zenodo_3675220_platynereis,Platynereis,nucleus_00146,sparse,80,nuclei.zip:train_data_nuclei_06,0.076,0.0,0.0,nan,0.0,0.0,0.999408,1.0,0,0,9936,16767280,9936,0,107625,0.092321,nan,0.0,ok
orgsegnet,nucleus,zenodo_3675220_platynereis,Platynereis,nucleus_00147,sparse,80,nuclei.zip:train_data_nuclei_06,0.1,0.0,0.0,nan,0.0,0.0,0.999408,1.0,0,0,9924,16767292,9924,0,107250,0.092531,nan,0.0,ok
orgsegnet,nucleus,zenodo_3675220_platynereis,Platynereis,nucleus_00148,sparse,80,nuclei.zip:train_data_nuclei_06,0.114,0.0,0.0,nan,0.0,0.0,0.999373,1.0,0,0,10524,16766692,10524,0,106506,0.098811,nan,0.0,ok
orgsegnet,nucleus,zenodo_3675220_platynereis,Platynereis,nucleus_00149,sparse,80,nuclei.zip:train_data_nuclei_06,0.111,0.0,0.0,0.0,0.0,0.0,0.999271,0.999984,0,268,11956,16764992,11956,268,107310,0.111416,nan,0.0,ok
orgsegnet,nucleus,zenodo_3675220_platynereis,Platynereis,nucleus_00150,sparse,80,nuclei.zip:train_data_nuclei_07,0.09,0.0,0.0,0.0,0.0,0.0,0.998689,0.999999,0,14,21979,16755223,21979,14,140625,0.156295,nan,0.0,ok
orgsegnet,nucleus,zenodo_3675220_platynereis,Platynereis,nucleus_00151,sparse,80,nuclei.zip:train_data_nuclei_07,0.102,0.0,0.0,0.0,0.0,0.0,0.998864,0.999997,0,45,19009,16758162,19009,45,140625,0.135175,nan,0.0,ok
orgsegnet,nucleus,zenodo_3675220_platynereis,Platynereis,nucleus_00152,sparse,80,nuclei.zip:train_data_nuclei_07,0.109,0.0,0.0,nan,0.0,0.0,0.998907,1.0,0,0,18338,16758878,18338,0,140625,0.130404,nan,0.0,ok
orgsegnet,nucleus,zenodo_3675220_platynereis,Platynereis,nucleus_00153,sparse,80,nuclei.zip:train_data_nuclei_07,0.352,0.0,0.0,nan,0.0,0.0,0.998928,1.0,0,0,17986,16759230,17986,0,140625,0.1279,nan,0.0,ok
orgsegnet,nucleus,zenodo_3675220_platynereis,Platynereis,nucleus_00154,sparse,80,nuclei.zip:train_data_nuclei_07,0.155,0.0,0.0,nan,0.0,0.0,0.998917,1.0,0,0,18173,16759043,18173,0,140625,0.12923,nan,0.0,ok
orgsegnet,nucleus,zenodo_3675220_platynereis,Platynereis,nucleus_00155,sparse,80,nuclei.zip:train_data_nuclei_07,0.267,0.0,0.0,nan,0.0,0.0,0.999061,1.0,0,0,15754,16761462,15754,0,140625,0.112028,nan,0.0,ok
orgsegnet,nucleus,zenodo_3675220_platynereis,Platynereis,nucleus_00156,sparse,80,nuclei.zip:train_data_nuclei_07,0.076,0.0,0.0,nan,0.0,0.0,0.999147,1.0,0,0,14314,16762902,14314,0,140625,0.101788,nan,0.0,ok
orgsegnet,nucleus,zenodo_3675220_platynereis,Platynereis,nucleus_00157,sparse,80,nuclei.zip:train_data_nuclei_07,0.071,0.0,0.0,nan,0.0,0.0,0.999087,1.0,0,0,15310,16761906,15310,0,140250,0.109162,nan,0.0,ok
orgsegnet,nucleus,zenodo_3675220_platynereis,Platynereis,nucleus_00158,sparse,80,nuclei.zip:train_data_nuclei_07,0.069,0.0,0.0,nan,0.0,0.0,0.999091,1.0,0,0,15252,16761964,15252,0,121125,0.12592,nan,0.0,ok
orgsegnet,nucleus,zenodo_3675220_platynereis,Platynereis,nucleus_00159,sparse,80,nuclei.zip:train_data_nuclei_07,0.116,0.0,0.0,nan,0.0,0.0,0.999167,1.0,0,0,13982,16763234,13982,0,121125,0.115434,nan,0.0,ok
orgsegnet,nucleus,zenodo_3675220_platynereis,Platynereis,nucleus_00160,sparse,80,nuclei.zip:train_data_nuclei_07,0.118,0.0,0.0,0.0,0.0,0.0,0.999273,0.999999,0,11,12180,16765025,12180,11,120750,0.10087,nan,0.0,ok
orgsegnet,nucleus,zenodo_3675220_platynereis,Platynereis,nucleus_00161,sparse,80,nuclei.zip:train_data_nuclei_07,0.091,0.0,0.0,nan,0.0,0.0,0.999334,1.0,0,0,11181,16766035,11181,0,131250,0.085189,nan,0.0,ok
orgsegnet,nucleus,zenodo_3675220_platynereis,Platynereis,nucleus_00162,sparse,80,nuclei.zip:train_data_nuclei_07,0.096,0.0,0.0,nan,0.0,0.0,0.999307,1.0,0,0,11634,16765582,11634,0,138375,0.084076,nan,0.0,ok
orgsegnet,nucleus,zenodo_3675220_platynereis,Platynereis,nucleus_00163,sparse,80,nuclei.zip:train_data_nuclei_07,0.112,0.0,0.0,nan,0.0,0.0,0.999337,1.0,0,0,11115,16766101,11115,0,140625,0.07904,nan,0.0,ok
orgsegnet,nucleus,zenodo_3675220_platynereis,Platynereis,nucleus_00164,sparse,80,nuclei.zip:train_data_nuclei_07,0.149,0.0,0.0,0.0,0.0,0.0,0.999135,0.999844,0,2618,11886,16762712,11886,2618,140625,0.084523,nan,0.0,ok
orgsegnet,nucleus,zenodo_3675220_platynereis,Platynereis,nucleus_00165,sparse,80,nuclei.zip:train_data_nuclei_07,0.198,0.0,0.0,0.0,0.0,0.0,0.998886,0.999674,0,5469,13225,16758522,13225,5469,140625,0.094044,nan,0.0,ok
orgsegnet,nucleus,zenodo_3675220_platynereis,Platynereis,nucleus_00166,sparse,80,nuclei.zip:train_data_nuclei_07,0.069,0.0,0.0,0.0,0.0,0.0,0.998965,0.999801,0,3328,14029,16759859,14029,3328,140625,0.099762,nan,0.0,ok
orgsegnet,nucleus,zenodo_3675220_platynereis,Platynereis,nucleus_00167,sparse,80,nuclei.zip:train_data_nuclei_07,0.077,0.0,0.0,0.0,0.0,0.0,0.999152,0.999998,0,39,14192,16762985,14192,39,140625,0.100921,nan,0.0,ok
orgsegnet,nucleus,zenodo_3675220_platynereis,Platynereis,nucleus_00168,sparse,80,nuclei.zip:train_data_nuclei_07,0.097,0.0,0.0,nan,0.0,0.0,0.999078,1.0,0,0,15468,16761748,15468,0,140625,0.109995,nan,0.0,ok
orgsegnet,nucleus,zenodo_3675220_platynereis,Platynereis,nucleus_00169,sparse,80,nuclei.zip:train_data_nuclei_07,0.091,0.0,0.0,0.0,0.0,0.0,0.998951,0.99998,0,328,17271,16759617,17271,328,140625,0.122816,nan,0.0,ok
orgsegnet,nucleus,zenodo_3675220_platynereis,Platynereis,nucleus_00170,sparse,80,nuclei.zip:train_data_nuclei_07,0.091,0.0,0.0,nan,0.0,0.0,0.998886,1.0,0,0,18687,16758529,18687,0,140625,0.132885,nan,0.0,ok
orgsegnet,nucleus,zenodo_3675220_platynereis,Platynereis,nucleus_00171,sparse,80,nuclei.zip:train_data_nuclei_07,0.118,0.0,0.0,0.0,0.0,0.0,0.998835,0.99999,0,172,19368,16757676,19368,172,140625,0.137728,nan,0.0,ok
orgsegnet,nucleus,zenodo_3675220_platynereis,Platynereis,nucleus_00172,sparse,80,nuclei.zip:train_data_nuclei_07,0.097,0.0,0.0,nan,0.0,0.0,0.998882,1.0,0,0,18759,16758457,18759,0,140625,0.133397,nan,0.0,ok
orgsegnet,nucleus,zenodo_3675220_platynereis,Platynereis,nucleus_00173,sparse,80,nuclei.zip:train_data_nuclei_07,0.1,0.002512,0.001257,0.05098,0.001288,0.002512,0.998769,0.999971,26,484,20166,16756540,20192,510,140625,0.143588,nan,0.014651,ok
orgsegnet,nucleus,zenodo_3675220_platynereis,Platynereis,nucleus_00174,sparse,80,nuclei.zip:train_data_nuclei_07,0.097,0.0,0.0,0.0,0.0,0.0,0.99885,0.999974,0,434,18865,16757917,18865,434,140625,0.134151,nan,0.0,ok
orgsegnet,nucleus,zenodo_3675220_platynereis,Platynereis,nucleus_00175,sparse,80,nuclei.zip:train_data_nuclei_08,0.169,0.0,0.0,nan,0.0,0.0,0.997039,1.0,0,0,49680,16727536,49680,0,187500,0.26496,nan,0.0,ok
orgsegnet,nucleus,zenodo_3675220_platynereis,Platynereis,nucleus_00176,sparse,80,nuclei.zip:train_data_nuclei_08,0.114,0.0,0.0,nan,0.0,0.0,0.996977,1.0,0,0,50712,16726504,50712,0,187500,0.270464,nan,0.0,ok
orgsegnet,nucleus,zenodo_3675220_platynereis,Platynereis,nucleus_00177,sparse,80,nuclei.zip:train_data_nuclei_08,0.134,0.0,0.0,nan,0.0,0.0,0.996868,1.0,0,0,52540,16724676,52540,0,187500,0.280213,nan,0.0,ok
orgsegnet,nucleus,zenodo_3675220_platynereis,Platynereis,nucleus_00178,sparse,80,nuclei.zip:train_data_nuclei_08,0.139,0.0,0.0,nan,0.0,0.0,0.99681,1.0,0,0,53520,16723696,53520,0,187500,0.28544,nan,0.0,ok
orgsegnet,nucleus,zenodo_3675220_platynereis,Platynereis,nucleus_00179,sparse,80,nuclei.zip:train_data_nuclei_08,0.135,0.0,0.0,nan,0.0,0.0,0.996839,1.0,0,0,53027,16724189,53027,0,187500,0.282811,nan,0.0,ok
orgsegnet,nucleus,zenodo_3675220_platynereis,Platynereis,nucleus_00180,sparse,80,nuclei.zip:train_data_nuclei_08,0.125,0.0,0.0,0.0,0.0,0.0,0.996822,0.999996,0,59,53264,16723893,53264,59,187500,0.284075,nan,0.0,ok
orgsegnet,nucleus,zenodo_3675220_platynereis,Platynereis,nucleus_00181,sparse,80,nuclei.zip:train_data_nuclei_08,0.114,0.0,0.0,nan,0.0,0.0,0.996664,1.0,0,0,55962,16721254,55962,0,187500,0.298464,nan,0.0,ok
orgsegnet,nucleus,zenodo_3675220_platynereis,Platynereis,nucleus_00182,sparse,80,nuclei.zip:train_data_nuclei_08,0.116,0.0,0.0,nan,0.0,0.0,0.996553,1.0,0,0,57823,16719393,57823,0,187500,0.308389,nan,0.0,ok
orgsegnet,nucleus,zenodo_3675220_platynereis,Platynereis,nucleus_00183,sparse,80,nuclei.zip:train_data_nuclei_08,0.115,0.0,0.0,nan,0.0,0.0,0.996456,1.0,0,0,59457,16717759,59457,0,187500,0.317104,nan,0.0,ok
orgsegnet,nucleus,zenodo_3675220_platynereis,Platynereis,nucleus_00184,sparse,80,nuclei.zip:train_data_nuclei_08,0.11,0.0,0.0,nan,0.0,0.0,0.996333,1.0,0,0,61527,16715689,61527,0,187500,0.328144,nan,0.0,ok
orgsegnet,nucleus,zenodo_3675220_platynereis,Platynereis,nucleus_00185,sparse,80,nuclei.zip:train_data_nuclei_08,0.109,0.0,0.0,0.0,0.0,0.0,0.996262,0.999975,0,426,62293,16714497,62293,426,187500,0.332229,nan,0.0,ok
orgsegnet,nucleus,zenodo_3675220_platynereis,Platynereis,nucleus_00186,sparse,80,nuclei.zip:train_data_nuclei_08,0.445,0.0,0.0,nan,0.0,0.0,0.996292,1.0,0,0,62212,16715004,62212,0,187500,0.331797,nan,0.0,ok
orgsegnet,nucleus,zenodo_3675220_platynereis,Platynereis,nucleus_00187,sparse,80,nuclei.zip:train_data_nuclei_08,0.127,0.0,0.0,nan,0.0,0.0,0.996335,1.0,0,0,61490,16715726,61490,0,187500,0.327947,nan,0.0,ok
orgsegnet,nucleus,zenodo_3675220_platynereis,Platynereis,nucleus_00188,sparse,80,nuclei.zip:train_data_nuclei_08,0.127,0.0,0.0,nan,0.0,0.0,0.996426,1.0,0,0,59955,16717261,59955,0,187500,0.31976,nan,0.0,ok
orgsegnet,nucleus,zenodo_3675220_platynereis,Platynereis,nucleus_00189,sparse,80,nuclei.zip:train_data_nuclei_08,0.114,0.0,0.0,0.0,0.0,0.0,0.996474,0.999968,0,530,58633,16718053,58633,530,187500,0.312709,nan,0.0,ok
orgsegnet,nucleus,zenodo_3675220_platynereis,Platynereis,nucleus_00190,sparse,80,nuclei.zip:train_data_nuclei_08,0.133,0.0,0.0,0.0,0.0,0.0,0.996526,0.999995,0,87,58201,16718928,58201,87,187500,0.310405,nan,0.0,ok
orgsegnet,nucleus,zenodo_3675220_platynereis,Platynereis,nucleus_00191,sparse,80,nuclei.zip:train_data_nuclei_08,0.117,0.0,0.0,0.0,0.0,0.0,0.99647,0.999979,0,346,58881,16717989,58881,346,187500,0.314032,nan,0.0,ok
orgsegnet,nucleus,zenodo_3675220_platynereis,Platynereis,nucleus_00192,sparse,80,nuclei.zip:train_data_nuclei_08,0.118,0.0,0.0,nan,0.0,0.0,0.996307,1.0,0,0,61955,16715261,61955,0,187500,0.330427,nan,0.0,ok
orgsegnet,nucleus,zenodo_3675220_platynereis,Platynereis,nucleus_00193,sparse,80,nuclei.zip:train_data_nuclei_08,0.111,0.0,0.0,nan,0.0,0.0,0.996232,1.0,0,0,63222,16713994,63222,0,187500,0.337184,nan,0.0,ok
orgsegnet,nucleus,zenodo_3675220_platynereis,Platynereis,nucleus_00194,sparse,80,nuclei.zip:train_data_nuclei_08,0.128,0.0,0.0,nan,0.0,0.0,0.996212,1.0,0,0,63560,16713656,63560,0,187500,0.338987,nan,0.0,ok
orgsegnet,nucleus,zenodo_3675220_platynereis,Platynereis,nucleus_00195,sparse,80,nuclei.zip:train_data_nuclei_08,0.115,0.0,0.0,0.0,0.0,0.0,0.996191,0.999981,0,318,63586,16713312,63586,318,187000,0.340032,nan,0.0,ok
orgsegnet,nucleus,zenodo_3675220_platynereis,Platynereis,nucleus_00196,sparse,80,nuclei.zip:train_data_nuclei_08,0.123,0.0,0.0,nan,0.0,0.0,0.996142,1.0,0,0,64731,16712485,64731,0,187500,0.345232,nan,0.0,ok
orgsegnet,nucleus,zenodo_3675220_platynereis,Platynereis,nucleus_00197,sparse,80,nuclei.zip:train_data_nuclei_08,0.157,0.0,0.0,0.0,0.0,0.0,0.995827,0.999698,0,5049,64970,16707197,64970,5049,187500,0.346507,nan,0.0,ok
orgsegnet,nucleus,zenodo_3675220_platynereis,Platynereis,nucleus_00198,sparse,80,nuclei.zip:train_data_nuclei_08,0.144,0.0,0.0,0.0,0.0,0.0,0.995789,0.999649,0,5860,64792,16706564,64792,5860,187500,0.345557,nan,0.0,ok
orgsegnet,nucleus,zenodo_3675220_platynereis,Platynereis,nucleus_00199,sparse,80,nuclei.zip:train_data_nuclei_08,0.15,0.0,0.0,0.0,0.0,0.0,0.995963,0.999841,0,2663,65063,16709490,65063,2663,187500,0.347003,nan,0.0,ok
orgsegnet,nucleus,zenodo_3675220_platynereis,Platynereis,nucleus_00200,sparse,80,nuclei.zip:train_data_nuclei_09,0.068,0.0,0.0,nan,0.0,0.0,0.998253,1.0,0,0,29306,16747910,29306,0,106875,0.274208,nan,0.0,ok
orgsegnet,nucleus,zenodo_3675220_platynereis,Platynereis,nucleus_00201,sparse,80,nuclei.zip:train_data_nuclei_09,0.113,0.0,0.0,0.0,0.0,0.0,0.99813,0.999992,0,127,31250,16745839,31250,127,105750,0.295508,nan,0.0,ok
orgsegnet,nucleus,zenodo_3675220_platynereis,Platynereis,nucleus_00202,sparse,80,nuclei.zip:train_data_nuclei_09,0.098,0.0,0.0,nan,0.0,0.0,0.998084,1.0,0,0,32139,16745077,32139,0,104250,0.308288,nan,0.0,ok
orgsegnet,nucleus,zenodo_3675220_platynereis,Platynereis,nucleus_00203,sparse,80,nuclei.zip:train_data_nuclei_09,0.106,0.0,0.0,nan,0.0,0.0,0.998159,1.0,0,0,30894,16746322,30894,0,108000,0.286056,nan,0.0,ok
orgsegnet,nucleus,zenodo_3675220_platynereis,Platynereis,nucleus_00204,sparse,80,nuclei.zip:train_data_nuclei_09,0.134,0.0,0.0,nan,0.0,0.0,0.998313,1.0,0,0,28308,16748908,28308,0,109875,0.257638,nan,0.0,ok
orgsegnet,nucleus,zenodo_3675220_platynereis,Platynereis,nucleus_00205,sparse,80,nuclei.zip:train_data_nuclei_09,0.127,0.0,0.0,nan,0.0,0.0,0.998476,1.0,0,0,25568,16751648,25568,0,110625,0.231123,nan,0.0,ok
orgsegnet,nucleus,zenodo_3675220_platynereis,Platynereis,nucleus_00206,sparse,80,nuclei.zip:train_data_nuclei_09,0.105,0.0,0.0,nan,0.0,0.0,0.99855,1.0,0,0,24326,16752890,24326,0,110250,0.220644,nan,0.0,ok
orgsegnet,nucleus,zenodo_3675220_platynereis,Platynereis,nucleus_00207,sparse,80,nuclei.zip:train_data_nuclei_09,0.096,0.0,0.0,nan,0.0,0.0,0.998536,1.0,0,0,24565,16752651,24565,0,112875,0.21763,nan,0.0,ok
orgsegnet,nucleus,zenodo_3675220_platynereis,Platynereis,nucleus_00208,sparse,80,nuclei.zip:train_data_nuclei_09,0.098,0.0,0.0,0.0,0.0,0.0,0.998344,0.999955,0,759,27019,16749438,27019,759,114750,0.23546,nan,0.0,ok
orgsegnet,nucleus,zenodo_3675220_platynereis,Platynereis,nucleus_00209,sparse,80,nuclei.zip:train_data_nuclei_09,0.118,0.004404,0.002207,0.546218,0.002211,0.004404,0.998248,0.999997,65,54,29337,16747760,29402,119,115500,0.254563,nan,0.006191,ok
orgsegnet,nucleus,zenodo_3675220_platynereis,Platynereis,nucleus_00210,sparse,80,nuclei.zip:train_data_nuclei_09,0.2,0.0,0.0,nan,0.0,0.0,0.998213,1.0,0,0,29985,16747231,29985,0,116250,0.257935,nan,0.0,ok
orgsegnet,nucleus,zenodo_3675220_platynereis,Platynereis,nucleus_00211,sparse,80,nuclei.zip:train_data_nuclei_09,0.124,0.008983,0.004512,0.299539,0.00456,0.008983,0.99829,0.999982,130,304,28381,16748401,28511,434,113712,0.25073,nan,0.013265,ok
orgsegnet,nucleus,zenodo_3675220_platynereis,Platynereis,nucleus_00212,sparse,80,nuclei.zip:train_data_nuclei_09,0.062,0.0,0.0,nan,0.0,0.0,0.998262,1.0,0,0,29154,16748062,29154,0,122250,0.238479,nan,0.0,ok
orgsegnet,nucleus,zenodo_3675220_platynereis,Platynereis,nucleus_00213,sparse,80,nuclei.zip:train_data_nuclei_09,0.104,0.0,0.0,0.0,0.0,0.0,0.998266,0.999992,0,140,28946,16748130,28946,140,128625,0.225042,nan,0.0,ok
orgsegnet,nucleus,zenodo_3675220_platynereis,Platynereis,nucleus_00214,sparse,80,nuclei.zip:train_data_nuclei_09,0.12,0.0,0.0,nan,0.0,0.0,0.998269,1.0,0,0,29044,16748172,29044,0,130500,0.222559,nan,0.0,ok
orgsegnet,nucleus,zenodo_3675220_platynereis,Platynereis,nucleus_00215,sparse,80,nuclei.zip:train_data_nuclei_09,0.087,0.0,0.0,nan,0.0,0.0,0.998354,1.0,0,0,27614,16749602,27614,0,133500,0.206846,nan,0.0,ok
orgsegnet,nucleus,zenodo_3675220_platynereis,Platynereis,nucleus_00216,sparse,80,nuclei.zip:train_data_nuclei_09,0.09,0.0,0.0,nan,0.0,0.0,0.998399,1.0,0,0,26865,16750351,26865,0,134625,0.199554,nan,0.0,ok
orgsegnet,nucleus,zenodo_3675220_platynereis,Platynereis,nucleus_00217,sparse,80,nuclei.zip:train_data_nuclei_09,0.094,0.0,0.0,0.0,0.0,0.0,0.998469,0.99994,0,1009,24681,16751526,24681,1009,135000,0.182822,nan,0.0,ok
orgsegnet,nucleus,zenodo_3675220_platynereis,Platynereis,nucleus_00218,sparse,80,nuclei.zip:train_data_nuclei_09,0.13,0.0,0.0,nan,0.0,0.0,0.998687,1.0,0,0,22031,16755185,22031,0,135375,0.162741,nan,0.0,ok
orgsegnet,nucleus,zenodo_3675220_platynereis,Platynereis,nucleus_00219,sparse,80,nuclei.zip:train_data_nuclei_09,0.135,0.0,0.0,nan,0.0,0.0,0.998808,1.0,0,0,20003,16757213,20003,0,135375,0.14776,nan,0.0,ok
orgsegnet,nucleus,zenodo_3675220_platynereis,Platynereis,nucleus_00220,sparse,80,nuclei.zip:train_data_nuclei_09,0.111,0.0,0.0,nan,0.0,0.0,0.998973,1.0,0,0,17227,16759989,17227,0,133125,0.129405,nan,0.0,ok
orgsegnet,nucleus,zenodo_3675220_platynereis,Platynereis,nucleus_00221,sparse,80,nuclei.zip:train_data_nuclei_09,0.251,0.0,0.0,nan,0.0,0.0,0.999034,1.0,0,0,16213,16761003,16213,0,131250,0.123528,nan,0.0,ok
orgsegnet,nucleus,zenodo_3675220_platynereis,Platynereis,nucleus_00222,sparse,80,nuclei.zip:train_data_nuclei_09,0.217,0.0,0.0,nan,0.0,0.0,0.999018,1.0,0,0,16473,16760743,16473,0,131250,0.125509,nan,0.0,ok
orgsegnet,nucleus,zenodo_3675220_platynereis,Platynereis,nucleus_00223,sparse,80,nuclei.zip:train_data_nuclei_09,0.07,0.0,0.0,nan,0.0,0.0,0.999039,1.0,0,0,16116,16761100,16116,0,121800,0.132315,nan,0.0,ok
orgsegnet,nucleus,zenodo_3675220_platynereis,Platynereis,nucleus_00224,sparse,80,nuclei.zip:train_data_nuclei_09,0.084,0.0,0.0,nan,0.0,0.0,0.999056,1.0,0,0,15846,16761370,15846,0,119370,0.132747,nan,0.0,ok
orgsegnet,nucleus,zenodo_3675220_platynereis,Platynereis,nucleus_00225,sparse,80,nuclei.zip:train_data_nuclei_10,0.404,0.0,0.0,nan,0.0,0.0,0.999423,1.0,0,0,9681,16767535,9681,0,127500,0.075929,nan,0.0,ok
orgsegnet,nucleus,zenodo_3675220_platynereis,Platynereis,nucleus_00226,sparse,80,nuclei.zip:train_data_nuclei_10,0.102,0.0,0.0,nan,0.0,0.0,0.999374,1.0,0,0,10504,16766712,10504,0,82472,0.127364,nan,0.0,ok
orgsegnet,nucleus,zenodo_3675220_platynereis,Platynereis,nucleus_00227,sparse,80,nuclei.zip:train_data_nuclei_10,0.104,0.0,0.0,nan,0.0,0.0,0.999354,1.0,0,0,10840,16766376,10840,0,82420,0.131521,nan,0.0,ok
orgsegnet,nucleus,zenodo_3675220_platynereis,Platynereis,nucleus_00228,sparse,80,nuclei.zip:train_data_nuclei_10,0.101,0.0,0.0,nan,0.0,0.0,0.999302,1.0,0,0,11703,16765513,11703,0,113803,0.102836,nan,0.0,ok
orgsegnet,nucleus,zenodo_3675220_platynereis,Platynereis,nucleus_00229,sparse,80,nuclei.zip:train_data_nuclei_10,0.146,0.0,0.0,0.0,0.0,0.0,0.999201,0.999998,0,34,13371,16763811,13371,34,132750,0.100723,nan,0.0,ok
orgsegnet,nucleus,zenodo_3675220_platynereis,Platynereis,nucleus_00230,sparse,80,nuclei.zip:train_data_nuclei_10,0.2,0.0,0.0,nan,0.0,0.0,0.99915,1.0,0,0,14253,16762963,14253,0,134625,0.105872,nan,0.0,ok
orgsegnet,nucleus,zenodo_3675220_platynereis,Platynereis,nucleus_00231,sparse,80,nuclei.zip:train_data_nuclei_10,0.07,0.0,0.0,nan,0.0,0.0,0.999082,1.0,0,0,15406,16761810,15406,0,140625,0.109554,nan,0.0,ok
orgsegnet,nucleus,zenodo_3675220_platynereis,Platynereis,nucleus_00232,sparse,80,nuclei.zip:train_data_nuclei_10,0.09,0.0,0.0,nan,0.0,0.0,0.998974,1.0,0,0,17208,16760008,17208,0,135750,0.126762,nan,0.0,ok
orgsegnet,nucleus,zenodo_3675220_platynereis,Platynereis,nucleus_00233,sparse,80,nuclei.zip:train_data_nuclei_10,0.104,0.0,0.0,nan,0.0,0.0,0.998952,1.0,0,0,17581,16759635,17581,0,100875,0.174285,nan,0.0,ok
orgsegnet,nucleus,zenodo_3675220_platynereis,Platynereis,nucleus_00234,sparse,80,nuclei.zip:train_data_nuclei_10,0.101,0.0,0.0,nan,0.0,0.0,0.998866,1.0,0,0,19023,16758193,19023,0,136500,0.139363,nan,0.0,ok
orgsegnet,nucleus,zenodo_3675220_platynereis,Platynereis,nucleus_00235,sparse,80,nuclei.zip:train_data_nuclei_10,0.177,0.0,0.0,nan,0.0,0.0,0.998843,1.0,0,0,19418,16757798,19418,0,140625,0.138084,nan,0.0,ok
orgsegnet,nucleus,zenodo_3675220_platynereis,Platynereis,nucleus_00236,sparse,80,nuclei.zip:train_data_nuclei_10,0.074,0.0,0.0,nan,0.0,0.0,0.998803,1.0,0,0,20077,16757139,20077,0,140625,0.14277,nan,0.0,ok
orgsegnet,nucleus,zenodo_3675220_platynereis,Platynereis,nucleus_00237,sparse,80,nuclei.zip:train_data_nuclei_10,0.073,0.0,0.0,nan,0.0,0.0,0.998775,1.0,0,0,20553,16756663,20553,0,140625,0.146155,nan,0.0,ok
orgsegnet,nucleus,zenodo_3675220_platynereis,Platynereis,nucleus_00238,sparse,80,nuclei.zip:train_data_nuclei_10,0.074,0.0,0.0,nan,0.0,0.0,0.998767,1.0,0,0,20693,16756523,20693,0,140625,0.14715,nan,0.0,ok
orgsegnet,nucleus,zenodo_3675220_platynereis,Platynereis,nucleus_00239,sparse,80,nuclei.zip:train_data_nuclei_10,0.114,0.0,0.0,0.0,0.0,0.0,0.998695,0.999987,0,222,21674,16755320,21674,222,140625,0.154126,nan,0.0,ok
orgsegnet,nucleus,zenodo_3675220_platynereis,Platynereis,nucleus_00240,sparse,80,nuclei.zip:train_data_nuclei_10,0.116,0.0,0.0,0.0,0.0,0.0,0.998294,0.999634,0,6131,22493,16748592,22493,6131,140625,0.15995,nan,0.0,ok
orgsegnet,nucleus,zenodo_3675220_platynereis,Platynereis,nucleus_00241,sparse,80,nuclei.zip:train_data_nuclei_10,0.11,0.0,0.0,0.0,0.0,0.0,0.998531,0.999844,0,2620,22031,16752565,22031,2620,127875,0.172285,nan,0.0,ok
orgsegnet,nucleus,zenodo_3675220_platynereis,Platynereis,nucleus_00242,sparse,80,nuclei.zip:train_data_nuclei_10,0.095,0.00439,0.0022,0.131868,0.002232,0.00439,0.998702,0.999981,48,316,21455,16755397,21503,364,125250,0.171681,nan,0.023029,ok
orgsegnet,nucleus,zenodo_3675220_platynereis,Platynereis,nucleus_00243,sparse,80,nuclei.zip:train_data_nuclei_10,0.503,0.0,0.0,0.0,0.0,0.0,0.998746,0.999987,0,225,20807,16756184,20807,225,97300,0.213844,nan,0.0,ok
orgsegnet,nucleus,zenodo_3675220_platynereis,Platynereis,nucleus_00244,sparse,80,nuclei.zip:train_data_nuclei_10,0.096,0.0,0.0,0.0,0.0,0.0,0.998771,1.0,0,2,20623,16756591,20623,2,127875,0.161275,nan,0.0,ok
orgsegnet,nucleus,zenodo_3675220_platynereis,Platynereis,nucleus_00245,sparse,80,nuclei.zip:train_data_nuclei_10,0.091,0.00435,0.00218,0.511905,0.002184,0.00435,0.998827,0.999998,43,41,19644,16757488,19687,84,140625,0.139996,nan,0.020181,ok
orgsegnet,nucleus,zenodo_3675220_platynereis,Platynereis,nucleus_00246,sparse,80,nuclei.zip:train_data_nuclei_10,0.098,0.0,0.0,0.0,0.0,0.0,0.998863,0.999994,0,95,18985,16758136,18985,95,140625,0.135004,nan,0.0,ok
orgsegnet,nucleus,zenodo_3675220_platynereis,Platynereis,nucleus_00247,sparse,80,nuclei.zip:train_data_nuclei_10,0.125,0.0,0.0,0.0,0.0,0.0,0.999054,0.999998,0,30,15845,16761341,15845,30,140625,0.112676,nan,0.0,ok
orgsegnet,nucleus,zenodo_3675220_platynereis,Platynereis,nucleus_00248,sparse,80,nuclei.zip:train_data_nuclei_10,0.116,0.0,0.0,nan,0.0,0.0,0.999102,1.0,0,0,15065,16762151,15065,0,140625,0.107129,nan,0.0,ok
orgsegnet,nucleus,zenodo_3675220_platynereis,Platynereis,nucleus_00249,sparse,80,nuclei.zip:train_data_nuclei_10,0.093,0.000136,6.8e-05,0.007092,6.9e-05,0.000136,0.999122,0.999992,1,140,14590,16762485,14591,141,140625,0.103758,nan,0.004582,ok
orgsegnet,nucleus,zenodo_3675220_platynereis,Platynereis,nucleus_00250,sparse,80,nuclei.zip:train_data_nuclei_11,0.137,0.0,0.0,nan,0.0,0.0,0.999,1.0,0,0,16778,16760438,16778,0,128625,0.130441,nan,0.0,ok
orgsegnet,nucleus,zenodo_3675220_platynereis,Platynereis,nucleus_00251,sparse,80,nuclei.zip:train_data_nuclei_11,0.113,0.0,0.0,0.0,0.0,0.0,0.998983,0.999979,0,358,16703,16760155,16703,358,126750,0.131779,nan,0.0,ok
orgsegnet,nucleus,zenodo_3675220_platynereis,Platynereis,nucleus_00252,sparse,80,nuclei.zip:train_data_nuclei_11,0.224,0.0,0.0,0.0,0.0,0.0,0.999014,0.999964,0,599,15939,16760678,15939,599,124875,0.12764,nan,0.0,ok
orgsegnet,nucleus,zenodo_3675220_platynereis,Platynereis,nucleus_00253,sparse,80,nuclei.zip:train_data_nuclei_11,0.07,0.0,0.0,nan,0.0,0.0,0.999089,1.0,0,0,15289,16761927,15289,0,140625,0.108722,nan,0.0,ok
orgsegnet,nucleus,zenodo_3675220_platynereis,Platynereis,nucleus_00254,sparse,80,nuclei.zip:train_data_nuclei_11,0.057,0.0,0.0,nan,0.0,0.0,0.99913,1.0,0,0,14593,16762623,14593,0,140625,0.103772,nan,0.0,ok
orgsegnet,nucleus,zenodo_3675220_platynereis,Platynereis,nucleus_00255,sparse,80,nuclei.zip:train_data_nuclei_11,0.101,0.0,0.0,nan,0.0,0.0,0.999219,1.0,0,0,13105,16764111,13105,0,140625,0.093191,nan,0.0,ok
orgsegnet,nucleus,zenodo_3675220_platynereis,Platynereis,nucleus_00256,sparse,80,nuclei.zip:train_data_nuclei_11,0.104,0.0,0.0,nan,0.0,0.0,0.999199,1.0,0,0,13432,16763784,13432,0,140625,0.095516,nan,0.0,ok
orgsegnet,nucleus,zenodo_3675220_platynereis,Platynereis,nucleus_00257,sparse,80,nuclei.zip:train_data_nuclei_11,0.116,0.0,0.0,0.0,0.0,0.0,0.998969,0.999896,0,1742,15551,16759923,15551,1742,140625,0.110585,nan,0.0,ok
orgsegnet,nucleus,zenodo_3675220_platynereis,Platynereis,nucleus_00258,sparse,80,nuclei.zip:train_data_nuclei_11,0.149,0.0,0.0,nan,0.0,0.0,0.998982,1.0,0,0,17074,16760142,17074,0,140625,0.121415,nan,0.0,ok
orgsegnet,nucleus,zenodo_3675220_platynereis,Platynereis,nucleus_00259,sparse,80,nuclei.zip:train_data_nuclei_11,0.173,0.0,0.0,0.0,0.0,0.0,0.99876,0.999884,0,1948,18854,16756414,18854,1948,140625,0.134073,nan,0.0,ok
orgsegnet,nucleus,zenodo_3675220_platynereis,Platynereis,nucleus_00260,sparse,80,nuclei.zip:train_data_nuclei_11,0.225,0.0,0.0,0.0,0.0,0.0,0.99884,0.999994,0,103,19354,16757759,19354,103,140625,0.137628,nan,0.0,ok
orgsegnet,nucleus,zenodo_3675220_platynereis,Platynereis,nucleus_00261,sparse,80,nuclei.zip:train_data_nuclei_11,0.069,0.0,0.0,0.0,0.0,0.0,0.998896,0.999996,0,60,18461,16758695,18461,60,138375,0.133413,nan,0.0,ok
orgsegnet,nucleus,zenodo_3675220_platynereis,Platynereis,nucleus_00262,sparse,80,nuclei.zip:train_data_nuclei_11,0.07,0.0,0.0,nan,0.0,0.0,0.999073,1.0,0,0,15554,16761662,15554,0,135000,0.115215,nan,0.0,ok
orgsegnet,nucleus,zenodo_3675220_platynereis,Platynereis,nucleus_00263,sparse,80,nuclei.zip:train_data_nuclei_11,0.072,0.0,0.0,nan,0.0,0.0,0.99926,1.0,0,0,12420,16764796,12420,0,129375,0.096,nan,0.0,ok
orgsegnet,nucleus,zenodo_3675220_platynereis,Platynereis,nucleus_00264,sparse,80,nuclei.zip:train_data_nuclei_11,0.089,0.0,0.0,nan,0.0,0.0,0.999407,1.0,0,0,9949,16767267,9949,0,129000,0.077124,nan,0.0,ok
orgsegnet,nucleus,zenodo_3675220_platynereis,Platynereis,nucleus_00265,sparse,80,nuclei.zip:train_data_nuclei_11,0.122,0.0,0.0,nan,0.0,0.0,0.999436,1.0,0,0,9464,16767752,9464,0,65750,0.143939,nan,0.0,ok
orgsegnet,nucleus,zenodo_3675220_platynereis,Platynereis,nucleus_00266,sparse,80,nuclei.zip:train_data_nuclei_11,0.103,0.0,0.0,nan,0.0,0.0,0.99945,1.0,0,0,9221,16767995,9221,0,104625,0.088134,nan,0.0,ok
orgsegnet,nucleus,zenodo_3675220_platynereis,Platynereis,nucleus_00267,sparse,80,nuclei.zip:train_data_nuclei_11,0.502,0.0,0.0,nan,0.0,0.0,0.999385,1.0,0,0,10326,16766890,10326,0,107250,0.09628,nan,0.0,ok
orgsegnet,nucleus,zenodo_3675220_platynereis,Platynereis,nucleus_00268,sparse,80,nuclei.zip:train_data_nuclei_11,0.065,0.0,0.0,nan,0.0,0.0,0.999363,1.0,0,0,10692,16766524,10692,0,105000,0.101829,nan,0.0,ok
orgsegnet,nucleus,zenodo_3675220_platynereis,Platynereis,nucleus_00269,sparse,80,nuclei.zip:train_data_nuclei_11,0.065,0.0,0.0,nan,0.0,0.0,0.999376,1.0,0,0,10477,16766739,10477,0,102000,0.102716,nan,0.0,ok
orgsegnet,nucleus,zenodo_3675220_platynereis,Platynereis,nucleus_00270,sparse,80,nuclei.zip:train_data_nuclei_11,0.093,0.0,0.0,nan,0.0,0.0,0.999413,1.0,0,0,9849,16767367,9849,0,100125,0.098367,nan,0.0,ok
orgsegnet,nucleus,zenodo_3675220_platynereis,Platynereis,nucleus_00271,sparse,80,nuclei.zip:train_data_nuclei_11,0.353,0.0,0.0,nan,0.0,0.0,0.999467,1.0,0,0,8948,16768268,8948,0,98250,0.091074,nan,0.0,ok
orgsegnet,nucleus,zenodo_3675220_platynereis,Platynereis,nucleus_00272,sparse,80,nuclei.zip:train_data_nuclei_11,0.123,0.0,0.0,nan,0.0,0.0,0.999546,1.0,0,0,7622,16769594,7622,0,95625,0.079707,nan,0.0,ok
orgsegnet,nucleus,zenodo_3675220_platynereis,Platynereis,nucleus_00273,sparse,80,nuclei.zip:train_data_nuclei_11,0.101,0.0,0.0,nan,0.0,0.0,0.999548,1.0,0,0,7588,16769628,7588,0,62250,0.121896,nan,0.0,ok
orgsegnet,nucleus,zenodo_3675220_platynereis,Platynereis,nucleus_00274,sparse,80,nuclei.zip:train_data_nuclei_11,0.093,0.0,0.0,nan,0.0,0.0,0.999552,1.0,0,0,7521,16769695,7521,0,59500,0.126403,nan,0.0,ok
orgsegnet,nucleus,zenodo_3675220_platynereis,Platynereis,nucleus_00275,sparse,80,nuclei.zip:train_data_nuclei_12,0.103,0.0,0.0,nan,0.0,0.0,0.998793,1.0,0,0,20255,16756961,20255,0,105375,0.192218,nan,0.0,ok
orgsegnet,nucleus,zenodo_3675220_platynereis,Platynereis,nucleus_00276,sparse,80,nuclei.zip:train_data_nuclei_12,0.101,0.0,0.0,nan,0.0,0.0,0.998792,1.0,0,0,20275,16756941,20275,0,105000,0.193095,nan,0.0,ok
orgsegnet,nucleus,zenodo_3675220_platynereis,Platynereis,nucleus_00277,sparse,80,nuclei.zip:train_data_nuclei_12,0.249,0.0,0.0,0.0,0.0,0.0,0.998851,0.999996,0,60,19210,16757946,19210,60,105000,0.182952,nan,0.0,ok
orgsegnet,nucleus,zenodo_3675220_platynereis,Platynereis,nucleus_00278,sparse,80,nuclei.zip:train_data_nuclei_12,0.063,0.0,0.0,0.0,0.0,0.0,0.998769,0.999983,0,291,20370,16756555,20370,291,104625,0.194695,nan,0.0,ok
orgsegnet,nucleus,zenodo_3675220_platynereis,Platynereis,nucleus_00279,sparse,80,nuclei.zip:train_data_nuclei_12,0.075,0.0,0.0,nan,0.0,0.0,0.998727,1.0,0,0,21352,16755864,21352,0,105750,0.20191,nan,0.0,ok
orgsegnet,nucleus,zenodo_3675220_platynereis,Platynereis,nucleus_00280,sparse,80,nuclei.zip:train_data_nuclei_12,0.1,0.0,0.0,nan,0.0,0.0,0.998776,1.0,0,0,20534,16756682,20534,0,103875,0.19768,nan,0.0,ok
orgsegnet,nucleus,zenodo_3675220_platynereis,Platynereis,nucleus_00281,sparse,80,nuclei.zip:train_data_nuclei_12,0.109,0.0,0.0,nan,0.0,0.0,0.998834,1.0,0,0,19565,16757651,19565,0,103875,0.188351,nan,0.0,ok
orgsegnet,nucleus,zenodo_3675220_platynereis,Platynereis,nucleus_00282,sparse,80,nuclei.zip:train_data_nuclei_12,0.165,0.0,0.0,nan,0.0,0.0,0.998865,1.0,0,0,19036,16758180,19036,0,104625,0.181945,nan,0.0,ok
orgsegnet,nucleus,zenodo_3675220_platynereis,Platynereis,nucleus_00283,sparse,80,nuclei.zip:train_data_nuclei_12,0.074,0.0,0.0,nan,0.0,0.0,0.998903,1.0,0,0,18401,16758815,18401,0,76725,0.239831,nan,0.0,ok
orgsegnet,nucleus,zenodo_3675220_platynereis,Platynereis,nucleus_00284,sparse,80,nuclei.zip:train_data_nuclei_12,0.103,0.0,0.0,nan,0.0,0.0,0.998999,1.0,0,0,16790,16760426,16790,0,74790,0.224495,nan,0.0,ok
orgsegnet,nucleus,zenodo_3675220_platynereis,Platynereis,nucleus_00285,sparse,80,nuclei.zip:train_data_nuclei_12,0.099,0.0,0.0,nan,0.0,0.0,0.999083,1.0,0,0,15391,16761825,15391,0,73158,0.21038,nan,0.0,ok
orgsegnet,nucleus,zenodo_3675220_platynereis,Platynereis,nucleus_00286,sparse,80,nuclei.zip:train_data_nuclei_12,0.095,0.0,0.0,nan,0.0,0.0,0.999113,1.0,0,0,14876,16762340,14876,0,87957,0.169128,nan,0.0,ok
orgsegnet,nucleus,zenodo_3675220_platynereis,Platynereis,nucleus_00287,sparse,80,nuclei.zip:train_data_nuclei_12,0.092,0.00069,0.000345,0.052632,0.000347,0.00069,0.999137,0.999995,5,90,14394,16762727,14399,95,85158,0.169086,nan,0.012579,ok
orgsegnet,nucleus,zenodo_3675220_platynereis,Platynereis,nucleus_00288,sparse,80,nuclei.zip:train_data_nuclei_12,0.09,0.0,0.0,nan,0.0,0.0,0.99904,1.0,0,0,16107,16761109,16107,0,87538,0.184,nan,0.0,ok
orgsegnet,nucleus,zenodo_3675220_platynereis,Platynereis,nucleus_00289,sparse,80,nuclei.zip:train_data_nuclei_12,0.304,0.0,0.0,nan,0.0,0.0,0.998964,1.0,0,0,17378,16759838,17378,0,89088,0.195066,nan,0.0,ok
orgsegnet,nucleus,zenodo_3675220_platynereis,Platynereis,nucleus_00290,sparse,80,nuclei.zip:train_data_nuclei_12,0.102,0.0,0.0,nan,0.0,0.0,0.998924,1.0,0,0,18048,16759168,18048,0,89436,0.201798,nan,0.0,ok
orgsegnet,nucleus,zenodo_3675220_platynereis,Platynereis,nucleus_00291,sparse,80,nuclei.zip:train_data_nuclei_12,0.114,0.0,0.0,nan,0.0,0.0,0.998898,1.0,0,0,18489,16758727,18489,0,87720,0.210773,nan,0.0,ok
orgsegnet,nucleus,zenodo_3675220_platynereis,Platynereis,nucleus_00292,sparse,80,nuclei.zip:train_data_nuclei_12,0.145,0.0,0.0,nan,0.0,0.0,0.99891,1.0,0,0,18279,16758937,18279,0,87122,0.209809,nan,0.0,ok
orgsegnet,nucleus,zenodo_3675220_platynereis,Platynereis,nucleus_00293,sparse,80,nuclei.zip:train_data_nuclei_12,0.123,0.0,0.0,nan,0.0,0.0,0.998947,1.0,0,0,17668,16759548,17668,0,85340,0.207031,nan,0.0,ok
orgsegnet,nucleus,zenodo_3675220_platynereis,Platynereis,nucleus_00294,sparse,80,nuclei.zip:train_data_nuclei_12,0.232,0.0,0.0,nan,0.0,0.0,0.999041,1.0,0,0,16084,16761132,16084,0,83239,0.193227,nan,0.0,ok
orgsegnet,nucleus,zenodo_3675220_platynereis,Platynereis,nucleus_00295,sparse,80,nuclei.zip:train_data_nuclei_12,0.059,0.0,0.0,nan,0.0,0.0,0.999146,1.0,0,0,14325,16762891,14325,0,75999,0.188489,nan,0.0,ok
orgsegnet,nucleus,zenodo_3675220_platynereis,Platynereis,nucleus_00296,sparse,80,nuclei.zip:train_data_nuclei_12,0.065,0.0,0.0,nan,0.0,0.0,0.999232,1.0,0,0,12883,16764333,12883,0,72900,0.176722,nan,0.0,ok
orgsegnet,nucleus,zenodo_3675220_platynereis,Platynereis,nucleus_00297,sparse,80,nuclei.zip:train_data_nuclei_12,0.065,0.0,0.0,nan,0.0,0.0,0.999248,1.0,0,0,12617,16764599,12617,0,67410,0.187168,nan,0.0,ok
orgsegnet,nucleus,zenodo_3675220_platynereis,Platynereis,nucleus_00298,sparse,80,nuclei.zip:train_data_nuclei_12,0.122,0.0,0.0,nan,0.0,0.0,0.99924,1.0,0,0,12752,16764464,12752,0,56875,0.224211,nan,0.0,ok
orgsegnet,nucleus,zenodo_3675220_platynereis,Platynereis,nucleus_00299,sparse,80,nuclei.zip:train_data_nuclei_12,0.093,0.0,0.0,nan,0.0,0.0,0.99918,1.0,0,0,13751,16763465,13751,0,60454,0.227462,nan,0.0,ok
