model,organelle,dataset,dataset_label,crop_id,coverage,voxel_nm,source_image,infer_s,dice,iou,precision,recall,f1,accuracy,specificity,tp,fp,fn,tn,gt_area,pred_area,eval_area,gt_frac,cldice,boundary_f1,status
orgsegnet,mito,deepcontact_tem,DeepContact,tem_00000,sparse,4.68,20180115_B1_1_10.jpg,2.789,0.555058,0.384138,0.583411,0.529333,0.555058,0.997662,0.998956,24470,17473,21758,16713515,46228,41943,1238472,0.037327,nan,0.428685,ok
orgsegnet,mito,deepcontact_tem,DeepContact,tem_00001,sparse,4.68,20180115_B1_1_19.jpg,0.143,0.503357,0.336324,0.761312,0.375968,0.503357,0.997178,0.99955,23992,7522,39822,16705880,63814,31514,1270392,0.050232,nan,0.403419,ok
orgsegnet,mito,deepcontact_tem,DeepContact,tem_00002,sparse,4.68,20180115_B1_1_20.jpg,0.135,0.478034,0.31409,0.56301,0.415345,0.478034,0.998725,0.999546,9793,7601,13785,16746037,23578,17394,530910,0.044411,nan,0.29445,ok
orgsegnet,mito,deepcontact_tem,DeepContact,tem_00003,sparse,4.68,20180115_B1_1_28.jpg,0.126,0.590618,0.419062,0.849363,0.452708,0.590618,0.996397,0.999536,43608,7734,52719,16673155,96327,51342,896660,0.107429,nan,0.488209,ok
orgsegnet,mito,deepcontact_tem,DeepContact,tem_00004,sparse,4.68,20180115_B1_1_30.jpg,0.125,0.581759,0.410197,0.8557,0.440681,0.581759,0.995187,0.999431,56163,9471,71283,16640299,127446,65634,1226745,0.10389,nan,0.399009,ok
orgsegnet,mito,deepcontact_tem,DeepContact,tem_00005,sparse,4.68,20180115_B1_1_32.jpg,0.137,0.29672,0.174205,0.589943,0.198205,0.29672,0.996612,0.999501,11990,8334,48503,16708389,60493,20324,816384,0.074099,nan,0.135311,ok
orgsegnet,mito,deepcontact_tem,DeepContact,tem_00006,sparse,4.68,20180115_B7_1_09.jpg,0.127,0.692039,0.529097,0.768109,0.629678,0.692039,0.996581,0.998833,64452,19458,37905,16655401,102357,83910,1282930,0.079784,nan,0.569511,ok
orgsegnet,mito,deepcontact_tem,DeepContact,tem_00007,sparse,4.68,20180115_B7_1_10.jpg,0.125,0.555709,0.384762,0.558235,0.553205,0.555709,0.997595,0.998807,25230,19966,20377,16711643,45607,45196,1048092,0.043514,nan,0.348666,ok
orgsegnet,mito,deepcontact_tem,DeepContact,tem_00008,sparse,4.68,20180115_B7_1_11.jpg,0.133,0.505719,0.338436,0.762392,0.378343,0.505719,0.995441,0.999269,39129,12195,64293,16661599,103422,51324,1226880,0.084297,nan,0.361562,ok
orgsegnet,mito,deepcontact_tem,DeepContact,tem_00009,sparse,4.68,20180115_B7_1_15.jpg,0.125,0.567969,0.396618,0.839703,0.429107,0.567969,0.99833,0.99979,18413,3515,24497,16730791,42910,21928,892314,0.048088,nan,0.227088,ok
orgsegnet,mito,deepcontact_tem,DeepContact,tem_00010,sparse,4.68,20180115_B7_1_25.jpg,0.126,0.604552,0.433232,0.533403,0.697605,0.604552,0.998601,0.999063,17941,15694,7777,16735804,25718,33635,1014930,0.02534,nan,0.228391,ok
orgsegnet,mito,deepcontact_tem,DeepContact,tem_00011,sparse,4.68,20180115_B7_1_30.jpg,0.134,0.442035,0.283726,0.287166,0.959488,0.442035,0.998635,0.998657,9071,22517,383,16745245,9454,31588,1268552,0.007453,nan,0.30577,ok
orgsegnet,mito,deepcontact_tem,DeepContact,tem_00012,sparse,4.68,20180115_B7_1_31.jpg,0.129,0.661469,0.494176,0.887464,0.527213,0.661469,0.997627,0.999705,38902,4933,34886,16698495,73788,43835,879472,0.0839,nan,0.290914,ok
orgsegnet,mito,deepcontact_tem,DeepContact,tem_00013,sparse,4.68,20180115_B7_1_40.jpg,0.136,0.668563,0.502137,0.670021,0.667112,0.668563,0.997903,0.998955,35489,17478,17709,16706540,53198,52967,1223712,0.043473,nan,0.548349,ok
orgsegnet,mito,deepcontact_tem,DeepContact,tem_00014,sparse,4.68,20180115_B7_1_41.jpg,0.142,0.632705,0.462742,0.736815,0.554373,0.632705,0.997596,0.999258,34732,12406,27919,16702159,62651,47138,938616,0.066748,nan,0.394907,ok
orgsegnet,mito,deepcontact_tem,DeepContact,tem_00015,sparse,4.68,20180115_B9_2_setted_01.jpg,0.132,0.267786,0.154591,0.46806,0.18754,0.267786,0.997072,0.99939,8983,10209,38916,16719108,47899,19192,844497,0.056719,nan,0.0522,ok
orgsegnet,mito,deepcontact_tem,DeepContact,tem_00016,sparse,4.68,20180115_B9_2_setted_02.jpg,0.132,0.251973,0.144147,0.243068,0.261555,0.251973,0.996525,0.998174,9818,30574,27719,16709105,37537,40392,707350,0.053067,nan,0.18295,ok
orgsegnet,mito,deepcontact_tem,DeepContact,tem_00017,sparse,4.68,20180115_B9_2_setted_03.jpg,0.126,0.638924,0.469425,0.77151,0.545225,0.638924,0.998149,0.999514,27475,8137,22917,16718687,50392,35612,1050594,0.047965,nan,0.274334,ok
orgsegnet,mito,deepcontact_tem,DeepContact,tem_00018,sparse,4.68,20180115_B9_2_setted_04.jpg,0.129,0.40123,0.250961,0.843142,0.263252,0.40123,0.998096,0.999881,10702,1991,29951,16734572,40653,12693,827200,0.049145,nan,0.215756,ok
orgsegnet,mito,deepcontact_tem,DeepContact,tem_00019,sparse,4.68,20180115_B9_2_setted_06.jpg,0.131,0.691041,0.527932,0.931464,0.549268,0.691041,0.997786,0.999817,41534,3056,34083,16698543,75617,44590,1303260,0.058021,nan,0.596778,ok
orgsegnet,mito,deepcontact_tem,DeepContact,tem_00020,sparse,4.68,20180115_B9_2_setted_10.jpg,0.137,0.471675,0.308622,0.661087,0.366629,0.471675,0.997163,0.999348,21248,10893,36707,16708368,57955,32141,1239040,0.046774,nan,0.310764,ok
orgsegnet,mito,deepcontact_tem,DeepContact,tem_00021,sparse,4.68,20180115_B9_2_setted_16.jpg,0.128,0.715413,0.556921,0.897837,0.594601,0.715413,0.998317,0.999758,35487,4038,24195,16713496,59682,39525,1141690,0.052275,nan,0.467046,ok
orgsegnet,mito,deepcontact_tem,DeepContact,tem_00022,sparse,4.68,20180115_B9_2_setted_20.jpg,0.137,0.575892,0.404387,0.833983,0.43979,0.575892,0.99737,0.999643,29955,5963,38157,16703141,68112,35918,944025,0.072151,nan,0.194394,ok
orgsegnet,mito,deepcontact_tem,DeepContact,tem_00023,sparse,4.68,20180115_B9_3_Setted_25.jpg,0.13,0.640564,0.471198,0.633439,0.647851,0.640564,0.997596,0.998756,35935,20795,19533,16700953,55468,56730,979080,0.056653,nan,0.287168,ok
orgsegnet,mito,deepcontact_tem,DeepContact,tem_00024,sparse,4.68,20180115_B9_4_setted_01.jpg,0.133,0.231384,0.130828,0.201073,0.272456,0.231384,0.998664,0.999201,3373,13402,9007,16751434,12380,16775,769874,0.016081,nan,0.104298,ok
orgsegnet,mito,deepcontact_tem,DeepContact,tem_00025,sparse,4.68,20180115_B9_4_setted_02.jpg,0.129,0.580088,0.408538,0.567754,0.59297,0.580088,0.999006,0.999477,11522,8772,7909,16749013,19431,20294,714868,0.027181,nan,0.249489,ok
orgsegnet,mito,deepcontact_tem,DeepContact,tem_00026,sparse,4.68,20180115_B9_4_setted_03.jpg,0.126,0.652608,0.484349,0.885373,0.516754,0.652608,0.99764,0.999712,37183,4814,34772,16700447,71955,41997,1157013,0.06219,nan,0.52535,ok
orgsegnet,mito,deepcontact_tem,DeepContact,tem_00027,sparse,4.68,20180115_B9_4_setted_04.jpg,0.126,0.35438,0.215347,0.931569,0.218809,0.35438,0.997898,0.999958,9679,711,34556,16732270,44235,10390,976260,0.045311,nan,0.212747,ok
orgsegnet,mito,deepcontact_tem,DeepContact,tem_00028,sparse,4.68,20180115_B9_4_setted_10.jpg,0.135,0.644557,0.475533,0.661198,0.628734,0.644557,0.997422,0.998798,39211,20092,23154,16694759,62365,59303,1182384,0.052745,nan,0.448071,ok
orgsegnet,mito,deepcontact_tem,DeepContact,tem_00029,sparse,4.68,20180115_B9_4_setted_20.jpg,0.129,0.586873,0.415301,0.814643,0.458639,0.586873,0.998214,0.999711,21285,4843,25124,16725964,46409,26128,989109,0.04692,nan,0.221942,ok
orgsegnet,mito,deepcontact_tem,DeepContact,tem_00030,sparse,4.68,20180115_B9_5_setted_01.jpg,0.136,0.670374,0.504182,0.927039,0.525016,0.670374,0.997739,0.999818,38575,3036,34899,16700706,73474,41611,1315275,0.055862,nan,0.56817,ok
orgsegnet,mito,deepcontact_tem,DeepContact,tem_00031,sparse,4.68,20180115_B9_5_setted_02.jpg,0.131,0.55098,0.380243,0.502203,0.610251,0.55098,0.998549,0.999117,14931,14800,9536,16737949,24467,29731,586282,0.041732,nan,0.204438,ok
orgsegnet,mito,deepcontact_tem,DeepContact,tem_00032,sparse,4.68,20180115_B9_5_setted_03.jpg,0.123,0.445351,0.286464,0.736024,0.319266,0.445351,0.998833,0.999832,7860,2819,16759,16749778,24619,10679,680184,0.036195,nan,0.196874,ok
orgsegnet,mito,deepcontact_tem,DeepContact,tem_00033,sparse,4.68,20180115_B9_5_setted_04.jpg,0.135,0.445831,0.286861,0.366611,0.568727,0.445831,0.996676,0.997684,22434,38759,17012,16699011,39446,61193,959769,0.041099,nan,0.220168,ok
orgsegnet,mito,deepcontact_tem,DeepContact,tem_00034,sparse,4.68,20180115_B9_5_setted_10.jpg,0.128,0.467431,0.304999,0.437636,0.501581,0.467431,0.993923,0.996555,44743,57495,44461,16630517,89204,102238,1304941,0.068359,nan,0.333878,ok
orgsegnet,mito,deepcontact_tem,DeepContact,tem_00035,sparse,4.68,20180115_B9_5_setted_11.jpg,0.127,0.421092,0.266698,0.628302,0.316659,0.421092,0.995716,0.999074,26138,15463,56405,16679210,82543,41601,1149480,0.071809,nan,0.294547,ok
orgsegnet,mito,deepcontact_tem,DeepContact,tem_00036,sparse,4.68,20180115_B9_5_setted_20.jpg,0.136,0.442481,0.284094,0.690611,0.325524,0.442481,0.998439,0.999722,10393,4656,21534,16740633,31927,15049,586332,0.054452,nan,0.164672,ok
orgsegnet,mito,deepcontact_tem,DeepContact,tem_00037,sparse,4.68,20180115_B9_Setted_01.jpg,0.129,0.773323,0.630421,0.811938,0.738215,0.773323,0.998578,0.999436,40700,9427,14433,16712656,55133,50127,1002001,0.055023,nan,0.37792,ok
orgsegnet,mito,deepcontact_tem,DeepContact,tem_00038,sparse,4.68,20180115_B9_Setted_02.jpg,0.136,0.373963,0.229985,0.628095,0.266241,0.373963,0.997165,0.999497,14205,8411,39149,16715451,53354,22616,1155456,0.046176,nan,0.318578,ok
orgsegnet,mito,deepcontact_tem,DeepContact,tem_00039,sparse,4.68,20180115_B9_Setted_03.jpg,0.126,0.018286,0.009227,0.257998,0.009479,0.018286,0.9984,0.999957,250,719,26125,16750122,26375,969,931512,0.028314,nan,0.0,ok
orgsegnet,mito,deepcontact_tem,DeepContact,tem_00040,sparse,4.68,20180115_B9_Setted_04.jpg,0.134,0.556398,0.385423,0.758969,0.43918,0.556398,0.996704,0.999341,34675,11012,44279,16687250,78954,45687,1288054,0.061297,nan,0.469109,ok
orgsegnet,mito,deepcontact_tem,DeepContact,tem_00041,sparse,4.68,20180115_B9_Setted_10.jpg,0.359,0.552992,0.382163,0.48214,0.648256,0.552992,0.996506,0.997671,36255,38941,19672,16682348,55927,75196,1043866,0.053577,nan,0.31098,ok
orgsegnet,mito,deepcontact_tem,DeepContact,tem_00042,sparse,4.68,20180115_B9_Setted_20.jpg,0.133,0.256102,0.146856,0.656442,0.159083,0.256102,0.997191,0.999746,8111,4245,42875,16721985,50986,12356,1280118,0.039829,nan,0.155722,ok
orgsegnet,mito,deepcontact_tem,DeepContact,tem_00043,sparse,4.68,20180115_b10_1_05.jpg,0.128,0.226072,0.127442,0.394291,0.158465,0.226072,0.995676,0.999026,10595,16276,56265,16694080,66860,26871,1297474,0.051531,nan,0.109442,ok
orgsegnet,mito,deepcontact_tem,DeepContact,tem_00044,sparse,4.68,20180115_b10_1_07.jpg,0.126,0.278616,0.161856,0.640396,0.178037,0.278616,0.995744,0.999536,13789,7743,63661,16692023,77450,21532,1232292,0.06285,nan,0.163399,ok
orgsegnet,mito,deepcontact_tem,DeepContact,tem_00045,sparse,4.68,20180115_b10_1_10.jpg,0.126,0.124724,0.066509,0.373296,0.074869,0.124724,0.995236,0.999428,5695,9561,70371,16691589,76066,15256,1266900,0.060041,nan,0.042314,ok
orgsegnet,mito,deepcontact_tem,DeepContact,tem_00046,sparse,4.68,20180115_b10_1_20.jpg,0.376,0.257778,0.147959,0.659775,0.160181,0.257778,0.998006,0.999821,5808,2995,30451,16737962,36259,8803,1181864,0.03068,nan,0.119485,ok
orgsegnet,mito,deepcontact_tem,DeepContact,tem_00047,sparse,4.68,20180115_b10_1_22.jpg,0.152,0.159012,0.086373,0.627512,0.091041,0.159012,0.996554,0.999806,5465,3244,54563,16713944,60028,8709,1265505,0.047434,nan,0.050867,ok
orgsegnet,mito,deepcontact_tem,DeepContact,tem_00048,sparse,4.68,20180115_b10_1_30.jpg,0.168,0.247712,0.141365,0.644743,0.153306,0.247712,0.996164,0.999651,10597,5839,58526,16702254,69123,16436,1297824,0.053261,nan,0.103203,ok
orgsegnet,mito,deepcontact_tem,DeepContact,tem_00049,sparse,4.68,20180115_b10_2_04.jpg,0.152,0.754151,0.605331,0.866847,0.667387,0.754151,0.998127,0.999557,48188,7402,24016,16697610,72204,55590,1237250,0.058358,nan,0.584739,ok
orgsegnet,mito,deepcontact_tem,DeepContact,tem_00050,sparse,4.68,20180115_b10_2_05.jpg,0.13,0.646466,0.477613,0.600831,0.699603,0.646466,0.996578,0.997912,52494,34875,22540,16667307,75034,87369,1322520,0.056736,nan,0.501712,ok
orgsegnet,mito,deepcontact_tem,DeepContact,tem_00051,sparse,4.68,20180115_b10_2_09.jpg,0.127,0.63114,0.46107,0.710194,0.567924,0.63114,0.99791,0.999268,30000,12242,22824,16712150,52824,42242,1322685,0.039937,nan,0.504287,ok
orgsegnet,mito,deepcontact_tem,DeepContact,tem_00052,sparse,4.68,20180115_b10_2_13.jpg,0.125,0.681218,0.51655,0.735837,0.634147,0.681218,0.998026,0.99924,35393,12706,20419,16708698,55812,48099,1175588,0.047476,nan,0.574451,ok
orgsegnet,mito,deepcontact_tem,DeepContact,tem_00053,sparse,4.68,20180115_b10_2_18.jpg,0.263,0.643861,0.474775,0.657817,0.630486,0.643861,0.996731,0.998456,49577,25789,29056,16672794,78633,75366,1284204,0.061231,nan,0.524033,ok
orgsegnet,mito,deepcontact_tem,DeepContact,tem_00054,sparse,4.68,20180115_b10_2_25.jpg,0.131,0.560597,0.389465,0.754576,0.445956,0.560597,0.997966,0.999577,21768,7080,27044,16721324,48812,28848,896301,0.054459,nan,0.053125,ok
orgsegnet,mito,deepcontact_tem,DeepContact,tem_00055,sparse,4.68,20180115_b10_2_29.jpg,0.134,0.599599,0.428162,0.759429,0.495347,0.599599,0.998394,0.999618,20175,6391,20554,16730096,40729,26566,1322520,0.030797,nan,0.413524,ok
orgsegnet,mito,deepcontact_tem,DeepContact,tem_00056,sparse,4.68,20180115_b10_2_30.jpg,0.129,0.533246,0.363555,0.541338,0.525392,0.533246,0.996913,0.998501,29589,25070,26729,16695828,56318,54659,1307490,0.043073,nan,0.370405,ok
orgsegnet,mito,deepcontact_tem,DeepContact,tem_00057,sparse,4.68,20180115_b10_3_05.jpg,0.133,0.446146,0.287122,0.704832,0.326365,0.446146,0.998586,0.999761,9554,4001,19720,16743941,29274,13555,1127726,0.025958,nan,0.323615,ok
orgsegnet,mito,deepcontact_tem,DeepContact,tem_00058,sparse,4.68,20180115_b10_3_09.jpg,0.131,0.311251,0.184309,0.591513,0.211189,0.311251,0.996463,0.999446,13409,9260,50084,16704463,63493,22669,1126692,0.056353,nan,0.165972,ok
orgsegnet,mito,deepcontact_tem,DeepContact,tem_00059,sparse,4.68,20180115_b10_3_10.jpg,0.124,0.527974,0.358672,0.894602,0.374497,0.527974,0.998552,0.999904,13589,1601,22697,16739329,36286,15190,1073127,0.033813,nan,0.247437,ok
orgsegnet,mito,deepcontact_tem,DeepContact,tem_00060,sparse,4.68,20180115_b10_3_11.jpg,0.13,0.514529,0.346375,0.403377,0.710239,0.514529,0.996864,0.997536,27879,41235,11374,16696728,39253,69114,1197684,0.032774,nan,0.342683,ok
orgsegnet,mito,deepcontact_tem,DeepContact,tem_00061,sparse,4.68,20180115_b10_3_15.jpg,0.125,0.186447,0.102807,0.120048,0.417198,0.186447,0.997926,0.998257,3988,29232,5571,16738425,9559,33220,1108558,0.008623,nan,0.112124,ok
orgsegnet,mito,deepcontact_tem,DeepContact,tem_00062,sparse,4.68,20180115_b10_3_20.jpg,0.142,0.566179,0.394874,0.794961,0.439651,0.566179,0.998983,0.999828,11139,2873,14197,16749007,25336,14012,368721,0.068713,nan,0.154341,ok
orgsegnet,mito,deepcontact_tem,DeepContact,tem_00063,sparse,4.68,20180115_b10_3_25.jpg,0.13,0.750521,0.600667,0.756063,0.745059,0.750521,0.998901,0.999465,27746,8952,9494,16731024,37240,36698,1264428,0.029452,nan,0.599934,ok
orgsegnet,mito,deepcontact_tem,DeepContact,tem_00064,sparse,4.68,20180115_b10_3_30.jpg,0.125,0.161939,0.088103,0.152135,0.173094,0.161939,0.99792,0.998879,3371,18787,16104,16738954,19475,22158,495144,0.039332,nan,0.126177,ok
orgsegnet,mito,deepcontact_tem,DeepContact,tem_00065,sparse,4.68,20180115_b10_3_35.jpg,0.126,0.325922,0.194687,0.441241,0.258391,0.325922,0.997253,0.999157,11140,14107,31973,16719996,43113,25247,1032852,0.041742,nan,0.281198,ok
orgsegnet,mito,deepcontact_tem,DeepContact,tem_00066,sparse,4.68,20180115_b10_3_39.jpg,0.126,0.573749,0.402278,0.806036,0.445394,0.573749,0.998758,0.999799,14021,3374,17459,16742362,31480,17395,1317170,0.0239,nan,0.385878,ok
orgsegnet,mito,deeppi_em_skeletal_muscle,DeepPI,te_00021,partial,,test/input/x_0.tif,0.242,0.676592,0.51125,0.924955,0.533374,0.676592,0.91596,0.99146,1474864,119662,1290296,13892394,2765160,1594526,6553600,0.42193,nan,0.275066,ok
orgsegnet,mito,deeppi_em_skeletal_muscle,DeepPI,te_00022,partial,,test/input/x_1.tif,0.245,0.444517,0.285774,0.916454,0.293418,0.444517,0.88714,0.995135,757615,69066,1824417,14126118,2582032,826681,6553600,0.393987,nan,0.306498,ok
orgsegnet,mito,deeppi_em_skeletal_muscle,DeepPI,te_00023,partial,,test/input/x_2.tif,0.261,0.716396,0.558113,0.906727,0.592107,0.716396,0.951057,0.9929,1037094,106683,714438,14919001,1751532,1143777,6553600,0.267263,nan,0.378427,ok
orgsegnet,mito,deeppi_em_skeletal_muscle,DeepPI,te_00024,partial,,test/input/x_3.tif,0.274,0.032816,0.016681,0.990022,0.016684,0.032816,0.77932,0.999951,62809,633,3701757,13012017,3764566,63442,6553600,0.574427,nan,0.02549,ok
orgsegnet,mito,deeppi_em_skeletal_muscle,DeepPI,te_00025,partial,,test/input/x_4.tif,0.373,0.067958,0.035174,0.993522,0.035182,0.067958,0.806658,0.999943,118255,771,3242976,13415214,3361231,119026,6553600,0.512883,nan,0.030109,ok
orgsegnet,mito,deeppi_em_skeletal_muscle,DeepPI,te_00026,partial,,test/input/x_5.tif,0.232,0.809952,0.680604,0.931015,0.716751,0.809952,0.960314,0.992896,1418802,105129,560690,14692595,1979492,1523931,6553600,0.302047,nan,0.459759,ok
orgsegnet,mito,empiar_10982_mitonet_benchmark,MitoNet,c_el_00000,sparse,24.0,mito_benchmarks/c_elegans/c_elegans_em.tif,0.067,0.086018,0.044942,0.471429,0.047326,0.086018,0.999707,0.999985,231,259,4650,16772076,4881,490,64770,0.075359,nan,0.08822,ok
orgsegnet,mito,empiar_10982_mitonet_benchmark,MitoNet,c_el_00001,sparse,24.0,mito_benchmarks/c_elegans/c_elegans_em.tif,0.064,0.030565,0.01552,0.323741,0.01604,0.030565,0.99966,0.999989,90,188,5521,16771417,5611,278,56925,0.098568,nan,0.054634,ok
orgsegnet,mito,empiar_10982_mitonet_benchmark,MitoNet,c_el_00002,sparse,24.0,mito_benchmarks/c_elegans/c_elegans_em.tif,0.091,0.018028,0.009096,0.622642,0.009146,0.018028,0.999786,0.999999,33,20,3575,16773588,3608,53,57088,0.063201,nan,0.032141,ok
orgsegnet,mito,empiar_10982_mitonet_benchmark,MitoNet,c_el_00003,sparse,24.0,mito_benchmarks/c_elegans/c_elegans_em.tif,0.079,0.0,0.0,nan,0.0,0.0,0.999758,1.0,0,0,4058,16773158,4058,0,55296,0.073387,nan,0.0,ok
orgsegnet,mito,empiar_10982_mitonet_benchmark,MitoNet,c_el_00004,sparse,24.0,mito_benchmarks/c_elegans/c_elegans_em.tif,0.087,0.0,0.0,nan,0.0,0.0,0.999834,1.0,0,0,2787,16774429,2787,0,46420,0.060039,nan,0.0,ok
orgsegnet,mito,empiar_10982_mitonet_benchmark,MitoNet,c_el_00005,sparse,24.0,mito_benchmarks/c_elegans/c_elegans_em.tif,0.081,0.0,0.0,nan,0.0,0.0,0.999876,1.0,0,0,2075,16775141,2075,0,45198,0.045909,nan,0.0,ok
orgsegnet,mito,empiar_10982_mitonet_benchmark,MitoNet,c_el_00006,sparse,24.0,mito_benchmarks/c_elegans/c_elegans_em.tif,0.082,0.0,0.0,nan,0.0,0.0,0.999813,1.0,0,0,3143,16774073,3143,0,38208,0.08226,nan,0.0,ok
orgsegnet,mito,empiar_10982_mitonet_benchmark,MitoNet,c_el_00007,sparse,24.0,mito_benchmarks/c_elegans/c_elegans_em.tif,0.083,0.0,0.0,nan,0.0,0.0,0.999873,1.0,0,0,2124,16775092,2124,0,65536,0.03241,nan,0.0,ok
orgsegnet,mito,empiar_10982_mitonet_benchmark,MitoNet,c_el_00008,sparse,24.0,mito_benchmarks/c_elegans/c_elegans_em.tif,0.087,0.0,0.0,nan,0.0,0.0,0.999779,1.0,0,0,3708,16773508,3708,0,62720,0.05912,nan,0.0,ok
orgsegnet,mito,empiar_10982_mitonet_benchmark,MitoNet,c_el_00009,sparse,24.0,mito_benchmarks/c_elegans/c_elegans_em.tif,0.079,0.177199,0.097212,0.453552,0.110109,0.177199,0.99977,0.99997,415,500,3354,16772947,3769,915,59648,0.063187,nan,0.166934,ok
orgsegnet,mito,empiar_10982_mitonet_benchmark,MitoNet,c_el_00010,sparse,24.0,mito_benchmarks/c_elegans/c_elegans_em.tif,0.079,0.0,0.0,0.0,0.0,0.0,0.999767,0.999994,0,97,3816,16773303,3816,97,61952,0.061596,nan,0.0,ok
orgsegnet,mito,empiar_10982_mitonet_benchmark,MitoNet,c_el_00011,sparse,24.0,mito_benchmarks/c_elegans/c_elegans_em.tif,0.081,0.0,0.0,0.0,0.0,0.0,0.999617,0.999996,0,62,6370,16770784,6370,62,65536,0.097198,nan,0.0,ok
orgsegnet,mito,empiar_10982_mitonet_benchmark,MitoNet,c_el_00012,sparse,24.0,mito_benchmarks/c_elegans/c_elegans_em.tif,0.079,0.0,0.0,nan,0.0,0.0,0.999765,1.0,0,0,3947,16773269,3947,0,65536,0.060226,nan,0.0,ok
orgsegnet,mito,empiar_10982_mitonet_benchmark,MitoNet,c_el_00013,sparse,24.0,mito_benchmarks/c_elegans/c_elegans_em.tif,0.104,0.028269,0.014337,1.0,0.014337,0.028269,0.999705,1.0,72,0,4950,16772194,5022,72,56576,0.088766,nan,0.021654,ok
orgsegnet,mito,empiar_10982_mitonet_benchmark,MitoNet,c_el_00014,sparse,24.0,mito_benchmarks/c_elegans/c_elegans_em.tif,0.105,0.06265,0.032338,0.134418,0.040843,0.06265,0.99972,0.99994,157,1011,3687,16772361,3844,1168,44935,0.085546,nan,0.073841,ok
orgsegnet,mito,empiar_10982_mitonet_benchmark,MitoNet,c_el_00015,sparse,24.0,mito_benchmarks/c_elegans/c_elegans_em.tif,0.117,0.028385,0.014397,1.0,0.014397,0.028385,0.999645,1.0,87,0,5956,16771173,6043,87,50853,0.118833,nan,0.062192,ok
orgsegnet,mito,empiar_10982_mitonet_benchmark,MitoNet,fly__00016,sparse,12.0,mito_benchmarks/fly_brain/fly_brain_em.tif,0.087,0.145741,0.078598,0.986979,0.07868,0.145741,0.999735,1.0,379,5,4438,16772394,4817,384,44178,0.109036,nan,0.226027,ok
orgsegnet,mito,empiar_10982_mitonet_benchmark,MitoNet,fly__00017,sparse,12.0,mito_benchmarks/fly_brain/fly_brain_em.tif,0.085,0.0,0.0,nan,0.0,0.0,0.999668,1.0,0,0,5566,16771650,5566,0,62985,0.08837,nan,0.0,ok
orgsegnet,mito,empiar_10982_mitonet_benchmark,MitoNet,fly__00018,sparse,12.0,mito_benchmarks/fly_brain/fly_brain_em.tif,0.081,0.410138,0.25797,0.990903,0.258583,0.410138,0.999757,0.999999,1416,13,4060,16771727,5476,1429,64005,0.085556,nan,0.362539,ok
orgsegnet,mito,empiar_10982_mitonet_benchmark,MitoNet,fly__00019,sparse,12.0,mito_benchmarks/fly_brain/fly_brain_em.tif,0.086,0.187946,0.10372,0.990741,0.10382,0.187946,0.999559,1.0,856,8,7389,16768963,8245,864,65025,0.126797,nan,0.235062,ok
orgsegnet,mito,empiar_10982_mitonet_benchmark,MitoNet,fly__00020,sparse,12.0,mito_benchmarks/fly_brain/fly_brain_em.tif,0.08,0.0,0.0,nan,0.0,0.0,0.999523,1.0,0,0,8000,16769216,8000,0,62985,0.127014,nan,0.0,ok
orgsegnet,mito,empiar_10982_mitonet_benchmark,MitoNet,fly__00021,sparse,12.0,mito_benchmarks/fly_brain/fly_brain_em.tif,0.089,0.0,0.0,nan,0.0,0.0,0.999849,1.0,0,0,2531,16774685,2531,0,65025,0.038923,nan,0.0,ok
orgsegnet,mito,empiar_10982_mitonet_benchmark,MitoNet,fly__00022,sparse,12.0,mito_benchmarks/fly_brain/fly_brain_em.tif,0.091,0.205994,0.114824,1.0,0.114824,0.205994,0.999689,1.0,677,0,5219,16771320,5896,677,43475,0.135618,nan,0.129248,ok
orgsegnet,mito,empiar_10982_mitonet_benchmark,MitoNet,fly__00023,sparse,12.0,mito_benchmarks/fly_brain/fly_brain_em.tif,0.083,0.208152,0.116166,0.984344,0.116381,0.208152,0.999544,0.999999,1006,16,7638,16768556,8644,1022,65025,0.132933,nan,0.219225,ok
orgsegnet,mito,empiar_10982_mitonet_benchmark,MitoNet,glyc_00024,sparse,18.0,mito_benchmarks/glycolytic_muscle/glycolytic_muscle_em.tif,0.141,0.147672,0.079722,0.841902,0.080934,0.147672,0.999549,0.999993,655,123,7438,16769000,8093,778,259908,0.031138,nan,0.088572,ok
orgsegnet,mito,empiar_10982_mitonet_benchmark,MitoNet,glyc_00025,sparse,18.0,mito_benchmarks/glycolytic_muscle/glycolytic_muscle_em.tif,0.143,0.0,0.0,nan,0.0,0.0,0.999517,1.0,0,0,8101,16769115,8101,0,286484,0.028277,nan,0.0,ok
orgsegnet,mito,empiar_10982_mitonet_benchmark,MitoNet,glyc_00026,sparse,18.0,mito_benchmarks/glycolytic_muscle/glycolytic_muscle_em.tif,0.109,0.000904,0.000452,1.0,0.000452,0.000904,0.999473,1.0,4,0,8838,16768374,8842,4,292612,0.030217,nan,0.0,ok
orgsegnet,mito,empiar_10982_mitonet_benchmark,MitoNet,glyc_00027,sparse,18.0,mito_benchmarks/glycolytic_muscle/glycolytic_muscle_em.tif,0.101,0.0,0.0,nan,0.0,0.0,0.999623,1.0,0,0,6333,16770883,6333,0,292229,0.021671,nan,0.0,ok
orgsegnet,mito,empiar_10982_mitonet_benchmark,MitoNet,glyc_00028,sparse,18.0,mito_benchmarks/glycolytic_muscle/glycolytic_muscle_em.tif,0.09,0.0,0.0,nan,0.0,0.0,0.999462,1.0,0,0,9033,16768183,9033,0,248570,0.03634,nan,0.0,ok
orgsegnet,mito,empiar_10982_mitonet_benchmark,MitoNet,glyc_00029,sparse,18.0,mito_benchmarks/glycolytic_muscle/glycolytic_muscle_em.tif,0.368,0.005766,0.002891,1.0,0.002891,0.005766,0.999281,1.0,35,0,12070,16765111,12105,35,272340,0.044448,nan,0.0,ok
orgsegnet,mito,empiar_10982_mitonet_benchmark,MitoNet,glyc_00030,sparse,18.0,mito_benchmarks/glycolytic_muscle/glycolytic_muscle_em.tif,0.098,0.009438,0.004741,1.0,0.004741,0.009438,0.999437,1.0,45,0,9446,16767725,9491,45,269730,0.035187,nan,0.009395,ok
orgsegnet,mito,empiar_10982_mitonet_benchmark,MitoNet,glyc_00031,sparse,18.0,mito_benchmarks/glycolytic_muscle/glycolytic_muscle_em.tif,0.129,0.0,0.0,nan,0.0,0.0,0.99965,1.0,0,0,5875,16771341,5875,0,276736,0.02123,nan,0.0,ok
orgsegnet,mito,empiar_10982_mitonet_benchmark,MitoNet,glyc_00032,sparse,18.0,mito_benchmarks/glycolytic_muscle/glycolytic_muscle_em.tif,0.119,0.0,0.0,nan,0.0,0.0,0.999406,1.0,0,0,9966,16767250,9966,0,275377,0.03619,nan,0.0,ok
orgsegnet,mito,empiar_10982_mitonet_benchmark,MitoNet,glyc_00033,sparse,18.0,mito_benchmarks/glycolytic_muscle/glycolytic_muscle_em.tif,0.114,0.001808,0.000905,1.0,0.000905,0.001808,0.999539,1.0,7,0,7731,16769478,7738,7,288405,0.02683,nan,0.0,ok
orgsegnet,mito,empiar_10982_mitonet_benchmark,MitoNet,glyc_00034,sparse,18.0,mito_benchmarks/glycolytic_muscle/glycolytic_muscle_em.tif,0.094,0.0,0.0,nan,0.0,0.0,0.999408,1.0,0,0,9938,16767278,9938,0,278824,0.035643,nan,0.0,ok
orgsegnet,mito,empiar_10982_mitonet_benchmark,MitoNet,glyc_00035,sparse,18.0,mito_benchmarks/glycolytic_muscle/glycolytic_muscle_em.tif,0.093,0.009519,0.004782,1.0,0.004782,0.009519,0.999219,1.0,63,0,13111,16764042,13174,63,285718,0.046108,nan,0.014634,ok
orgsegnet,mito,empiar_10982_mitonet_benchmark,MitoNet,glyc_00036,sparse,18.0,mito_benchmarks/glycolytic_muscle/glycolytic_muscle_em.tif,0.09,0.0,0.0,nan,0.0,0.0,0.999389,1.0,0,0,10251,16766965,10251,0,257131,0.039867,nan,0.0,ok
orgsegnet,mito,empiar_10982_mitonet_benchmark,MitoNet,glyc_00037,sparse,18.0,mito_benchmarks/glycolytic_muscle/glycolytic_muscle_em.tif,0.1,0.11791,0.062648,0.982946,0.062716,0.11791,0.999435,0.999999,634,11,9475,16767096,10109,645,288405,0.035051,nan,0.036906,ok
orgsegnet,mito,empiar_10982_mitonet_benchmark,MitoNet,hela_00038,sparse,15.0,mito_benchmarks/hela_cell/hela_cell_em.tif,0.061,0.058302,0.030026,1.0,0.030026,0.058302,0.999759,1.0,125,0,4038,16773053,4163,125,55460,0.075063,nan,0.084277,ok
orgsegnet,mito,empiar_10982_mitonet_benchmark,MitoNet,hela_00039,sparse,15.0,mito_benchmarks/hela_cell/hela_cell_em.tif,0.06,0.102641,0.054097,1.0,0.054097,0.102641,0.999502,1.0,478,0,8358,16768380,8836,478,60416,0.146253,nan,0.069758,ok
orgsegnet,mito,empiar_10982_mitonet_benchmark,MitoNet,hela_00040,sparse,15.0,mito_benchmarks/hela_cell/hela_cell_em.tif,0.068,0.02068,0.010448,1.0,0.010448,0.02068,0.999548,1.0,80,0,7577,16769559,7657,80,65536,0.116837,nan,0.022814,ok
orgsegnet,mito,empiar_10982_mitonet_benchmark,MitoNet,hela_00041,sparse,15.0,mito_benchmarks/hela_cell/hela_cell_em.tif,0.067,0.240105,0.136431,1.0,0.136431,0.240105,0.999757,1.0,643,0,4070,16772503,4713,643,61952,0.076075,nan,0.136469,ok
orgsegnet,mito,empiar_10982_mitonet_benchmark,MitoNet,hela_00042,sparse,15.0,mito_benchmarks/hela_cell/hela_cell_em.tif,0.079,0.0,0.0,nan,0.0,0.0,0.999855,1.0,0,0,2433,16774783,2433,0,40275,0.06041,nan,0.0,ok
orgsegnet,mito,empiar_10982_mitonet_benchmark,MitoNet,hela_00043,sparse,15.0,mito_benchmarks/hela_cell/hela_cell_em.tif,0.079,0.0,0.0,nan,0.0,0.0,0.999919,1.0,0,0,1359,16775857,1359,0,63232,0.021492,nan,0.0,ok
orgsegnet,mito,empiar_10982_mitonet_benchmark,MitoNet,hela_00044,sparse,15.0,mito_benchmarks/hela_cell/hela_cell_em.tif,0.095,0.0,0.0,nan,0.0,0.0,0.999785,1.0,0,0,3609,16773607,3609,0,65536,0.055069,nan,0.0,ok
orgsegnet,mito,empiar_10982_mitonet_benchmark,MitoNet,hela_00045,sparse,15.0,mito_benchmarks/hela_cell/hela_cell_em.tif,0.078,0.0,0.0,nan,0.0,0.0,0.999772,1.0,0,0,3823,16773393,3823,0,63744,0.059974,nan,0.0,ok
orgsegnet,mito,empiar_10982_mitonet_benchmark,MitoNet,hela_00046,sparse,15.0,mito_benchmarks/hela_cell/hela_cell_em.tif,0.081,0.0,0.0,nan,0.0,0.0,0.999793,1.0,0,0,3478,16773738,3478,0,65536,0.05307,nan,0.0,ok
orgsegnet,mito,empiar_10982_mitonet_benchmark,MitoNet,hela_00047,sparse,15.0,mito_benchmarks/hela_cell/hela_cell_em.tif,0.078,0.044874,0.022952,1.0,0.022952,0.044874,0.999835,1.0,65,0,2767,16774384,2832,65,60928,0.046481,nan,0.0582,ok
orgsegnet,mito,empiar_10982_mitonet_benchmark,MitoNet,sali_00051,sparse,15.0,mito_benchmarks/salivary_gland/salivary_gland_em.tif,0.156,0.0,0.0,nan,0.0,0.0,0.999965,1.0,0,0,581,16776635,581,0,5166,0.112466,nan,0.0,ok
orgsegnet,mito,empiar_10982_mitonet_benchmark,MitoNet,sali_00052,sparse,15.0,mito_benchmarks/salivary_gland/salivary_gland_em.tif,0.144,0.0,0.0,nan,0.0,0.0,0.999784,1.0,0,0,3626,16773590,3626,0,33440,0.108433,nan,0.0,ok
orgsegnet,mito,empiar_10982_mitonet_benchmark,MitoNet,sali_00053,sparse,15.0,mito_benchmarks/salivary_gland/salivary_gland_em.tif,0.131,0.0,0.0,nan,0.0,0.0,0.999663,1.0,0,0,5656,16771560,5656,0,360126,0.015706,nan,0.0,ok
orgsegnet,mito,empiar_10982_mitonet_benchmark,MitoNet,sali_00054,sparse,15.0,mito_benchmarks/salivary_gland/salivary_gland_em.tif,0.126,0.0,0.0,nan,0.0,0.0,0.999885,1.0,0,0,1934,16775282,1934,0,3348,0.577658,nan,0.0,ok
orgsegnet,mito,empiar_10982_mitonet_benchmark,MitoNet,sali_00055,sparse,15.0,mito_benchmarks/salivary_gland/salivary_gland_em.tif,0.17,0.0,0.0,nan,0.0,0.0,0.999812,1.0,0,0,3155,16774061,3155,0,181608,0.017373,nan,0.0,ok
orgsegnet,mito,empiar_10982_mitonet_benchmark,MitoNet,sali_00056,sparse,15.0,mito_benchmarks/salivary_gland/salivary_gland_em.tif,0.119,0.0,0.0,0.0,0.0,0.0,0.998958,0.999995,0,82,17404,16759730,17404,82,628754,0.02768,nan,0.0,ok
orgsegnet,mito,empiar_10982_mitonet_benchmark,MitoNet,sali_00057,sparse,15.0,mito_benchmarks/salivary_gland/salivary_gland_em.tif,0.124,0.0,0.0,nan,0.0,0.0,0.99935,1.0,0,0,10901,16766315,10901,0,586840,0.018576,nan,0.0,ok
orgsegnet,mito,empiar_10982_mitonet_benchmark,MitoNet,sali_00058,sparse,15.0,mito_benchmarks/salivary_gland/salivary_gland_em.tif,0.123,0.0,0.0,nan,0.0,0.0,0.999162,1.0,0,0,14061,16763155,14061,0,583289,0.024106,nan,0.0,ok
orgsegnet,mito,empiar_10982_mitonet_benchmark,MitoNet,sali_00059,sparse,15.0,mito_benchmarks/salivary_gland/salivary_gland_em.tif,0.123,0.0,0.0,nan,0.0,0.0,0.99878,1.0,0,0,20471,16756745,20471,0,539070,0.037975,nan,0.0,ok
orgsegnet,mito,empiar_10982_mitonet_benchmark,MitoNet,sali_00060,sparse,15.0,mito_benchmarks/salivary_gland/salivary_gland_em.tif,0.117,0.0,0.0,nan,0.0,0.0,0.998872,1.0,0,0,18918,16758298,18918,0,573475,0.032988,nan,0.0,ok
orgsegnet,mito,empiar_10982_mitonet_benchmark,MitoNet,sali_00061,sparse,15.0,mito_benchmarks/salivary_gland/salivary_gland_em.tif,0.116,0.0,0.0,nan,0.0,0.0,0.998719,1.0,0,0,21486,16755730,21486,0,572949,0.037501,nan,0.0,ok
orgsegnet,mito,empiar_10982_mitonet_benchmark,MitoNet,sali_00062,sparse,15.0,mito_benchmarks/salivary_gland/salivary_gland_em.tif,0.118,0.0,0.0,0.0,0.0,0.0,0.998764,0.999909,0,1517,19216,16756483,19216,1517,543564,0.035352,nan,0.0,ok
orgsegnet,mito,empiar_10982_mitonet_benchmark,MitoNet,sali_00063,sparse,15.0,mito_benchmarks/salivary_gland/salivary_gland_em.tif,0.114,0.0,0.0,0.0,0.0,0.0,0.99839,0.999936,0,1068,25940,16750208,25940,1068,606837,0.042746,nan,0.0,ok
orgsegnet,mito,empiar_10982_mitonet_benchmark,MitoNet,sali_00064,sparse,15.0,mito_benchmarks/salivary_gland/salivary_gland_em.tif,0.119,0.0,0.0,0.0,0.0,0.0,0.998415,0.99993,0,1168,25430,16750618,25430,1168,612689,0.041506,nan,0.0,ok
orgsegnet,mito,empiar_10982_mitonet_benchmark,MitoNet,sali_00065,sparse,15.0,mito_benchmarks/salivary_gland/salivary_gland_em.tif,0.118,0.0,0.0,0.0,0.0,0.0,0.99859,0.999983,0,278,23383,16753555,23383,278,640590,0.036502,nan,0.0,ok
orgsegnet,mito,empiar_10982_mitonet_benchmark,MitoNet,sali_00066,sparse,15.0,mito_benchmarks/salivary_gland/salivary_gland_em.tif,0.123,0.0,0.0,nan,0.0,0.0,0.998588,1.0,0,0,23689,16753527,23689,0,562320,0.042127,nan,0.0,ok
orgsegnet,mito,empiar_10982_mitonet_benchmark,MitoNet,sali_00067,sparse,15.0,mito_benchmarks/salivary_gland/salivary_gland_em.tif,0.12,0.0,0.0,0.0,0.0,0.0,0.99863,0.999998,0,29,22953,16754234,22953,29,537320,0.042718,nan,0.0,ok
orgsegnet,mito,empiar_10982_mitonet_benchmark,MitoNet,sali_00068,sparse,15.0,mito_benchmarks/salivary_gland/salivary_gland_em.tif,0.117,0.0,0.0,nan,0.0,0.0,0.998238,1.0,0,0,29566,16747650,29566,0,602616,0.049063,nan,0.0,ok
orgsegnet,mito,empiar_10982_mitonet_benchmark,MitoNet,sali_00069,sparse,15.0,mito_benchmarks/salivary_gland/salivary_gland_em.tif,0.132,0.0,0.0,0.0,0.0,0.0,0.998336,0.99997,0,498,27426,16749292,27426,498,605616,0.045286,nan,0.0,ok
orgsegnet,mito,empiar_10982_mitonet_benchmark,MitoNet,sali_00070,sparse,15.0,mito_benchmarks/salivary_gland/salivary_gland_em.tif,0.116,0.0,0.0,nan,0.0,0.0,0.998409,1.0,0,0,26686,16750530,26686,0,712701,0.037443,nan,0.0,ok
orgsegnet,mito,empiar_10982_mitonet_benchmark,MitoNet,sali_00071,sparse,15.0,mito_benchmarks/salivary_gland/salivary_gland_em.tif,0.123,0.0,0.0,nan,0.0,0.0,0.998565,1.0,0,0,24068,16753148,24068,0,808146,0.029782,nan,0.0,ok
orgsegnet,mito,empiar_10982_mitonet_benchmark,MitoNet,sali_00072,sparse,15.0,mito_benchmarks/salivary_gland/salivary_gland_em.tif,0.121,0.0,0.0,0.0,0.0,0.0,0.998748,1.0,0,1,21003,16756212,21003,1,840368,0.024993,nan,0.0,ok
orgsegnet,mito,empiar_10982_mitonet_benchmark,MitoNet,sali_00073,sparse,15.0,mito_benchmarks/salivary_gland/salivary_gland_em.tif,0.114,0.0,0.0,0.0,0.0,0.0,0.998758,0.999892,0,1806,19027,16756383,19027,1806,783881,0.024273,nan,0.0,ok
orgsegnet,mito,empiar_10982_mitonet_benchmark,MitoNet,sali_00074,sparse,15.0,mito_benchmarks/salivary_gland/salivary_gland_em.tif,0.115,0.0,0.0,nan,0.0,0.0,0.998818,1.0,0,0,19829,16757387,19829,0,750882,0.026408,nan,0.0,ok
orgsegnet,mito,empiar_10982_mitonet_benchmark,MitoNet,sali_00075,sparse,15.0,mito_benchmarks/salivary_gland/salivary_gland_em.tif,0.118,0.0,0.0,nan,0.0,0.0,0.998941,1.0,0,0,17763,16759453,17763,0,760971,0.023343,nan,0.0,ok
orgsegnet,mito,empiar_10982_mitonet_benchmark,MitoNet,sali_00076,sparse,15.0,mito_benchmarks/salivary_gland/salivary_gland_em.tif,0.115,0.0,0.0,0.0,0.0,0.0,0.998668,0.999981,0,322,22023,16754871,22023,322,757185,0.029085,nan,0.0,ok
orgsegnet,mito,empiar_10982_mitonet_benchmark,MitoNet,sali_00077,sparse,15.0,mito_benchmarks/salivary_gland/salivary_gland_em.tif,0.118,0.009877,0.004963,0.637681,0.004977,0.009877,0.998948,0.999997,88,50,17594,16759484,17682,138,687754,0.02571,nan,0.008584,ok
orgsegnet,mito,empiar_10982_mitonet_benchmark,MitoNet,sali_00078,sparse,15.0,mito_benchmarks/salivary_gland/salivary_gland_em.tif,0.115,0.0,0.0,nan,0.0,0.0,0.998675,1.0,0,0,22225,16754991,22225,0,624682,0.035578,nan,0.0,ok
orgsegnet,mito,empiar_10982_mitonet_benchmark,MitoNet,sali_00079,sparse,15.0,mito_benchmarks/salivary_gland/salivary_gland_em.tif,0.121,0.0,0.0,nan,0.0,0.0,0.998461,1.0,0,0,25814,16751402,25814,0,594080,0.043452,nan,0.0,ok
orgsegnet,mito,empiar_10982_mitonet_benchmark,MitoNet,sali_00080,sparse,15.0,mito_benchmarks/salivary_gland/salivary_gland_em.tif,0.112,0.0,0.0,nan,0.0,0.0,0.998685,1.0,0,0,22067,16755149,22067,0,577424,0.038216,nan,0.0,ok
orgsegnet,mito,empiar_10982_mitonet_benchmark,MitoNet,sali_00081,sparse,15.0,mito_benchmarks/salivary_gland/salivary_gland_em.tif,0.115,0.0,0.0,nan,0.0,0.0,0.998688,1.0,0,0,22014,16755202,22014,0,326748,0.067373,nan,0.0,ok
orgsegnet,mito,empiar_10982_mitonet_benchmark,MitoNet,sali_00082,sparse,15.0,mito_benchmarks/salivary_gland/salivary_gland_em.tif,0.112,0.0,0.0,nan,0.0,0.0,0.99867,1.0,0,0,22316,16754900,22316,0,292248,0.07636,nan,0.0,ok
orgsegnet,mito,empiar_10982_mitonet_benchmark,MitoNet,sali_00083,sparse,15.0,mito_benchmarks/salivary_gland/salivary_gland_em.tif,0.114,0.0,0.0,0.0,0.0,0.0,0.999151,0.999975,0,413,13829,16762974,13829,413,328185,0.042138,nan,0.0,ok
orgsegnet,mito,empiar_10982_mitonet_benchmark,MitoNet,sali_00084,sparse,15.0,mito_benchmarks/salivary_gland/salivary_gland_em.tif,0.119,0.0,0.0,nan,0.0,0.0,0.999457,1.0,0,0,9105,16768111,9105,0,318004,0.028632,nan,0.0,ok
orgsegnet,mito,empiar_10982_mitonet_benchmark,MitoNet,sali_00085,sparse,15.0,mito_benchmarks/salivary_gland/salivary_gland_em.tif,0.111,0.0,0.0,nan,0.0,0.0,0.999647,1.0,0,0,5922,16771294,5922,0,204074,0.029019,nan,0.0,ok
orgsegnet,mito,empiar_10982_mitonet_benchmark,MitoNet,sali_00086,sparse,15.0,mito_benchmarks/salivary_gland/salivary_gland_em.tif,0.112,0.0,0.0,nan,0.0,0.0,0.99971,1.0,0,0,4867,16772349,4867,0,334880,0.014534,nan,0.0,ok
orgsegnet,mito,empiar_10982_mitonet_benchmark,MitoNet,sali_00087,sparse,15.0,mito_benchmarks/salivary_gland/salivary_gland_em.tif,0.128,0.0,0.0,nan,0.0,0.0,0.999956,1.0,0,0,740,16776476,740,0,3762,0.196704,nan,0.0,ok
orgsegnet,mito,empiar_10982_mitonet_benchmark,MitoNet,sali_00088,sparse,15.0,mito_benchmarks/salivary_gland/salivary_gland_em.tif,0.128,0.0,0.0,nan,0.0,0.0,0.99987,1.0,0,0,2181,16775035,2181,0,77682,0.028076,nan,0.0,ok
orgsegnet,mito,empiar_10982_mitonet_benchmark,MitoNet,sali_00089,sparse,15.0,mito_benchmarks/salivary_gland/salivary_gland_em.tif,0.126,0.0,0.0,nan,0.0,0.0,0.99974,1.0,0,0,4369,16772847,4369,0,82680,0.052842,nan,0.0,ok
orgsegnet,mito,empiar_10982_mitonet_benchmark,MitoNet,sali_00090,sparse,15.0,mito_benchmarks/salivary_gland/salivary_gland_em.tif,0.127,0.0,0.0,nan,0.0,0.0,0.999741,1.0,0,0,4341,16772875,4341,0,77546,0.05598,nan,0.0,ok
orgsegnet,mito,empiar_10982_mitonet_benchmark,MitoNet,sali_00091,sparse,15.0,mito_benchmarks/salivary_gland/salivary_gland_em.tif,0.114,0.0,0.0,nan,0.0,0.0,0.999233,1.0,0,0,12875,16764341,12875,0,57134,0.225347,nan,0.0,ok
orgsegnet,mito,empiar_10982_mitonet_benchmark,MitoNet,sali_00092,sparse,15.0,mito_benchmarks/salivary_gland/salivary_gland_em.tif,0.114,0.0,0.0,nan,0.0,0.0,0.998975,1.0,0,0,17204,16760012,17204,0,52974,0.324763,nan,0.0,ok
orgsegnet,mito,empiar_10982_mitonet_benchmark,MitoNet,sali_00093,sparse,15.0,mito_benchmarks/salivary_gland/salivary_gland_em.tif,0.114,0.209871,0.117238,0.691589,0.123706,0.209871,0.99897,0.999939,2294,1023,16250,16757649,18544,3317,81420,0.227757,nan,0.10768,ok
orgsegnet,mito,empiar_10982_mitonet_benchmark,MitoNet,sali_00094,sparse,15.0,mito_benchmarks/salivary_gland/salivary_gland_em.tif,0.112,0.0,0.0,nan,0.0,0.0,0.999583,1.0,0,0,6993,16770223,6993,0,29388,0.237954,nan,0.0,ok
orgsegnet,mito,empiar_10982_mitonet_benchmark,MitoNet,tem_00095,sparse,2.0,tem_benchmark/images/0s1JawDdbBymwtwOjgx8.tiff,0.081,0.531382,0.361824,0.54784,0.515883,0.531382,0.990926,0.995711,86315,71240,81000,16538661,167315,157555,803160,0.208321,nan,0.136169,ok
orgsegnet,mito,empiar_10982_mitonet_benchmark,MitoNet,tem_00096,sparse,2.0,tem_benchmark/images/17pOyGcUusCVRfzUZxTs.tiff,0.118,0.867957,0.766717,0.883952,0.85253,0.867957,0.998539,0.999366,80559,10576,13935,16672146,94494,91135,365120,0.258803,nan,0.44777,ok
orgsegnet,mito,empiar_10982_mitonet_benchmark,MitoNet,tem_00097,sparse,2.0,tem_benchmark/images/1U0jYrdPwdlRDsQzkUNc.tiff,0.077,0.067802,0.035091,0.31883,0.037935,0.067802,0.995821,0.999674,2550,5448,64671,16704547,67221,7998,1009664,0.066578,nan,0.018354,ok
orgsegnet,mito,empiar_10982_mitonet_benchmark,MitoNet,tem_00098,sparse,2.0,tem_benchmark/images/1unGsOC0dfeB02LCtQwi.tiff,0.077,0.040228,0.020527,0.969984,0.02054,0.040228,0.994761,0.999997,1842,57,87837,16687480,89679,1899,894976,0.100203,nan,0.042228,ok
orgsegnet,mito,empiar_10982_mitonet_benchmark,MitoNet,tem_00099,sparse,2.0,tem_benchmark/images/1vNHcbV4bWuC1zywuBdP.tiff,0.074,0.621842,0.451213,0.920662,0.469467,0.621842,0.989134,0.999215,149882,12916,169378,16445040,319260,162798,814080,0.392173,nan,0.389206,ok
orgsegnet,mito,empiar_10982_mitonet_benchmark,MitoNet,tem_00100,sparse,2.0,tem_benchmark/images/2Tlqk9n8mmGv6G0EGxwl.tiff,0.113,0.450085,0.290393,0.985093,0.291675,0.450085,0.964956,0.999772,240606,3641,584306,15948663,824912,244247,1048576,0.786697,nan,0.17676,ok
orgsegnet,mito,empiar_10982_mitonet_benchmark,MitoNet,tem_00101,sparse,2.0,tem_benchmark/images/3ib2iOCHNQIgrUaxnLwm.tiff,0.16,0.578451,0.406916,0.643572,0.525299,0.578451,0.998843,0.99956,13320,7377,12037,16744482,25357,20697,235470,0.107687,nan,0.494886,ok
orgsegnet,mito,empiar_10982_mitonet_benchmark,MitoNet,tem_00102,sparse,2.0,tem_benchmark/images/3pbuH37yaTFrTt52QdNO.tiff,0.177,0.800349,0.667152,0.963607,0.684396,0.800349,0.985275,0.998835,495156,18701,228337,16035022,723493,513857,1154560,0.62664,nan,0.664286,ok
orgsegnet,mito,empiar_10982_mitonet_benchmark,MitoNet,tem_00103,sparse,2.0,tem_benchmark/images/5BzcbKwHruGS296dUugB.tiff,0.144,0.458589,0.297512,0.954418,0.3018,0.458589,0.999137,0.999983,6135,293,14193,16756595,20328,6428,72756,0.2794,nan,0.5204,ok
orgsegnet,mito,empiar_10982_mitonet_benchmark,MitoNet,tem_00104,sparse,2.0,tem_benchmark/images/6plriVrEepvhHyOBmtUc.tiff,0.322,0.0,0.0,nan,0.0,0.0,0.997623,1.0,0,0,39884,16737332,39884,0,619719,0.064358,nan,0.0,ok
orgsegnet,mito,empiar_10982_mitonet_benchmark,MitoNet,tem_00105,sparse,2.0,tem_benchmark/images/6uc2ydKjW1yJG033GPjj.tiff,0.112,0.457331,0.296455,0.9469,0.301466,0.457331,0.998706,0.999969,9148,513,21197,16746358,30345,9661,381920,0.079454,nan,0.164015,ok
orgsegnet,mito,empiar_10982_mitonet_benchmark,MitoNet,tem_00106,sparse,2.0,tem_benchmark/images/7Z7jSCJZ23zSW2ZztTPJ.tiff,0.128,0.019904,0.010052,0.153947,0.01064,0.019904,0.990385,0.999458,1638,9002,152316,16614260,153954,10640,1048576,0.146822,nan,0.004313,ok
orgsegnet,mito,empiar_10982_mitonet_benchmark,MitoNet,tem_00107,sparse,2.0,tem_benchmark/images/9SNS8ZHu7wx8HstQg2Vo.tiff,0.117,0.0,0.0,0.0,0.0,0.0,0.997236,0.99998,0,341,46039,16730836,46039,341,1012736,0.04546,nan,0.0,ok
orgsegnet,mito,empiar_10982_mitonet_benchmark,MitoNet,tem_00108,sparse,2.0,tem_benchmark/images/9jHLkwpVONtdgyvLyhds.tiff,0.101,0.0,0.0,nan,0.0,0.0,0.993519,1.0,0,0,108728,16668488,108728,0,967680,0.112359,nan,0.0,ok
orgsegnet,mito,empiar_10982_mitonet_benchmark,MitoNet,tem_00109,sparse,2.0,tem_benchmark/images/AH9rwncuiyjonmnTpzc6.tiff,0.11,0.554294,0.383407,0.890641,0.402349,0.554294,0.995442,0.999649,47554,5839,70637,16653186,118191,53393,864032,0.13679,nan,0.218839,ok
orgsegnet,mito,empiar_10982_mitonet_benchmark,MitoNet,tem_00110,sparse,2.0,tem_benchmark/images/ALknkSgr7aoWr14RfrSV.tiff,0.436,0.750168,0.600215,0.975732,0.609311,0.750168,0.993392,0.999749,166457,4140,106732,16499887,273189,170597,1448502,0.188601,nan,0.424538,ok
orgsegnet,mito,empiar_10982_mitonet_benchmark,MitoNet,tem_00111,sparse,2.0,tem_benchmark/images/AOVAPBvPacOXcUoVM3uZ.tiff,0.101,0.014075,0.007087,0.94991,0.00709,0.014075,0.973554,0.99999,3167,167,443516,16330366,446683,3334,829440,0.538536,nan,0.001005,ok
orgsegnet,mito,empiar_10982_mitonet_benchmark,MitoNet,tem_00112,sparse,2.0,tem_benchmark/images/AvUtncbaV60ITOmLlAkQ.tiff,0.112,0.205127,0.114285,0.992063,0.11439,0.205127,0.99411,0.999994,12750,102,98711,16665653,111461,12852,801792,0.139015,nan,0.040089,ok
orgsegnet,mito,empiar_10982_mitonet_benchmark,MitoNet,tem_00113,sparse,2.0,tem_benchmark/images/DccMhwElHJmbuS2J8lrU.tiff,0.103,0.767773,0.623078,0.733293,0.805657,0.767773,0.997484,0.998479,69786,25382,16834,16665214,86620,95168,581632,0.148926,nan,0.465278,ok
orgsegnet,mito,empiar_10982_mitonet_benchmark,MitoNet,tem_00114,sparse,2.0,tem_benchmark/images/DprwEW2YlVIuqe8iiBUM.tiff,0.117,0.561094,0.389945,0.590474,0.5345,0.561094,0.997753,0.999001,24099,16714,20988,16715415,45087,40813,794848,0.056724,nan,0.38807,ok
orgsegnet,mito,empiar_10982_mitonet_benchmark,MitoNet,tem_00115,sparse,2.0,tem_benchmark/images/E3DjzU1Hv0lKtRerU0dr.tiff,0.108,0.0,0.0,0.0,0.0,0.0,0.996416,0.999935,0,1086,59051,16717079,59051,1086,1048576,0.056315,nan,0.0,ok
orgsegnet,mito,empiar_10982_mitonet_benchmark,MitoNet,tem_00116,sparse,2.0,tem_benchmark/images/FJkyZfNswUHYI8UXjInE.tiff,0.103,0.0,0.0,0.0,0.0,0.0,0.995162,0.999618,0,6374,74794,16696048,74794,6374,973685,0.076815,nan,0.0,ok
orgsegnet,mito,empiar_10982_mitonet_benchmark,MitoNet,tem_00117,sparse,2.0,tem_benchmark/images/FSqfiQ5X7pl4pbbBV3og.tiff,0.231,0.358344,0.218282,0.968553,0.21984,0.358344,0.998067,0.999982,9055,294,32134,16735733,41189,9349,444344,0.092696,nan,0.178245,ok
orgsegnet,mito,empiar_10982_mitonet_benchmark,MitoNet,tem_00118,sparse,2.0,tem_benchmark/images/FcQtYwd3CZhEoqWrZQ6a.tiff,0.082,0.117463,0.062396,0.938722,0.062651,0.117463,0.996474,0.999985,3937,257,58903,16714119,62840,4194,821744,0.076472,nan,0.005675,ok
orgsegnet,mito,empiar_10982_mitonet_benchmark,MitoNet,tem_00119,sparse,2.0,tem_benchmark/images/GC18X3wh91fultTzXk0n.tiff,0.078,0.570696,0.399282,0.416356,0.906865,0.570696,0.99542,0.995718,51071,71591,5245,16649309,56316,122662,468765,0.120137,nan,0.419707,ok
orgsegnet,mito,empiar_10982_mitonet_benchmark,MitoNet,tem_00120,sparse,2.0,tem_benchmark/images/Gp5MEeb8iAuYfrAcOb3T.tiff,0.085,0.166093,0.090568,0.65145,0.09518,0.166093,0.994312,0.999695,9504,5085,90349,16672278,99853,14589,1001472,0.099706,nan,0.108135,ok
orgsegnet,mito,empiar_10982_mitonet_benchmark,MitoNet,tem_00121,sparse,2.0,tem_benchmark/images/HIv1HOOLTWhvBGs2GLAW.tiff,0.115,0.724704,0.568263,0.9408,0.589337,0.724704,0.993011,0.999412,154325,9711,107537,16505643,261862,164036,1044480,0.25071,nan,0.3677,ok
orgsegnet,mito,empiar_10982_mitonet_benchmark,MitoNet,tem_00122,sparse,2.0,tem_benchmark/images/HWJC0I0n5pPosm91fPN9.tiff,0.127,0.830471,0.71009,0.968945,0.726627,0.830471,0.99729,0.999785,111357,3569,41895,16620395,153252,114926,932000,0.164433,nan,0.525117,ok
orgsegnet,mito,empiar_10982_mitonet_benchmark,MitoNet,tem_00123,sparse,2.0,tem_benchmark/images/IsdoTn0CZN3NNBHw9eHs.tiff,0.105,0.0,0.0,nan,0.0,0.0,0.997187,1.0,0,0,47190,16730026,47190,0,1017856,0.046362,nan,0.0,ok
orgsegnet,mito,empiar_10982_mitonet_benchmark,MitoNet,tem_00124,sparse,2.0,tem_benchmark/images/JbZdraW8jUWOkWYenUQW.tiff,0.157,0.945142,0.895989,0.987242,0.906485,0.945142,0.999343,0.999926,94948,1227,9795,16671246,104743,96175,282384,0.370924,nan,0.851568,ok
orgsegnet,mito,empiar_10982_mitonet_benchmark,MitoNet,tem_00125,sparse,2.0,tem_benchmark/images/KDdqT7pjt4RB6DP9YhBv.tiff,0.088,0.0,0.0,0.0,0.0,0.0,0.998602,0.999944,0,940,22517,16753759,22517,940,147076,0.153098,nan,0.0,ok
orgsegnet,mito,empiar_10982_mitonet_benchmark,MitoNet,tem_00126,sparse,2.0,tem_benchmark/images/KYJvyQylQ6GoiyoABzCi.tiff,0.119,0.32073,0.190994,0.931845,0.1937,0.32073,0.997808,0.999962,8682,635,36140,16731759,44822,9317,808588,0.055432,nan,0.306022,ok
orgsegnet,mito,empiar_10982_mitonet_benchmark,MitoNet,tem_00127,sparse,2.0,tem_benchmark/images/MTeOXdixYD6o3ysTjtlY.tiff,0.077,0.836707,0.719257,0.824045,0.849764,0.836707,0.998854,0.999371,49254,10517,8708,16708737,57962,59771,540155,0.107306,nan,0.480956,ok
orgsegnet,mito,empiar_10982_mitonet_benchmark,MitoNet,tem_00128,sparse,2.0,tem_benchmark/images/MWyu8XxfJUz0tPpjMG68.tiff,0.17,0.0,0.0,0.0,0.0,0.0,0.997329,0.999987,0,224,44590,16732402,44590,224,400334,0.111382,nan,0.0,ok
orgsegnet,mito,empiar_10982_mitonet_benchmark,MitoNet,tem_00129,sparse,2.0,tem_benchmark/images/N9aIKs7lUVsYd6bT3LxC.tiff,0.076,0.542361,0.372082,0.884972,0.390991,0.542361,0.990394,0.999249,95500,12413,148751,16520552,244251,107913,1048576,0.232936,nan,0.232439,ok
orgsegnet,mito,empiar_10982_mitonet_benchmark,MitoNet,tem_00130,sparse,2.0,tem_benchmark/images/NFlQQXCuLN49baKGNHc8.tiff,0.075,0.609598,0.438433,0.933366,0.452599,0.609598,0.997277,0.999848,35663,2546,43133,16695874,78796,38209,928768,0.084839,nan,0.401884,ok
orgsegnet,mito,empiar_10982_mitonet_benchmark,MitoNet,tem_00131,sparse,2.0,tem_benchmark/images/NWNws2Vo4AQhIw579f4E.tiff,0.075,0.052412,0.026911,0.982089,0.026924,0.052412,0.976837,0.999988,10747,196,388409,16377864,399156,10943,944424,0.422645,nan,0.021896,ok
orgsegnet,mito,empiar_10982_mitonet_benchmark,MitoNet,tem_00132,sparse,2.0,tem_benchmark/images/NpIsioJcraoQ7UM5w5KA.tiff,0.099,0.0,0.0,nan,0.0,0.0,0.998509,1.0,0,0,25018,16752198,25018,0,502200,0.049817,nan,0.0,ok
orgsegnet,mito,empiar_10982_mitonet_benchmark,MitoNet,tem_00133,sparse,2.0,tem_benchmark/images/P4f6REHlY0j5oPr8hyFr.tiff,0.162,0.266441,0.153696,0.964156,0.154579,0.266441,0.999303,0.999995,2125,79,11622,16763390,13747,2204,158330,0.086825,nan,0.275234,ok
orgsegnet,mito,empiar_10982_mitonet_benchmark,MitoNet,tem_00134,sparse,2.0,tem_benchmark/images/PRV36TemoPe3oPNL0RXZ.tiff,0.133,0.324273,0.193512,0.966034,0.194838,0.324273,0.986379,0.999883,54834,1928,226600,16493854,281434,56762,1052945,0.267283,nan,0.230219,ok
orgsegnet,mito,empiar_10982_mitonet_benchmark,MitoNet,tem_00135,sparse,2.0,tem_benchmark/images/QLwSiZlPfFaKn9UkVw5A.tiff,0.084,0.682922,0.518513,0.876954,0.559196,0.682922,0.996638,0.999489,60751,8524,47889,16660052,108640,69275,1048576,0.103607,nan,0.297709,ok
orgsegnet,mito,empiar_10982_mitonet_benchmark,MitoNet,tem_00136,sparse,2.0,tem_benchmark/images/QQZlSgIkiL7OdZ2a8oIm.tiff,0.076,0.0,0.0,nan,0.0,0.0,0.994802,1.0,0,0,87211,16690005,87211,0,847100,0.102952,nan,0.0,ok
orgsegnet,mito,empiar_10982_mitonet_benchmark,MitoNet,tem_00137,sparse,2.0,tem_benchmark/images/QWlbQZ1v00zxmk2Fp3Le.tiff,0.123,0.447486,0.288233,0.535411,0.384365,0.447486,0.994639,0.998105,36424,31606,58340,16650846,94764,68030,398812,0.237616,nan,0.156272,ok
orgsegnet,mito,empiar_10982_mitonet_benchmark,MitoNet,tem_00138,sparse,2.0,tem_benchmark/images/QWqaLBDT0uuxxNX25kP9.tiff,0.076,0.25304,0.144846,0.156024,0.669064,0.25304,0.988216,0.989171,33486,181135,16563,16546032,50049,214621,1048576,0.04773,nan,0.336815,ok
orgsegnet,mito,empiar_10982_mitonet_benchmark,MitoNet,tem_00139,sparse,2.0,tem_benchmark/images/QsP5DBmv2NYg8LUlw8b1.tiff,0.078,0.210477,0.117616,0.212934,0.208076,0.210477,0.996986,0.998512,6740,24913,25652,16719911,32392,31653,921496,0.035152,nan,0.114077,ok
orgsegnet,mito,empiar_10982_mitonet_benchmark,MitoNet,tem_00140,sparse,2.0,tem_benchmark/images/R6p8J6wCSmn3aStj4GHv.tiff,0.077,0.127065,0.067843,0.084226,0.258591,0.127065,0.992808,0.994297,8782,95485,25179,16647770,33961,104267,1029120,0.033,nan,0.078552,ok
orgsegnet,mito,empiar_10982_mitonet_benchmark,MitoNet,tem_00141,sparse,2.0,tem_benchmark/images/RoECvy0RbILoKiv8jYab.tiff,0.096,0.742775,0.590805,0.918002,0.62372,0.742775,0.999681,0.999959,7736,691,4667,16764122,12403,8427,52455,0.23645,nan,0.37,ok
orgsegnet,mito,empiar_10982_mitonet_benchmark,MitoNet,tem_00142,sparse,2.0,tem_benchmark/images/SXnwBMNzR18D8sKSjh8g.tiff,0.11,0.051941,0.026663,1.0,0.026663,0.051941,0.997857,1.0,985,0,35958,16740273,36943,985,1048576,0.035232,nan,0.0223,ok
orgsegnet,mito,empiar_10982_mitonet_benchmark,MitoNet,tem_00143,sparse,2.0,tem_benchmark/images/TCzgvIZVHqNFtdJEPaXf.tiff,0.219,0.0,0.0,nan,0.0,0.0,0.976106,1.0,0,0,400867,16376349,400867,0,808828,0.495615,nan,0.0,ok
orgsegnet,mito,empiar_10982_mitonet_benchmark,MitoNet,tem_00144,sparse,2.0,tem_benchmark/images/TbVlEbkOaXvgqXuOC2y5.tiff,0.079,0.571142,0.399719,0.916713,0.414782,0.571142,0.99269,0.999552,81669,7420,115227,16572900,196896,89089,1040384,0.189253,nan,0.178957,ok
orgsegnet,mito,empiar_10982_mitonet_benchmark,MitoNet,tem_00145,sparse,2.0,tem_benchmark/images/UH2Xa2sqyug07qibeLI2.tiff,0.086,0.000842,0.000421,0.033349,0.000426,0.000842,0.990239,0.99988,69,2000,161760,16613387,161829,2069,652036,0.24819,nan,0.008196,ok
orgsegnet,mito,empiar_10982_mitonet_benchmark,MitoNet,tem_00146,sparse,2.0,tem_benchmark/images/UTbbCmNhBbRwzOznV6eM.tiff,0.091,0.892585,0.806008,0.927674,0.860053,0.892585,0.999599,0.99987,27987,2182,4554,16742493,32541,30169,406636,0.080025,nan,0.579927,ok
orgsegnet,mito,empiar_10982_mitonet_benchmark,MitoNet,tem_00147,sparse,2.0,tem_benchmark/images/Ub2PGMk15slpiDOMy6gd.tiff,0.104,0.369936,0.226946,0.6462,0.259146,0.369936,0.995803,0.999322,20670,11317,59092,16686137,79762,31987,839474,0.095014,nan,0.120322,ok
orgsegnet,mito,empiar_10982_mitonet_benchmark,MitoNet,tem_00148,sparse,2.0,tem_benchmark/images/UuyHhnn7MjnSClcZPBAG.tiff,0.177,0.338155,0.203482,0.891291,0.20866,0.338155,0.996643,0.999895,14389,1755,54570,16706502,68959,16144,533338,0.129297,nan,0.184714,ok
orgsegnet,mito,empiar_10982_mitonet_benchmark,MitoNet,tem_00149,sparse,2.0,tem_benchmark/images/V52bj9CYW97AUqevB2Rv.tiff,0.085,0.091825,0.048122,0.634641,0.049493,0.091825,0.985506,0.999572,12293,7077,236084,16521762,248377,19370,858112,0.289446,nan,0.020577,ok
orgsegnet,mito,empiar_10982_mitonet_benchmark,MitoNet,tem_00150,sparse,2.0,tem_benchmark/images/VFu9kl8plvKxrBEwRfhL.tiff,0.117,0.084314,0.044013,0.181878,0.054877,0.084314,0.997505,0.999482,1927,8668,33188,16733433,35115,10595,761805,0.046094,nan,0.003693,ok
orgsegnet,mito,empiar_10982_mitonet_benchmark,MitoNet,tem_00151,sparse,2.0,tem_benchmark/images/VcJ1fV2RlrJrmLHIzdIv.tiff,0.365,0.239405,0.135979,0.300695,0.198869,0.239405,0.99679,0.998822,8476,19712,34145,16714883,42621,28188,858162,0.049665,nan,0.081831,ok
orgsegnet,mito,empiar_10982_mitonet_benchmark,MitoNet,tem_00152,sparse,2.0,tem_benchmark/images/WCqmS6R1MFjZfQXMEbov.tiff,0.11,0.624683,0.45421,0.956131,0.463877,0.624683,0.994369,0.999783,78616,3607,90860,16604133,169476,82223,416273,0.407127,nan,0.246996,ok
orgsegnet,mito,empiar_10982_mitonet_benchmark,MitoNet,tem_00153,sparse,2.0,tem_benchmark/images/X1DAYM5MVaMXPhpeeTBT.tiff,0.104,0.02481,0.012561,0.94837,0.012569,0.02481,0.998365,0.999999,349,19,27417,16749431,27766,368,304914,0.091062,nan,0.020619,ok
orgsegnet,mito,empiar_10982_mitonet_benchmark,MitoNet,tem_00154,sparse,2.0,tem_benchmark/images/XsisEi7EmDiq7esbhl3k.tiff,0.369,0.0,0.0,nan,0.0,0.0,0.998677,1.0,0,0,22189,16755027,22189,0,1048576,0.021161,nan,0.0,ok
orgsegnet,mito,empiar_10982_mitonet_benchmark,MitoNet,tem_00155,sparse,2.0,tem_benchmark/images/XzLxoE9qQ3O9Gq28iveF.tiff,0.116,0.653688,0.48554,0.723099,0.596435,0.653688,0.996234,0.998631,59634,22836,40350,16654396,99984,82470,1019904,0.098033,nan,0.34217,ok
orgsegnet,mito,empiar_10982_mitonet_benchmark,MitoNet,tem_00156,sparse,2.0,tem_benchmark/images/Y5Uy1ACZO4MkqTvSzJcS.tiff,0.214,0.778137,0.636845,0.96215,0.65321,0.778137,0.99659,0.999763,100333,3947,53267,16619669,153600,104280,291000,0.527835,nan,0.539526,ok
orgsegnet,mito,empiar_10982_mitonet_benchmark,MitoNet,tem_00157,sparse,2.0,tem_benchmark/images/YnjZLcFb5mRSIQR7oTJ1.tiff,0.076,0.0,0.0,nan,0.0,0.0,0.994011,1.0,0,0,100472,16676744,100472,0,715776,0.140368,nan,0.0,ok
orgsegnet,mito,empiar_10982_mitonet_benchmark,MitoNet,tem_00158,sparse,2.0,tem_benchmark/images/aLriAAXSpMzI1tSLzl05.tiff,0.074,0.729093,0.57368,0.794827,0.673402,0.729093,0.998639,0.999526,30728,7932,14903,16723653,45631,38660,682520,0.066857,nan,0.454206,ok
orgsegnet,mito,empiar_10982_mitonet_benchmark,MitoNet,tem_00159,sparse,2.0,tem_benchmark/images/bUsTjDOJHiHMPCNIWkuT.tiff,0.077,0.0,0.0,nan,0.0,0.0,0.999226,1.0,0,0,12990,16764226,12990,0,258842,0.050185,nan,0.0,ok
orgsegnet,mito,empiar_10982_mitonet_benchmark,MitoNet,tem_00160,sparse,2.0,tem_benchmark/images/ch1HZ72XmfK9rD5K40QW.tiff,0.183,0.010666,0.005361,1.0,0.005361,0.010666,0.997103,1.0,262,0,48605,16728349,48867,262,859408,0.056861,nan,0.009342,ok
orgsegnet,mito,empiar_10982_mitonet_benchmark,MitoNet,tem_00161,sparse,2.0,tem_benchmark/images/cwpw4Zu4rqVzbTMPhql2.tiff,0.151,0.617085,0.446221,0.511894,0.776691,0.617085,0.995982,0.9969,54314,51790,15616,16655496,69930,106104,1037312,0.067415,nan,0.402836,ok
orgsegnet,mito,empiar_10982_mitonet_benchmark,MitoNet,tem_00162,sparse,2.0,tem_benchmark/images/d2Cvt7UfKPIAnaJGlKpw.tiff,0.115,0.14566,0.078551,0.655625,0.081931,0.14566,0.99654,0.999845,4948,2599,55444,16714225,60392,7547,826110,0.073104,nan,0.068498,ok
orgsegnet,mito,empiar_10982_mitonet_benchmark,MitoNet,tem_00163,sparse,2.0,tem_benchmark/images/d7McLI44TDhNmnd1QSpo.tiff,0.087,0.295567,0.173411,0.976577,0.174135,0.295567,0.995664,0.999978,15260,366,72373,16689217,87633,15626,650960,0.134621,nan,0.074695,ok
orgsegnet,mito,empiar_10982_mitonet_benchmark,MitoNet,tem_00164,sparse,2.0,tem_benchmark/images/dYaOkBZPfpE3oHiplIst.tiff,0.103,0.885054,0.793809,0.940171,0.836042,0.885054,0.999604,0.999903,25567,1627,5014,16745008,30581,27194,576534,0.053043,nan,0.488499,ok
orgsegnet,mito,empiar_10982_mitonet_benchmark,MitoNet,tem_00165,sparse,2.0,tem_benchmark/images/e8mrOPbV0mqJZ5L7xY8c.tiff,0.124,0.783738,0.644382,0.889878,0.700219,0.783738,0.997971,0.999543,61697,7635,26414,16681470,88111,69332,731964,0.120376,nan,0.469884,ok
orgsegnet,mito,empiar_10982_mitonet_benchmark,MitoNet,tem_00166,sparse,2.0,tem_benchmark/images/eL79mWeRWlqFAqOO6w8o.tiff,0.107,0.492639,0.326822,0.995429,0.327314,0.492639,0.998262,0.999996,14155,65,29091,16733905,43246,14220,571120,0.075721,nan,0.207783,ok
orgsegnet,mito,empiar_10982_mitonet_benchmark,MitoNet,tem_00167,sparse,2.0,tem_benchmark/images/ghAKYp44DzBUhlyn7Kec.tiff,0.1,0.0,0.0,nan,0.0,0.0,0.994147,1.0,0,0,98204,16679012,98204,0,1044480,0.094022,nan,0.0,ok
orgsegnet,mito,empiar_10982_mitonet_benchmark,MitoNet,tem_00168,sparse,2.0,tem_benchmark/images/gxdh9YGZMJUB58YvyzgM.tiff,0.105,0.489369,0.32395,0.869491,0.340507,0.489369,0.988983,0.999195,88569,13294,171540,16503813,260109,101863,962560,0.270226,nan,0.162703,ok
orgsegnet,mito,empiar_10982_mitonet_benchmark,MitoNet,tem_00169,sparse,2.0,tem_benchmark/images/hR5EYnvM2Ysjfddi9ZTt.tiff,0.138,0.867973,0.766742,0.897818,0.840048,0.867973,0.996233,0.99857,207738,23643,39555,16506280,247293,231381,1048576,0.235837,nan,0.499334,ok
orgsegnet,mito,empiar_10982_mitonet_benchmark,MitoNet,tem_00170,sparse,2.0,tem_benchmark/images/iDXfFDvQLRHsB4XZHb3A.tiff,0.106,0.0,0.0,nan,0.0,0.0,0.996103,1.0,0,0,65386,16711830,65386,0,914432,0.071504,nan,0.0,ok
orgsegnet,mito,empiar_10982_mitonet_benchmark,MitoNet,tem_00171,sparse,2.0,tem_benchmark/images/iidFXTWegya1bm1hl5to.tiff,0.191,0.244525,0.139293,0.648825,0.15065,0.244525,0.986043,0.998759,37894,20510,213642,16505170,251536,58404,1382400,0.181956,nan,0.183235,ok
orgsegnet,mito,empiar_10982_mitonet_benchmark,MitoNet,tem_00172,sparse,2.0,tem_benchmark/images/j1k88xV7tmKNMLM4bj1h.tiff,0.075,0.0,0.0,nan,0.0,0.0,0.994029,1.0,0,0,100178,16677038,100178,0,790251,0.126767,nan,0.0,ok
orgsegnet,mito,empiar_10982_mitonet_benchmark,MitoNet,tem_00173,sparse,2.0,tem_benchmark/images/k0Ij8iyjBDimmOPwtFHL.tiff,0.106,0.625575,0.455154,0.879383,0.485461,0.625575,0.996972,0.999651,42439,5821,44981,16683975,87420,48260,288351,0.303172,nan,0.266826,ok
orgsegnet,mito,empiar_10982_mitonet_benchmark,MitoNet,tem_00174,sparse,2.0,tem_benchmark/images/k4Uw1csHJKTrviecgXyz.tiff,0.084,0.725224,0.568903,0.94426,0.588672,0.725224,0.996769,0.999746,71539,4223,49987,16651467,121526,75762,956416,0.127064,nan,0.337512,ok
orgsegnet,mito,empiar_10982_mitonet_benchmark,MitoNet,tem_00175,sparse,2.0,tem_benchmark/images/kBnMAlFJtapfTpTu5iHL.tiff,0.085,0.445365,0.286476,0.488322,0.409355,0.445365,0.999665,0.999859,2258,2366,3258,16769334,5516,4624,76310,0.072284,nan,0.436502,ok
orgsegnet,mito,empiar_10982_mitonet_benchmark,MitoNet,tem_00176,sparse,2.0,tem_benchmark/images/kF3EaTAoYeTRf12uLsIX.tiff,0.184,0.884249,0.792515,0.800068,0.988229,0.884249,0.992995,0.993127,448910,112180,5347,16210779,454257,561090,1740000,0.261067,nan,0.495393,ok
orgsegnet,mito,empiar_10982_mitonet_benchmark,MitoNet,tem_00177,sparse,2.0,tem_benchmark/images/lCH8UM6Mv2AG7zDPrqHA.tiff,0.121,0.0,0.0,nan,0.0,0.0,0.99759,1.0,0,0,40427,16736789,40427,0,824776,0.049016,nan,0.0,ok
orgsegnet,mito,empiar_10982_mitonet_benchmark,MitoNet,tem_00178,sparse,2.0,tem_benchmark/images/lw3ENjwOInSmgeNNY0Qk.tiff,0.083,0.0,0.0,nan,0.0,0.0,0.998124,1.0,0,0,31472,16745744,31472,0,551040,0.057114,nan,0.0,ok
orgsegnet,mito,empiar_10982_mitonet_benchmark,MitoNet,tem_00179,sparse,2.0,tem_benchmark/images/ngygM944aKxBq6rf72Zl.tiff,0.075,0.702758,0.541733,0.856031,0.596038,0.702758,0.999518,0.999904,9567,1609,6484,16759556,16051,11176,838656,0.019139,nan,0.484591,ok
orgsegnet,mito,empiar_10982_mitonet_benchmark,MitoNet,tem_00180,sparse,2.0,tem_benchmark/images/pLeNHL0RTZwYh5EwN7up.tiff,0.112,0.712442,0.553328,0.961591,0.565834,0.712442,0.999288,0.999965,14796,591,11353,16750476,26149,15387,69888,0.374156,nan,0.663474,ok
orgsegnet,mito,empiar_10982_mitonet_benchmark,MitoNet,tem_00181,sparse,2.0,tem_benchmark/images/pu4kmugMyXvbFtAgLogm.tiff,0.088,0.909418,0.833883,0.915623,0.903296,0.909418,0.999396,0.99972,50861,4687,5445,16716223,56306,55548,1020928,0.055152,nan,0.583516,ok
orgsegnet,mito,empiar_10982_mitonet_benchmark,MitoNet,tem_00182,sparse,2.0,tem_benchmark/images/qOA9ml35XYXQjtWmFvvg.tiff,0.095,0.307126,0.181423,0.964013,0.18266,0.307126,0.995958,0.999966,15028,561,67245,16694382,82273,15589,683220,0.120419,nan,0.105341,ok
orgsegnet,mito,empiar_10982_mitonet_benchmark,MitoNet,tem_00183,sparse,2.0,tem_benchmark/images/qqRmOpdujNXIqEuWrFLk.tiff,0.19,0.840511,0.724898,0.882888,0.802016,0.840511,0.995648,0.998457,192414,25523,47499,16511780,239913,217937,1116250,0.214928,nan,0.725404,ok
orgsegnet,mito,empiar_10982_mitonet_benchmark,MitoNet,tem_00184,sparse,2.0,tem_benchmark/images/qs9OOX5WsQhRE3Kg2rpU.tiff,0.08,0.715129,0.556577,0.609051,0.865952,0.715129,0.999724,0.999777,5814,3732,900,16766770,6714,9546,147804,0.045425,nan,0.432496,ok
orgsegnet,mito,empiar_10982_mitonet_benchmark,MitoNet,tem_00185,sparse,2.0,tem_benchmark/images/sN90grldkJUpRIAJ64Bz.tiff,0.085,0.320774,0.191025,0.832528,0.198659,0.320774,0.998564,0.999932,5687,1144,22940,16747445,28627,6831,526959,0.054325,nan,0.204727,ok
orgsegnet,mito,empiar_10982_mitonet_benchmark,MitoNet,tem_00186,sparse,2.0,tem_benchmark/images/sXnNKReR54pzKRZ5rpfP.tiff,0.085,0.275631,0.159845,0.383279,0.215192,0.275631,0.993833,0.998102,19686,31676,71795,16654059,91481,51362,626628,0.145989,nan,0.034186,ok
orgsegnet,mito,empiar_10982_mitonet_benchmark,MitoNet,tem_00187,sparse,2.0,tem_benchmark/images/snDIBSvwQMaqGKBbGF6V.tiff,0.106,0.375913,0.231461,0.823702,0.243525,0.375913,0.996714,0.999787,16605,3554,51581,16705476,68186,20159,1013968,0.067247,nan,0.202329,ok
orgsegnet,mito,empiar_10982_mitonet_benchmark,MitoNet,tem_00188,sparse,2.0,tem_benchmark/images/uBBsOocNXDq5poteflbh.tiff,0.157,0.136482,0.073239,0.909067,0.073779,0.136482,0.994797,0.999959,6898,690,86597,16683031,93495,7588,281074,0.332635,nan,0.076892,ok
orgsegnet,mito,empiar_10982_mitonet_benchmark,MitoNet,tem_00189,sparse,2.0,tem_benchmark/images/v64IdYxtp9vzYzojtxir.tiff,0.074,0.332635,0.199497,0.567049,0.235345,0.332635,0.994285,0.998906,23896,18245,77640,16657435,101536,42141,568340,0.178654,nan,0.14717,ok
orgsegnet,mito,empiar_10982_mitonet_benchmark,MitoNet,tem_00190,sparse,2.0,tem_benchmark/images/vziaz0e1YZ9BJHIY7tJV.tiff,0.074,0.489142,0.323751,0.647695,0.392949,0.489142,0.997434,0.99933,20609,11210,31838,16713559,52447,31819,961536,0.054545,nan,0.256334,ok
orgsegnet,mito,empiar_10982_mitonet_benchmark,MitoNet,tem_00191,sparse,2.0,tem_benchmark/images/xHSMEPuKIY4T3X4UURT5.tiff,0.084,0.211233,0.118089,0.789868,0.121919,0.211233,0.993344,0.999761,14953,3978,107694,16650591,122647,18931,724104,0.169378,nan,0.076048,ok
orgsegnet,mito,empiar_10982_mitonet_benchmark,MitoNet,tem_00192,sparse,2.0,tem_benchmark/images/yayA9ov0gTMPe5oUDmCY.tiff,0.151,0.0,0.0,nan,0.0,0.0,0.997379,1.0,0,0,43981,16733235,43981,0,248050,0.177307,nan,0.0,ok
orgsegnet,mito,empiar_10982_mitonet_benchmark,MitoNet,tem_00193,sparse,2.0,tem_benchmark/images/yn4W2WociugOlXWN83Ps.tiff,0.085,0.437432,0.279944,0.801565,0.30079,0.437432,0.994128,0.999431,38302,9482,89036,16640396,127338,47784,1048576,0.121439,nan,0.201426,ok
orgsegnet,mito,empiar_10982_mitonet_benchmark,MitoNet,tem_00194,sparse,2.0,tem_benchmark/images/zRf1ZWOS08TxjOvROo86.tiff,0.088,0.589861,0.4183,0.867907,0.446741,0.589861,0.998577,0.999844,17162,2612,21254,16736188,38416,19774,523887,0.073329,nan,0.292336,ok
orgsegnet,mito,orgsegnet_plant,PlantHunter,te_00008,partial,24.68,image/A_001.tif,0.504,0.0,0.0,0.0,0.0,0.0,0.997238,0.999625,0,6269,40075,16730872,40075,6269,10710694,0.003742,nan,0.0,ok
orgsegnet,mito,orgsegnet_plant,PlantHunter,te_00009,partial,24.68,image/A_001.tif,0.461,0.0,0.0,0.0,0.0,0.0,0.997113,0.9995,0,8361,40075,16728780,40075,8361,8985870,0.00446,nan,0.0,ok
orgsegnet,mito,orgsegnet_plant,PlantHunter,te_00016,partial,7.41,image/A_005.tif,0.432,0.632372,0.462386,0.906562,0.485524,0.632372,0.989515,0.999053,151287,15593,160308,16450028,311595,166880,10025966,0.031079,nan,0.219738,ok
orgsegnet,mito,orgsegnet_plant,PlantHunter,te_00017,partial,7.41,image/A_005.tif,0.416,0.633209,0.463282,0.904006,0.487252,0.633209,0.986066,0.99869,201795,21428,212354,16341639,414149,223223,12274542,0.03374,nan,0.261555,ok
orgsegnet,mito,orgsegnet_plant,PlantHunter,te_00026,partial,7.41,image/A_017.tif,0.491,0.92721,0.864297,0.890874,0.966635,0.92721,0.997172,0.997752,302173,37014,10430,16427599,312603,339187,13221888,0.023643,nan,0.609272,ok
orgsegnet,mito,orgsegnet_plant,PlantHunter,te_00027,partial,7.41,image/A_017.tif,0.421,0.863261,0.759418,0.817326,0.914666,0.863261,0.996189,0.997276,201801,45103,18827,16511485,220628,246904,13218660,0.016691,nan,0.529114,ok
orgsegnet,mito,orgsegnet_plant,PlantHunter,te_00048,partial,6.17,image/A_033.tif,0.474,0.977674,0.956324,0.98927,0.966347,0.977674,0.999338,0.99984,243306,2639,8473,16522798,251779,245945,11939840,0.021087,nan,0.217018,ok
orgsegnet,mito,orgsegnet_plant,PlantHunter,te_00049,partial,6.17,image/A_033.tif,0.436,0.97649,0.954059,0.987891,0.965349,0.97649,0.999304,0.99982,242541,2973,8706,16522996,251247,245514,11882634,0.021144,nan,0.263485,ok
orgsegnet,mito,orgsegnet_plant,PlantHunter,te_00066,partial,5.29,image/A_046.tif,0.443,0.950296,0.905299,0.950516,0.950076,0.950296,0.999259,0.999628,118902,6190,6248,16645876,125150,125092,13225984,0.009462,nan,0.156845,ok
orgsegnet,mito,orgsegnet_plant,PlantHunter,te_00067,partial,5.29,image/A_046.tif,0.44,0.9432,0.892506,0.952609,0.933975,0.9432,0.999161,0.999651,116887,5815,8263,16646251,125150,122702,11469408,0.010912,nan,0.111987,ok
orgsegnet,mito,orgsegnet_plant,PlantHunter,te_00088,partial,6.17,image/A_104.tif,0.687,0.978443,0.957796,0.986841,0.970187,0.978443,0.999335,0.999796,253111,3375,7778,16512952,260889,256486,12641265,0.020638,nan,0.503415,ok
orgsegnet,mito,orgsegnet_plant,PlantHunter,te_00089,partial,6.17,image/A_104.tif,0.493,0.974376,0.950033,0.974419,0.974333,0.974376,0.999134,0.99956,276279,7253,7278,16486406,283557,283532,13230080,0.021433,nan,0.275443,ok
orgsegnet,mito,orgsegnet_plant,PlantHunter,te_00113,partial,12.34,image/A_116.tif,0.439,0.77525,0.632986,0.840669,0.719277,0.77525,0.99935,0.999787,18794,3562,7335,16747525,26129,22356,13226850,0.001975,nan,0.131944,ok
orgsegnet,mito,orgsegnet_plant,PlantHunter,te_00150,partial,4.63,image/A_135.tif,0.441,0.950171,0.905072,0.931072,0.97007,0.950171,0.999656,0.999756,55099,4079,1700,16716338,56799,59178,6895834,0.008237,nan,0.2435,ok
orgsegnet,mito,orgsegnet_plant,PlantHunter,te_00151,partial,4.63,image/A_135.tif,0.449,0.939295,0.885539,0.903318,0.978257,0.939295,0.999572,0.999644,55564,5947,1235,16714470,56799,61511,7632996,0.007441,nan,0.225423,ok
orgsegnet,mito,orgsegnet_plant,PlantHunter,te_00170,partial,18.51,image/A_145.tif,0.432,0.809137,0.679454,0.938256,0.711256,0.809137,0.994936,0.999283,180088,11851,73109,16512168,253197,191939,13230080,0.019138,nan,0.560269,ok
orgsegnet,mito,orgsegnet_plant,PlantHunter,te_00171,partial,18.51,image/A_145.tif,0.49,0.805656,0.67456,0.919435,0.716937,0.805656,0.99484,0.999049,179435,15723,70845,16511213,250280,195158,13230080,0.018917,nan,0.530594,ok
orgsegnet,mito,orgsegnet_plant,PlantHunter,te_00210,partial,7.41,image/A_165.tif,0.466,0.0,0.0,nan,0.0,0.0,0.993092,1.0,0,0,115905,16661311,115905,0,13223620,0.008765,nan,0.0,ok
orgsegnet,mito,orgsegnet_plant,PlantHunter,te_00211,partial,7.41,image/A_165.tif,0.509,0.0,0.0,nan,0.0,0.0,0.993092,1.0,0,0,115905,16661311,115905,0,13210700,0.008774,nan,0.0,ok
orgsegnet,mito,orgsegnet_plant,PlantHunter,te_00216,partial,7.41,image/A_168.tif,0.434,0.802508,0.670157,0.900294,0.723883,0.802508,0.983237,0.996042,571396,63281,217953,15924586,789349,634677,13225984,0.059682,nan,0.342232,ok
orgsegnet,mito,orgsegnet_plant,PlantHunter,te_00217,partial,7.41,image/A_168.tif,0.424,0.830432,0.710033,0.962479,0.730246,0.830432,0.98999,0.999011,411224,16031,151907,16198054,563131,427255,13222755,0.042588,nan,0.317723,ok
orgsegnet,mito,orgsegnet_plant,PlantHunter,te_00234,partial,6.17,image/A_177.tif,0.448,0.961246,0.925385,0.99198,0.93236,0.961246,0.998785,0.999876,252704,2043,18333,16504136,271037,254747,12248160,0.022129,nan,0.496313,ok
orgsegnet,mito,orgsegnet_plant,PlantHunter,te_00235,partial,6.17,image/A_177.tif,0.45,0.0,0.0,nan,0.0,0.0,0.999952,1.0,0,0,804,16776412,804,0,13217160,6.1e-05,nan,0.0,ok
orgsegnet,mito,orgsegnet_plant,PlantHunter,te_00240,partial,5.29,image/A_180.tif,0.441,0.969092,0.940038,0.971967,0.966234,0.969092,0.996583,0.998364,898856,25924,31411,15821025,930267,924780,11833344,0.078614,nan,0.3172,ok
orgsegnet,mito,orgsegnet_plant,PlantHunter,te_00241,partial,5.29,image/A_180.tif,0.43,0.962357,0.927444,0.969505,0.955313,0.962357,0.996521,0.998533,746027,23466,34897,15972826,780924,769493,10897308,0.071662,nan,0.414504,ok
orgsegnet,mito,orgsegnet_plant,PlantHunter,te_00242,partial,7.41,image/A_181.tif,0.425,0.773658,0.630866,0.970737,0.643096,0.773658,0.986392,0.999273,390173,11762,216537,16158744,606710,401935,13217160,0.045903,nan,0.452364,ok
orgsegnet,mito,orgsegnet_plant,PlantHunter,te_00243,partial,7.41,image/A_181.tif,0.44,0.703193,0.542249,0.976235,0.549503,0.703193,0.983225,0.999498,333389,8116,273321,16162390,606710,341505,13226850,0.04587,nan,0.391918,ok
orgsegnet,mito,orgsegnet_plant,PlantHunter,te_00248,partial,3.09,image/A_184.tif,0.417,0.931838,0.872376,0.885115,0.98377,0.931838,0.998999,0.999106,114741,14893,1893,16645689,116634,129634,13217792,0.008824,nan,0.078631,ok
orgsegnet,mito,orgsegnet_plant,PlantHunter,te_00249,partial,3.09,image/A_184.tif,0.468,0.939417,0.885756,0.900465,0.981892,0.939417,0.99912,0.99924,114522,12659,2112,16647923,116634,127181,13215432,0.008826,nan,0.107812,ok
orgsegnet,mito,orgsegnet_plant,PlantHunter,te_00258,partial,5.29,image/A_189.tif,0.432,0.649767,0.481226,0.872851,0.517503,0.649767,0.995099,0.999332,76268,11110,71109,16618729,147377,87378,13225984,0.011143,nan,0.190812,ok
orgsegnet,mito,orgsegnet_plant,PlantHunter,te_00259,partial,5.29,image/A_189.tif,0.438,0.585329,0.413756,0.843207,0.448243,0.585329,0.995566,0.999414,52504,9763,64629,16650320,117133,62267,12514320,0.00936,nan,0.380614,ok
orgsegnet,mito,orgsegnet_plant,PlantHunter,te_00264,partial,12.34,image/A_192.tif,0.466,0.868899,0.768188,0.825125,0.917577,0.868899,0.999606,0.999723,21931,4648,1970,16748667,23901,26579,13226850,0.001807,nan,0.166451,ok
orgsegnet,mito,orgsegnet_plant,PlantHunter,te_00265,partial,12.34,image/A_192.tif,0.477,0.868223,0.767133,0.798875,0.950755,0.868223,0.999589,0.999659,22724,5721,1177,16747594,23901,28445,13226850,0.001807,nan,0.172036,ok
orgsegnet,mito,orgsegnet_plant,PlantHunter,te_00270,partial,24.68,image/A_195.tif,0.452,0.0,0.0,nan,0.0,0.0,0.999268,1.0,0,0,12274,16764942,12274,0,13226850,0.000928,nan,0.0,ok
orgsegnet,mito,orgsegnet_plant,PlantHunter,te_00271,partial,24.68,image/A_195.tif,0.689,0.19462,0.1078,0.834744,0.110151,0.19462,0.998151,0.999956,3748,742,30278,16742448,34026,4490,13223620,0.002573,nan,0.137931,ok
orgsegnet,mito,orgsegnet_plant,PlantHunter,te_00274,partial,24.68,image/A_197.tif,0.449,0.0,0.0,0.0,0.0,0.0,0.998683,0.999438,0,9426,12666,16755124,12666,9426,12309530,0.001029,nan,0.0,ok
orgsegnet,mito,orgsegnet_plant,PlantHunter,te_00275,partial,24.68,image/A_197.tif,0.468,0.0,0.0,0.0,0.0,0.0,0.999035,0.999239,0,12758,3434,16761024,3434,12758,10035610,0.000342,nan,0.0,ok
orgsegnet,mito,orgsegnet_plant,PlantHunter,te_00280,partial,18.51,image/A_200.tif,0.425,0.569035,0.397659,0.66092,0.499581,0.569035,0.999031,0.999671,10734,5507,10752,16750223,21486,16241,10909214,0.00197,nan,0.398142,ok
orgsegnet,mito,orgsegnet_plant,PlantHunter,te_00281,partial,18.51,image/A_200.tif,0.485,0.502455,0.335519,0.517539,0.488225,0.502455,0.998762,0.999416,10490,9779,10996,16745951,21486,20269,13115392,0.001638,nan,0.375927,ok
orgsegnet,mito,orgsegnet_plant,PlantHunter,te_00308,partial,5.29,image/A_214.tif,0.432,0.946234,0.897954,0.96711,0.92624,0.946234,0.999179,0.999752,121204,4122,9652,16642238,130856,125326,12709888,0.010296,nan,0.24753,ok
orgsegnet,mito,orgsegnet_plant,PlantHunter,te_00309,partial,5.29,image/A_214.tif,0.503,0.70683,0.546587,0.827516,0.616865,0.70683,0.993971,0.998467,121932,25415,75732,16554137,197664,147347,13223620,0.014948,nan,0.169213,ok
orgsegnet,mito,orgsegnet_plant,PlantHunter,te_00326,partial,12.34,image/A_223.tif,0.475,0.335831,0.201801,0.852959,0.209075,0.335831,0.986398,0.999397,57695,9946,218259,16491316,275954,67641,13230080,0.020858,nan,0.105668,ok
orgsegnet,mito,orgsegnet_plant,PlantHunter,te_00327,partial,12.34,image/A_223.tif,0.443,0.351669,0.213348,0.848809,0.221776,0.351669,0.98655,0.999339,61200,10901,214754,16490361,275954,72101,13226850,0.020863,nan,0.08335,ok
orgsegnet,mito,orgsegnet_plant,PlantHunter,te_00346,partial,14.81,image/A_233.tif,0.457,0.130236,0.069654,0.356605,0.079665,0.130236,0.989175,0.998523,13597,24532,157080,16582007,170677,38129,13230080,0.012901,nan,0.027862,ok
orgsegnet,mito,orgsegnet_plant,PlantHunter,te_00347,partial,14.81,image/A_233.tif,0.502,0.127325,0.067991,0.25633,0.084698,0.127325,0.988189,0.997474,14456,41940,156221,16564599,170677,56396,13230080,0.012901,nan,0.027528,ok
orgsegnet,mito,orgsegnet_plant,PlantHunter,te_00356,partial,24.68,image/A_238.tif,0.43,0.12873,0.068793,0.329669,0.07998,0.12873,0.991314,0.998685,10766,21891,123842,16620717,134608,32657,13226850,0.010177,nan,0.068473,ok
orgsegnet,mito,orgsegnet_plant,PlantHunter,te_00357,partial,24.68,image/A_238.tif,0.45,0.341573,0.205962,0.65093,0.231535,0.341573,0.990571,0.998674,41034,22005,136192,16577985,177226,63039,13230080,0.013396,nan,0.159437,ok
orgsegnet,mito,orgsegnet_plant,PlantHunter,te_00360,partial,4.63,image/A_240.tif,0.464,0.965476,0.933256,0.959408,0.971621,0.965476,0.999004,0.999402,233706,9888,6826,16526796,240532,243594,13223620,0.01819,nan,0.150177,ok
orgsegnet,mito,orgsegnet_plant,PlantHunter,te_00361,partial,4.63,image/A_240.tif,0.455,0.965323,0.93297,0.969351,0.961327,0.965323,0.99901,0.999558,231230,7311,9302,16529373,240532,238541,13223620,0.01819,nan,0.155581,ok
orgsegnet,mito,orgsegnet_plant,PlantHunter,te_00374,partial,3.7,image/A_247.tif,0.474,0.951003,0.906584,0.919894,0.98429,0.951003,0.999272,0.99938,118544,10323,1892,16646457,120436,128867,13230080,0.009103,nan,0.152138,ok
orgsegnet,mito,orgsegnet_plant,PlantHunter,te_00396,partial,4.63,image/A_258.tif,0.446,0.563289,0.392068,0.397732,0.964952,0.563289,0.959236,0.959076,441065,667885,16020,15652246,457085,1108950,13230080,0.034549,nan,0.396625,ok
orgsegnet,mito,orgsegnet_plant,PlantHunter,te_00442,partial,4.63,image/A_72.tif,0.461,0.975282,0.951757,0.98707,0.963773,0.975282,0.998556,0.999616,477823,6259,17961,16275173,495784,484082,13226850,0.037483,nan,0.432836,ok
orgsegnet,mito,orgsegnet_plant,PlantHunter,te_00443,partial,4.63,image/A_72.tif,0.444,0.969227,0.940291,0.981245,0.957499,0.969227,0.997831,0.999323,573109,10954,25439,16167714,598548,584063,13226850,0.045252,nan,0.734951,ok
orgsegnet,mito,orgsegnet_plant,PlantHunter,te_00444,partial,3.7,image/A_73.tif,0.437,0.976711,0.954482,0.970812,0.982682,0.976711,0.997512,0.998344,875258,26315,15425,15860218,890683,901573,13213696,0.067406,nan,0.499506,ok
orgsegnet,mito,orgsegnet_plant,PlantHunter,te_00445,partial,3.7,image/A_73.tif,0.455,0.977195,0.955408,0.974433,0.979974,0.977195,0.997572,0.998558,872846,22902,17837,15863631,890683,895748,13204018,0.067455,nan,0.501484,ok
orgsegnet,mito,orgsegnet_plant,PlantHunter,te_00460,partial,9.26,image/A_84.tif,0.431,0.739158,0.586241,0.992737,0.588767,0.739158,0.999115,0.999991,21049,154,14702,16741311,35751,21203,9726168,0.003676,nan,0.051867,ok
orgsegnet,mito,orgsegnet_plant,PlantHunter,te_00461,partial,9.26,image/A_84.tif,0.432,0.723163,0.566371,0.993983,0.56832,0.723163,0.999073,0.999993,20318,123,15433,16741342,35751,20441,11966250,0.002988,nan,0.046243,ok
orgsegnet,mito,orgsegnet_plant,PlantHunter,te_00482,partial,3.09,image/A_96.tif,0.443,0.959469,0.922095,0.946406,0.972897,0.959469,0.995553,0.996849,883158,50012,24603,15819443,907761,933170,9970767,0.091042,nan,0.565299,ok
orgsegnet,mito,orgsegnet_plant,PlantHunter,te_00483,partial,3.09,image/A_96.tif,0.439,0.968159,0.938282,0.96355,0.972812,0.968159,0.996742,0.998025,831109,31440,23228,15891439,854337,862549,13226850,0.064591,nan,0.700635,ok
orgsegnet,mito,orgsegnet_plant,PlantHunter,te_00500,partial,6.17,image/C017.tif,0.45,0.723408,0.566671,0.991423,0.569463,0.723408,0.983346,0.999804,365377,3161,276240,16132438,641617,368538,9380317,0.0684,nan,0.091486,ok
orgsegnet,mito,orgsegnet_plant,PlantHunter,te_00501,partial,6.17,image/C017.tif,0.459,0.530427,0.36094,0.985837,0.362821,0.530427,0.978734,0.999822,201507,2895,353882,16218932,555389,204402,8423745,0.065931,nan,0.046373,ok
orgsegnet,mito,orgsegnet_plant,PlantHunter,te_00504,partial,7.41,image/C019.tif,0.485,0.921569,0.854547,0.992608,0.86002,0.921569,0.99847,0.999932,150795,1123,24544,16600754,175339,151918,13152256,0.013331,nan,0.750514,ok
orgsegnet,mito,orgsegnet_plant,PlantHunter,te_00505,partial,7.41,image/C019.tif,0.531,0.950132,0.905001,0.958661,0.941753,0.950132,0.999511,0.999798,78174,3371,4835,16690836,83009,81545,10704075,0.007755,nan,0.70803,ok
orgsegnet,mito,orgsegnet_plant,PlantHunter,te_00526,partial,9.26,image/C046.tif,0.433,0.950029,0.904814,0.995825,0.908259,0.950029,0.999677,0.999987,51521,216,5204,16720275,56725,51737,8721529,0.006504,nan,0.611273,ok
orgsegnet,mito,orgsegnet_plant,PlantHunter,te_00527,partial,9.26,image/C046.tif,0.738,0.945131,0.895971,0.989264,0.904769,0.945131,0.999645,0.999967,51323,557,5402,16719934,56725,51880,10878640,0.005214,nan,0.549911,ok
orgsegnet,mito,orgsegnet_plant,PlantHunter,te_00530,partial,14.81,image/C051.tif,0.442,0.407572,0.255944,0.487426,0.350199,0.407572,0.993945,0.997797,34945,36748,64841,16640682,99786,71693,13230080,0.007542,nan,0.247014,ok
orgsegnet,mito,orgsegnet_plant,PlantHunter,te_00531,partial,14.81,image/C051.tif,0.441,0.422192,0.267582,0.569666,0.335372,0.422192,0.993613,0.998225,39148,29573,77582,16630913,116730,68721,13226850,0.008825,nan,0.193166,ok
orgsegnet,mito,orgsegnet_plant,PlantHunter,te_00532,partial,6.17,image/C052.tif,0.482,0.569142,0.397763,0.998852,0.397945,0.569142,0.993639,0.999995,70484,81,106636,16600015,177120,70565,13223620,0.013394,nan,0.091198,ok
orgsegnet,mito,orgsegnet_plant,PlantHunter,te_00533,partial,6.17,image/C052.tif,0.471,0.52817,0.358852,0.99934,0.358937,0.52817,0.99323,0.999997,63575,42,113545,16600054,177120,63617,13223620,0.013394,nan,0.11091,ok
orgsegnet,mito,orgsegnet_plant,PlantHunter,te_00542,partial,3.7,image/C057.tif,0.507,0.987391,0.975095,0.994199,0.980674,0.987391,0.999431,0.999867,373990,2182,7370,16393674,381360,376172,6892944,0.055326,nan,0.457869,ok
orgsegnet,mito,orgsegnet_plant,PlantHunter,te_00543,partial,3.7,image/C057.tif,0.461,0.986345,0.973058,0.986642,0.986048,0.986345,0.998844,0.99941,700595,9485,9913,16057223,710508,710080,9250605,0.076807,nan,0.528581,ok
orgsegnet,mito,orgsegnet_plant,PlantHunter,te_00564,partial,18.51,image/C076.tif,0.464,0.36009,0.219579,0.984032,0.220364,0.36009,0.969596,0.999856,143521,2329,507769,16123597,651290,145850,13230080,0.049228,nan,0.171529,ok
orgsegnet,mito,orgsegnet_plant,PlantHunter,te_00565,partial,18.51,image/C076.tif,0.456,0.559389,0.3883,0.884877,0.408959,0.559389,0.977574,0.998081,238838,31073,345176,16162129,584014,269911,13230080,0.044143,nan,0.241932,ok
orgsegnet,mito,orgsegnet_plant,PlantHunter,te_00576,partial,14.81,image/C088.tif,0.504,0.933868,0.875941,0.899581,0.970872,0.933868,0.998604,0.998888,165424,18466,4963,16588363,170387,183890,8928486,0.019084,nan,0.432658,ok
orgsegnet,mito,orgsegnet_plant,PlantHunter,te_00577,partial,14.81,image/C088.tif,0.458,0.93191,0.872501,0.902815,0.962943,0.93191,0.998571,0.998936,164073,17662,6314,16589167,170387,181735,9119565,0.018684,nan,0.338115,ok
orgsegnet,mito,orgsegnet_plant,PlantHunter,te_00610,partial,6.17,image/C119.tif,0.522,0.760809,0.613956,0.726284,0.798779,0.760809,0.988341,0.992846,311087,117240,78366,16270523,389453,428327,13230080,0.029437,nan,0.374948,ok
orgsegnet,mito,orgsegnet_plant,PlantHunter,te_00611,partial,6.17,image/C119.tif,0.483,0.629539,0.459363,0.863713,0.495261,0.629539,0.986469,0.998143,192881,30435,196572,16357328,389453,223316,13226850,0.029444,nan,0.259336,ok
orgsegnet,mito,orgsegnet_plant,PlantHunter,te_00630,partial,12.34,image/C171.tif,0.434,0.764732,0.619082,0.979896,0.627046,0.764732,0.992438,0.999743,206179,4230,122631,16444176,328810,210409,13225984,0.024861,nan,0.3656,ok
orgsegnet,mito,orgsegnet_plant,PlantHunter,te_00631,partial,12.34,image/C171.tif,0.428,0.404527,0.253547,0.983136,0.254654,0.404527,0.98844,0.999932,65876,1130,192812,16517398,258688,67006,13226850,0.019558,nan,0.156295,ok
orgsegnet,mito,orgsegnet_plant,PlantHunter,te_00646,partial,3.7,image/C179.tif,0.435,0.910691,0.836027,0.960745,0.865595,0.910691,0.999526,0.999901,40554,1657,6297,16728708,46851,42211,10821632,0.004329,nan,0.605304,ok
orgsegnet,mito,orgsegnet_plant,PlantHunter,te_00686,partial,3.09,image/C199.tif,0.47,0.944815,0.895402,0.962938,0.927361,0.944815,0.999192,0.999732,116088,4468,9093,16647567,125181,120556,13223620,0.009466,nan,0.103538,ok
orgsegnet,mito,orgsegnet_plant,PlantHunter,te_00687,partial,3.09,image/C199.tif,0.427,0.205401,0.114455,0.842027,0.116967,0.205401,0.993248,0.999835,14642,2747,110539,16649288,125181,17389,13223620,0.009466,nan,0.022067,ok
orgsegnet,mito,orgsegnet_plant,PlantHunter,te_00690,partial,12.34,image/C201.tif,0.489,0.0,0.0,0.0,0.0,0.0,0.999397,0.999934,0,1109,9002,16767105,9002,1109,13230080,0.00068,nan,0.0,ok
orgsegnet,mito,orgsegnet_plant,PlantHunter,te_00691,partial,12.34,image/C201.tif,0.502,0.0,0.0,0.0,0.0,0.0,0.990484,0.999697,0,5029,154625,16617562,154625,5029,13226850,0.01169,nan,0.0,ok
orgsegnet,mito,orgsegnet_plant,PlantHunter,te_00696,partial,5.29,image/C204.tif,0.459,0.628442,0.458195,0.994987,0.459256,0.628442,0.979351,0.999909,292972,1476,344956,16137812,637928,294448,13230080,0.048218,nan,0.160652,ok
orgsegnet,mito,orgsegnet_plant,PlantHunter,te_00697,partial,5.29,image/C204.tif,0.459,0.82961,0.708832,0.967642,0.726041,0.82961,0.98866,0.99904,463162,15488,174766,16123800,637928,478650,13223620,0.048242,nan,0.282396,ok
orgsegnet,mito,orgsegnet_plant,PlantHunter,te_00724,partial,6.17,image/C218.tif,0.446,0.953196,0.910577,0.972329,0.934802,0.953196,0.999593,0.999881,69610,1981,4855,16700770,74465,71591,13230080,0.005628,nan,0.132118,ok
orgsegnet,mito,orgsegnet_plant,PlantHunter,te_00725,partial,6.17,image/C218.tif,0.44,0.108796,0.057527,0.847114,0.058131,0.108796,0.99947,0.999994,543,98,8798,16767777,9341,641,13226850,0.000706,nan,0.19211,ok
orgsegnet,mito,orgsegnet_plant,PlantHunter,te_00768,partial,5.29,image/C240.tif,0.506,0.0,0.0,nan,0.0,0.0,0.992947,1.0,0,0,118326,16658890,118326,0,11898351,0.009945,nan,0.0,ok
orgsegnet,mito,orgsegnet_plant,PlantHunter,te_00769,partial,5.29,image/C240.tif,0.458,0.346811,0.209783,0.989343,0.210258,0.346811,0.994414,0.999984,24879,268,93447,16658622,118326,25147,11863467,0.009974,nan,0.010515,ok
orgsegnet,mito,orgsegnet_plant,PlantHunter,te_00772,partial,18.51,image/C242.tif,0.482,0.854328,0.745701,0.858191,0.8505,0.854328,0.997128,0.998594,141314,23351,24840,16587711,166154,164665,13230080,0.012559,nan,0.575049,ok
orgsegnet,mito,orgsegnet_plant,PlantHunter,te_00773,partial,18.51,image/C242.tif,0.472,0.807948,0.677779,0.850219,0.769681,0.807948,0.996377,0.998644,127861,22525,38261,16588569,166122,150386,13226850,0.012559,nan,0.505528,ok
orgsegnet,mito,orgsegnet_plant,PlantHunter,te_00794,partial,4.63,image/C253.tif,0.451,0.964122,0.93073,0.966813,0.961446,0.964122,0.998773,0.999424,276612,9495,11092,16480017,287704,286107,13230080,0.021746,nan,0.249187,ok
orgsegnet,mito,orgsegnet_plant,PlantHunter,te_00795,partial,4.63,image/C253.tif,0.519,0.962065,0.926903,0.960399,0.963737,0.962065,0.998697,0.999307,277271,11433,10433,16478079,287704,288704,12622840,0.022792,nan,0.239815,ok
orgsegnet,mito,orgsegnet_plant,PlantHunter,te_00798,partial,5.29,image/C255.tif,0.491,0.960128,0.923313,0.984529,0.936907,0.960128,0.999221,0.999851,157376,2473,10598,16606769,167974,159849,13230080,0.012696,nan,0.107643,ok
orgsegnet,mito,orgsegnet_plant,PlantHunter,te_00799,partial,5.29,image/C255.tif,0.503,0.962328,0.927392,0.982017,0.943414,0.962328,0.99926,0.999825,158469,2902,9505,16606340,167974,161371,13223620,0.012703,nan,0.112197,ok
orgsegnet,mito,orgsegnet_plant,PlantHunter,te_00802,partial,6.17,image/C257.tif,0.45,0.973649,0.948651,0.969067,0.978274,0.973649,0.998953,0.99937,324467,10357,7206,16435186,331673,334824,12107776,0.027393,nan,0.787017,ok
orgsegnet,mito,orgsegnet_plant,PlantHunter,te_00803,partial,6.17,image/C257.tif,0.482,0.945738,0.897061,0.978285,0.915287,0.945738,0.999017,0.999808,143755,3191,13305,16616965,157060,146946,12104820,0.012975,nan,0.664262,ok
orgsegnet,mito,orgsegnet_plant,PlantHunter,te_00823,partial,4.63,image/C267.tif,0.48,0.0,0.0,nan,0.0,0.0,0.996613,1.0,0,0,56824,16720392,56824,0,10574802,0.005374,nan,0.0,ok
orgsegnet,mito,orgsegnet_plant,PlantHunter,te_00834,partial,,image/C606.tif,0.43,0.97144,0.944466,0.970828,0.972053,0.97144,0.998287,0.999098,488648,14683,14049,16259836,502697,503331,6726600,0.074733,nan,0.429708,ok
orgsegnet,mito,orgsegnet_plant,PlantHunter,te_00835,partial,,image/C606.tif,0.436,0.966757,0.935653,0.966461,0.967053,0.966757,0.998114,0.999021,460053,15965,15674,16285524,475727,476018,6457248,0.073673,nan,0.455351,ok
orgsegnet,mito,orgsegnet_plant,PlantHunter,te_00846,partial,2.47,image/C_008.tif,0.445,0.984093,0.968684,0.986977,0.981226,0.984093,0.995632,0.997933,2266579,29907,43368,14437362,2309947,2296486,11617942,0.198826,nan,0.703517,ok
orgsegnet,mito,orgsegnet_plant,PlantHunter,te_00847,partial,2.47,image/C_008.tif,0.447,0.985495,0.971404,0.986797,0.984195,0.985495,0.996011,0.997898,2273439,30417,36508,14436852,2309947,2303856,9347955,0.247107,nan,0.748944,ok
orgsegnet,mito,orgsegnet_plant,PlantHunter,te_00895,partial,6.17,image/L1_003.tif,0.464,0.943391,0.892848,0.952869,0.934099,0.943391,0.9917,0.996306,1160285,57390,81858,15477683,1242143,1217675,9271190,0.133979,nan,0.803611,ok
orgsegnet,mito,orgsegnet_plant,PlantHunter,te_00896,partial,6.17,image/L1_003.tif,0.633,0.956902,0.917366,0.970745,0.943448,0.956902,0.991263,0.996742,1627240,49039,97539,15003398,1724779,1676279,11199110,0.15401,nan,0.811157,ok
orgsegnet,mito,orgsegnet_plant,PlantHunter,te_00913,partial,4.63,image/L1_014.tif,0.446,0.710923,0.551498,0.98655,0.555676,0.710923,0.966678,0.999397,687423,9372,549671,15530750,1237094,696795,5999753,0.206191,nan,0.419509,ok
orgsegnet,mito,orgsegnet_plant,PlantHunter,te_00914,partial,4.63,image/L1_014.tif,0.543,0.829952,0.709331,0.984562,0.717309,0.829952,0.983176,0.999317,688825,10801,271465,15806125,960290,699626,4477352,0.214477,nan,0.556233,ok
orgsegnet,mito,orgsegnet_plant,PlantHunter,te_00951,partial,3.7,image/L7_011.tif,0.454,0.955867,0.915464,0.965604,0.946324,0.955867,0.995523,0.99818,813443,28976,46139,15888658,859582,842419,4528587,0.189812,nan,0.471212,ok
orgsegnet,mito,orgsegnet_plant,PlantHunter,te_00952,partial,3.7,image/L7_011.tif,0.449,0.95771,0.918852,0.968109,0.947531,0.95771,0.995713,0.998314,814481,26830,45101,15890804,859582,841311,5776260,0.148813,nan,0.463067,ok
orgsegnet,mito,orgsegnet_plant,PlantHunter,te_00955,partial,3.7,image/L8_002.tif,0.454,0.950587,0.905828,0.991072,0.91328,0.950587,0.99312,0.999357,1110353,10002,105433,15551428,1215786,1120355,9090270,0.133746,nan,0.604599,ok
orgsegnet,mito,orgsegnet_plant,PlantHunter,te_00956,partial,3.7,image/L8_002.tif,0.457,0.945305,0.896282,0.991932,0.902864,0.945305,0.993905,0.999545,883640,7187,95068,15791321,978708,890827,7145118,0.136976,nan,0.448264,ok
orgsegnet,mito,orgsegnet_plant,PlantHunter,te_00961,sparse,1.48,image/M4D-25000X-0006.tif,0.144,0.973149,0.947703,0.982053,0.964406,0.973149,0.999789,0.99993,64295,1175,2373,16709373,66668,65470,1695450,0.039322,nan,0.580014,ok
orgsegnet,mito,orgsegnet_plant,PlantHunter,te_00989,partial,4.63,image/c10_003.tif,0.451,0.902254,0.821914,0.925384,0.880251,0.902254,0.995448,0.998265,352441,28418,47946,16348411,400387,380859,13206610,0.030317,nan,0.310327,ok
orgsegnet,mito,orgsegnet_plant,PlantHunter,te_00990,partial,4.63,image/c10_003.tif,0.432,0.920868,0.853342,0.923286,0.918464,0.920868,0.996233,0.998134,367741,30555,32646,16346274,400387,398296,13222755,0.03028,nan,0.347066,ok
orgsegnet,mito,orgsegnet_plant,PlantHunter,te_01002,partial,4.63,image/c13_002.tif,0.457,0.0,0.0,nan,0.0,0.0,0.995203,1.0,0,0,80482,16696734,80482,0,13222755,0.006087,nan,0.0,ok
orgsegnet,mito,orgsegnet_plant,PlantHunter,te_01011,partial,5.29,image/c6_003.tif,0.513,0.968804,0.939495,0.963836,0.973823,0.968804,0.998148,0.998888,482506,18104,12970,16263636,495476,500610,13230080,0.037451,nan,0.556106,ok
orgsegnet,mito,orgsegnet_plant,PlantHunter,te_01012,partial,5.29,image/c6_003.tif,0.459,0.926442,0.862964,0.955041,0.899506,0.926442,0.995305,0.998561,496009,23350,55415,16202442,551424,519359,13226850,0.04169,nan,0.606457,ok
orgsegnet,mito,orgsegnet_plant,PlantHunter,te_01013,partial,,image/cs10_001.tif,0.475,0.403071,0.252404,0.720013,0.279874,0.403071,0.999217,0.999897,4436,1725,11414,16759641,15850,6161,13040258,0.001215,nan,0.260572,ok
orgsegnet,mito,orgsegnet_plant,PlantHunter,te_01014,partial,,image/cs10_001.tif,0.419,0.143745,0.077438,0.900364,0.078107,0.143745,0.999121,0.999992,1238,137,14612,16761229,15850,1375,13201408,0.001201,nan,0.0,ok
orgsegnet,mito,orgsegnet_plant,PlantHunter,te_01015,partial,14.81,image/g-l_004.tif,0.444,0.0,0.0,0.0,0.0,0.0,0.993352,0.997517,0,41478,70065,16665673,70065,41478,13230080,0.005296,nan,0.0,ok
orgsegnet,mito,orgsegnet_plant,PlantHunter,te_01016,partial,14.81,image/g-l_004.tif,0.706,0.0,0.0,0.0,0.0,0.0,0.992825,0.996989,0,50309,70065,16656842,70065,50309,13226850,0.005297,nan,0.0,ok
orgsegnet,mito,orgsegnet_plant,PlantHunter,te_01029,partial,5.29,image/h3_007.tif,0.476,0.937766,0.882824,0.921141,0.955002,0.937766,0.999318,0.999557,86251,7384,4064,16679517,90315,93635,13230080,0.006826,nan,0.565694,ok
orgsegnet,mito,orgsegnet_plant,PlantHunter,te_01030,partial,5.29,image/h3_007.tif,0.479,0.601149,0.429745,0.942766,0.441257,0.601149,0.998068,0.999911,24428,1483,30932,16720373,55360,25911,13230080,0.004184,nan,0.104096,ok
orgsegnet,mito,orgsegnet_plant,PlantHunter,te_01033,partial,3.7,image/h4_004.tif,0.478,0.976911,0.954865,0.978806,0.975024,0.976911,0.9983,0.999192,603257,13062,15453,16145444,618710,616319,11821173,0.052339,nan,0.399594,ok
orgsegnet,mito,orgsegnet_plant,PlantHunter,te_01034,partial,3.7,image/h4_004.tif,0.437,0.974197,0.949691,0.984424,0.96418,0.974197,0.998678,0.999595,418698,6625,15555,16336338,434253,425323,9694389,0.044794,nan,0.47981,ok
orgsegnet,mito,orgsegnet_plant,PlantHunter,te_01055,partial,14.81,image/n-l_001.tif,0.455,0.597417,0.42594,0.910524,0.444547,0.597417,0.986123,0.998964,172740,16975,215835,16371666,388575,189715,13230080,0.029371,nan,0.375249,ok
orgsegnet,mito,orgsegnet_plant,PlantHunter,te_01056,partial,14.81,image/n-l_001.tif,0.43,0.542992,0.372676,0.903785,0.388073,0.542992,0.982168,0.998841,177732,18921,280254,16300309,457986,196653,13217160,0.034651,nan,0.296201,ok
orgsegnet,mito,orgsegnet_plant,PlantHunter,te_01073,partial,5.29,image/n-o_007.tif,0.463,0.748017,0.597466,0.97855,0.605395,0.748017,0.995217,0.999843,119112,2611,77639,16577854,196751,121723,8385024,0.023465,nan,0.033672,ok
orgsegnet,mito,orgsegnet_plant,PlantHunter,te_01074,partial,5.29,image/n-o_007.tif,0.464,0.366455,0.224331,0.988188,0.224934,0.366455,0.990879,0.999968,44256,529,152495,16579936,196751,44785,10194944,0.019299,nan,0.041703,ok
orgsegnet,mito,orgsegnet_plant,PlantHunter,te_01081,partial,9.26,image/o1_004.tif,0.456,0.85949,0.753602,0.824938,0.897064,0.85949,0.999459,0.999648,27774,5894,3187,16740361,30961,33668,13221888,0.002342,nan,0.23485,ok
orgsegnet,mito,orgsegnet_plant,PlantHunter,te_01082,partial,9.26,image/o1_004.tif,0.48,0.920446,0.852617,0.946951,0.895385,0.920446,0.999714,0.999907,27722,1553,3239,16744702,30961,29275,13230080,0.00234,nan,0.120191,ok
orgsegnet,mito,orgsegnet_plant,PlantHunter,te_01085,partial,6.17,image/o1_009.tif,0.453,0.949186,0.903286,0.956863,0.941631,0.949186,0.999215,0.999667,122977,5544,7623,16641072,130600,128521,11309056,0.011548,nan,0.397655,ok
orgsegnet,mito,orgsegnet_plant,PlantHunter,te_01086,partial,6.17,image/o1_009.tif,0.489,0.962061,0.926896,0.965865,0.958287,0.962061,0.999424,0.99974,122518,4330,5333,16645035,127851,126848,10914233,0.011714,nan,0.558735,ok
orgsegnet,mito,orgsegnet_plant,PlantHunter,te_01087,partial,7.41,image/o3_004.tif,0.462,0.87025,0.770303,0.862769,0.877862,0.87025,0.998539,0.999216,82196,13074,11436,16670510,93632,95270,13230080,0.007077,nan,0.427359,ok
orgsegnet,mito,orgsegnet_plant,PlantHunter,te_01088,partial,7.41,image/o3_004.tif,0.44,0.88521,0.794061,0.862658,0.908973,0.88521,0.998684,0.999188,85109,13550,8523,16670034,93632,98659,13226850,0.007079,nan,0.404327,ok
orgsegnet,mito,orgsegnet_plant,PlantHunter,te_01091,partial,5.29,image/o3_010.tif,0.473,0.95056,0.905778,0.967141,0.934537,0.95056,0.999586,0.999864,66754,2268,4676,16703518,71430,69022,13230080,0.005399,nan,0.189119,ok
orgsegnet,mito,orgsegnet_plant,PlantHunter,te_01092,partial,5.29,image/o3_010.tif,0.452,0.951471,0.907433,0.972974,0.930897,0.951471,0.999596,0.999889,66494,1847,4936,16703939,71430,68341,12366900,0.005776,nan,0.179012,ok
orgsegnet,mito,orgsegnet_plant,PlantHunter,te_01093,partial,5.29,image/o4_002.tif,0.498,0.944998,0.895731,0.97698,0.915044,0.944998,0.999556,0.99991,64043,1509,5946,16705718,69989,65552,13230080,0.00529,nan,0.222976,ok
orgsegnet,mito,orgsegnet_plant,PlantHunter,te_01094,partial,5.29,image/o4_002.tif,0.495,0.944556,0.894937,0.953221,0.936047,0.944556,0.999542,0.999808,65513,3215,4476,16704012,69989,68728,13230080,0.00529,nan,0.150021,ok
orgsegnet,mito,orgsegnet_plant,PlantHunter,te_01099,partial,7.41,image/o4_008.tif,0.491,0.957609,0.918666,0.941814,0.973943,0.957609,0.999378,0.999563,117852,7281,3153,16648930,121005,125133,13230080,0.009146,nan,0.626385,ok
orgsegnet,mito,orgsegnet_plant,PlantHunter,te_01100,partial,7.41,image/o4_008.tif,0.439,0.959285,0.921755,0.952805,0.965853,0.959285,0.999409,0.999652,116873,5789,4132,16650422,121005,122662,13230080,0.009146,nan,0.678864,ok
orgsegnet,mito,orgsegnet_plant,PlantHunter,te_01115,partial,14.81,image/p5_008.tif,0.438,0.0,0.0,0.0,0.0,0.0,0.997364,0.998538,0,24492,19726,16732998,19726,24492,7205900,0.002737,nan,0.0,ok
orgsegnet,mito,orgsegnet_plant,PlantHunter,te_01116,partial,14.81,image/p5_008.tif,0.503,0.0,0.0,0.0,0.0,0.0,0.997755,0.998929,0,17946,19726,16739544,19726,17946,7205900,0.002737,nan,0.0,ok
orgsegnet,mito,orgsegnet_plant,PlantHunter,te_01119,partial,,image/wh5_007.tif,0.479,0.0,0.0,nan,0.0,0.0,0.996491,1.0,0,0,58872,16718344,58872,0,9121520,0.006454,nan,0.0,ok
orgsegnet,mito,orgsegnet_plant,PlantHunter,te_01120,partial,,image/wh5_007.tif,0.463,0.0,0.0,nan,0.0,0.0,0.996491,1.0,0,0,58872,16718344,58872,0,11379290,0.005174,nan,0.0,ok
orgsegnet,mito,orgsegnet_plant,PlantHunter,te_01121,partial,,image/xc0_001.tif,0.438,0.263972,0.152055,1.0,0.152055,0.263972,0.995909,1.0,12309,0,68642,16696265,80951,12309,13225984,0.006121,nan,0.029637,ok
orgsegnet,mito,orgsegnet_plant,PlantHunter,te_01122,partial,,image/xc0_001.tif,0.433,0.169007,0.092303,1.0,0.092303,0.169007,0.997121,1.0,4911,0,48294,16724011,53205,4911,13205504,0.004029,nan,0.0,ok
orgsegnet,mito,orgsegnet_plant,PlantHunter,te_01133,partial,2.47,image/z002.tif,0.441,0.991054,0.982267,0.994464,0.987668,0.991054,0.999435,0.99982,525456,2925,6561,16242274,532017,528381,677144,0.785678,nan,0.43097,ok
orgsegnet,mito,orgsegnet_plant,PlantHunter,te_01134,partial,2.47,image/z002.tif,0.464,0.986226,0.972826,0.994532,0.978057,0.986226,0.999134,0.999824,520343,2861,11674,16242338,532017,523204,677144,0.785678,nan,0.253551,ok
orgsegnet,mito,orgsegnet_plant,PlantHunter,te_01135,partial,3.09,image/z003.tif,0.802,0.984321,0.969126,0.983314,0.98533,0.984321,0.996596,0.997967,1792437,30416,26686,14927677,1819123,1822853,5202589,0.349657,nan,0.812638,ok
orgsegnet,mito,orgsegnet_plant,PlantHunter,te_01136,partial,3.09,image/z003.tif,0.463,0.985203,0.970838,0.984419,0.985988,0.985203,0.997048,0.998273,1648659,26094,23429,15079034,1672088,1674753,4674373,0.357714,nan,0.711564,ok
orgsegnet,mito,orgsegnet_plant,PlantHunter,te_01139,partial,3.09,image/z005.tif,0.449,0.978091,0.957122,0.990047,0.966421,0.978091,0.997203,0.999329,1047538,10531,36398,15682749,1083936,1058069,6810730,0.159151,nan,0.662537,ok
orgsegnet,mito,orgsegnet_plant,PlantHunter,te_01140,partial,3.09,image/z005.tif,0.419,0.974782,0.950805,0.988198,0.961726,0.974782,0.996785,0.999207,1042449,12450,41487,15680830,1083936,1054899,6810730,0.159151,nan,0.621603,ok
orgsegnet,mito,orgsegnet_plant,PlantHunter,te_01163,partial,14.81,image/z028.tif,0.473,0.888582,0.799502,0.946903,0.837028,0.888582,0.999121,0.999803,58797,3297,11448,16703674,70245,62094,5321472,0.0132,nan,0.360001,ok
orgsegnet,mito,orgsegnet_plant,PlantHunter,te_01164,partial,14.81,image/z028.tif,0.46,0.908702,0.832679,0.943851,0.876077,0.908702,0.999263,0.999781,61540,3661,8705,16703310,70245,65201,6125184,0.011468,nan,0.453356,ok
orgsegnet,mito,orgsegnet_plant,PlantHunter,te_01195,partial,14.81,image/z046.tif,0.719,0.920292,0.852352,0.896788,0.945061,0.920292,0.99956,0.999707,42575,4900,2475,16727266,45050,47475,13217792,0.003408,nan,0.230904,ok
orgsegnet,mito,orgsegnet_plant,PlantHunter,te_01196,partial,14.81,image/z046.tif,0.446,0.923402,0.857704,0.920277,0.926548,0.923402,0.999587,0.999784,41741,3616,3309,16728550,45050,45357,13222755,0.003407,nan,0.194617,ok
orgsegnet,mito,orgsegnet_plant,PlantHunter,te_01199,partial,18.51,image/z052.tif,0.456,0.376158,0.231647,0.470542,0.313312,0.376158,0.998808,0.999595,6030,6785,13216,16751185,19246,12815,13225984,0.001455,nan,0.213552,ok
orgsegnet,mito,orgsegnet_plant,PlantHunter,te_01200,partial,18.51,image/z052.tif,0.433,0.466082,0.303851,0.521306,0.421438,0.466082,0.998892,0.999556,8111,7448,11135,16750522,19246,15559,13197312,0.001458,nan,0.200988,ok
orgsegnet,mito,orgsegnet_plant,PlantHunter,te_01211,partial,4.63,image/z061.tif,0.449,0.0,0.0,nan,0.0,0.0,0.989656,1.0,0,0,173551,16603665,173551,0,9740288,0.017818,nan,0.0,ok
orgsegnet,mito,orgsegnet_plant,PlantHunter,te_01212,partial,4.63,image/z061.tif,0.467,0.579388,0.407844,1.0,0.407844,0.579388,0.99331,1.0,77304,0,112239,16587673,189543,77304,9512000,0.019927,nan,0.0,ok
orgsegnet,mito,orgsegnet_plant,PlantHunter,te_01219,partial,5.29,image/z065.tif,0.422,0.968897,0.93967,0.943253,0.995975,0.968897,0.999423,0.999455,150678,9065,609,16616864,151287,159743,11206656,0.0135,nan,0.275594,ok
orgsegnet,mito,orgsegnet_plant,PlantHunter,te_01255,partial,18.51,image/z084.tif,0.459,0.526497,0.35731,0.708579,0.418863,0.526497,0.998414,0.999637,14793,6084,20524,16735815,35317,20877,11424322,0.003091,nan,0.242326,ok
orgsegnet,mito,orgsegnet_plant,PlantHunter,te_01256,partial,18.51,image/z084.tif,0.468,0.736778,0.583253,0.890448,0.628342,0.736778,0.998733,0.999781,29757,3661,17601,16726197,47358,33418,11105874,0.004264,nan,0.214927,ok
orgsegnet,mito,orgsegnet_plant,PlantHunter,te_01273,partial,5.29,image/z093.tif,0.49,0.955943,0.915604,0.951638,0.960287,0.955943,0.998561,0.999194,261904,13310,10831,16491171,272735,275214,13221888,0.020628,nan,0.216709,ok
orgsegnet,mito,orgsegnet_plant,PlantHunter,te_01274,partial,5.29,image/z093.tif,0.445,0.950657,0.905955,0.932408,0.969636,0.950657,0.998715,0.999091,207760,15061,6506,16547889,214266,222821,13215432,0.016213,nan,0.334766,ok
orgsegnet,mito,orgsegnet_plant,PlantHunter,te_01281,partial,5.29,image/z097.tif,0.431,0.934684,0.877377,0.923386,0.946262,0.934684,0.99557,0.997279,531766,44121,30199,16171130,561965,575887,13033472,0.043117,nan,0.530383,ok
orgsegnet,mito,orgsegnet_plant,PlantHunter,te_01282,partial,5.29,image/z097.tif,0.423,0.950118,0.904976,0.918291,0.984231,0.950118,0.996479,0.996911,562610,50061,9014,16155531,571624,612671,13027108,0.04388,nan,0.521841,ok
orgsegnet,mito,orgsegnet_plant,PlantHunter,te_01285,partial,14.81,image/z099.tif,0.449,0.884143,0.792345,0.830588,0.945082,0.884143,0.999171,0.999353,53038,10818,3082,16710278,56120,63856,10134465,0.005538,nan,0.615658,ok
orgsegnet,mito,orgsegnet_plant,PlantHunter,te_01286,partial,14.81,image/z099.tif,0.447,0.826357,0.704095,0.854306,0.800178,0.826357,0.997978,0.999175,80702,13763,20153,16662598,100855,94465,10726320,0.009403,nan,0.614264,ok
orgsegnet,mito,orgsegnet_plant,PlantHunter,te_01305,partial,5.29,image/z171.tif,0.437,0.925526,0.861377,0.975793,0.880185,0.925526,0.996759,0.999489,337844,8381,45989,16385002,383833,346225,13204884,0.029068,nan,0.160494,ok
orgsegnet,mito,orgsegnet_plant,PlantHunter,te_01306,partial,5.29,image/z171.tif,0.437,0.867218,0.765565,0.97521,0.780759,0.867218,0.99453,0.999535,299681,7618,84152,16385765,383833,307299,13208111,0.02906,nan,0.118567,ok
orgsegnet,mito,orgsegnet_plant,PlantHunter,te_01307,partial,5.29,image/z172.tif,0.436,0.955741,0.915235,0.954008,0.957481,0.955741,0.999126,0.999541,158331,7633,7031,16604221,165362,165964,10555640,0.015666,nan,0.374724,ok
orgsegnet,mito,orgsegnet_plant,PlantHunter,te_01308,partial,5.29,image/z172.tif,0.45,0.950708,0.906048,0.955417,0.946046,0.950708,0.999033,0.999561,156440,7300,8922,16604554,165362,163740,13199056,0.012528,nan,0.359963,ok
orgsegnet,mito,orgsegnet_plant,PlantHunter,te_01331,partial,14.81,image/z184.tif,0.428,0.904264,0.825257,0.890131,0.918853,0.904264,0.998989,0.999408,80078,9884,7072,16680182,87150,89962,13225984,0.006589,nan,0.699286,ok
orgsegnet,mito,orgsegnet_plant,PlantHunter,te_01332,partial,14.81,image/z184.tif,0.492,0.894677,0.809426,0.860501,0.931681,0.894677,0.998861,0.999211,81196,13163,5954,16676903,87150,94359,13223620,0.00659,nan,0.631258,ok
orgsegnet,mito,orgsegnet_plant,PlantHunter,te_01359,partial,14.81,image/z198.tif,0.44,0.103034,0.054315,0.570474,0.056631,0.103034,0.983967,0.999295,15449,11632,257352,16492783,272801,27081,12826330,0.021269,nan,0.046063,ok
orgsegnet,mito,orgsegnet_plant,PlantHunter,te_01360,partial,14.81,image/z198.tif,0.49,0.161733,0.087981,0.833884,0.089551,0.161733,0.992516,0.999855,12113,2413,123151,16639539,135264,14526,10519642,0.012858,nan,0.0,ok
orgsegnet,mito,orgsegnet_plant,PlantHunter,te_01367,partial,3.7,image/z202.tif,0.612,0.980866,0.96245,0.971428,0.990488,0.980866,0.997544,0.998023,1056001,31059,10141,15680015,1066142,1087060,10526720,0.10128,nan,0.259981,ok
orgsegnet,mito,orgsegnet_plant,PlantHunter,te_01368,partial,3.7,image/z202.tif,0.714,0.983878,0.968267,0.973211,0.994781,0.983878,0.997936,0.998149,1056714,29088,5544,15685870,1062258,1085802,9963890,0.106611,nan,0.381852,ok
orgsegnet,mito,orgsegnet_plant,PlantHunter,te_01391,partial,4.63,image/z214.tif,0.459,0.966661,0.935473,0.980248,0.953446,0.966661,0.99966,0.9999,82679,1666,4037,16688834,86716,84345,13230080,0.006554,nan,0.916707,ok
orgsegnet,mito,orgsegnet_plant,PlantHunter,te_01392,partial,4.63,image/z214.tif,0.479,0.956487,0.916604,0.965847,0.947307,0.956487,0.999278,0.999717,133199,4710,7409,16631898,140608,137909,13192608,0.010658,nan,0.73858,ok
orgsegnet,mito,orgsegnet_plant,PlantHunter,te_01393,partial,5.29,image/z215.tif,0.435,0.959592,0.922322,0.970695,0.94874,0.959592,0.998573,0.999479,284232,8581,15357,16469046,299589,292813,12077672,0.024805,nan,0.439307,ok
orgsegnet,mito,orgsegnet_plant,PlantHunter,te_01394,partial,5.29,image/z215.tif,0.423,0.955195,0.914233,0.967802,0.942912,0.955195,0.99842,0.99943,282486,9398,17103,16468229,299589,291884,12703184,0.023584,nan,0.454206,ok
orgsegnet,mito,orgsegnet_plant,PlantHunter,te_01395,partial,14.81,image/z216.tif,0.425,0.0,0.0,0.0,0.0,0.0,0.990666,0.994944,0,84469,72131,16620616,72131,84469,13222755,0.005455,nan,0.008653,ok
orgsegnet,mito,orgsegnet_plant,PlantHunter,te_01396,partial,14.81,image/z216.tif,0.43,0.065301,0.033753,0.057872,0.074919,0.065301,0.990779,0.994734,5404,87975,66727,16617110,72131,93379,13222755,0.005455,nan,0.069328,ok
orgsegnet,mito,orgsegnet_plant,PlantHunter,te_01431,partial,2.47,image/z234.tif,0.476,0.324591,0.193739,0.195823,0.947917,0.324591,0.963893,0.96404,145564,597780,7998,16025874,153562,743344,13220390,0.011616,nan,0.441206,ok
orgsegnet,mito,orgsegnet_plant,PlantHunter,te_01432,partial,2.47,image/z234.tif,0.519,0.359394,0.219062,0.221954,0.94386,0.359394,0.969202,0.969436,144941,508083,8621,16115571,153562,653024,12829560,0.011969,nan,0.437834,ok
orgsegnet,mito,orgsegnet_plant,PlantHunter,te_01439,partial,6.17,image/z238.tif,0.438,0.920525,0.852752,0.874175,0.972065,0.920525,0.996756,0.997243,315196,45368,9058,16407594,324254,360564,13208111,0.02455,nan,0.423221,ok
orgsegnet,mito,orgsegnet_plant,PlantHunter,te_01440,partial,6.17,image/z238.tif,0.45,0.936196,0.880046,0.901004,0.97425,0.936196,0.99797,0.998338,249860,27453,6604,16493299,256464,277313,13204884,0.019422,nan,0.49573,ok
orgsegnet,mito,orgsegnet_plant,PlantHunter,te_01461,partial,4.63,image/z249.tif,0.432,0.930888,0.870712,0.912861,0.949642,0.930888,0.998315,0.998904,190369,18172,10095,16558580,200464,208541,9532597,0.021029,nan,0.515115,ok
orgsegnet,mito,orgsegnet_plant,PlantHunter,te_01462,partial,4.63,image/z249.tif,0.448,0.930825,0.870601,0.908056,0.954766,0.930825,0.998378,0.998882,183084,18538,8674,16566920,191758,201622,9539584,0.020101,nan,0.522748,ok
orgsegnet,mito,orgsegnet_plant,PlantHunter,te_01475,partial,4.63,image/z256.tif,0.43,0.941256,0.889031,0.969502,0.91461,0.941256,0.997742,0.999419,303517,9548,28337,16435814,331854,313065,13190250,0.025159,nan,0.397713,ok
orgsegnet,mito,orgsegnet_plant,PlantHunter,te_01476,partial,4.63,image/z256.tif,0.43,0.943475,0.892999,0.971725,0.916822,0.943475,0.997827,0.999462,304251,8853,27603,16436509,331854,313104,13217792,0.025107,nan,0.426481,ok
orgsegnet,mito,orgsegnet_plant,PlantHunter,te_01503,partial,,image/z600.tif,0.428,0.953579,0.911277,0.947359,0.959882,0.953579,0.995029,0.997004,856536,47594,35799,15837287,892335,904130,13230080,0.067447,nan,0.731956,ok
orgsegnet,mito,orgsegnet_plant,PlantHunter,te_01504,partial,,image/z600.tif,0.497,0.955045,0.913958,0.95679,0.953306,0.955045,0.996061,0.998023,702044,31705,34387,16009080,736431,733749,12748810,0.057765,nan,0.761609,ok
orgsegnet,mito,orgsegnet_plant,PlantHunter,te_01519,partial,,image/z608.tif,0.443,0.952695,0.909663,0.9476,0.957845,0.952695,0.994451,0.996719,937433,51838,41257,15746688,978690,989271,8915595,0.109773,nan,0.655618,ok
orgsegnet,mito,orgsegnet_plant,PlantHunter,te_01520,partial,,image/z608.tif,0.441,0.912892,0.839743,0.884169,0.943543,0.912892,0.9909,0.993421,800008,104805,47869,15824534,847877,904813,9894105,0.085695,nan,0.590493,ok
orgsegnet,mito,zenodo_mitoem2,ME2-Mossy,ME2-Mossy_00163,sparse,8.0,Dataset004_ME2-Mossy/me2-mossy_train01,0.086,0.732091,0.5774,0.976895,0.585395,0.732091,0.999698,0.99999,6934,164,4911,16765207,11845,7098,33631,0.352205,nan,0.365654,ok
orgsegnet,mito,zenodo_mitoem2,ME2-Mossy,ME2-Mossy_00164,sparse,8.0,Dataset004_ME2-Mossy/me2-mossy_train01,0.085,0.544992,0.374563,0.767846,0.422398,0.544992,0.999125,0.999841,8788,2657,12017,16753754,20805,11445,89500,0.232458,nan,0.209755,ok
orgsegnet,mito,zenodo_mitoem2,ME2-Mossy,ME2-Mossy_00165,sparse,8.0,Dataset004_ME2-Mossy/me2-mossy_train01,0.086,0.232209,0.131356,0.162192,0.408597,0.232209,0.996576,0.997322,8688,44878,12575,16711075,21263,53566,1332168,0.015961,nan,0.124724,ok
orgsegnet,mito,zenodo_mitoem2,ME2-Mossy,ME2-Mossy_00166,sparse,8.0,Dataset004_ME2-Mossy/me2-mossy_train01,0.112,0.366326,0.224234,0.266283,0.586778,0.366326,0.997357,0.997892,12817,35316,9026,16720057,21843,48133,1004544,0.021744,nan,0.166829,ok
orgsegnet,mito,zenodo_mitoem2,ME2-Mossy,ME2-Mossy_00167,sparse,8.0,Dataset004_ME2-Mossy/me2-mossy_train01,0.142,0.59343,0.421898,0.619997,0.569046,0.59343,0.997247,0.998764,33708,20660,25528,16697320,59236,54368,884540,0.066968,nan,0.164034,ok
orgsegnet,mito,zenodo_mitoem2,ME2-Mossy,ME2-Mossy_00168,sparse,8.0,Dataset004_ME2-Mossy/me2-mossy_train01,0.123,0.21894,0.122927,0.59265,0.134272,0.21894,0.995439,0.999559,10724,7371,69144,16689977,79868,18095,862416,0.09261,nan,0.016035,ok
orgsegnet,mito,zenodo_mitoem2,ME2-Mossy,ME2-Mossy_00169,sparse,8.0,Dataset004_ME2-Mossy/me2-mossy_train01,0.118,0.235555,0.133501,0.349604,0.177613,0.235555,0.994001,0.998272,15506,28847,71796,16661067,87302,44353,605682,0.144138,nan,0.09045,ok
orgsegnet,mito,zenodo_mitoem2,ME2-Mossy,ME2-Mossy_00170,sparse,8.0,Dataset004_ME2-Mossy/me2-mossy_train01,0.109,0.402897,0.252267,0.639321,0.294127,0.402897,0.995494,0.999138,25507,14390,61214,16676105,86721,39897,676296,0.128229,nan,0.061935,ok
orgsegnet,mito,zenodo_mitoem2,ME2-Mossy,ME2-Mossy_00171,sparse,8.0,Dataset004_ME2-Mossy/me2-mossy_train01,0.13,0.581816,0.410254,0.658449,0.521161,0.581816,0.996327,0.998668,42865,22235,39384,16672732,82249,65100,660970,0.124437,nan,0.145453,ok
orgsegnet,mito,zenodo_mitoem2,ME2-Mossy,ME2-Mossy_00172,sparse,8.0,Dataset004_ME2-Mossy/me2-mossy_train01,0.113,0.476564,0.312822,0.835837,0.3333,0.476564,0.997399,0.999767,19862,3901,39730,16713723,59592,23763,273920,0.217553,nan,0.058934,ok
orgsegnet,mito,zenodo_mitoem2,ME2-Mossy,ME2-Mossy_00173,sparse,8.0,Dataset004_ME2-Mossy/me2-mossy_train01,0.113,0.629997,0.459851,0.680149,0.586734,0.629997,0.99649,0.998588,50127,23573,35307,16668209,85434,73700,458337,0.1864,nan,0.209712,ok
orgsegnet,mito,zenodo_mitoem2,ME2-Mossy,ME2-Mossy_00174,sparse,8.0,Dataset004_ME2-Mossy/me2-mossy_train01,0.122,0.550883,0.380151,0.927185,0.391849,0.550883,0.998115,0.999909,19393,1523,30098,16726202,49491,20916,326469,0.151595,nan,0.126987,ok
orgsegnet,mito,zenodo_mitoem2,ME2-Mossy,ME2-Mossy_00175,sparse,8.0,Dataset004_ME2-Mossy/me2-mossy_train01,0.125,0.610946,0.439828,0.592493,0.630585,0.610946,0.998147,0.998997,24403,16784,14296,16721733,38699,41187,234624,0.164941,nan,0.208305,ok
orgsegnet,mito,zenodo_mitoem2,ME2-Mossy,ME2-Mossy_00176,sparse,8.0,Dataset004_ME2-Mossy/me2-mossy_train01,0.135,0.184885,0.101859,0.286754,0.136422,0.184885,0.998157,0.999479,3507,8723,22200,16742786,25707,12230,134900,0.190563,nan,0.055848,ok
orgsegnet,mito,zenodo_mitoem2,ME2-Mossy,ME2-Mossy_00177,sparse,8.0,Dataset004_ME2-Mossy/me2-mossy_train01,0.147,0.537438,0.367464,0.61064,0.479908,0.537438,0.999335,0.999753,6485,4135,7028,16759568,13513,10620,97240,0.138965,nan,0.189716,ok
orgsegnet,mito,zenodo_mitoem2,ME2-Mossy,ME2-Mossy_00178,sparse,8.0,Dataset004_ME2-Mossy/me2-mossy_train01,0.111,0.42968,0.273626,0.890209,0.283182,0.42968,0.999312,0.999968,4346,536,11001,16761333,15347,4882,28392,0.54054,nan,0.117503,ok
orgsegnet,mito,zenodo_mitoem2,ME2-Mossy,ME2-Mossy_00179,sparse,8.0,Dataset004_ME2-Mossy/me2-mossy_train01,0.112,0.793863,0.658187,0.967748,0.672948,0.793863,0.999686,0.99998,10142,338,4929,16761807,15071,10480,38480,0.391658,nan,0.311872,ok
orgsegnet,mito,zenodo_mitoem2,ME2-Mossy,ME2-Mossy_00180,sparse,8.0,Dataset004_ME2-Mossy/me2-mossy_train01,0.337,0.0,0.0,nan,0.0,0.0,0.999964,1.0,0,0,605,16776611,605,0,9072,0.066689,nan,0.0,ok
orgsegnet,mito,zenodo_mitoem2,ME2-Mossy,ME2-Mossy_00181,sparse,8.0,Dataset004_ME2-Mossy/me2-mossy_train02,0.227,0.644684,0.475671,0.942172,0.489976,0.644684,0.999737,0.999985,4008,246,4172,16768790,8180,4254,15616,0.523822,nan,0.229918,ok
orgsegnet,mito,zenodo_mitoem2,ME2-Mossy,ME2-Mossy_00182,sparse,8.0,Dataset004_ME2-Mossy/me2-mossy_train02,0.18,0.518907,0.350354,0.899444,0.364637,0.518907,0.999267,0.999956,6628,741,11549,16758298,18177,7369,39184,0.463888,nan,0.084468,ok
orgsegnet,mito,zenodo_mitoem2,ME2-Mossy,ME2-Mossy_00183,sparse,8.0,Dataset004_ME2-Mossy/me2-mossy_train02,0.472,0.15933,0.086561,0.24453,0.11816,0.15933,0.998397,0.99953,2548,7872,19016,16747780,21564,10420,266600,0.080885,nan,0.031453,ok
orgsegnet,mito,zenodo_mitoem2,ME2-Mossy,ME2-Mossy_00184,sparse,8.0,Dataset004_ME2-Mossy/me2-mossy_train02,0.165,0.285182,0.166304,0.343664,0.243709,0.285182,0.996365,0.998611,12164,23231,37748,16704073,49912,35395,412848,0.120897,nan,0.04093,ok
orgsegnet,mito,zenodo_mitoem2,ME2-Mossy,ME2-Mossy_00185,sparse,8.0,Dataset004_ME2-Mossy/me2-mossy_train02,0.184,0.183594,0.101076,0.49053,0.112931,0.183594,0.997803,0.999743,4144,4304,32551,16736217,36695,8448,221480,0.165681,nan,0.011261,ok
orgsegnet,mito,zenodo_mitoem2,ME2-Mossy,ME2-Mossy_00186,sparse,8.0,Dataset004_ME2-Mossy/me2-mossy_train02,0.177,0.174262,0.095447,0.221511,0.143626,0.174262,0.99736,0.999019,4673,16423,27863,16728257,32536,21096,271982,0.119626,nan,0.036734,ok
orgsegnet,mito,zenodo_mitoem2,ME2-Mossy,ME2-Mossy_00187,sparse,8.0,Dataset004_ME2-Mossy/me2-mossy_train02,0.171,0.175748,0.09634,0.190156,0.16337,0.175748,0.997253,0.99875,4914,20928,25165,16726209,30079,25842,732320,0.041074,nan,0.040657,ok
orgsegnet,mito,zenodo_mitoem2,ME2-Mossy,ME2-Mossy_00188,sparse,8.0,Dataset004_ME2-Mossy/me2-mossy_train02,0.168,0.17304,0.094715,0.141884,0.221727,0.17304,0.994729,0.996656,9252,55956,32475,16679533,41727,65208,1045476,0.039912,nan,0.103363,ok
orgsegnet,mito,zenodo_mitoem2,ME2-Mossy,ME2-Mossy_00189,sparse,8.0,Dataset004_ME2-Mossy/me2-mossy_train02,0.426,0.251809,0.14404,0.262636,0.241839,0.251809,0.994817,0.997543,14632,41080,45871,16675633,60503,55712,888572,0.06809,nan,0.160562,ok
orgsegnet,mito,zenodo_mitoem2,ME2-Mossy,ME2-Mossy_00190,sparse,8.0,Dataset004_ME2-Mossy/me2-mossy_train02,0.194,0.245475,0.139909,0.247043,0.243925,0.245475,0.993846,0.996936,16795,51189,52058,16657174,68853,67984,1140984,0.060345,nan,0.11065,ok
orgsegnet,mito,zenodo_mitoem2,ME2-Mossy,ME2-Mossy_00191,sparse,8.0,Dataset004_ME2-Mossy/me2-mossy_train02,0.181,0.219472,0.123262,0.268888,0.185399,0.219472,0.992776,0.997223,17040,46332,74870,16638974,91910,63372,976320,0.094139,nan,0.121662,ok
orgsegnet,mito,zenodo_mitoem2,ME2-Mossy,ME2-Mossy_00192,sparse,8.0,Dataset004_ME2-Mossy/me2-mossy_train02,0.172,0.126759,0.067668,0.174266,0.099605,0.126759,0.9913,0.996989,10594,50198,95766,16620658,106360,60792,992680,0.107144,nan,0.073981,ok
orgsegnet,mito,zenodo_mitoem2,ME2-Mossy,ME2-Mossy_00193,sparse,8.0,Dataset004_ME2-Mossy/me2-mossy_train02,0.165,0.249061,0.142244,0.398381,0.181159,0.249061,0.991086,0.997749,24802,37455,112105,16602854,136907,62257,1198770,0.114206,nan,0.101821,ok
orgsegnet,mito,zenodo_mitoem2,ME2-Mossy,ME2-Mossy_00194,sparse,8.0,Dataset004_ME2-Mossy/me2-mossy_train02,0.178,0.288868,0.168817,0.357808,0.242202,0.288868,0.992696,0.997321,24887,44667,77866,16629796,102753,69554,913230,0.112516,nan,0.141967,ok
orgsegnet,mito,zenodo_mitoem2,ME2-Mossy,ME2-Mossy_00195,sparse,8.0,Dataset004_ME2-Mossy/me2-mossy_train02,0.179,0.245441,0.139887,0.198327,0.321912,0.245441,0.99343,0.995667,17926,72460,37760,16649070,55686,90386,937687,0.059387,nan,0.130795,ok
orgsegnet,mito,zenodo_mitoem2,ME2-Mossy,ME2-Mossy_00196,sparse,8.0,Dataset004_ME2-Mossy/me2-mossy_train02,0.176,0.456256,0.295551,0.53498,0.397729,0.456256,0.998129,0.999316,13168,11446,19940,16732662,33108,24614,194208,0.170477,nan,0.164013,ok
orgsegnet,mito,zenodo_mitoem2,ME2-Mossy,ME2-Mossy_00197,sparse,8.0,Dataset004_ME2-Mossy/me2-mossy_train02,0.204,0.119507,0.063551,0.076288,0.275691,0.119507,0.995521,0.996315,5100,61752,13399,16696965,18499,66852,743728,0.024873,nan,0.023159,ok
orgsegnet,mito,zenodo_mitoem2,ME2-Mossy,ME2-Mossy_00198,sparse,8.0,Dataset004_ME2-Mossy/me2-mossy_train02,0.182,0.452059,0.292039,0.429443,0.477189,0.452059,0.999664,0.999816,2322,3085,2544,16769265,4866,5407,51936,0.093692,nan,0.04361,ok
orgsegnet,mito,zenodo_mitoem2,ME2-Mossy,ME2-Mossy_00199,sparse,8.0,Dataset004_ME2-Mossy/me2-mossy_train02,0.186,0.0,0.0,nan,0.0,0.0,0.999918,1.0,0,0,1375,16775841,1375,0,1806,0.761351,nan,0.0,ok
orgsegnet,mito,zenodo_mitoem2,ME2-Mossy,ME2-Mossy_00200,sparse,8.0,Dataset004_ME2-Mossy/me2-mossy_train03,0.141,0.797168,0.662743,0.839134,0.759199,0.797168,0.999679,0.999879,10584,2029,3357,16761246,13941,12613,79632,0.175068,nan,0.357234,ok
orgsegnet,mito,zenodo_mitoem2,ME2-Mossy,ME2-Mossy_00201,sparse,8.0,Dataset004_ME2-Mossy/me2-mossy_train03,0.144,0.555267,0.384339,0.738644,0.444833,0.555267,0.998784,0.999731,12732,4505,15890,16744089,28622,17237,355113,0.0806,nan,0.109536,ok
orgsegnet,mito,zenodo_mitoem2,ME2-Mossy,ME2-Mossy_00202,sparse,8.0,Dataset004_ME2-Mossy/me2-mossy_train03,0.137,0.635103,0.465312,0.733801,0.559807,0.635103,0.998912,0.999656,15889,5764,12494,16743069,28383,21653,310717,0.091347,nan,0.257218,ok
orgsegnet,mito,zenodo_mitoem2,ME2-Mossy,ME2-Mossy_00203,sparse,8.0,Dataset004_ME2-Mossy/me2-mossy_train03,0.139,0.614303,0.443317,0.653613,0.579454,0.614303,0.998937,0.999551,14203,7527,10308,16745178,24511,21730,138355,0.17716,nan,0.293063,ok
orgsegnet,mito,zenodo_mitoem2,ME2-Mossy,ME2-Mossy_00204,sparse,8.0,Dataset004_ME2-Mossy/me2-mossy_train03,0.137,0.364169,0.22262,0.268133,0.56739,0.364169,0.995914,0.9968,19630,53580,14967,16689039,34597,73210,517760,0.066821,nan,0.142842,ok
orgsegnet,mito,zenodo_mitoem2,ME2-Mossy,ME2-Mossy_00205,sparse,8.0,Dataset004_ME2-Mossy/me2-mossy_train03,0.142,0.478382,0.314391,0.463886,0.493814,0.478382,0.996493,0.998135,26981,31182,27657,16691396,54638,58163,922960,0.059199,nan,0.296498,ok
orgsegnet,mito,zenodo_mitoem2,ME2-Mossy,ME2-Mossy_00206,sparse,8.0,Dataset004_ME2-Mossy/me2-mossy_train03,0.149,0.295615,0.173444,0.28111,0.311698,0.295615,0.994148,0.996847,20602,52686,45494,16658434,66096,73288,927243,0.071282,nan,0.200038,ok
orgsegnet,mito,zenodo_mitoem2,ME2-Mossy,ME2-Mossy_00207,sparse,8.0,Dataset004_ME2-Mossy/me2-mossy_train03,0.143,0.497272,0.330913,0.493146,0.501468,0.497272,0.996397,0.998162,29896,30727,29721,16686872,59617,60623,566304,0.105274,nan,0.182186,ok
orgsegnet,mito,zenodo_mitoem2,ME2-Mossy,ME2-Mossy_00208,sparse,8.0,Dataset004_ME2-Mossy/me2-mossy_train03,0.141,0.557482,0.386464,0.637416,0.495362,0.557482,0.998014,0.999287,20985,11937,21378,16722916,42363,32922,315372,0.134327,nan,0.223019,ok
orgsegnet,mito,zenodo_mitoem2,ME2-Mossy,ME2-Mossy_00209,sparse,8.0,Dataset004_ME2-Mossy/me2-mossy_train03,0.148,0.599208,0.427764,0.571872,0.629289,0.599208,0.996843,0.998227,39593,29641,23324,16684658,62917,69234,475800,0.132234,nan,0.261822,ok
orgsegnet,mito,zenodo_mitoem2,ME2-Mossy,ME2-Mossy_00210,sparse,8.0,Dataset004_ME2-Mossy/me2-mossy_train03,0.139,0.485607,0.320661,0.438848,0.54352,0.485607,0.994076,0.996406,46915,59990,39402,16630909,86317,106905,812844,0.106191,nan,0.142941,ok
orgsegnet,mito,zenodo_mitoem2,ME2-Mossy,ME2-Mossy_00211,sparse,8.0,Dataset004_ME2-Mossy/me2-mossy_train03,0.138,0.416079,0.262689,0.373265,0.469988,0.416079,0.994826,0.996893,30928,51930,34878,16659480,65806,82858,699344,0.094097,nan,0.115318,ok
orgsegnet,mito,zenodo_mitoem2,ME2-Mossy,ME2-Mossy_00212,sparse,8.0,Dataset004_ME2-Mossy/me2-mossy_train03,0.145,0.518927,0.350373,0.526551,0.511521,0.518927,0.996087,0.998094,35409,31838,33814,16676155,69223,67247,607590,0.11393,nan,0.162848,ok
orgsegnet,mito,zenodo_mitoem2,ME2-Mossy,ME2-Mossy_00213,sparse,8.0,Dataset004_ME2-Mossy/me2-mossy_train03,0.137,0.32941,0.197182,0.447255,0.260715,0.32941,0.996859,0.999044,12944,15997,36704,16711571,49648,28941,631120,0.078666,nan,0.109087,ok
orgsegnet,mito,zenodo_mitoem2,ME2-Mossy,ME2-Mossy_00214,sparse,8.0,Dataset004_ME2-Mossy/me2-mossy_train03,0.169,0.380676,0.235083,0.263402,0.686189,0.380676,0.995596,0.996208,22706,63497,10384,16680629,33090,86203,647634,0.051094,nan,0.121768,ok
orgsegnet,mito,zenodo_mitoem2,ME2-Mossy,ME2-Mossy_00215,sparse,8.0,Dataset004_ME2-Mossy/me2-mossy_train03,0.141,0.304887,0.179862,0.220727,0.492774,0.304887,0.996683,0.997428,12206,43093,12564,16709353,24770,55299,581543,0.042594,nan,0.120518,ok
orgsegnet,mito,zenodo_mitoem2,ME2-Mossy,ME2-Mossy_00216,sparse,8.0,Dataset004_ME2-Mossy/me2-mossy_train03,0.139,0.25891,0.148706,0.181441,0.451819,0.25891,0.998432,0.998764,4595,20730,5575,16746316,10170,25325,301693,0.03371,nan,0.098405,ok
orgsegnet,mito,zenodo_mitoem2,ME2-Mossy,ME2-Mossy_00217,sparse,8.0,Dataset004_ME2-Mossy/me2-mossy_train03,0.145,0.899265,0.816968,0.945455,0.857378,0.899265,0.999986,0.999996,1040,60,173,16775943,1213,1100,1620,0.748765,nan,0.572666,ok
